client_id,default_probability
CC_0012A082B7B7,0.10693612384918322
CC_0012BC27DFB6,0.12204381326505877
CC_001563B2143D,0.11481155587036196
CC_001B46930B6F,0.09617290665873908
CC_001D771E1C9F,0.048156671641614815
CC_0028BD91E759,0.07359902177375316
CC_0029971D7EF4,0.22039066466035526
CC_002B8C00B239,0.045924396986784195
CC_0035DFA86185,0.6895320340890456
CC_0042D11A6D0F,0.055163684847415004
CC_004D21A4ABB6,0.1328592812443115
CC_004EE05FC2EF,0.47834164109456667
CC_0050E546EDCE,0.7269477308506873
CC_005D7F31F785,0.06603020761565642
CC_0079996ED779,0.19123566816844706
CC_0082B4E1D9CE,0.04894828443911102
CC_00B01C73CEB8,0.1656288238065616
CC_00B74FFEEA53,0.24149082290104038
CC_00BF6791C18C,0.13536672955028697
CC_00C5E30B288C,0.3213011175592842
CC_00C68CE1CC12,0.39168378361568856
CC_00CC4148959F,0.1308759327396462
CC_00D428772D30,0.3469221162979457
CC_00D5806C7783,0.09217927388575324
CC_00D5C677C2AE,0.5127841309352049
CC_00DA781C4D66,0.09119431853397314
CC_00E7E2D6B548,0.21812856784134912
CC_012BC0A68DC1,0.0841638330339014
CC_014911033882,0.14328006901807472
CC_014F7EF4E595,0.673699951695105
CC_016501B25F2B,0.05416538301638686
CC_016767D9B049,0.04444281949649083
CC_017598512EA2,0.17313361378815484
CC_01941532C804,0.25268822176880645
CC_01A66C6E22FF,0.7719923665289364
CC_01A684355200,0.17647348893110137
CC_01AC62740827,0.11907121976691562
CC_01B0EFE5DB79,0.24107469823033917
CC_01B876B2988F,0.21755033651570102
CC_01CBB64C1DB1,0.3625446850621552
CC_01DBD993A1FC,0.06340958758239565
CC_01DC49D55C2D,0.0446621849804949
CC_01EF18A3ADBC,0.5301867958314614
CC_020252D37557,0.18117166579801725
CC_020BCDBCA8CA,0.33280151638041416
CC_021A6DD97ED4,0.14684017395949822
CC_022054506F33,0.07517065768170908
CC_0225D6231EAA,0.059463075844023716
CC_024B524B0176,0.03932212989461685
CC_0256303A6DC0,0.25058161792871064
CC_02589E6E4714,0.05477967627885125
CC_025927626E10,0.6941145631082117
CC_0283023DB294,0.041607622876928194
CC_02903C6FC0C0,0.21902235393429417
CC_0296E572CF21,0.045376445789371195
CC_02999E509460,0.666099185736422
CC_029E835D91BB,0.07304121617360046
CC_02A32EC3526B,0.09950120612667046
CC_02A393632CD3,0.30032349187817814
CC_02A3E21B28BC,0.7326233557752566
CC_02A4B4644529,0.09426905249290252
CC_02B43865B30E,0.0679008325245983
CC_02B5A1A178A2,0.1532098306876167
CC_02BC4785773C,0.22795745027893008
CC_02BEDD9627DD,0.6312873819146587
CC_02CD2C1EFBB0,0.11198701652161624
CC_02D4430492D3,0.3251677715407748
CC_02F79A06858B,0.10142591545543395
CC_02FA254C9D43,0.04050720651628888
CC_03062402B4EE,0.06745318635707077
CC_03072CF2EC63,0.29977925642819436
CC_0315369B079D,0.09935206650858946
CC_03199242A810,0.16061969594205164
CC_03214BA76DB4,0.19927093306368243
CC_032735A44CC6,0.07053578728557938
CC_0330340F2FE5,0.16580802983975512
CC_033236FAAFDB,0.1958066968018936
CC_0337298F948C,0.045382198276969335
CC_0341CAE5E2E8,0.2243609518172437
CC_03434E2371CD,0.35650540007592485
CC_03547AAB948A,0.20616450570603412
CC_0354D0453D8E,0.12059876368990138
CC_03592E51F427,0.658292316186684
CC_0365DEB525A3,0.09602773713241256
CC_036782052BC9,0.3361082556588805
CC_036977A50F1A,0.1356396413318613
CC_03720D08B8C2,0.2387577409872456
CC_038AE599BCA8,0.25178732729361625
CC_039E67CDFE1E,0.3232674248724246
CC_03AC962FC717,0.19294746126793938
CC_03B00DFA3A85,0.7630127149355292
CC_03BC6380E968,0.48082516114698104
CC_03BC730E0B02,0.038639388987193914
CC_03BD4F22DA3D,0.13812328653412945
CC_03C7E1EF6F69,0.7835456334008164
CC_03C9FA383477,0.0877552911986718
CC_03D1AAE90CA6,0.05816793652162842
CC_03DBB9598F39,0.1387451984277971
CC_03F18B43797C,0.11592390183605755
CC_03F80118E46D,0.08123007975763474
CC_0405E0151A6D,0.14944124522486513
CC_041FEE6C805E,0.3576687319928188
CC_042F88EE269B,0.17960821232257984
CC_043D98ED7F98,0.18433268608734774
CC_044C3537B769,0.18165364437507023
CC_045932C46685,0.1416129312756149
CC_04629624AA8D,0.18015566717980708
CC_04690B4A6AF1,0.2504599193985101
CC_046CF40369FB,0.11153959916455788
CC_046D6EC816AB,0.4204817482780366
CC_0475CD95EDC9,0.1216302227422627
CC_04796F06B82B,0.1408017636864352
CC_04AC7C1CE736,0.38080319955694536
CC_04AEDD051B96,0.32258975249929034
CC_04B42AD0E01A,0.3087694256858875
CC_04BBD1DB360C,0.2909901771003113
CC_04C767FFDA0F,0.4563370334203015
CC_04C7B819B9B9,0.1267514177288505
CC_04D127A775DE,0.12462477128171681
CC_04D9ED00053F,0.06374003816217236
CC_04E0EFC4F548,0.2707020087901772
CC_04E6848903E8,0.04857733439708903
CC_04F69D03ECE1,0.2370929052698102
CC_04FA1CFA1DEB,0.20634800281508936
CC_04FA6842AC62,0.039320922383786226
CC_0502F3791166,0.318142130316162
CC_050B514E15FD,0.1613170155380378
CC_051ADBD6D835,0.11452605034961619
CC_051B4644216C,0.06902923849755432
CC_051C0A644DD3,0.035693952964984385
CC_051CBF566856,0.046439267649445705
CC_051EEA9AE819,0.16643079002376984
CC_0520E27BE904,0.16838136099216966
CC_05224448D290,0.12481598336905539
CC_0525DE4744C0,0.04977786395956487
CC_052F5CD81EFE,0.17581064753550812
CC_05368FAD2E6D,0.07972669825526232
CC_053788B82006,0.09416988291097125
CC_05471A48C6F5,0.17049651550762573
CC_056DBA1A87BA,0.07787847876227838
CC_05901F3E7A0D,0.189434793099485
CC_05906BC8ED3F,0.1528981699262784
CC_059D55E32C78,0.0827576627545714
CC_05A12EF84A86,0.48132807699243807
CC_05A42D035609,0.14634116539614184
CC_05AD75A5CE38,0.0513380387541124
CC_05BBD4B92613,0.5476281132305377
CC_05C8EF6500D7,0.7668058403242486
CC_05DDB7B07497,0.06959528484831484
CC_05ECAE6E0774,0.21076787094325306
CC_05F11F14DF9E,0.3254076968958636
CC_05FA9192590F,0.15218685615222308
CC_05FD764FB154,0.755046647814801
CC_0608DBB4DF03,0.2557637847109578
CC_06198383F6D4,0.11525109162294644
CC_06199EBE2B05,0.1767295414042134
CC_062A8881A331,0.07378236131112814
CC_062F74350907,0.06181056665640238
CC_0635AD30F004,0.7655582350966119
CC_0639F539946C,0.35695356837308745
CC_063DDB42CF5C,0.07285004644932185
CC_06405C00E240,0.26353496525299447
CC_064920FC9DAC,0.08200706650631182
CC_0650AB329174,0.7659074700893114
CC_066941B109B9,0.18956599794848758
CC_066AA16F5874,0.29981045292357866
CC_06732311FB8B,0.1849141182210179
CC_06780061F889,0.11920617165797746
CC_068A81B06B74,0.396856200739609
CC_06A1C5FE269B,0.28824779109231663
CC_06AA7138DAF8,0.04161781576391039
CC_06C0DD0D066E,0.7048458854234647
CC_06C97CFBD476,0.15044340271887835
CC_06D15F523C05,0.20459024491316846
CC_06D35787AD65,0.04437539839553164
CC_06DA375201A2,0.08796180585336619
CC_06DB455FF19B,0.6667170975689635
CC_06F3674E7313,0.4966975382168945
CC_070232DF9996,0.14213363291573788
CC_07141FA77DBF,0.1592491687484503
CC_0715F11CC8CA,0.21449622783717726
CC_07168A9C843C,0.18872557834964346
CC_072AB9F855DD,0.04614918557753084
CC_07337AF6AC2A,0.1278107017249252
CC_07434E4E5C28,0.07087623363276192
CC_074381358A2C,0.03686144947965447
CC_074E7CA75E8A,0.22254134541767057
CC_075D0C618BAB,0.20834273513462037
CC_075D804F7851,0.10221407240728048
CC_0765961D818F,0.4173920746987603
CC_07698F10563E,0.06904788311376074
CC_0773B9BA9E18,0.2723011797464823
CC_0784ABDA7F8C,0.19964834837716378
CC_0790C9F9EC9C,0.08592747182036584
CC_07A996E6CA6C,0.22414158898414502
CC_07B588ED677A,0.1827293845519738
CC_07B730FD7F82,0.14933088651277043
CC_07BE6961D039,0.0824542959280666
CC_07D23A6BAF5C,0.1224884930612766
CC_07E08196A3DB,0.05094355932643696
CC_07E4850039B3,0.09726835927007484
CC_07FAAF8B2D23,0.05066971470041662
CC_07FB3FD9BE0B,0.09859777499282893
CC_080CB94A724F,0.314516868737878
CC_0837C56711FE,0.09173135391034995
CC_084100A049EE,0.0529662664414152
CC_084113D0951B,0.23026092467655335
CC_0843DDCDD601,0.7085468641772585
CC_0846C14EAAFE,0.06560357497063318
CC_085091ADED2C,0.23717379346439033
CC_087943B4A5D2,0.13992002924913216
CC_08A97B98C405,0.16009951392029897
CC_08AA321BC4AD,0.2129253809131164
CC_08AA44ECBDD5,0.058298169087754724
CC_08AE2EE9D798,0.2095003691663027
CC_08B149462891,0.1669846982347285
CC_08C71A8D2D58,0.05810780612125728
CC_08D645F7B257,0.05855221744386668
CC_08D80BF0B273,0.04942932299815675
CC_08F52B1BE431,0.2781141250839022
CC_0903571AC7E7,0.13822617902324558
CC_090D528C09D0,0.41478897940483783
CC_09106BA6CFC9,0.10435209606158652
CC_0915905A5D48,0.10993684082627639
CC_0918F67CDF01,0.14626494931314016
CC_0925D0B6276C,0.1412314785824501
CC_092A2830E36A,0.773029805810767
CC_0951489C8F79,0.039621065326403186
CC_0951FA4D5513,0.118516269840817
CC_095C712064EA,0.09015315717243444
CC_0969AA7BEC71,0.08093998519001225
CC_0974840BED49,0.729578126122379
CC_097BD371F652,0.09089733777872955
CC_097C8139DBD1,0.061789503000749216
CC_0981CA4DBCE0,0.03735131321964814
CC_09A5D2F129A4,0.2920366517616977
CC_09A9BE38080D,0.08499572612101376
CC_09CDC42E000B,0.19273637134128851
CC_09D8DBAB2A42,0.10756988845878052
CC_09EBB1960580,0.04713965899722626
CC_09EBF206FEE6,0.20275210838244428
CC_09F2AE996181,0.08300000831955548
CC_09F45833F53F,0.15472195869274968
CC_09F4F5C5B4EA,0.7503879771459326
CC_0A04BF4005F8,0.19240327293351478
CC_0A0E563D1060,0.08810946591815184
CC_0A0F781A999D,0.19168660373560875
CC_0A1138C37BC0,0.17867914937020996
CC_0A334A16524B,0.059660214465322436
CC_0A359CD5D73A,0.09720448535005916
CC_0A3E2C273DB5,0.07783849541548246
CC_0A4705B1E08B,0.04868469339494519
CC_0A67EB7C5282,0.13978059840097545
CC_0A6CD64871E5,0.3825552334028145
CC_0A75643FDC7B,0.06457615546245879
CC_0A8066F501AC,0.0527073453690593
CC_0A83017D027D,0.15894938640183637
CC_0A9AB7441D5B,0.32319385613191687
CC_0AAA72FA148E,0.3385672571418001
CC_0AAC488C8AE4,0.43397225904041187
CC_0AC2DB82398C,0.3309816378645264
CC_0ACA2C49A497,0.13001385479165742
CC_0AD4BBEA75ED,0.04443497497764794
CC_0ADCD6553B8C,0.06337828371809587
CC_0ADE56B56C41,0.043443550549103524
CC_0AF4B5B4162F,0.7308775282951707
CC_0AF9BD814AC7,0.11102003701818558
CC_0B083BE0FEA3,0.12169412512162166
CC_0B1384331163,0.06380296089125705
CC_0B216C6AF0F2,0.03848859144488545
CC_0B3465DB0684,0.6047808230781859
CC_0B442B91679E,0.17117684081007822
CC_0B455175F494,0.09586824600824785
CC_0B4C01B4002C,0.1945105018914559
CC_0B544A526D6C,0.07239182485552231
CC_0B5B19AFCD18,0.07071125163886414
CC_0B5BD2D224BF,0.0598704409196012
CC_0B6407C2C9BD,0.14355271738111305
CC_0B73F59991EE,0.09052237188689587
CC_0B7579216681,0.0934211643871492
CC_0B7F3B4B32C1,0.2245845815998166
CC_0B830A67900A,0.13620910277393883
CC_0B84250F96B8,0.28701842445493103
CC_0B92212B8E27,0.261575673259337
CC_0BB43BC4B3BC,0.10927660958379315
CC_0BB992973640,0.06108507300978461
CC_0BBC41297846,0.11004812021148669
CC_0BDDB468A1E0,0.3135096021053891
CC_0C00A631C2B4,0.09919493012964128
CC_0C011AF6C857,0.3384590671421409
CC_0C0459AB67DE,0.13298175954133967
CC_0C18B07E451D,0.13051094666967955
CC_0C19EB845CA2,0.23978527376143965
CC_0C1A736F37CC,0.08408505827938229
CC_0C335C9D86F7,0.767189417584861
CC_0C4C24D066E9,0.19281696170577645
CC_0C5499989AF4,0.17654231519203586
CC_0C95548CC1BD,0.14642120000859987
CC_0CA2DE660B41,0.26833655525002065
CC_0CA6D8CFCF2B,0.21632255784881382
CC_0CA9DF9C5C15,0.07919567517185758
CC_0CA9F52C92A8,0.16045127691512603
CC_0CAFB6C41CE7,0.12953321506854673
CC_0CB27D5313F1,0.5276979081811052
CC_0CC9DDDB8B44,0.05499820957670601
CC_0CCA18595BA5,0.2013668366761407
CC_0CD90568D3E6,0.24452657053619486
CC_0CE0D56B0584,0.0634041413122664
CC_0CEA028BF961,0.2299116597326395
CC_0CF67D68AF16,0.37675718117681994
CC_0CFAA0FB0691,0.0699628386835108
CC_0CFFD2785D2D,0.07853516474379346
CC_0D28AF91CE97,0.11869157312873557
CC_0D34E55A580B,0.10440116030920579
CC_0D3663B6524E,0.6860192214422669
CC_0D3C2864ACD2,0.2799702712808091
CC_0D5F4BE8132C,0.16387785117903833
CC_0D6D5ACB0889,0.25620708621438315
CC_0D7BFE8CC0D5,0.13825095502647927
CC_0D8852AAB481,0.20071737566539455
CC_0D97EF394C79,0.40870909265295285
CC_0DA8FDDE6DD0,0.06790722162918869
CC_0DABB89E37CE,0.08327917531443572
CC_0DAF0F2FAA86,0.09017812050028737
CC_0DB9E5F8EDAD,0.08467583819351993
CC_0DBC64F88C05,0.14025884858750162
CC_0DBDF018E822,0.12581748199347753
CC_0DC31A5A1096,0.05494091789165105
CC_0DC3870F23D0,0.04266906302614018
CC_0DD39F5D7C0D,0.06383786847591229
CC_0DDC2C18BBDE,0.05954105608871217
CC_0DE09CAA93E5,0.15024612843060103
CC_0DEA4477FDC1,0.13555898080863543
CC_0DED63EF6639,0.2015703894769984
CC_0DED7DBF26F6,0.26522697667760564
CC_0DF01CD21B9D,0.17296376193893465
CC_0DF6A478C01B,0.22561131571107368
CC_0DFE1A3FA5AE,0.13619192786429507
CC_0E07D5FB24B2,0.13466134436923766
CC_0E0CD9F23A5F,0.6761246305781857
CC_0E121FCB1D47,0.08453418706221212
CC_0E1423A4C263,0.19970042272839666
CC_0E16883EE8E6,0.4064042762101676
CC_0E1A2BA1C545,0.2172337440336498
CC_0E2B52BBA69B,0.058962355654715706
CC_0E40BAFC3530,0.15728678921828343
CC_0E48EE235179,0.09451528478541449
CC_0E4FA0FB9797,0.7238860820063514
CC_0E5162F59924,0.748345260925804
CC_0E5E2FCAC8C2,0.2863442041165548
CC_0E68C2BE2A75,0.13279287761309772
CC_0E6C5A8D8CE4,0.10842840876719795
CC_0E6E9B0E674E,0.10800305429891946
CC_0E746EAD6CE9,0.08038384289225273
CC_0E968E7C22C1,0.3360699982651209
CC_0EA1483F50A9,0.16890482941836016
CC_0EA81362C7D1,0.14340534721627002
CC_0EAE97520873,0.32591676813319104
CC_0EBCF4228FF2,0.461135335089191
CC_0EBDEFD0BDC2,0.07018114776155834
CC_0EC6AEDA63EC,0.2685436861126315
CC_0ED61DD76795,0.10120926064126644
CC_0EE33B1B71D5,0.12792499332146556
CC_0EE7EFF13EBA,0.05540274692752529
CC_0F0F136B0991,0.14225443766534304
CC_0F0FAF218BCB,0.05699172500487963
CC_0F125B48F175,0.10846207792385784
CC_0F292A238627,0.12585961486332942
CC_0F2949A1746E,0.08299655644264324
CC_0F2B71163121,0.08877243361691085
CC_0F393F1DE2EB,0.06830687459453286
CC_0F41B187053C,0.4444569669673901
CC_0F52EDC9D383,0.10642378676317277
CC_0F62C4F36236,0.1000062454030903
CC_0F6A29CE5D45,0.18231506042698098
CC_0F7C0515A6CF,0.16055929958786963
CC_0F8D6C89202F,0.20698445148702072
CC_0F933684CC08,0.19586995116732558
CC_0F9BA54F2AF6,0.04843766008164388
CC_0FA06CE7FAE8,0.04599364294579021
CC_0FD25AA655DA,0.157851677050625
CC_0FF5570E06EC,0.7043291482726568
CC_10197FE0E34B,0.6797538630165391
CC_10355B5718CD,0.09148341608837707
CC_103A9D18EC12,0.18105370101536594
CC_1040DB6A21EA,0.1254138332028662
CC_104D2B84FC4F,0.04353847097750021
CC_104EA2802A11,0.07669095972570882
CC_105777B1BF91,0.06791905297862455
CC_1059F1B6C0C3,0.1690507467569013
CC_1061947FDD14,0.06239226217203825
CC_10689257E68C,0.42100178452926884
CC_106BFCFA7D7B,0.04157643368003823
CC_108FA04AC10D,0.10046510841070505
CC_1092915D0093,0.11631399680511281
CC_10A30F88E157,0.14676059264561347
CC_10A657027AC9,0.738383724658185
CC_10A6EAF27BF3,0.052633402078099356
CC_10B148BED568,0.3541986924679677
CC_10BB7101F191,0.06352941509589718
CC_10BC5BC3A9AD,0.3326792294736146
CC_10F27C70AB99,0.11475796709045018
CC_10FADDF63CDC,0.1832344581694328
CC_1107D9301AA0,0.11170858795853897
CC_111A6DE5D9C7,0.750073722856045
CC_111DC3B1756E,0.28210977022587425
CC_1131156CC6F6,0.14471834033781927
CC_113B66D5D5D9,0.1317804061352877
CC_1143254EFF36,0.05267344091772257
CC_1145E5277FA7,0.25486445750175035
CC_11521077BBB0,0.1338374752428137
CC_1154861ABCCB,0.4987766676370789
CC_115BCAEAE2A0,0.08448943780308563
CC_115BF13E8BFC,0.23628505859968424
CC_115EBE5044BD,0.34443666528741257
CC_1165AA07FC47,0.7125193560284293
CC_116EE8219753,0.05902523995822767
CC_1176FA3233B3,0.058504571294658074
CC_117C2A1587ED,0.09045039105500843
CC_118C0A1D14B2,0.3053380427132908
CC_118ECB589F3C,0.10649924004634301
CC_1190F13FB1FC,0.13866542069005128
CC_1192EEC65A1E,0.23568962388671408
CC_119B1FEC4D83,0.23705438098659692
CC_119C413C2580,0.17083962717406148
CC_11AB74142A2E,0.7821853046508156
CC_11C8A291FD11,0.15456463936820766
CC_11D1E9C39E41,0.07931093127542341
CC_11D600EE1BD6,0.17498818321637843
CC_11D7539AC69D,0.18854620642413245
CC_11D78BB50016,0.16290000675828126
CC_11E0C583685C,0.11096949647898105
CC_11E0D2F15AA1,0.043888751179862795
CC_11EDFE67C719,0.6549144750337222
CC_11EE85F284B8,0.19962814439643584
CC_11F700202C6D,0.1555481404775772
CC_11FB668DF543,0.11697975064097413
CC_1209FA26609D,0.04145579095626447
CC_120CA1B916D0,0.1109372149225126
CC_1210186F4D33,0.10685329766283691
CC_121F621374FC,0.20463366872588404
CC_122532C1FBCB,0.11702975475552417
CC_122B19CBC88C,0.6519728857728331
CC_123C7F0111C7,0.5610311294951091
CC_1241EE42F174,0.13147654399396852
CC_125B7100F1DD,0.14599978052434995
CC_1263B255B3B5,0.14856178143950666
CC_12878596E940,0.06526641082660234
CC_1298ED71A9E0,0.06175894053397152
CC_12B555C6F086,0.14348467801828307
CC_12D22C629874,0.15426577667065705
CC_12DD89EA0C14,0.18364663242135965
CC_12E24CDE2684,0.203556946772826
CC_12F3B7309455,0.5407203278450464
CC_12F8E7A4BBE5,0.33424300116447925
CC_12FDEAE4873F,0.19416385573381156
CC_130F7B067939,0.3562264321283013
CC_13209EDC85EE,0.6685234780727369
CC_1332B6F0E543,0.22093793162165432
CC_1334E256AEBC,0.6267343817733226
CC_1337726B2AE6,0.0908668063605713
CC_1338237BF402,0.1782714306588597
CC_1341DF38D9C1,0.15916817063056454
CC_1342F868176B,0.6789500374880834
CC_134651CCD2F8,0.15309277065123367
CC_1363E3090578,0.06413947843387169
CC_13736493B695,0.07256280634833763
CC_1392DE633D4C,0.3081743435707371
CC_139ED2E0AD76,0.09035183949021132
CC_13A5383EA098,0.5842442416141678
CC_13AA272C6861,0.07431435527638883
CC_13B74E4EE3EF,0.23309534209101784
CC_13C437E86B81,0.5262686772789704
CC_13D61B077E7C,0.07444859613340318
CC_13D7115A8FCC,0.1840452310106512
CC_13DFE319B21E,0.7743392662517835
CC_13E0F0B3FAE6,0.22253336889185116
CC_13FD88C2920A,0.7242604377934108
CC_1401CB818627,0.24357630901478797
CC_140B86E74F74,0.7831913075502374
CC_1452A0B69085,0.04441601970265345
CC_1458CA7329A7,0.22391512080232587
CC_1459E7125AFB,0.08668667806181096
CC_14633EC7F622,0.39122530104910863
CC_147B1B30DE7F,0.11877669024783852
CC_1484511F54C5,0.24042192603810125
CC_1489A941A69B,0.2832510197994325
CC_14A8B16706E9,0.07722100600832817
CC_14BE52BADB77,0.10252892693612772
CC_14D53413FBCE,0.3274917624802036
CC_14D59B58E51E,0.17220304102367778
CC_14D964327B1D,0.06283155036794433
CC_14F5D06CF093,0.13608717533615672
CC_1501D63D5A80,0.3238262057221603
CC_150E3A0E5084,0.21261908158185516
CC_15152312AC56,0.05616468971957763
CC_1522BA0411C3,0.08555211885368827
CC_1534B0241A1B,0.053854976565107016
CC_153BE2BEB74C,0.14128982506140642
CC_154BBCD4DCEA,0.23117877988240107
CC_1552EC27FC0C,0.6828332296262456
CC_1566BFF4BCDC,0.4045571215714471
CC_1579BD86A63D,0.35918593965722223
CC_1583CFD90530,0.24736835519839515
CC_1584385F38C8,0.06939909980918865
CC_159656F13BE8,0.09910554494612643
CC_159B6F6AAF1E,0.10761008068002009
CC_15A4934FD96E,0.1251516929625016
CC_15B2140CE869,0.08635058009080497
CC_15C0972DE384,0.6049895811571919
CC_15C0E30FF2DC,0.1157026636369553
CC_15D617FAB434,0.05399627336661388
CC_15DA0F4FFF0E,0.3203167290974435
CC_15DAE76D15DF,0.04921348746437289
CC_15DC7C139EBC,0.34387322080479366
CC_15EB741857ED,0.0774774569980787
CC_15EC51F4C521,0.31683489718681407
CC_15F6259C7C53,0.08237639546373128
CC_15F7C012E10D,0.43775880729721106
CC_15F7C1BEC28F,0.1935753191432282
CC_15FF58854AEA,0.2646295920762697
CC_16035CDDC2F6,0.11875821186496445
CC_16095572722B,0.05337672276089024
CC_16109F1CE0A6,0.23080369090013886
CC_16150E74E4DA,0.16645545781752488
CC_1629E47AFBA5,0.08654562165896543
CC_162F4582D06D,0.6426697062777738
CC_163194DFEDDA,0.04538261266210512
CC_1640F01B7730,0.11810306972650292
CC_16460554039F,0.04243102899201655
CC_164D308CDE41,0.20957151716406708
CC_1661041F819B,0.7606645473994404
CC_166829780A76,0.11567764140078952
CC_16798666E855,0.09983576115552602
CC_1684B5493414,0.20000455651934973
CC_168A8907C8F4,0.08560445209353645
CC_1690EC56D088,0.06017345584746738
CC_169853EEAB4A,0.10763985156696337
CC_169B7FD839BA,0.16604699192845207
CC_16AED1A3008A,0.2261649442897835
CC_16BAC7837C73,0.14074967370324712
CC_16D57E1EEA01,0.1452605877340144
CC_16D833E56D7A,0.18671986461426812
CC_1702487A047B,0.20757272254005737
CC_17029F78E70E,0.061984239016871834
CC_1702F3E986AE,0.06626044362775371
CC_1707181BB559,0.046980683234586366
CC_17117BF03935,0.2691199954256568
CC_1723E40C3D40,0.23370900020262628
CC_174FBBE9ADD9,0.16001847393909857
CC_176E6E58FD1E,0.10065897525818199
CC_1783F37259BE,0.07738110724648012
CC_178B135605CA,0.10335535010683464
CC_179AA5165026,0.36049736831655
CC_179DBA1C4CDB,0.2949661423252538
CC_17A1090B69C9,0.09986188947030264
CC_17AA1A4C904D,0.17699106376460816
CC_17B06C06FDC1,0.1415044710087953
CC_17B89AC1FD03,0.23991426501744678
CC_17DC33AA73F3,0.07501433818097686
CC_17DE4D267831,0.09446646643848655
CC_17E929BE0344,0.35050156266473603
CC_17EB83DECE5E,0.396157495791424
CC_17EC9982E5A6,0.16974906824044916
CC_17ED5555B4FD,0.23220716305011757
CC_17F4292DAF8D,0.11854242651823138
CC_1807B0980C86,0.07855894362201067
CC_181354A58B53,0.09179044046751517
CC_181E7266E018,0.10255751242725059
CC_182AAE7CC3CA,0.4541192490858687
CC_183EDEDC5DA7,0.09067124264323725
CC_184C47552665,0.23585014651312192
CC_185A7392A475,0.3213849303708619
CC_185FEFD3233A,0.4701725071269316
CC_18676FE5FC07,0.08311547033582099
CC_18776C4FDE28,0.08911037525329973
CC_187A8AECEFBC,0.16509080212287253
CC_187E7D0B4E82,0.738352767148984
CC_18839D393105,0.16039337801245881
CC_1888476F6CF3,0.13755923064781816
CC_188B1ED2AAA5,0.32199615056942676
CC_18A4257C3172,0.31530557473602133
CC_18A7929D9FC9,0.3140827903737151
CC_18A8695F185E,0.10945681214674027
CC_18ACE64E8F74,0.22017164412260684
CC_18BF4A29BB38,0.1381061400255057
CC_18DE36F7D294,0.173726982510022
CC_190EB07AC1FC,0.12357277165649588
CC_19219F2C60B7,0.2265108746310511
CC_192262DB0B0F,0.07902208515664011
CC_1929746E06CD,0.6510439999600215
CC_193356E72D61,0.7324514309111981
CC_193938E8EA40,0.19932754356407112
CC_193C60092202,0.528495745396116
CC_193F669537D1,0.19736577350154125
CC_194E13150BE5,0.07538500517933362
CC_19556DDCCDB3,0.04245541290412565
CC_195A6E9B48A2,0.12246887717293198
CC_196DEC616B33,0.11659624644689605
CC_1978B23D64A8,0.11233596512296681
CC_198562A4BD86,0.13320084308820485
CC_19864C9572BC,0.1611962036395276
CC_19868B6887C9,0.12261430365262802
CC_19969E05AB2B,0.16829892860818896
CC_199FC89885C7,0.12958558249511457
CC_19A40411B404,0.2306630153882614
CC_19A6D9B60B29,0.6869624122861127
CC_19AAB010550E,0.05960335116443459
CC_19B4743DFEEC,0.08376265994615806
CC_19B95A61D757,0.17933349074602434
CC_19E6A00F6A5B,0.07512489697650238
CC_19E8DEC29F47,0.6172429005043458
CC_19EA54976042,0.16294548510647383
CC_19FBBEA75B7F,0.14836811168360514
CC_1A039E58840A,0.06864228019848537
CC_1A075331756B,0.14723419979702668
CC_1A1E1302C432,0.1688353787533946
CC_1A37690EAEDB,0.19192081727755683
CC_1A3BF9F5BD42,0.1326000371142043
CC_1A4268FEB02E,0.18515160052104346
CC_1A5F8618A912,0.44255871813671044
CC_1A659D4D521E,0.39408911631137006
CC_1A879655902A,0.07476426814592138
CC_1A9F6DA46BC2,0.11182262319155353
CC_1AAB15E81743,0.04411337181708459
CC_1AAC389EF8A2,0.25285202474108287
CC_1AAD0CE365D9,0.17859280708855996
CC_1AAD9152C90B,0.05450369040062007
CC_1AB15BDA9296,0.07262864964211015
CC_1AB8BDA3041B,0.19163399567425282
CC_1ABB9CB074E2,0.7467374425771769
CC_1AC1B1A3978D,0.06543489982214282
CC_1AD20D1F9C08,0.7198586077880882
CC_1AD881A90D1A,0.4036619754506009
CC_1AE9811724DD,0.7035046177281931
CC_1AF1AAAB9D12,0.7259122114596523
CC_1AFCC4D0ABD4,0.15189044575890334
CC_1B08ADAFD1C4,0.17508274299214613
CC_1B10139C7917,0.11924157804044835
CC_1B127133B948,0.14998808396469765
CC_1B25964EA376,0.18090356201006313
CC_1B27A85C7244,0.17301201057845855
CC_1B29F4378A34,0.11613330028172959
CC_1B2EC0BD0677,0.3039658659859929
CC_1B4AAF37FB97,0.0783701780832539
CC_1B5E792F6E6C,0.2535457905527797
CC_1B7166DAA790,0.1629971486999175
CC_1B89FD901C95,0.08961726577291121
CC_1B91E3A70338,0.07001784713380096
CC_1B9D9B7184F7,0.1545962745495238
CC_1BA3FDD92B1B,0.06922777065343547
CC_1BA9B3D67170,0.15377049596849235
CC_1BAF97E2BCF2,0.08758766098420798
CC_1BB7D8A54021,0.09980277909256188
CC_1BD548A5FEF3,0.13001523999732773
CC_1BDF1893ECEB,0.32100899087867785
CC_1BF117A8AF9A,0.0706260437684715
CC_1BFA7E407428,0.5469406371083411
CC_1C0066F472E4,0.7266273381852633
CC_1C09CC2385AF,0.06891406841072606
CC_1C11467AB472,0.6426703492397025
CC_1C1627B7EE6E,0.05243274134784832
CC_1C3259B85E28,0.16370983746648982
CC_1C334ED885FA,0.04327930887812505
CC_1C376760FE39,0.11116872888733766
CC_1C39A1ADF3F2,0.16480411466824324
CC_1C450FC77478,0.1317138013327025
CC_1C48409023DF,0.4133785898236657
CC_1C4D03324C60,0.34527591403274405
CC_1C5F1E1028DB,0.05075264394765681
CC_1C6681C0AA7A,0.7730904658721521
CC_1C84CFE19CDC,0.1999676940316959
CC_1C8B3F689C6D,0.2560974238731598
CC_1C95674B902D,0.05441919750173807
CC_1C9A4C11F28F,0.14877144035898968
CC_1CA3F50BABEA,0.08648518003257402
CC_1CBF42D35AED,0.6316681981619514
CC_1CC11BEADBD5,0.17230229160871385
CC_1CC3CE396A8A,0.21953272786020567
CC_1CD2B13C2E6B,0.09104893874067216
CC_1CE0B37CA670,0.09937712695448178
CC_1CF5A99FC068,0.14419096865900705
CC_1CF71AEB6671,0.08278900940759878
CC_1CFE066F5EE4,0.16594009755953265
CC_1D00B360809D,0.07023707393452594
CC_1D1173F82F2F,0.11325755219455055
CC_1D1E06E0B393,0.14109311393814644
CC_1D2789866B1B,0.08767618643490896
CC_1D2DD7DF781A,0.22686216497213446
CC_1D313498A2DF,0.19716500336174717
CC_1D68396533F9,0.3335913819710219
CC_1D7235BA1EAF,0.20050966870275505
CC_1D7ABAF9D080,0.05198941816127299
CC_1D7FA51D0D7D,0.4593574971054474
CC_1D8CFB3589AE,0.060558585282262316
CC_1D9421A6EB19,0.2893313411132187
CC_1DA0AC68719F,0.37661927074982404
CC_1DA366D588B6,0.11667308115112734
CC_1DACBFE0296C,0.11046196544518633
CC_1DBD6A716910,0.5881359440919045
CC_1DCB75B5CBDE,0.33205147436342786
CC_1DCDADBC0E90,0.42804968398229487
CC_1DD11FAF43E8,0.1411134046298859
CC_1DD8064E71C7,0.14128854440039695
CC_1DEC926EE25C,0.12708405351110458
CC_1DECBAE4FC5B,0.05482003887207043
CC_1DFF80E6D4DF,0.07240617839659699
CC_1E025C3597E7,0.24013781013220611
CC_1E082052CCBA,0.6433809431614393
CC_1E0E30441DD1,0.21589969317730356
CC_1E20E200611C,0.11256956123692086
CC_1E354C75EB9B,0.03725774699633731
CC_1E3B2C15EBCD,0.19954466598261683
CC_1E4DF11FAF55,0.2016405879821162
CC_1E4FE60DFD8D,0.7207453634371639
CC_1E5A648D299F,0.2128080710184414
CC_1E6C0A8B3841,0.6553406083598867
CC_1E7FA6E807A3,0.2209266038690973
CC_1E93F760EC93,0.2355884842968393
CC_1E99F40FA03E,0.07750014073259204
CC_1EAD09DBC23F,0.23175389932039137
CC_1EB3D53252DB,0.2534003592531642
CC_1EC889E04D69,0.09308289109286035
CC_1ECCBF6853F6,0.5222034683032659
CC_1EEC4520436C,0.17787298264542858
CC_1F2827DC99C0,0.10327499249677191
CC_1F2C184C5227,0.0983883176081792
CC_1F3FA8091B02,0.1474649954947499
CC_1F4E07BFDC8C,0.05350551017901403
CC_1F4E0E9B54BF,0.06983988829756127
CC_1F55738A6A27,0.361177507646118
CC_1F65276D0EF8,0.16028553439165505
CC_1F65C797BD40,0.07339210147734954
CC_1F668C0AE868,0.09781151603897065
CC_1F6B19A04BD8,0.05567107896943274
CC_1F945A60367E,0.4259446130502802
CC_1FAB6F11DFCA,0.6867508170519794
CC_1FACCCE95224,0.269645475817266
CC_1FD010E5EA82,0.07154006628427605
CC_1FD2B7BCCD20,0.6887693162371521
CC_1FDAEC3D5CBB,0.1109166724075839
CC_1FDC65FE3DBE,0.12647280525816118
CC_1FE696D8A81B,0.07392849597270285
CC_20027685F59C,0.7451693158601379
CC_2009F3D77774,0.11719877637331444
CC_200C552C40F3,0.11364179166706986
CC_201459527065,0.12458133750246478
CC_20275029A688,0.07469739568461706
CC_2028DA597C34,0.2340123558786648
CC_204E557E5046,0.3991236884632687
CC_20542CFCFB39,0.05256751605752408
CC_2060F813C9B2,0.2800801160540738
CC_20813A9A7F71,0.1492495700821887
CC_208429A11E2F,0.14275779523850762
CC_208B0FE7CBAD,0.10768179577414805
CC_209A511030A7,0.0422143996478831
CC_209DD60421B5,0.07235148052052473
CC_20B26D646D62,0.17235149911012582
CC_20C47966B174,0.30781655083681786
CC_20CFE9681E4D,0.07821226880738025
CC_20D4DB0F3E3D,0.04764399233479852
CC_20DD84CE3CA0,0.11510405814255849
CC_20E57CA675DA,0.638531937375275
CC_20F129FFBE00,0.23920466218004272
CC_20F4E0F62D2C,0.07962815202801563
CC_20FEE0B2130D,0.5469401810114878
CC_2111B298C212,0.08784838706929965
CC_211315AD7633,0.23592106551637076
CC_211504721E27,0.17545739658956933
CC_2119919BCB4F,0.7137995212627359
CC_21375C9ED931,0.19468102277116933
CC_213D2A5355FB,0.20786010096460533
CC_214B50E48E94,0.17505523046729443
CC_215F86D986BA,0.12060916210282474
CC_21600308F496,0.04228061233905679
CC_2166F3F6344B,0.12844844231103264
CC_2168BBB42053,0.09845616290066189
CC_217030CE0127,0.047873681920777
CC_2179067B405D,0.047384264322071545
CC_219B59B67193,0.18466759575967556
CC_21A9E8DB58FE,0.19560428426891013
CC_21AE679C5E95,0.23693526085442435
CC_21B98D13174C,0.10472528896410332
CC_21C81BC15002,0.11568737540596888
CC_21C9B26CFEA3,0.0717482776250758
CC_21D22081A4CA,0.7087676710907951
CC_21D29CD736D3,0.3202326352977434
CC_21D3CEAF838E,0.1778911335640005
CC_21EF792A3811,0.683967595918018
CC_21F04E996723,0.4320008385214944
CC_21FB6C8AB8BF,0.44295262731807605
CC_22067686F6C4,0.7083158567938264
CC_2207A39B7BB8,0.13407877407239055
CC_221053121AAB,0.17556471427137932
CC_222423774191,0.06428429155461984
CC_2230EFBC99AE,0.36842363952769813
CC_223BDED2A465,0.28622816498469195
CC_223E3CA7A07F,0.2020606691553125
CC_2250B42E48B2,0.11476114831036857
CC_225935E43583,0.1396351447433043
CC_22781E93CF84,0.16748352132143968
CC_22784AF3CB6B,0.48160387359094803
CC_22831690395E,0.1764119178401731
CC_228E6CBCC935,0.6306140307918823
CC_229338EBBA6C,0.09170866120490155
CC_229A63057E54,0.48069428606594244
CC_22A2D8A4B437,0.09243510714846719
CC_22ADE1EE9BC7,0.11849567339372993
CC_22B69E7C415A,0.04331493102312714
CC_22C590B43FEF,0.28392384734265497
CC_22F06379D8FD,0.042379761816840465
CC_22F282264A1D,0.11611902193894046
CC_22FBF5F0E1C0,0.18611832911757414
CC_2302088175A3,0.22549755682696582
CC_230672EAA654,0.039173891231005634
CC_230870B121F6,0.13763086848115832
CC_230A051B2B3E,0.05390003182859345
CC_2316F57AFB7A,0.08455688718119653
CC_231D091FCD1D,0.05825685773751378
CC_231FDED1781F,0.22913475442841835
CC_2320053D1183,0.072945387196692
CC_2320AF507566,0.20183604496109014
CC_23321FF41C3D,0.22041299277083576
CC_233470D6BE72,0.6657512920777718
CC_233C8EBC95FC,0.3997880211671499
CC_235F99F13500,0.16315015299662947
CC_235FC02CA52F,0.20090149413009634
CC_236C80CAF53D,0.15829835920904023
CC_236E7222D97C,0.07607933610667272
CC_237B86FDC93C,0.06448379413217123
CC_237E7EB2D7D8,0.09926737449062471
CC_23830081EE1A,0.6320001651365308
CC_23894AAA08DB,0.5240100530191738
CC_238CBFD6E20C,0.43275445475079305
CC_2392A4A79C9E,0.04436403608569422
CC_23A474D43C73,0.2100701037918009
CC_23A9CC59BA0D,0.042327633249362076
CC_23B158D8306A,0.12114586633144092
CC_23D147F1870B,0.16887248628930102
CC_23D2E73DCFCF,0.1384623052485402
CC_23D9103D1EAB,0.04268355587477973
CC_23E142182F2F,0.7178575525629906
CC_23E43713A108,0.04290021407785188
CC_23EF2911610E,0.49209650596398197
CC_24056B76BD7D,0.043968081579585996
CC_2416ECE66177,0.12392188060443016
CC_241E65816FC2,0.07537348378641501
CC_241F7E97FBDD,0.0680405066414564
CC_24217201D7A1,0.41609939193796747
CC_242301FCCE50,0.05300301582533502
CC_242C69CF0B12,0.11846530811074499
CC_243B23702DC1,0.17094194618797906
CC_2456B9C796E4,0.11110351031800864
CC_2457D89CB88B,0.5534977110900948
CC_24667210E2AF,0.2258152931676008
CC_2468D206CAEA,0.06048356751877716
CC_2469630A4F86,0.32442579378103364
CC_2469D83D9594,0.04121017036584307
CC_248C65EF54A5,0.6458294505612241
CC_24BCCA7941E8,0.07119524549678075
CC_24BDC1CE2A3A,0.20350609232471223
CC_24BFCCDF957C,0.04752185516744191
CC_24CC8A1B1CB7,0.1297800306933412
CC_24D4B1852554,0.1852102420903396
CC_24E65FA5A32E,0.18274122040009969
CC_24EF3EDB6857,0.047038562973463864
CC_24F15A19D648,0.1709105405247339
CC_24F2410B5A19,0.1467489655144365
CC_24F27E7DE1C6,0.4437540952028678
CC_24FFFD0C983B,0.04593199739617547
CC_2504E9D5D5E4,0.1556030739611145
CC_250F6A0DB62D,0.061360125096644416
CC_2520E13DF0A2,0.7410842379043727
CC_2539C315029D,0.2557969893107582
CC_25519ED78507,0.1960657395552814
CC_255D49296DB6,0.1209718043569234
CC_255DC60FF5BD,0.04157733086749912
CC_2563C9EF9D55,0.06125792666859654
CC_25756EB9651F,0.1252888017795521
CC_257CC46D379B,0.43267353987984847
CC_258D5F80A933,0.6932280440909544
CC_259D87270257,0.2299040364042347
CC_25A41AB21C94,0.2284031723834728
CC_25ABCDCC8B71,0.10009267692905474
CC_25AF0D0569B5,0.09859020100674903
CC_25B61D393144,0.1714063289565376
CC_25B95D7288CB,0.3695341322450259
CC_25CE2F2F13BE,0.23772349741769194
CC_25D1A5971976,0.42836018668261716
CC_25D411B46F00,0.7297830137035407
CC_25E7A2DC5E41,0.05999536611404336
CC_25F4C8E51AC2,0.5038021276830752
CC_260323EFB122,0.6144918624678608
CC_260F10484312,0.05484601928641118
CC_2610D0F1D0A7,0.17071574302984374
CC_2615866F35A2,0.09586739973227311
CC_261DA4E8DBEB,0.12464987034590244
CC_2628F00B0745,0.358249274555154
CC_26338E9AD15F,0.15646882417268823
CC_26346B99BDBE,0.6512962936802562
CC_26351DBC1AF6,0.14518352966431103
CC_2637397AA3F3,0.5738581742984303
CC_26675C32611C,0.6557409880567999
CC_266E49E49071,0.18614775086748786
CC_2696368A4DC6,0.040928983499964995
CC_2698641B68A5,0.14472400542142883
CC_269C5AE6A1A3,0.6727512524762872
CC_26A06AD1206C,0.7062134311659032
CC_26A358B0C10F,0.15707162407538677
CC_26B07CB02EA3,0.642066041640676
CC_26B638BEA8CE,0.10764627378510702
CC_26C33B649FC9,0.07223538025221493
CC_26D5B969A36F,0.3267393095894666
CC_26E3A1226C2D,0.1966995179066939
CC_26EEA3F0224A,0.2259054062269191
CC_26FA5E5A718C,0.1561465202544945
CC_26FE119D4919,0.05462118622566037
CC_270B462BAEF3,0.04017183990089268
CC_270D929FEA9F,0.07052401469465569
CC_2731AD82BA11,0.21092980661031163
CC_274144AE3E86,0.12882501880472053
CC_274AE6E82879,0.18055558406859976
CC_2757A490C5E1,0.1161180806997644
CC_2766F6011BD0,0.38829479998908617
CC_2768E644C697,0.059708255275101
CC_2770DF70328D,0.061263717947715575
CC_277503968C44,0.5045006210957466
CC_277CE974AA8F,0.22842397401154738
CC_277D246E39B9,0.203832792026995
CC_27A1CC725B7A,0.0764434773326082
CC_27A798829CA8,0.7395085241529482
CC_27C938FC8DC6,0.447890613251628
CC_27CA2D819E7A,0.07738604119692119
CC_27E3712F0E38,0.17041967248965745
CC_27F3B3F43FF9,0.04298834504963174
CC_27F9832EAB8A,0.48213595659337266
CC_2809CC131F3A,0.7193954338977406
CC_2812523510C0,0.15530071865263687
CC_28151C75756D,0.05041322240448107
CC_28203CC976F9,0.13327023431056848
CC_282AFAE06F96,0.10322031492413637
CC_282C2404F4C0,0.0756000574350216
CC_2834BA2F19FC,0.2247756999274395
CC_28432E22F47D,0.5620818451201763
CC_2844882CC439,0.05585869763304024
CC_284F79726032,0.3737758310585611
CC_28544783AB15,0.41151068450430983
CC_2856104729EA,0.7297051876191512
CC_28625CD86761,0.19826020272151237
CC_2866BDB46FB1,0.11840512145564798
CC_2872415C6B36,0.08603897812711918
CC_28752737647D,0.6337714113531581
CC_2875C281EE88,0.05806923058192806
CC_287E3E9EDAC9,0.08133366406311177
CC_288A2C49D62A,0.05236120974871959
CC_288FA8CD819C,0.17958070077229843
CC_2891894CCED4,0.07780575836215739
CC_2895608A9699,0.11436593093929819
CC_28A2EF7926AE,0.601014557157626
CC_28A7DBD2B710,0.16821178490964278
CC_28AD81DF2C51,0.1471157795994414
CC_28AEC29CEC25,0.18319396053026327
CC_28C1C3DF7928,0.10058000066604389
CC_28CA76962EC8,0.19604442464728755
CC_28CD47803B6A,0.0731526558911527
CC_28DF569DBBE5,0.07852058460749932
CC_28DFE611C657,0.11061665586956815
CC_28E11E6A6C8D,0.16210294002790476
CC_28F58ADC7CBC,0.17084831695381092
CC_2916479EBC84,0.1370897333655968
CC_2917C6CB0B2C,0.1388510538572008
CC_291C7830D4B5,0.3414699036085208
CC_291FE1744E5F,0.08719895291159899
CC_293124F1ACD1,0.1260574663196349
CC_293C2D704AA9,0.28632066733946304
CC_29432A6B2555,0.1289853687818534
CC_2944B427406C,0.18633800951538682
CC_29468B7035D6,0.09328883559072937
CC_294A9A24E473,0.06442810954899264
CC_294B94EB0E07,0.16617035814796438
CC_2967C29E4C3A,0.12794772039104307
CC_29716D5835F4,0.20158244483513188
CC_297179FF2BCC,0.42234186433875776
CC_29803690C939,0.2244504386400696
CC_29821539DC4D,0.14186970710703542
CC_2983C1D2A273,0.14837771511363768
CC_298CAC5A1868,0.615430741611066
CC_299EBE0FB429,0.17175325132756963
CC_29A1C0073882,0.42369968271200464
CC_29B6065F187B,0.3294836948232882
CC_29BC66C10F87,0.6707028591766749
CC_29BF3C3D9682,0.2121371282426917
CC_29C4425FB2DA,0.16594320080529876
CC_29C5D0D72D61,0.15999997060598925
CC_29D65E313500,0.13283752207796534
CC_29FD856F47A5,0.6558860052556081
CC_2A097F88615A,0.10112453738149821
CC_2A0CB4CE1A48,0.20367577840345047
CC_2A14C1652D6D,0.20492214339080445
CC_2A1F96F80938,0.12473141461659934
CC_2A23F71805A2,0.14041093728524834
CC_2A2BF2FD0498,0.1288222763940695
CC_2A358A1D3DDF,0.6395580385589736
CC_2A3E371F0DAD,0.22551655424132083
CC_2A423FC8A330,0.32004524364104225
CC_2A43368D54F9,0.3202419780286365
CC_2A47A21C0E07,0.6475306262962881
CC_2A4CB02E7A1E,0.12633763914581295
CC_2A510080BA29,0.1753539030049266
CC_2A5316E550F0,0.08144441249529652
CC_2A59695EF90A,0.4890256914213429
CC_2A606D00CC46,0.048133863887246164
CC_2A6C69145AE0,0.0920658579909851
CC_2A6CD71471A6,0.10943668766453682
CC_2A70D6EF64E1,0.0855094225492661
CC_2A844754AE67,0.6509656803682632
CC_2A85A7B242FD,0.17816518367827122
CC_2A9A51067D7F,0.14509157885848156
CC_2AAAD4020436,0.23138031246210458
CC_2AB62BCF3704,0.07588560926423592
CC_2AC1C8DE5649,0.10917996053131368
CC_2AD10D78793D,0.6939046389079715
CC_2AD26446A7AE,0.044746827113001035
CC_2AD2D35975D1,0.0860815207043888
CC_2ADA07B0211F,0.3219571464208844
CC_2AED2D284351,0.31878974184966236
CC_2B01FDE2552D,0.25539645202717354
CC_2B06DDFD7F8A,0.07401760486127548
CC_2B08FBC0A948,0.16857093206320425
CC_2B1914218468,0.7288316846149264
CC_2B1D93E12DC9,0.25285356099934403
CC_2B248C488918,0.08944112100369216
CC_2B256891C60A,0.5501377465620207
CC_2B2801591A25,0.4312190092332929
CC_2B2B7CF1E40F,0.11362118050662856
CC_2B2F4204834B,0.18698293659992093
CC_2B5443C7AB87,0.06628063739393979
CC_2B5D780AC244,0.576891501329124
CC_2B64E67CFF13,0.06169626583222539
CC_2B6B872C8D21,0.11397590852637068
CC_2B85D931F011,0.10081885308270455
CC_2B959EF030DD,0.19263051006227305
CC_2B973D1AC16E,0.12349446824683397
CC_2B98983C2687,0.048757979762079746
CC_2BA581E7B8D2,0.13872764041819957
CC_2BB2C432C369,0.12149893629155678
CC_2BBE19587CD5,0.08844653671149638
CC_2BCB838A9581,0.15879575513067912
CC_2BD0E9336EB4,0.0596152278416283
CC_2BD1633FD528,0.07960535785075296
CC_2BD58FC8C2B9,0.051753884952991006
CC_2BD6083CAB0B,0.7696788818341117
CC_2BDD47B177E5,0.7835389882257636
CC_2BDE889EB05C,0.22289857044792544
CC_2BF8DB192A49,0.5477604604342338
CC_2BFDF46F3AC2,0.14786272127413463
CC_2C00CF2FAE22,0.1535900578505109
CC_2C06DDBA1073,0.33121009620681663
CC_2C16C7838FAB,0.7790412748543198
CC_2C263A1A732C,0.2168647598498574
CC_2C34105831A6,0.18554927469284221
CC_2C43FFA06F31,0.09228681808562794
CC_2C4DEE4CA1CF,0.0672236268349404
CC_2C56DB55E40E,0.10646397487855301
CC_2C59F565C183,0.15340707229406447
CC_2C7F54E56925,0.16303278474461036
CC_2C8CFCC646BE,0.04008575555227813
CC_2C91AB1DB754,0.057688044672385155
CC_2C93356976AE,0.39576590114856536
CC_2C9DADC294C8,0.0752826383167065
CC_2CA94231028A,0.22854165879425137
CC_2CC8CB17283A,0.18172513309992205
CC_2CCD42AA2376,0.16514012771332187
CC_2CCFE560A79E,0.06841546978436254
CC_2CED227E5216,0.12636998203321367
CC_2CF326E90715,0.047291161949876453
CC_2CFEA03CC6A0,0.6656471263171839
CC_2D1D032137DA,0.12241891374981821
CC_2D258781011B,0.24298977670454858
CC_2D30260A1CEC,0.1994374111269007
CC_2D35C002A9F1,0.15092502105251213
CC_2D45DEA4EB25,0.16083428699044067
CC_2D5494C13FFA,0.09209490404555573
CC_2D5EA2953E81,0.20240862663183937
CC_2D6E7894EA16,0.6547957071124113
CC_2D7DA36360AD,0.1937793247467514
CC_2D7DFEACA38C,0.3194542768083902
CC_2D836654A121,0.1434282614160361
CC_2D9CDFC6C57E,0.700124087179529
CC_2DAC67585B03,0.2119415638059648
CC_2DAE338809DE,0.33748903824771814
CC_2DB062A18C75,0.5267978824828677
CC_2DB2C55CF89E,0.7698545838725364
CC_2DBCBF870292,0.04236133500389813
CC_2DCBC03B4FA3,0.7474668447006123
CC_2DD78131B5A1,0.11060323763895236
CC_2DD7BCA75AB9,0.1147750346206729
CC_2DEB49017220,0.1453092561715896
CC_2DF6C71ED372,0.1635514295437822
CC_2DFBFA1A4FE8,0.17203282038367598
CC_2E12A41F7733,0.07865578122943158
CC_2E1A348EB1E6,0.10737970976551758
CC_2E23CB0F6F7B,0.35668808549602876
CC_2E3634587158,0.06576819419029822
CC_2E3F4B14D8DF,0.4213293844973764
CC_2E3FDDBF4F48,0.20005968949110442
CC_2E61C46BC16A,0.2014519154760418
CC_2E62AEB14351,0.35608080226390904
CC_2E6F1C0ADEB8,0.14278172744915157
CC_2E7415FAB62E,0.08288197578242137
CC_2E77F7444FDF,0.04182385838128794
CC_2E78431BE3DB,0.07664620701100347
CC_2E7D44FB8075,0.2011462861910172
CC_2E7D8539BDA6,0.3738013100761373
CC_2E7F248874AA,0.7040522210683148
CC_2E85BB8F3BB5,0.08765638755539062
CC_2E8897E4D9BB,0.28012701048317284
CC_2E8CCDE89E2D,0.25532333046586525
CC_2E927D910813,0.15661317539763486
CC_2E9891F5A2D5,0.12084163972165737
CC_2EA56A7EAC04,0.23162886542330893
CC_2EB45D13B248,0.13551146991817975
CC_2EC924B0EAAE,0.12597060190142845
CC_2ECC248C96B7,0.04948430960535637
CC_2ECF0C98B06D,0.42024813243000825
CC_2ED3F6481454,0.1388660009948121
CC_2EDDF0B40ED8,0.14817206730768703
CC_2EE2A139642B,0.1805565698549767
CC_2EEE072DA301,0.17080809112634332
CC_2EFEBB85DAEB,0.16944850169945574
CC_2F133BEFAA69,0.14347297488904204
CC_2F1AAE3B81F2,0.0813975071296715
CC_2F1BC47CC90E,0.04980194010726923
CC_2F2128FBBDDC,0.1562549296316672
CC_2F3D3342834E,0.06894748962679975
CC_2F42D39F710B,0.6298781488937082
CC_2F4AFE398419,0.7232737119313737
CC_2F4C24B38EE6,0.06922943115313307
CC_2F508C0838A6,0.09407785289145748
CC_2F50EC193942,0.1923010265025888
CC_2F5BD03D4900,0.071665061054358
CC_2F73AF6728BC,0.05659762172854953
CC_2F7EBEAB9CF2,0.19548975074672287
CC_2F9AD2BC25F5,0.06329954453724003
CC_2FA3172ED3FE,0.7122712763130514
CC_2FBEF8808F48,0.19606691947606217
CC_2FC014F0EA3C,0.07564370494878327
CC_2FC3AD2EC986,0.2246616557304726
CC_2FCC82AC097C,0.24119882446815125
CC_2FE2ED7D464E,0.2588098481543358
CC_2FFCC9802D2A,0.1682183809227346
CC_2FFE32627DF8,0.20682926185989506
CC_300BEA90EF3F,0.13306666682980808
CC_3017B64D0364,0.193673051699915
CC_3017E5E87C94,0.1398463206822126
CC_3028375CC87E,0.7719207993840564
CC_302A48CFCEDA,0.07946269580613513
CC_3031F96196BD,0.4560190726279208
CC_30328ADA0AE8,0.09644722921075193
CC_30451015D913,0.03951027866912102
CC_305D33AC15A9,0.7436860689912739
CC_306015CFB66A,0.16823973188784666
CC_306413849CEA,0.3884618025947207
CC_306EF0BC7CB3,0.040822548788491814
CC_3075C5B861A8,0.11431837300498611
CC_3083D9B76858,0.05581709039470884
CC_3096994A495B,0.18843296194449743
CC_30B106BC1657,0.19073249763142278
CC_30B967417C42,0.21572078885520637
CC_30CABAFF5453,0.08691862936726172
CC_30D68208FB23,0.34502620112419813
CC_30E2A90BACAD,0.2139513899795916
CC_30FFD856443D,0.5888561593259001
CC_311EF26786A8,0.07678217243519113
CC_3129843EADE6,0.751731558469918
CC_312C34EF683B,0.048126011780834616
CC_31302B64C078,0.11015280156072042
CC_31344A25B569,0.039700829888663816
CC_31397A399AD5,0.08234426378672294
CC_3145B5EAD7AE,0.22884222970289111
CC_3146EE0BF81A,0.10696930837235838
CC_314D02632843,0.30774480889268885
CC_315133406E42,0.2286424771645188
CC_3180D1C6FB7E,0.22802552641862028
CC_31827EE8A968,0.3035323884907727
CC_319BE06CC27F,0.04859416870068001
CC_31A0A97AFFCC,0.3961729190911063
CC_31B22116E36C,0.1990334366007473
CC_31C78D9B6494,0.3550557362224043
CC_31D3FA367B41,0.11479034139070392
CC_31DAAB3E6DA7,0.18389192520987563
CC_31E36F666FB7,0.06468157117902244
CC_31E72EA14FE4,0.1253219346962223
CC_31FC6DC9482C,0.23797739264049367
CC_32076DA6AE23,0.17517518402956306
CC_3209FA12D938,0.3217581296923555
CC_320E17F947CD,0.400076273312647
CC_3223C706DD92,0.24274425254073542
CC_322EFB2E377D,0.09973983934699067
CC_3248EB928073,0.09404206102204246
CC_325D5DC52B1F,0.09933260378062297
CC_32662A6DB78D,0.1504686689234409
CC_328DD3BA068A,0.2444286127767023
CC_328DF7798F91,0.16161844531690897
CC_3295CFEB188B,0.0944179634840365
CC_329DC79286ED,0.6123427762521694
CC_32CB77D55C73,0.12856334543494746
CC_32D129B9E651,0.10393978564369385
CC_32DB12551D37,0.665707065459882
CC_32F00D77D5CD,0.09913172126556453
CC_32FF5F6892D9,0.16347297104675662
CC_3301EF60877F,0.12219197897208862
CC_330F334BD816,0.11186679828360661
CC_331285B3494C,0.1694248190218127
CC_331364283D5C,0.12284535216758075
CC_331718E0F54F,0.17401532008113135
CC_33194D48FF66,0.09706367818291388
CC_331E8B8BCAB8,0.0745573059766386
CC_33254134ABA9,0.7663296536566413
CC_332E42439579,0.06901053088522542
CC_333102AB964C,0.1727432635682269
CC_3338AC0E8112,0.23409069644573666
CC_33656EEDE6F2,0.43387425591843215
CC_336777D934E0,0.46688840323008596
CC_336DBFE464D1,0.4717920456612331
CC_3382BB2F3152,0.12380218265012918
CC_3387207793E4,0.045443925184654343
CC_33992C973839,0.22924333738106373
CC_339C36703675,0.0779792516792035
CC_339CA5814519,0.10287781247017011
CC_33B157F2A921,0.08578983951777576
CC_33BBD10F239D,0.06731004240116402
CC_33D3B12EE56E,0.09255916211379167
CC_33DB68EA27CB,0.10198764184979381
CC_33F0B95E70CE,0.2688740269254608
CC_33F40275D630,0.04897456063142361
CC_33FD5DE22692,0.07792521324027549
CC_340961106343,0.15158616195937516
CC_340BB1F4CEF0,0.1294359516425196
CC_3410B11F1FA3,0.1585328043950681
CC_3424972707B6,0.5699563335168083
CC_34452758A645,0.03951068813293151
CC_344D239879D6,0.14593721507273394
CC_34503B6891CE,0.22777916164523138
CC_3451722A3813,0.08622298319773938
CC_34517B513D8E,0.47798963483101653
CC_346ECB4CF2F8,0.12380741581899107
CC_3478E8B6B56A,0.06812258176038444
CC_347AFDE16722,0.09091189971256053
CC_347B1A01467F,0.04912120722840833
CC_348AA62FF484,0.27192642479361906
CC_348D3F098A4D,0.09409549913971371
CC_349290E4D0C9,0.1656460729748826
CC_349347D553D1,0.24604759060973075
CC_3495CE27BB05,0.25499061125699785
CC_34B10A654721,0.14150121949749467
CC_34BD2C5130C8,0.13967922050417284
CC_34C433439160,0.06754088440666944
CC_34CA271F73E3,0.3324263036252254
CC_34CEBEA3B15A,0.07202875661815292
CC_34E58CF793A0,0.15356256157203357
CC_34E6909B6027,0.5582895843451579
CC_34F4292A8B5C,0.18175042521551055
CC_34F6DD223594,0.049488361743110894
CC_3508A7A5E9EB,0.14523217506107655
CC_35094977DD75,0.11695331480285912
CC_350DE157CE6D,0.18662849590113786
CC_351BD5C2EE8B,0.033925198239747933
CC_35486249EDEF,0.2146457884204208
CC_354C9ABE6DDE,0.06630687546263403
CC_35578162927A,0.13418178559412156
CC_357C3E7518D3,0.7058289281055475
CC_3584C15BF11F,0.04681199312335364
CC_3588C5166872,0.09580713734233752
CC_35A68306B19E,0.2954464367217429
CC_35BFB3093D02,0.04824981158023425
CC_35C085ED37BD,0.55484798956118
CC_35C695C13279,0.07974017681169576
CC_35D1668A4C13,0.24285050513604928
CC_35D27495E0CB,0.7673243794236988
CC_35D562E1DBE1,0.6489660804376258
CC_35DCDC74A757,0.5117418897231976
CC_35EC2AB1D1EE,0.12953162914914512
CC_35EEB90317B9,0.5516844082184632
CC_361A9EAF7706,0.24131900491719416
CC_361B968FEB98,0.2980331308870896
CC_361C9FA031A7,0.7614541020110801
CC_3620C5D1B3E2,0.05754846740199421
CC_3622D7221940,0.06287980019101946
CC_363175E92F74,0.3267822615691726
CC_3638C9146BFC,0.12970907000416626
CC_3643A4C7EC5C,0.06376814275003254
CC_36690A9AE112,0.6951501181283762
CC_36719170F638,0.09601283898416983
CC_3673466BA7A7,0.09577326818465817
CC_36847054DF52,0.3638498844024189
CC_3691CE792752,0.7160852057153964
CC_36A27FE53743,0.48229742075229964
CC_36A3FB06D1D8,0.7683008250401981
CC_36B0F2AD5413,0.05425083011276121
CC_36B1B7BF5F75,0.12970539324099198
CC_36B68E66951E,0.3614045459990891
CC_36D3F09AD810,0.46489287971547716
CC_36DBD8424220,0.6128388554635196
CC_36E5645D8018,0.09167263721190794
CC_36E6592E4E23,0.18711243482996212
CC_36F143AEC864,0.12070474731422161
CC_36F2A735DF73,0.14982057819908595
CC_36F81C003E8F,0.038336871392766106
CC_36FCD55EE425,0.454442698557011
CC_3701D5DB7FA1,0.07326710314451015
CC_3706E1EB2587,0.5186620925027702
CC_370E0F8EF86F,0.5311639124145726
CC_371D47444D5B,0.6769846139481351
CC_372CFE308EA4,0.5691766594253096
CC_3731D90357A6,0.33557548288035155
CC_37322F66C543,0.05378998012850959
CC_373539DE38C5,0.15025919455067838
CC_375225700242,0.35222843161472617
CC_3762D0B6F3C2,0.1530381137282007
CC_377A277E831A,0.16179443235251328
CC_377B6066B91B,0.2864574243288991
CC_378D71726B5E,0.0972120911621352
CC_37A46BD0DCBF,0.04791627910862649
CC_37B447368F02,0.7145515720370883
CC_37BFDFE369A3,0.23046871231983773
CC_37D09FE492BD,0.07142442225589785
CC_37D3F4C07235,0.24777977843384885
CC_37DDACE48E3C,0.12339404303656787
CC_37DEF85C0A37,0.2721426108810564
CC_38020CED9EEF,0.08770165371661426
CC_382207621EC5,0.7739271242779536
CC_38374AB27F95,0.08121385277564036
CC_383A5544DD5C,0.1181080841731533
CC_383C129A5B96,0.23776543878359213
CC_3847AAA649C7,0.1445163512232244
CC_3849D992C1E3,0.08445463672042833
CC_384BB17F0F0B,0.5958596846532167
CC_3851177E5E76,0.0784879174200609
CC_3862F88850B8,0.2877861999265895
CC_3867CFCFCC94,0.2560105887330478
CC_3872ED018F85,0.1913332920747598
CC_3881A587C072,0.14679070642866276
CC_3882F8EB5EEB,0.5486634657481184
CC_38911341EA6C,0.08304065577728559
CC_389E5B71E254,0.5639784847496849
CC_38A0DBCD3728,0.10668120264150541
CC_38B3E9142747,0.16136644783390905
CC_38C1B8860300,0.06376537406454663
CC_38C8CF250B60,0.03791062532241825
CC_38D32B790B4A,0.12756040183399905
CC_38EB304A9915,0.16799084175501555
CC_38F26461C872,0.7567739756408014
CC_38F942257E28,0.5532378906847802
CC_38FA5D78A8A7,0.05942105095303378
CC_3903D7BCCA95,0.07437800192169655
CC_39043D7ED04D,0.22510687112368244
CC_39098B256732,0.06816237978859717
CC_3909A2E4C679,0.13846947935389392
CC_392344DF8D55,0.27045079226890356
CC_392628C8AD47,0.09041024056428962
CC_39285F4C42BF,0.3462916948059249
CC_392A376EA1A2,0.08110552843978344
CC_3932E086F150,0.16877321272591372
CC_393D1D3640D0,0.06523662316450364
CC_3943B3490B49,0.6927502732386102
CC_394DE164DBCD,0.12036416637114028
CC_395600E84A54,0.12260747462950837
CC_395D181A7E1F,0.09823746990530166
CC_395E8CACC437,0.1248293447183374
CC_39635AC6A70E,0.058528425730815056
CC_3969352E3ABC,0.08882560312346438
CC_3985C0DF9CB5,0.4993545857945339
CC_3989F2C6A9F8,0.22420161096292301
CC_39A82672A1B2,0.08672497495306071
CC_39AA15DAE17D,0.5887647368819466
CC_39AA2A3D98CC,0.03689453247305999
CC_39AC257B00C5,0.11664055700589376
CC_39ACC63CDAEE,0.1183891578337995
CC_39CE40784C2C,0.20076001736807808
CC_39E1A306D418,0.16134687017231236
CC_39F2B11C46D7,0.08004726679852371
CC_3A10F5F50A27,0.05032854328951319
CC_3A27CF9D162A,0.5225807387092227
CC_3A297424A7F7,0.14066016783238794
CC_3A39F7930BF3,0.10470960032281776
CC_3A57566F9977,0.5128464871581659
CC_3A61121254E6,0.05651762768861141
CC_3A81C568A7F8,0.2037564416109457
CC_3A82E7050A4D,0.05197641317063359
CC_3A860AADE6CE,0.16008820035358762
CC_3A8B3FC29C9E,0.13384617890683603
CC_3A8E9056A5A2,0.11356010559919297
CC_3A9617A5777D,0.4136039966367227
CC_3A99D25777CD,0.13910502692327684
CC_3AA9E8D01340,0.5579558875925159
CC_3AAEFC09C290,0.6870063701145963
CC_3AB5E579843E,0.25518631754728244
CC_3AB77A30AD40,0.21201005472135476
CC_3AB7BA36A414,0.2800492739582907
CC_3ABA830A5BB2,0.1347443401464385
CC_3ADDDA550A57,0.08167579027108404
CC_3AE7B1151DC9,0.14956494369586543
CC_3AE9A209EE00,0.0526242256932153
CC_3B06FCD75C98,0.05580396785346009
CC_3B0722FB5E8E,0.2506832592586934
CC_3B1C51DD7429,0.18678115751971003
CC_3B1F4696D710,0.6293260968663744
CC_3B224413A072,0.24782219896486374
CC_3B35C3783CCD,0.21275537500989128
CC_3B3626F3DF9F,0.19808306509815818
CC_3B4405C7E486,0.5569676499075598
CC_3B4C4A9C9D99,0.329812099223763
CC_3B72F0E9E3F8,0.20407767187756506
CC_3BB02A95C6C1,0.7286094788195911
CC_3BB8B675C2BC,0.46075126073687833
CC_3BC51B069218,0.11665787879851633
CC_3BCA5BD201AC,0.16128121087911124
CC_3BCAC9793441,0.24981935796396731
CC_3BCBC867AC4A,0.04629211324109263
CC_3BE51412ABE7,0.33373101420615914
CC_3BEA98B401CD,0.6694024801769043
CC_3BED6DF1ABF1,0.21380437865381657
CC_3BF0BF7CF827,0.7857846848599794
CC_3BF110035599,0.6471841262937799
CC_3BF213810DEE,0.6337589020009002
CC_3BF21CA88D3C,0.5140662666717373
CC_3C0E29764C71,0.05850635058819046
CC_3C19509D4636,0.14073678168566287
CC_3C1B038BB068,0.1494627157379142
CC_3C594CADCA2E,0.1983627722966474
CC_3C5D909498F7,0.6946256007045956
CC_3C68D5179A01,0.10314542946611813
CC_3C83955704BA,0.7726101269279428
CC_3C93218F41B2,0.305303586318988
CC_3C9CFC8FB4D1,0.7154229884316354
CC_3CA266EB55BE,0.11363270003424523
CC_3CE49C937F7C,0.07819915197207608
CC_3CEEB9C04F0B,0.3897978546935804
CC_3CF504AD4DD9,0.07455413467438263
CC_3D1092DBC5C2,0.2327659498176658
CC_3D185833E7BB,0.05774797979836625
CC_3D2309981121,0.32556410444396333
CC_3D27A0086AA6,0.22500482010398012
CC_3D3BE7D0F4D8,0.12299927206044046
CC_3D412B5EA919,0.09675204092717132
CC_3D47650C6F30,0.074734869916986
CC_3D55D1FD8457,0.054286942524017896
CC_3D599501BA76,0.06560369551554157
CC_3D6181EE3C87,0.6623902339890271
CC_3D65CC165F44,0.12704936424323254
CC_3D6CF6DB8014,0.3574757898196337
CC_3D7C14801D40,0.16499845556597298
CC_3D836BDBF866,0.6741001621751259
CC_3D8DF3A3DB71,0.7593349300697682
CC_3D9309851089,0.19126804903526606
CC_3D9ECB4274C3,0.12265440963433619
CC_3DC8A9A92802,0.2871613405659087
CC_3DDD3813D1D4,0.09972461889095723
CC_3DF3FFB3CFC7,0.1265750676686655
CC_3DF88701601B,0.16272558498623385
CC_3DF91A482CFD,0.3263673048709503
CC_3DFD6349D046,0.6164923879239927
CC_3E0D54125AE0,0.18574793713392734
CC_3E10CFE1DD57,0.05605301507945969
CC_3E13CB98572B,0.15341254880711674
CC_3E142C8ACA6F,0.09099693688337512
CC_3E1BAC4E5B90,0.06608145726055278
CC_3E2DD0D1E2D8,0.15492059625153787
CC_3E403BF08A45,0.0741738059169667
CC_3E46368104AE,0.10386456413928147
CC_3E48A086B5C7,0.3131383069805528
CC_3E54451B0F6D,0.09488503745344751
CC_3E6335ED3F4F,0.08547315341645934
CC_3E87A65C50A5,0.18736485709504558
CC_3E91109E2090,0.060689581332609835
CC_3E92A1EDA618,0.3201868036296355
CC_3E94684FE270,0.5368317160235434
CC_3E9DB402F352,0.23159546381951918
CC_3EB5A15A6C04,0.7670358825742705
CC_3EB8A9A6C49D,0.11970050571997598
CC_3EC96BC884F2,0.12190897946576038
CC_3ECA9E44B90F,0.25727473412416724
CC_3ECE4EF16A44,0.1707054825666386
CC_3EDDB8E70F57,0.192768718886632
CC_3EDF137D0E1C,0.16997039032177938
CC_3EEEE844410D,0.37456169663356076
CC_3EF4F348C967,0.11541182400615976
CC_3EF91DD11A81,0.13465537839765734
CC_3F08C55E7A40,0.18834064662178474
CC_3F171CED0CFA,0.03943780817335661
CC_3F2544EFA753,0.12611525578927618
CC_3F28F3286CCA,0.10298255574687049
CC_3F379CB37B0D,0.17661752803931402
CC_3F42D798AB1D,0.6662365631613858
CC_3F48724540D5,0.16661840898148808
CC_3F68068E2D5E,0.1181399867083972
CC_3F7FBE71B77F,0.06466765850671148
CC_3F80017B8599,0.060076482230182776
CC_3F8B17953200,0.06897009023755352
CC_3F964BADC4BC,0.7005357374403405
CC_3F9767602FCB,0.1872427593965996
CC_3FA84F0B23CE,0.06259402414680024
CC_3FB4B189143F,0.15471417114586428
CC_3FB7C976EB26,0.4219820447777257
CC_3FBCEB2F36D5,0.1236771904805696
CC_3FC4FE843245,0.13434551275944995
CC_3FD52E32FE8B,0.688118868798431
CC_3FDB44EC6254,0.044875081843046845
CC_3FEFBD6DC62F,0.26193852388941896
CC_4005466D00ED,0.3035057085462757
CC_40095FFBC1A2,0.053616803895764474
CC_400F1887A662,0.11870279246106691
CC_40133FF3069C,0.12218213639096841
CC_401C6F0EED5A,0.10175457682512104
CC_4021AD03FA01,0.15414603372718721
CC_402E91F3A56C,0.11228534603002971
CC_403754B6988D,0.11136369225231223
CC_4052DFCB1656,0.21060050099860278
CC_40579C5C13D5,0.769472008488691
CC_406937FF97E7,0.10256855221815886
CC_406C4233347A,0.21494834367042365
CC_4073E42E11E4,0.23966761686222857
CC_4077BB12A5F4,0.08676236610754642
CC_4077DD5B5C4F,0.14123903177740083
CC_40824D899215,0.08795437841706712
CC_408D79189FBF,0.32168705961917343
CC_40A3F1D5EA0F,0.3151115540503523
CC_40A852A592FB,0.12395351469472277
CC_40AADA91D560,0.21979211178663358
CC_40B39CB2CC58,0.04294901379872805
CC_40CE2030F058,0.05709233371738645
CC_40EA2F8481E8,0.1780262583504254
CC_40EFD7778F98,0.1218477114328928
CC_40F278D49681,0.24995478764343754
CC_40FFCF631F19,0.4140195626311012
CC_4101D1B82788,0.19499943111816545
CC_4109B79A4B06,0.042227867678359954
CC_4119348F051A,0.11821122542139734
CC_41206EE45803,0.07901266592837344
CC_412DF740DA62,0.12730264015523965
CC_413AB4CA7451,0.10786715600368252
CC_414C06C60FF7,0.6814103783814918
CC_414F50748A51,0.05548200690301866
CC_415C65EA66AA,0.061165802335929116
CC_415CED95F7CA,0.1552271873369528
CC_416584250060,0.10318756705969123
CC_416B3A1F0F0B,0.11202118186232407
CC_41735021FC7A,0.2189972403747074
CC_417858CD20F4,0.13457463647539886
CC_41902EFB3974,0.04135029230818802
CC_41A27790EFBF,0.10049858518867263
CC_41A4A223F39D,0.16026109529410765
CC_41B464757ED6,0.12274486572782672
CC_41D1A87E1136,0.44956579098263016
CC_420FE297808E,0.04803393937264487
CC_4211096D5588,0.17115339340688648
CC_421F4D78128B,0.45231723312335614
CC_422F2780C85A,0.3253993598567465
CC_423B0296BE24,0.07081709383021029
CC_423E78000AA5,0.16778971367455445
CC_4246081DD359,0.12532853662745008
CC_4249EDF2FDCC,0.7737260215301994
CC_42568C67F412,0.36244187224014385
CC_426A25EA9E21,0.6664518747715196
CC_427ECDDEECE6,0.30216639041363524
CC_4289EEC8F0A2,0.1625103238658102
CC_429A7158AD07,0.11493471243505207
CC_429C51AE729D,0.046348202946613015
CC_42A0DE1E5E80,0.07501749261281104
CC_42A7D0F5388F,0.09107230813115416
CC_42B23C8C9F66,0.20984964368564366
CC_42BD3999AC3E,0.2295209741745923
CC_42C95B199130,0.3676707953569397
CC_42CD6CE97523,0.44960591595247507
CC_42DA114F12A2,0.2679002189611598
CC_42E2736AA331,0.18494812176955744
CC_42EA825C351B,0.42998319340783114
CC_42F1B2B4D258,0.5783654668324036
CC_42F4588EB38D,0.32288676233785607
CC_431F29A12E99,0.21472505546358794
CC_432EB78A198D,0.2633951213008443
CC_43383344BC72,0.20261522115084807
CC_4339187DD10A,0.07605350072630185
CC_4344A2E7EA1F,0.5293140083830928
CC_4347468ABE51,0.5522034413990735
CC_434894BC2577,0.05560806372280655
CC_4362DB93FC92,0.09953217837941664
CC_436850DDC704,0.1396445317914793
CC_43698E2EEA0A,0.11418559843118711
CC_4387F73F131E,0.16879352405410425
CC_43A33C994C70,0.37506897872429157
CC_43ACD82B5514,0.3327881618119397
CC_43B37131B8FA,0.20740690750162077
CC_43BFCAF8BD20,0.16873326411948836
CC_43C060E01266,0.19333028178720424
CC_43C41AF27375,0.059797027351136706
CC_43C5AFA48B93,0.09578285589581571
CC_43C767A44C55,0.17480424014381776
CC_43DECAB53552,0.05368442821579018
CC_43E6D931158D,0.35723908652383674
CC_43E9F88019F8,0.06466102810870632
CC_43EBD6EBD675,0.07892000043373441
CC_43F81C577002,0.32659960238532193
CC_443C4E041687,0.07315867797874244
CC_443F63BF238A,0.12260445576058444
CC_4463776F9AA1,0.11107019266065686
CC_446F1EDF03C8,0.07356944076677657
CC_447BAD4F7820,0.8120666653529873
CC_447D02F917B5,0.05816549797413181
CC_447E705746E2,0.1896762775259459
CC_44A017104F93,0.6562980134730809
CC_44A1E58CDBC0,0.04847333011708781
CC_44ABCC04C418,0.10100007556836124
CC_44BF6BCCFC2E,0.047071701135943965
CC_44D0671A3B87,0.11272911818517797
CC_44DBEE3A7D81,0.18955215581897816
CC_44F7DD6A88A1,0.19796938547023102
CC_45080C42280D,0.1883102560036547
CC_4524AD74135F,0.4740902410736647
CC_45262103231F,0.18003115024480537
CC_452D8C5D039C,0.7741991934749177
CC_452DECDBC90F,0.06943009666572422
CC_453C9B3A5992,0.4573909147796348
CC_4542AACA1FE4,0.10479286389093743
CC_455209549D3B,0.7674524655473649
CC_4555C804C4D0,0.08706998914066125
CC_4581E4190B2E,0.10254587978902124
CC_458912F91D6F,0.43873465027629993
CC_45913E1BE65C,0.32119282260397397
CC_4594791FB40D,0.12793059072177376
CC_459B49073E2C,0.31597124047555514
CC_459EA8E0E2EF,0.1180807099168352
CC_45A4A38557E9,0.13859083288466345
CC_45ACE2B1DB6F,0.07124844651285439
CC_45C1A92F0E8D,0.09629611444669997
CC_45D0673EDD20,0.1295488375749029
CC_45D70DC84DA0,0.11034940430452664
CC_45D96479EC1E,0.06575877914025452
CC_45E8597BF74E,0.07310512080217242
CC_45E97246F83A,0.28426442553675013
CC_45EC44761309,0.12906765849607488
CC_4603A6F83E2A,0.06683873300279208
CC_46045CEE8330,0.06468022662564521
CC_464E17187A4E,0.43329903399440794
CC_4659FB4B8536,0.15853933698342948
CC_465EF4F9B68F,0.16355811973073803
CC_4663FDE62E3A,0.2721973980253801
CC_466D54BE0809,0.07571489045097354
CC_466ED9BD34B5,0.08183070782946934
CC_466F7908E13D,0.2030083398624276
CC_4695A5525A11,0.15824479682449744
CC_46BBB8A4854A,0.06854259451674265
CC_46BC61EC8F2E,0.19631412225066897
CC_46C0DFA660B0,0.1284961276132851
CC_46C2DCF84CA0,0.15936243368535064
CC_46C38B9F0D8E,0.11193910100637479
CC_46CAB9AE7C87,0.5215161486425126
CC_46D0D1ADEA59,0.15327809336685405
CC_46DFC1AA0821,0.7699646345340061
CC_46ECA5976180,0.1612363137523145
CC_46F5F6D27991,0.08106194904382967
CC_46FE9F226120,0.2136319531069091
CC_47130CC63FC5,0.1616519766550414
CC_472330768F5F,0.0957875990427407
CC_47292EBB8BD1,0.11861952057260935
CC_4734AB1281DA,0.06272282115073868
CC_473989E6BA47,0.24853855429036747
CC_473AE07014DC,0.15219113149028157
CC_4741EF45C3DB,0.21353315589002914
CC_474586BE49EB,0.14227417708497886
CC_47490BF44944,0.27246591539607606
CC_477213DAED38,0.07619075715747024
CC_4778086276B7,0.1200847429593
CC_47910B073CF3,0.1305193380289087
CC_47939776FDF6,0.6807654027635568
CC_4796F6A64420,0.051502256675762845
CC_4798549B52ED,0.33821037323784564
CC_47A3714E7D2E,0.31869523127520855
CC_47CE219EBAAD,0.15486307989874443
CC_47CF9074E03E,0.1394602822654042
CC_47E4537A53FD,0.13686847080501652
CC_47E8BC938FA1,0.1369321703165426
CC_47F134D17818,0.13055286653253023
CC_4812FBE05C7C,0.33386355276372026
CC_48152725FAB1,0.5401645274188291
CC_482256495FAD,0.6961476419011711
CC_4829FF15D21E,0.17647883551601976
CC_482D26D81935,0.6370280351987883
CC_4838990A8D02,0.07139395587817882
CC_4862EA9CD1DD,0.04866156662404436
CC_4862F8C1B0AC,0.08814716462119236
CC_486CD67D26CF,0.1668805365713762
CC_486D8F9AE549,0.23383114922986975
CC_4877D1BDB737,0.12889882521614918
CC_4885E34F0B26,0.1312169755737771
CC_48928CA8082E,0.1738743282704655
CC_48A74FF0E6C5,0.11853828630582211
CC_48E0791DDD62,0.06899472851936658
CC_48F620B6A472,0.1389622418698124
CC_48FDBB1D7493,0.12889918704541078
CC_4910EC928152,0.1315860260334428
CC_491C18C17767,0.06794078554495293
CC_492F65EF8D9D,0.7831838065141571
CC_493DDD53B97E,0.0556806365500728
CC_495F82AA5B9B,0.14751870728979896
CC_49618412FF86,0.087981735760797
CC_496A7CFA344D,0.7118373984793744
CC_4983EBABAE3F,0.06329734236669234
CC_4992C1915957,0.5349246643624224
CC_4993B31028A7,0.06647496527022782
CC_49945441A644,0.1929026197933621
CC_49A80692BC68,0.10299780937474892
CC_49AB67613A58,0.20075500975445104
CC_49B05CADDD95,0.46664078325509994
CC_49C6F9AD111E,0.09856608403175299
CC_49CEB94F0B3B,0.04570902416111826
CC_49D3A79B55CD,0.08265985905687107
CC_49D6671DAE8E,0.1391108603423745
CC_49E6C539B1CF,0.07075738259340722
CC_49EEDF0DA684,0.037586925706545024
CC_49FC290E33A7,0.19613554816491507
CC_4A01CF2F67D2,0.7325072608187471
CC_4A16DC668832,0.5473034407093831
CC_4A212461781C,0.07562099024738467
CC_4A237A8E6706,0.1458018103985291
CC_4A3DFA0E27A4,0.14800506297057703
CC_4A513D39DCE3,0.06053715465819928
CC_4A532B0E6165,0.1820067439647727
CC_4A5FA9F1C804,0.09964429656816218
CC_4A7BDEC665FF,0.07151253740098833
CC_4A7FC9B23222,0.3224547962210575
CC_4A8A7080FA25,0.26157606429848507
CC_4A8EFD589879,0.06431485983958823
CC_4A8F7D2B857C,0.17385293124607099
CC_4A91E8D4289D,0.4139719227493479
CC_4A93163A12F4,0.32647225990125445
CC_4A9FEF48EA65,0.12204054528286563
CC_4AA73D751AA5,0.3213011175592842
CC_4AAED0C85F70,0.13694985374977586
CC_4AB1DEF044AA,0.04853262828000078
CC_4AB5AE299217,0.20666659851172403
CC_4ABA0CDC2270,0.15134144163592317
CC_4ACFFC2F295F,0.6453907751815593
CC_4B0490BAB1B9,0.0728883415809596
CC_4B28B03CEFEA,0.10792076905112086
CC_4B420765EB9A,0.11740910987352124
CC_4B47C16D9867,0.131878354205401
CC_4B494C4D7D03,0.40683951622571657
CC_4B4C84B015C2,0.04939733131151375
CC_4B607295E983,0.05347174517515163
CC_4B6D24E81483,0.08299995190488953
CC_4B77AF6FAF2B,0.6454320646048315
CC_4B7EC3F2FFBA,0.06189172628912182
CC_4B85318DFA50,0.13927482359864116
CC_4B9B36B36DA5,0.6720957187013763
CC_4B9E0AD5D692,0.4607701337000097
CC_4BA041C9678C,0.0974074621977965
CC_4BB40F2129A6,0.09692240300748445
CC_4BB8FD274E2A,0.0826189306911709
CC_4BBB8118FBBB,0.11038663379314383
CC_4BC8CB91719F,0.11542293487268243
CC_4BE447D54BB8,0.15438621736250835
CC_4BE85B1BDB62,0.31652996890326623
CC_4BEF3C7F6395,0.26562858346054163
CC_4BF03FF61B97,0.4774674015938355
CC_4BF4C38EAE8D,0.20580980775307064
CC_4BF95B8140C8,0.13127181436582563
CC_4BFE0CB61B5A,0.41711804091029775
CC_4C2A3F254101,0.335078475524709
CC_4C351DEB6230,0.21985144204428048
CC_4C38031A2A9E,0.1250667781645737
CC_4C3E35875F03,0.09422966967513902
CC_4C4D79F933B2,0.1280153779597276
CC_4C56497F4AB0,0.6828854952562513
CC_4C827B493CFD,0.11696916949810253
CC_4C849C6073AF,0.09107240006521866
CC_4C869E6F618A,0.18437641908829971
CC_4CA21C15763D,0.12752355961233744
CC_4CB2F1CAE684,0.1034489886865636
CC_4CC0265E0778,0.058929365307465856
CC_4CC5483903E9,0.5175883919485458
CC_4CD7C76FE235,0.45996893773898573
CC_4CE2BFED4F4C,0.08304612676401052
CC_4CE751CB58FA,0.4324144957902367
CC_4CF3E184C500,0.04503211097451158
CC_4CF668E60D64,0.22225433032157937
CC_4D1A1AF53E18,0.04034339642590523
CC_4D29155FCF33,0.2633597275568311
CC_4D2CC7618AC2,0.48581685356122395
CC_4D350FF7402B,0.3498431496224904
CC_4D38AE84E3CB,0.18852925301286672
CC_4D4140E1056D,0.09272397605482527
CC_4D5545FAB130,0.5153457930118028
CC_4D55E218946E,0.09293500852083587
CC_4D5E14BD6AFA,0.10067418803715965
CC_4D78935D66E9,0.0623122380567501
CC_4D883AAAC6C9,0.04152806229614919
CC_4D8D8108C51E,0.6046526269512942
CC_4DB40331777A,0.7569745469611668
CC_4DBC8652D26F,0.10397126014239294
CC_4DC0E154EBB0,0.6912790967891347
CC_4DD5B8780C4C,0.08210291792618199
CC_4DE0070FF683,0.14605821998652813
CC_4DE688CDBC27,0.09152496347313702
CC_4DF37857FCEF,0.06524884652616036
CC_4E20F0249BC6,0.7485990773796014
CC_4E2F01B7B9EE,0.17630335834728397
CC_4E41C247B4E5,0.19124185957893353
CC_4E479F6989A1,0.07051441690660315
CC_4E48AF17BC29,0.10282564957671617
CC_4E6BE67E3C4F,0.042849470273071726
CC_4E70939C5933,0.4816506371105257
CC_4E70FB172717,0.15865392528556843
CC_4E726EE8C026,0.2762599685833234
CC_4E76F48DFDEF,0.10052755361396555
CC_4EA180B2B913,0.03773637359241268
CC_4EA67A160C3E,0.5829675837637023
CC_4EE41FC91AD2,0.22280746823854847
CC_4EFECC6C2E36,0.6692684761699155
CC_4F22CB97C34F,0.048553992816024114
CC_4F2444DC6C75,0.7825088472297146
CC_4F2B7F512DD5,0.06948690068385685
CC_4F504A9744FB,0.1182167200379681
CC_4F6FEE589187,0.13894463767989582
CC_4F71AAF96C32,0.09393680204818929
CC_4F76E57C55EF,0.3973255117503437
CC_4F88D3E5AA2E,0.04749524518182066
CC_4F8A4384F6DE,0.13231651831365587
CC_4F8D83DCCF25,0.23338402438350675
CC_4F956AA47816,0.6415621171341874
CC_4F99FCEA10E8,0.11283550341497123
CC_4F9F10A183F6,0.08456748714904874
CC_4FA766935F14,0.08441160711887508
CC_4FB0B9E398F2,0.36457202495131436
CC_4FD0DF6CA3AA,0.05228403275285151
CC_4FD902F7ADEC,0.05996859634367965
CC_4FF1155E3A6B,0.3399333671476027
CC_50103368F241,0.08800256689680863
CC_5012B9991935,0.12444813113393059
CC_50172FF2C2C1,0.13634136918342077
CC_5017C9BA7773,0.06869763532308527
CC_502C3D0EC4CA,0.1246438160956164
CC_504157951119,0.07779168374267463
CC_5042938B5A9A,0.4727221272890162
CC_504A57293FE4,0.7746073840141197
CC_505812CFE43B,0.35487660448648267
CC_505A6EB06E39,0.2845436004878449
CC_5064CCE0EF29,0.23178572529124308
CC_507BDF639FB5,0.18089898626904838
CC_507E53684AB6,0.11458835372361512
CC_5087A0D1765D,0.23546288853324102
CC_509229AEC221,0.22424970565932817
CC_5092D3A72B03,0.21327365424179617
CC_5092DF691F74,0.577849419167203
CC_5094BB59416F,0.2357207592843043
CC_509926B384D8,0.7502735152544775
CC_50A6C96DA7D3,0.05343164049386453
CC_50AE75A10F3B,0.29942149002468754
CC_50D4BB93EB1A,0.08020230055447955
CC_50DF7B02E356,0.20923378659052003
CC_50EB53CFE7F8,0.06153353844612907
CC_50FC7D563CE4,0.19327679200322936
CC_5100E6EAA3FF,0.19923539432925447
CC_510F2944B2A0,0.11445744967961027
CC_5128881AAD54,0.12922412253004995
CC_5138941DB7A2,0.17269774479046307
CC_5139EF8BEAFB,0.13503353571629217
CC_513E5EEC6B04,0.13818341739979423
CC_51427EF15375,0.3213204240155016
CC_5147B281DA64,0.4465988844318324
CC_515D968ED36E,0.08047682859994804
CC_5176FF858154,0.12909988816671447
CC_517CB40FB016,0.0804046766900127
CC_51884D5F3E4D,0.10513450963405424
CC_51AE98263438,0.15237853958571468
CC_51C9CE782368,0.15315149325590818
CC_51CC80D1570F,0.0615208715013536
CC_51D2E3476902,0.06899339747997182
CC_51E05E706D64,0.13387065017068767
CC_51E5A5E9801C,0.06261931863670012
CC_51F5DA44F9A0,0.32734832974746825
CC_51F6BDD355F4,0.05752582977727294
CC_51FE657FE212,0.08808608455296127
CC_520950C9BAA3,0.05256644451701732
CC_520B1D31AB99,0.11812660092861853
CC_522550E1761D,0.7537212197743539
CC_524CD519E76B,0.10043743684864143
CC_524FE9E3DAD3,0.4703255994912642
CC_52629A025048,0.12051352218442646
CC_526765FC100C,0.20804537058884504
CC_526E56249FFA,0.2636990533873513
CC_528B42A34966,0.2683421537838033
CC_5292B36E4882,0.27842589556757724
CC_529A2F110236,0.14217993009390495
CC_529BC4ADAD6A,0.17362358477454276
CC_52C1C5A6F887,0.08910541291865066
CC_52C3B674FDFD,0.2429117675157848
CC_52CCBB8F9964,0.08511305784934087
CC_52D21FFA24DE,0.7331990962724642
CC_52D32EDBAA78,0.21628578834441595
CC_52D7821A8363,0.1217886525100539
CC_52D9087EBCD6,0.7738220568274847
CC_52DD62E1AC2E,0.21101932227157527
CC_52E8B04F0FA0,0.10755473577374672
CC_52E965E9E2C3,0.17112016720192408
CC_530BA492842A,0.31905518248670395
CC_530F6E906D6B,0.052421814630025786
CC_531FCFBE3B13,0.10273773521076554
CC_5320DFEAD897,0.1708458364914166
CC_53319AE7B829,0.678590993262612
CC_53481151859F,0.04660015140074555
CC_534D4FC05F82,0.18708910318134814
CC_53687DA8C9E5,0.3138047616177876
CC_53795A7B7751,0.05287578220361856
CC_538328A6B3BA,0.387838638592054
CC_5385266461B1,0.17572255429147376
CC_53891CB35BF8,0.1688343718057237
CC_53A6E1083B13,0.07052590348204014
CC_53A77DA726A4,0.09987281005381012
CC_53ADBC2F6E34,0.20119134035509645
CC_53B249809561,0.09393844692532252
CC_53B2DF5B019C,0.06032622261593473
CC_53C1F3E031A3,0.1419082295824639
CC_53CBF2E8AD05,0.4688660860512446
CC_53D04793ED9D,0.0816465883741672
CC_53E23A9B6F74,0.06377648564096114
CC_53EB59C99100,0.3500055542328233
CC_53EB9AC04311,0.13365202022782652
CC_53EC732C9B30,0.039610751667715716
CC_540122E71534,0.16345384448754016
CC_5405C89DF8BD,0.7086585860489603
CC_540D69F5BA23,0.14300077494273408
CC_5414446319CC,0.744051119241284
CC_5418410F95A2,0.08312308531528644
CC_5431A01C30E4,0.08357793300788025
CC_5452437FC605,0.3963028592517693
CC_5452979BF98D,0.07887950335744755
CC_546EE83F84A4,0.4842797816231552
CC_5473268241FC,0.16995217834273912
CC_5474EE64D859,0.2472339951382563
CC_5476E2B2FCA0,0.13055628561611315
CC_54892024F98D,0.19457771093491288
CC_54B33C66DCF7,0.09064035878005862
CC_54CF66B660B4,0.4980811271027562
CC_54D3A35EC69F,0.08087798416862793
CC_54D6AE2665AA,0.10993052313695176
CC_54D93974E62F,0.3025176250430808
CC_54F5F552A0F2,0.12083728444272014
CC_54FC3B361BDA,0.09854074571955501
CC_550135E8FAC6,0.13349646091861073
CC_55020AD0D117,0.1653991602326006
CC_55094AF7EFEF,0.09413490184006143
CC_55126E23462E,0.050475696733008876
CC_554C21CCAF3E,0.09690584097265038
CC_554C912C7DBE,0.08054450653661133
CC_556B02A2B401,0.4109452934618112
CC_557A0B0CD0F4,0.1967124478425183
CC_559A14E729EB,0.3165833893576733
CC_559F0DD4E4A7,0.34323016441307735
CC_55A82B4E57F6,0.16814459800038445
CC_55A98ABE4C75,0.12867038784339274
CC_55A9D45EA466,0.04613887647573135
CC_55CB872FF50B,0.22778121913472582
CC_55D9E3D58435,0.20747164303514692
CC_55DFF3C3BB46,0.08025787987484284
CC_55EDC3996984,0.16101099455319196
CC_56013299D8C5,0.12177632226306473
CC_560B519C1F50,0.09273522141352347
CC_560CABF0F5D0,0.20858872278057783
CC_56178AD87948,0.23626633081744913
CC_5619A7BB54EA,0.1120191538648101
CC_5624319D7B28,0.12424467796499564
CC_5625119D6C37,0.16939300193775003
CC_562BE7245E1B,0.7125399454295216
CC_563684010DF5,0.5488803900366315
CC_563EA9A29338,0.10874887779185523
CC_564590AFB575,0.041044425297548745
CC_565E01191BF6,0.5721671190230757
CC_56612A039382,0.07088964670412642
CC_5665FB827721,0.5644723979593291
CC_566932C3CC97,0.1283092506008378
CC_5671D59B2A51,0.17164765772074547
CC_567E7DD24A97,0.10705286336854256
CC_567F47F37683,0.041122358217267174
CC_56847A91065C,0.0925193078810661
CC_5698480F8634,0.061777700907799195
CC_5698B024CECC,0.5546882604808899
CC_569DC051A2EA,0.1075174806897019
CC_56A322152604,0.3793004094966347
CC_56BFD9A8335D,0.3286638711035037
CC_56C9379BADB6,0.051207148308091935
CC_56D410FD8F56,0.32146941702323095
CC_56D4549919EA,0.13823199903289518
CC_56D918CA6353,0.14869621133657168
CC_56DB30CE666D,0.16031986293472825
CC_56E760C3206D,0.23540384542071946
CC_56F73F905615,0.7990748855438213
CC_570683C088DB,0.17720803693248893
CC_571C6AFD00ED,0.3864424611963973
CC_5725663C3B89,0.11894548342090856
CC_57291D7667C8,0.19520088835794216
CC_57313F6E7927,0.20437031501034902
CC_5735F9B859AF,0.6183377958700289
CC_573B34826B2B,0.6334589067297431
CC_5744447CAF7A,0.07585896877207873
CC_574CC0FC7B05,0.09788374633700242
CC_5759E2982909,0.09625486833306737
CC_575CCCCDD7B6,0.6256803723590945
CC_57603A37D19F,0.04576889680931567
CC_57639D4995CF,0.2117338194093238
CC_576E6676FD55,0.06800831905816412
CC_5775C148E05C,0.11274831554240838
CC_5798E560E9F3,0.7202636059665251
CC_57A486F61065,0.5167772511946347
CC_57A726458B99,0.07250600844429898
CC_57B0D41BD7D3,0.300531471837271
CC_57B501E60C35,0.07063358695237722
CC_57CA90509CB1,0.7174028589488955
CC_57CB7673547B,0.10783857151358428
CC_57DE479CB61A,0.7329062490729081
CC_57E7F1A6B895,0.04381218311447327
CC_57F13C4115FA,0.38637776368411997
CC_57F480CA9A42,0.09808997042256482
CC_57FDFC6DE726,0.23924251437524305
CC_5810468B76BE,0.13930600660724618
CC_5810F212B2EE,0.3121581652615396
CC_5817759E7007,0.1434644333107078
CC_5818B5089B3C,0.09630438166668942
CC_582C78363EB6,0.08137213157629025
CC_58391600720C,0.1222244522021862
CC_583D7B177F85,0.10745755837419119
CC_584C11014F63,0.13166847427517853
CC_584CDC12578D,0.052104532455984606
CC_5852F443C55D,0.09888914095678492
CC_58565AF0F70A,0.523758867625211
CC_58568DF9AECF,0.18234897895765756
CC_5859EE6309D5,0.4627007017605459
CC_5872B45E1C19,0.7111006145477594
CC_58797A417EEA,0.18986464764832633
CC_587A4844B482,0.184650985324317
CC_587C0CC3DD82,0.6577744096573659
CC_5881A04052CE,0.08766207214047793
CC_589A4E02EF81,0.14359385916275322
CC_58AB46E5655E,0.15751720082832948
CC_58B0CFC9F3D2,0.06840875991616793
CC_58BEFDA6B4C6,0.11912506686996431
CC_58D95C7247D5,0.06069776229081787
CC_58DBF3409D48,0.06036311410896836
CC_58E35A47B880,0.1877936603749749
CC_58E40EFF57CF,0.33968685214791416
CC_58F551219BD6,0.0738459301240867
CC_58FA76C6C45C,0.580290666174776
CC_59018149723B,0.06891247350738702
CC_5904459ACECB,0.7631991058865115
CC_59088B2886E8,0.04322808343605945
CC_590D2E0AD18E,0.5510319719560668
CC_59146CA05E8C,0.054794421348556596
CC_592592397DC2,0.4890697268597668
CC_5926F5B4E054,0.160555109225127
CC_592A5A163624,0.3691285223368437
CC_5941C323917F,0.08400590465251562
CC_594E4E86A1C6,0.21627985491833324
CC_595ADAA76A32,0.10795557033218761
CC_596A20270C3D,0.19716920017641637
CC_5970E93E11DF,0.28687917712195043
CC_597AD111527C,0.11933324489627589
CC_597FDFFA265C,0.0823809051596173
CC_599C287D2BAA,0.3895273401596529
CC_599E345094D2,0.13205612387485766
CC_59A4741B5A92,0.19427093812142673
CC_59BB3A5BA2A3,0.6540438024999882
CC_59BFD1200F6B,0.1774521760815641
CC_59C07CCAF4E0,0.22383433128771107
CC_59C49474B501,0.1229406802839284
CC_59CFBC2CA471,0.5841114421777847
CC_59D62BE0C0C6,0.16885802073744627
CC_59D86F572716,0.1055962356950259
CC_59DF71FBA4B0,0.04896111034944642
CC_59ECB7465DCD,0.0693341978535297
CC_59ED43A803B3,0.036911487765355716
CC_59F5E81F4EA0,0.1394640075758225
CC_5A10371BE7B1,0.7847415647119116
CC_5A2F9A594A05,0.5591978464739982
CC_5A38E46246FC,0.6112098059005526
CC_5A3F52B0A07B,0.1965417041075917
CC_5A5507A49F6D,0.08680756428466845
CC_5A58A5E6DE82,0.09955648892820727
CC_5A5BB6DC1018,0.1673710046564068
CC_5A5C0DF50E01,0.09756525891225598
CC_5A633C535360,0.10701055999236346
CC_5A67E62D8D5E,0.6453335487172331
CC_5A6BA0007593,0.11389394326730802
CC_5A7513434C72,0.05065858161500581
CC_5A756D8AE60D,0.25116445575039437
CC_5A7C13841B7A,0.6068763426990967
CC_5A7CBB6E8716,0.18323685064262907
CC_5A83A1E25A2B,0.35175924742898923
CC_5A86EB53A14D,0.6917736660247302
CC_5A89E13CE597,0.16368858700525724
CC_5A9466D0CF9F,0.11847035247795441
CC_5A95331BD0C5,0.11154205093078995
CC_5A9F63C3E428,0.06195038330170358
CC_5ABC76FF707A,0.05634847417926354
CC_5AD0F1B43457,0.09399001524947023
CC_5AD82250C271,0.043506986458397144
CC_5ADD27165E38,0.7094096966762853
CC_5AF32E5C8018,0.04358492835187477
CC_5AF3690FA0B0,0.20563238514252385
CC_5AFDFAA63B45,0.15932713661735987
CC_5B025DA26FE6,0.05415284677917917
CC_5B07C7DE7E7E,0.18930648099860176
CC_5B08171A6880,0.1725648236913407
CC_5B09FB1A0BE2,0.07019616726479413
CC_5B0D6BA12702,0.5068456851538976
CC_5B0EF2D4C3CC,0.1697267028916819
CC_5B195D88C182,0.4684851435937192
CC_5B1F6FE71A38,0.06409739004017967
CC_5B247961602E,0.08013449096795497
CC_5B276421F4CD,0.05347641957021017
CC_5B289AFA1662,0.26390644358528287
CC_5B3A16421A31,0.0453774559151264
CC_5B3E78897EB7,0.0698947258542135
CC_5B480B44A9B1,0.12948761347922855
CC_5B546C3A21F8,0.17491007940268644
CC_5B5BC4023EE7,0.16332860846750807
CC_5B6D63DD34B7,0.10601212709983021
CC_5B6E868912E6,0.05677755489424218
CC_5B818D2581FB,0.10997433087795731
CC_5B82E8BB921F,0.2936220563884429
CC_5B8E8DA14EE6,0.14005797100964124
CC_5B900A135A69,0.09985949590528793
CC_5BB64BDF3C99,0.08723939175334208
CC_5BCB2C79D1CA,0.21012281549391276
CC_5C072DB8586F,0.0668589630669239
CC_5C0BEC2A0850,0.08198925667281654
CC_5C24010127D1,0.27666178259128127
CC_5C2DAF5E0EB7,0.4242906413364236
CC_5C3E8DB90978,0.1363833029824653
CC_5C4A7CE69975,0.32166285571767567
CC_5C5766F933B0,0.4182506596158293
CC_5C5808240054,0.10038974351890277
CC_5C5D6E15EA27,0.21584119124015666
CC_5C60C4545922,0.09717017681815185
CC_5C626D70F6D6,0.17070145743239457
CC_5C670F0622BF,0.06141231112996727
CC_5C799E57EF53,0.06404654200258647
CC_5C7B44735AF4,0.19036453738022246
CC_5C7D8DF047E9,0.18764824493328772
CC_5C80F394EFC3,0.15296835617855525
CC_5C99E6189441,0.08563154103141259
CC_5CA9AB4A6AB4,0.12054748052564862
CC_5CB78ADD2432,0.15879632917349548
CC_5CDE37CE08CF,0.04902167795165871
CC_5CE258D12432,0.3391226110976693
CC_5CEEF006ABF9,0.06173033761864553
CC_5CFD2850E277,0.23472552412004954
CC_5D01F71B9FAD,0.13636463288223327
CC_5D065A455A45,0.21967684322013992
CC_5D0AA7D4954A,0.2933072843381202
CC_5D242448B812,0.11845901650806556
CC_5D2C5115BDD2,0.1550679949464433
CC_5D3273E039AF,0.6560083241537698
CC_5D398BB3365B,0.07583511572821333
CC_5D3C1CE64952,0.08666688957947422
CC_5D4B0EBB5CD6,0.14530736871149627
CC_5D5E897588D3,0.11251155727240965
CC_5D65F25FFB8D,0.058062465162532786
CC_5D665A86C465,0.11836624153641173
CC_5D80C353E475,0.09690637942225339
CC_5D8895A0AB4C,0.18465366330445507
CC_5D88A673BF50,0.21765562542022007
CC_5D89688B69A9,0.34715176373163076
CC_5D8AC8E18A8E,0.0804339999333227
CC_5D8E7DC2FA6A,0.5238761458109491
CC_5DA29AD9E85E,0.06275199909077528
CC_5DB286EAC626,0.26378118437238496
CC_5DBC1BB95B84,0.7870403602792864
CC_5DC0A465470D,0.05097419787985255
CC_5DF82CB03C3F,0.09911754256355956
CC_5E001C93F359,0.06588756470472801
CC_5E029094A55C,0.6925244209277799
CC_5E0808121A65,0.12327292503054782
CC_5E1117E4E593,0.1344780099491083
CC_5E1541060A97,0.7140171585575315
CC_5E1C11540C0B,0.10332509055283695
CC_5E1DC0E143F2,0.17957931246351017
CC_5E206AC277E4,0.1928507323558483
CC_5E22B4BC8B12,0.09240430724869013
CC_5E22D889B6BF,0.1649569266969717
CC_5E38425EC99F,0.7354769532975773
CC_5E3A70C2077A,0.13430635426975074
CC_5E5607D275CA,0.13027504754703373
CC_5E73C3D2B3EE,0.12259904099685123
CC_5E7F23A07A71,0.08392033333210003
CC_5E80A96974B8,0.2529012189319122
CC_5E8C0453B9B8,0.2839129692385917
CC_5EA599FBA5E0,0.5027091985119158
CC_5EB379BA6C7A,0.11619624075945838
CC_5EBB96F65AFE,0.3785440936788961
CC_5EC41568C2E1,0.08555992919554845
CC_5EDB5C924107,0.25325868823548736
CC_5EEE5D0FF8D3,0.16685168535518313
CC_5EEF07FFC243,0.06920528410685323
CC_5EEFD690759A,0.1002820695845463
CC_5EF2176F01D5,0.11543866138297115
CC_5F17CA33D26B,0.06875784893350448
CC_5F20750D6658,0.17699192605273634
CC_5F2CE32A6EC3,0.12643773363931288
CC_5F328EE757B6,0.05079038995436792
CC_5F35B8D87D06,0.22772003405696378
CC_5F390BA40E83,0.7073648687096027
CC_5F59092CA9B2,0.09132721769670996
CC_5F5916E96E19,0.15772252419959792
CC_5F5E835B9E6E,0.09313543534434358
CC_5F648D39D67F,0.5250627796276237
CC_5F6D4104C808,0.18251952961391002
CC_5F72EBE104D4,0.04257095547999442
CC_5F765C41F051,0.05718113817786118
CC_5F8859A6F0DB,0.03977356029017118
CC_5F88ACC7C384,0.1445578340299186
CC_5F89DFA97B7C,0.4748056709317797
CC_5F93A3E31DD6,0.622167981619662
CC_5F9A44423DD4,0.1606904236217051
CC_5FAA7965BD71,0.13686040269873445
CC_5FAFA265CA02,0.37445021553957014
CC_5FBE1A34704F,0.1603061779947883
CC_5FCAA919577A,0.20258412713134977
CC_5FCD208ADD77,0.186036286581707
CC_5FECD2BB0094,0.10702906252254107
CC_5FFDE52E6B7A,0.11682001699561577
CC_6002BFD3F26A,0.1414175044416109
CC_600311592F72,0.06170072017473416
CC_600AE12112D6,0.27953317435950353
CC_601C3178E38D,0.15105995494704524
CC_6037EEA42F2C,0.4211363091155522
CC_604C08F76272,0.6093058816435377
CC_604C72AC662C,0.1634083066244263
CC_60510AFA8A87,0.15819816366245637
CC_605E2E26E52A,0.2566744678720526
CC_605E3904CD8E,0.16463083643312415
CC_60611B935106,0.13708440636678132
CC_6061787228F8,0.14714189841307504
CC_607270A72DFD,0.24187146466720932
CC_60738E418DB3,0.18619448353443352
CC_60961DF8A134,0.14448436700696093
CC_609B7A7FA165,0.0815418257722425
CC_60AC5C892D01,0.1050674044275821
CC_60C09FF84412,0.1764212080674425
CC_60C87349D73D,0.2816128209855485
CC_60DA2FBF1FBF,0.10585974516115962
CC_60DA539A39FD,0.17341990794955367
CC_60E974A0B278,0.06597104289139957
CC_60EF7D647EFC,0.04351535791400563
CC_60F525A39898,0.04068144890717451
CC_610009B69EBA,0.6851622085600517
CC_610FDDF5FE54,0.11264794382483369
CC_612C06CB5FF4,0.09986865207705302
CC_61307D82CC26,0.5863701497383421
CC_615030FD33CC,0.6922909398201058
CC_61649241FE59,0.16593538911581024
CC_6170051A606A,0.1784980238483791
CC_6179A630658E,0.08195143326124091
CC_617BD59427E7,0.09261937254581705
CC_617EC8BD5153,0.16021640388443326
CC_6191E14D21BE,0.0588743287373009
CC_61A798B8D222,0.049229002638617875
CC_61B4A983D1A1,0.06951025465854488
CC_61C9732AA682,0.6877527416610328
CC_61DC64E37471,0.050989195011501426
CC_61EAF14033DB,0.12422203995104766
CC_61F18E0C218F,0.07109128271006013
CC_61F1A1263F5B,0.14550228609558455
CC_6209EA426553,0.05685417968592445
CC_622BD8CB3807,0.3580872976246532
CC_6234A9617A7F,0.10368526644584306
CC_623AC074EB25,0.21807538613787114
CC_623FAACE8A80,0.05829493087590024
CC_6244E2935407,0.2705497215499114
CC_624535E11F69,0.06128355650053874
CC_624EA2917CDD,0.6504138720102743
CC_62565D08DDDD,0.7470771428677005
CC_6268ACD3F95B,0.5002000292760269
CC_626B61F4789A,0.6503810031679553
CC_629193C2A090,0.21874519444087132
CC_62933641AC43,0.24902125681920362
CC_629480877536,0.3392135590319686
CC_629CB045D9FE,0.09043183112028831
CC_62A84BC400F0,0.3187398944375385
CC_62C36DF81797,0.1859568018224842
CC_62CC835CAE4A,0.6712416829145527
CC_62D4192F126E,0.7618912525389973
CC_62D7A3C9483D,0.07066279897388578
CC_62DF1B99B4DA,0.09364941761783496
CC_62ED7BA3E620,0.05249013212292365
CC_62FC001AFC78,0.09331740487929742
CC_630412B4AFDA,0.1543027763948167
CC_630903AD39C1,0.0427558359040592
CC_630938DCC1B5,0.06403636910321886
CC_630ACED773E9,0.466639794838524
CC_631E1690D913,0.0695225506774479
CC_633A7C7FC25F,0.22932400570759237
CC_6342051D8FEA,0.2734321335135309
CC_634CE4E8AE49,0.18291383153298996
CC_6359692F5EF6,0.11736555007370145
CC_637278423A6D,0.21243841981340622
CC_6377AB848081,0.10164348719031245
CC_6381A65E0A3D,0.1094659549549057
CC_63871B4814E2,0.11625529696885376
CC_638AD269F05C,0.0398420602620215
CC_6391AE0FB83F,0.1498684573891856
CC_639703EE2ABD,0.05270896635447274
CC_639750C87A7A,0.717125460976686
CC_639B1DCECD2F,0.17175248361753484
CC_63A869443AC0,0.4232653603319061
CC_63CCEE26BCAE,0.06267760031539317
CC_63D51CECB6D2,0.2238297858557116
CC_63E53402FC02,0.03952009762845074
CC_63FC6895901C,0.13275332614246757
CC_63FC8A97D9C1,0.14548546853947142
CC_64117B93EF73,0.3385433468774751
CC_642D9C325F1D,0.28209992991189214
CC_6436B950E22B,0.18594178296437608
CC_6445BD3DDB6E,0.04517239733824703
CC_645C15569E42,0.14489657796937755
CC_646472AD66EF,0.0926676639763594
CC_646B8254357E,0.15242126577036336
CC_647F4BB4983D,0.5770949765845577
CC_6489ECEEFD0E,0.10392825320984189
CC_64946E57306A,0.047068979418727244
CC_64976830B0B7,0.27052487084308174
CC_64BA10F3FAA1,0.09704931163502983
CC_64BA39A0DFC6,0.09265105162601805
CC_64CF9A79EBFC,0.1153265024249833
CC_64F0E0473D1E,0.09541523190306006
CC_65006C2AB2D4,0.7613029069929858
CC_6500BD19FA06,0.2698784340491666
CC_6504DCAA90E1,0.08062971303118784
CC_6509C7361994,0.1603868249063196
CC_651486189673,0.0854636344515425
CC_65194BAE506A,0.175426626554013
CC_652539353439,0.1905839088672582
CC_653CE5FA5A76,0.22914114429647736
CC_6560C2F4EDA4,0.1842436860913917
CC_656137F98187,0.619741289548885
CC_6575B4B39113,0.04491527142708451
CC_657F629D31E2,0.24365147183568403
CC_6580B7583ADE,0.1965542751575507
CC_658477BA75D6,0.04494498321392626
CC_658B7867BE7C,0.13154864592141158
CC_6593FE5349F2,0.07682750246929371
CC_659EE0F05A75,0.29119878761963514
CC_65A0D8134410,0.2269280591885714
CC_65ADD5A19F64,0.12709583549728273
CC_65C3F0F73BB1,0.09278078352669133
CC_65C47521C285,0.040880761759992855
CC_65C4EE0B737C,0.2098264332425981
CC_65CB68404333,0.18741963130410377
CC_65D6DFF1B766,0.10706111404996854
CC_65F1545C35E1,0.2386977009528087
CC_6602547E2FCF,0.2159768115452012
CC_6615D7044816,0.25996482311547314
CC_66244D4B72EA,0.09032452390835735
CC_662E5AAE07A8,0.052295850282419856
CC_66322B339E84,0.04513110514654249
CC_6634FD4B1CD5,0.7580696435411752
CC_663DCEF4923E,0.1867485796375048
CC_663FE5BF918D,0.5077963422164657
CC_6645798E740D,0.08912898693648921
CC_6649736C8321,0.7586744391139308
CC_664E1026C4D9,0.24628906443270493
CC_665603C4A33B,0.07421755622011598
CC_665BDD9C8039,0.38895107014363095
CC_665F2AD58363,0.18857205823288287
CC_666767444BC3,0.2244743077866327
CC_666C0A2A8674,0.05765043612397744
CC_666F2BCDC7D7,0.19081028972873124
CC_66775178B226,0.06430819253973155
CC_667B6F8C846A,0.6216247507119186
CC_667E909835A4,0.2318333970318513
CC_66809C278FCC,0.18631827798903355
CC_669CCC44CFCD,0.06845827479965252
CC_66B0BD3F6516,0.3245465002606899
CC_66BF02C05DD8,0.133579531576339
CC_66C491256BE4,0.06823118315636029
CC_66CEFA65F912,0.3470847919183999
CC_66E025DB3282,0.6524912853442761
CC_66E7B423A32F,0.6602154208305289
CC_66ED26E7BAD9,0.08478096242144167
CC_66F7FF7735C3,0.1459111861891304
CC_66FD0CE6D57B,0.05298468799006942
CC_66FFFE05C2E8,0.09008086836382984
CC_6700012A39B8,0.14820644934952792
CC_670FC6A064F0,0.18291325255321933
CC_672932B65802,0.08240021328322203
CC_6742C6478F98,0.18150190421218382
CC_6745321663BF,0.06268587658979988
CC_67579CF57290,0.13730959651230681
CC_675F7483FB90,0.16333608802689875
CC_676ACFAA6131,0.6862815459902416
CC_676B423C495A,0.569027065422065
CC_6771C0D1CB1F,0.055900146129599926
CC_677EE0369CA7,0.08190699564254975
CC_677FE35855A9,0.19098584096391874
CC_678091614A14,0.11130753458927431
CC_678A43ED0803,0.6470642534440341
CC_67955C210226,0.10536176605145994
CC_6797E0B01112,0.2236409768380841
CC_679D90941842,0.13557129090124792
CC_67C05273700B,0.14638118391818306
CC_67D5172B6450,0.16187390245302857
CC_67E8CF412D93,0.11968399849085283
CC_67F6576A6836,0.24104050406369554
CC_67F985A00A12,0.08589208320030929
CC_6801AD1D4478,0.08567515719599503
CC_6803BFA94B17,0.04595122578110948
CC_680B16E5E240,0.14270646136350523
CC_680F2D0F4F6C,0.08848432206948109
CC_68221E1393E1,0.10966122885659835
CC_6822590B968C,0.1832479609728856
CC_682D8EBCEE94,0.22516814862267379
CC_68429B4AE401,0.40474533219550995
CC_686B26BDD061,0.06985918438710262
CC_687518442359,0.42183169294983786
CC_6875DA61F422,0.2283766611965202
CC_68A3D749608C,0.15542590839549203
CC_68A9C3CE2557,0.08082662890196565
CC_68B9F8C6D9D6,0.6502557515531047
CC_68BC65E3C84A,0.4173686026827925
CC_68CC4D1D898F,0.0681209895889733
CC_68D0ACBD2D0F,0.038255906662107625
CC_68DA8D5488B3,0.08408074689263287
CC_68E675A69AF3,0.20116426852315794
CC_68FC9E6FA27E,0.1928103546224707
CC_69322F7C4CE3,0.1349952140900051
CC_693710EAD59A,0.2007195153818117
CC_69387752F41F,0.5025628456012452
CC_693B71DDFE67,0.14873665844571599
CC_693D4AEDA3A2,0.10722422938382647
CC_6952171BCD2D,0.16130821102775117
CC_69547DEB412A,0.22511801483479776
CC_695E80DBA42A,0.0883259534232787
CC_69717E76CFAF,0.45413857733774043
CC_69741BF89A2D,0.12572343746721934
CC_69825C70EEE9,0.21883022374301073
CC_6985C268DC74,0.48659627994321775
CC_698886C4AD90,0.13449108394519815
CC_6999901A6060,0.19020002483036302
CC_699ABD34646F,0.09515709352643573
CC_69A98DC7A907,0.07298305730462415
CC_69AA6E0DDE10,0.32568941824416553
CC_69AD5A48A78B,0.2566823627125629
CC_69BA7BFF98E2,0.1077597511401937
CC_69BBE365C097,0.054818390797775604
CC_69CD95A00D9C,0.048643415669672105
CC_69D328691680,0.08249282991872525
CC_69D39C9F36F2,0.2469057151892508
CC_69E09390CD64,0.08674818948610381
CC_69FD49E90AC9,0.3389993595620825
CC_6A099AFE73BC,0.15004516347062186
CC_6A099E6C91BA,0.2970846142256231
CC_6A19EB191A81,0.03882159853703615
CC_6A39017046FE,0.09622444341511847
CC_6A4A401F2920,0.3479320039854401
CC_6A5261180031,0.0731497377880459
CC_6A7432494840,0.1635730367071277
CC_6A7963180D20,0.3107286349683053
CC_6A7D7E5F814F,0.5354908856313079
CC_6A8B8BBA749E,0.1532148127016702
CC_6A8DFDB0621D,0.144768571447762
CC_6A93C436E2FF,0.11358930577718758
CC_6A97F81D9A0A,0.15885954922010587
CC_6A9D1622B4DE,0.27540125595931153
CC_6AA6589445C1,0.6053172833240539
CC_6AA7A87F59FD,0.16209252123765192
CC_6AADD44C0B52,0.08577494906674181
CC_6AB4A5EBA3F6,0.21602138128827034
CC_6ABA7D0ABAC5,0.09265714533829966
CC_6ACF1E52BE8E,0.13973528515358496
CC_6AD3513459CB,0.08569809053196001
CC_6AD4238EE77D,0.21798952489827417
CC_6ADD0FE5DD74,0.6239013053985638
CC_6AE2737BD3A8,0.08219940429245506
CC_6AE48C1F2448,0.14034943006436423
CC_6B00A666A420,0.6914906661873548
CC_6B07C3992304,0.06720186167157599
CC_6B0A72BBD800,0.6388125998375298
CC_6B12B975F2EC,0.3792311265164658
CC_6B12C9507F32,0.20490848727337702
CC_6B34719D93AC,0.5671976071576541
CC_6B34740DD355,0.15816155204931967
CC_6B41081727AD,0.2236853406470645
CC_6B4902892E70,0.08523726747731314
CC_6B5BC2D89077,0.7170652973836158
CC_6B65242C2CCC,0.1623245154217579
CC_6B823BACBE75,0.3277125478546612
CC_6B83E1A959C2,0.2906434985858781
CC_6B84FB3DE604,0.04334262295484976
CC_6B8AABAA752E,0.17660440541074401
CC_6B8AC0DEE990,0.3757284463480949
CC_6BA45C072D40,0.16636617493248118
CC_6BA72ECB5027,0.10451357495714614
CC_6BB560F020BD,0.07525740050314356
CC_6BDF0B68C126,0.0384163619796598
CC_6BF0A9437728,0.10462806848696027
CC_6BF3B9097199,0.1768914140424802
CC_6BF7A1EF31B9,0.23857108452060666
CC_6C29DF49246A,0.0700463727644797
CC_6C3C86C2125E,0.09197108471021564
CC_6C42FF6D7218,0.7105432305819761
CC_6C541A482CF2,0.2280129087108214
CC_6C585A6BFE01,0.7885642253584313
CC_6C5CE36700D0,0.17573418216510645
CC_6C62C2094733,0.12339517971232744
CC_6C66539A9D02,0.2710681012235089
CC_6C684505E498,0.07991800638903947
CC_6C6E40927C35,0.04636056806159322
CC_6C7736F51C12,0.7174259905445801
CC_6C781CEB6F52,0.0859066028811118
CC_6C7E39BF4744,0.11440904337446553
CC_6C9EE9BAECEE,0.076115802862494
CC_6CA0F076091A,0.11539313598572239
CC_6CAD299645B0,0.16786223165186254
CC_6CC3C50BA394,0.10649827784000018
CC_6CC593C5385D,0.04276137568266418
CC_6CDA4B24C602,0.28488990661010977
CC_6CE31AFF7813,0.07151014263075456
CC_6CECB68DE9C1,0.3060764128005077
CC_6CECD3DBA212,0.18087952208825475
CC_6CF17D012682,0.16551956062029308
CC_6CFCDF903310,0.17349454939735925
CC_6D08B5E62654,0.09549397981643981
CC_6D0F60667273,0.25930679412755414
CC_6D127EE83945,0.0603393519559972
CC_6D134DB29068,0.3281803267367588
CC_6D141A49D94E,0.5553273226081512
CC_6D148C0A624D,0.1657425663962881
CC_6D1EFDDE2EED,0.06723599232026452
CC_6D22B938D7B9,0.07850964315342779
CC_6D27409F4956,0.08580380480708563
CC_6D2F0EBBCA4D,0.24011884429659103
CC_6D43BE30E8B8,0.22779897429030369
CC_6D4EDEAF67C7,0.1864693746013748
CC_6D72571304DC,0.5104649442283327
CC_6D7C62C7C161,0.06517364355025151
CC_6D8A18C28AF0,0.06902730478290633
CC_6D8B35007242,0.0745642845806227
CC_6D93A9E49E3B,0.20952975925093842
CC_6D9C644A082B,0.09675388055077233
CC_6D9F52BD4D0E,0.11927171673220177
CC_6DA058F9B631,0.29442871678793625
CC_6DA1F8DF9CDC,0.26955278046921677
CC_6DB000AEF16A,0.10647771687770316
CC_6DB5025899E3,0.21046305905067808
CC_6DD6FA2FA0C6,0.12233412136813769
CC_6DE4E4C1A31D,0.2085711617546015
CC_6E09CBC15C94,0.44591796719705135
CC_6E353816938F,0.05059078834037472
CC_6E3AB992A5C9,0.17307100047044682
CC_6E420A2FE490,0.15814762555636486
CC_6E46D01888D5,0.14708519216096785
CC_6E4702162475,0.06977739998628518
CC_6E548AF15091,0.22081548782460747
CC_6E5C9A2DA27E,0.045839871573464135
CC_6E610F3976CB,0.17201087982897206
CC_6E614FF9BE02,0.6448940052827838
CC_6E68D46447E2,0.10108371007998973
CC_6E712C21215D,0.048119733883367585
CC_6E84DED41B8B,0.14824711835871945
CC_6E8557E30DC9,0.6154579467287082
CC_6E8963475D35,0.20287708737574417
CC_6E9880CA0BF9,0.28076372652925274
CC_6E9FCD68ED52,0.6508493397097819
CC_6EB194A93F60,0.13589577963899058
CC_6EB370F511F7,0.0605730464381527
CC_6EC722B2BC2F,0.16978150759157348
CC_6ED1B0EE4B6C,0.20807107029590094
CC_6ED65E7CABA2,0.09516407660862475
CC_6EDA84B653B8,0.3424748636060807
CC_6EEE8E7C1D1C,0.2198350535684192
CC_6EF17801ADD6,0.14782423919471976
CC_6EF337CC4BA9,0.3069442395901861
CC_6EF464EC9FCF,0.11774858411210343
CC_6EF6B8AE7DCD,0.04537611504852211
CC_6EF8C59D8395,0.8182949499191334
CC_6F2146FE362E,0.05643164990244746
CC_6F2408B665A6,0.3892429857133276
CC_6F2B8E925D59,0.03734565393385425
CC_6F3034E96848,0.10291646632933668
CC_6F3559ACC2F5,0.04620832949652467
CC_6F46C5897DA8,0.43014389399872915
CC_6F49ECAE902C,0.06840868804941146
CC_6F4B818665D3,0.11423335896974393
CC_6F4E696A1F88,0.26467651773470874
CC_6F54BD66C0EA,0.15611839765036606
CC_6F786C433998,0.1269921569227882
CC_6F78BF56B0C0,0.10020062360273338
CC_6F8346F138C1,0.46820257727834774
CC_6F86CFDB23D6,0.05400756598156589
CC_6F8E30AE9457,0.1600125026738421
CC_6FC25B27AC26,0.07900897464961028
CC_6FC8BE007FE9,0.12647658823806157
CC_6FC8DA40122A,0.2017096012987795
CC_6FD8BAB1DA3E,0.06235612590682514
CC_6FE4FD09A9D8,0.08280954480482888
CC_6FE78CB02174,0.044145255893157945
CC_6FEB8EDBF2A4,0.14545365626211423
CC_6FFCF2DAD0A4,0.08931087989995995
CC_7002034B0979,0.08804730622190199
CC_7006523D45E4,0.08331863649068771
CC_70097151A773,0.06584876752302425
CC_7011BC95A91B,0.04580210130703537
CC_7020F3C11A3F,0.1587731339491011
CC_70306409A3E8,0.2657084814492934
CC_706B18DA7204,0.15901601129261647
CC_70703A59C070,0.18056721553494026
CC_70749DDFF595,0.125407061372806
CC_7079CE5127A3,0.04354059521287716
CC_7087A46F0AB7,0.09069801228569113
CC_708B73EBD939,0.16784610470093214
CC_709315667BCA,0.07891085708263205
CC_709970475B6D,0.6449051128772175
CC_70A56ADAC199,0.05206950554465458
CC_70ABB244502D,0.04636377084432505
CC_70B0176647CE,0.14191212283657945
CC_70D3353DA1C3,0.06482908470617273
CC_70D652DF4E91,0.12153492871091706
CC_70E3121BFDC4,0.10638071008601946
CC_70E5FB8B072D,0.04864654816055167
CC_70EFECA3FAEB,0.17992013749456565
CC_70F59DA18BCA,0.5044501829628217
CC_7100129A0AFF,0.09213607909991595
CC_7113554E33B9,0.11247130157376702
CC_71260405461D,0.09931744415025286
CC_712677251322,0.17658473905991656
CC_712D31B2785D,0.05224168126779437
CC_713052DB1E2E,0.06397111574662023
CC_7139C2D6F1AC,0.11289728055716061
CC_71427FC8FA49,0.22775496796005212
CC_714912E93A71,0.11217216823683884
CC_717A5C2ED311,0.1878097480889147
CC_717C94F5C8F1,0.07593567773923596
CC_718F067F4DA0,0.04152725745356908
CC_719E714DD38C,0.06612928499212149
CC_71B169C874D0,0.15859404250662146
CC_71BB5070615C,0.11976003941915926
CC_71D37D6D19C6,0.24390422521758376
CC_71DC80205F42,0.1917305417512115
CC_71DEB636B8CD,0.6232801836329589
CC_71E4CBAA1211,0.13745211625524073
CC_71E787049755,0.10110348158283326
CC_71F1EF5575AC,0.09453217813222953
CC_7201DD8EB33B,0.18908057346679308
CC_7202C8CE2317,0.31673401274597857
CC_720B06583C57,0.04554363110402964
CC_721DEC038BAF,0.08937822476671803
CC_72219BCC83E3,0.15035314059041582
CC_7223DABA7E98,0.16491203702056462
CC_7233459FF7B8,0.20218113280560213
CC_7238A8A6767A,0.22792452251664722
CC_724559551664,0.7286937806309571
CC_7248EB4B76CF,0.052578810714353406
CC_7259B5314D92,0.0878045028337684
CC_725CA03102FE,0.04927046784131979
CC_726E05E5A555,0.11337494796975896
CC_7276AEED6D4A,0.08236216418028473
CC_72A18E8D6670,0.045463965868660125
CC_72CDBC38202A,0.5554412497479045
CC_72D8B2ABA2D1,0.7584064472353517
CC_72E4590D362B,0.38312823231687354
CC_72E8542AE4BA,0.07252106932610712
CC_73010B6E55DD,0.610440835877551
CC_7309A4693D52,0.14259301189320772
CC_730C2A3FF1BF,0.16682390776625972
CC_731C1BCED024,0.5824453043817062
CC_732C325832D8,0.15481433687394014
CC_732DFCAA0A75,0.19017888264907362
CC_73322A6A24B1,0.7183089417673113
CC_7336B19A18AB,0.21438350378362298
CC_733AF1D123B8,0.3235420673899647
CC_7344A0E90AFC,0.10489897780825004
CC_7348C2B475B7,0.12165796742029203
CC_735E1A78B058,0.08434035790261991
CC_735ED2A02DC4,0.141788610364418
CC_736015DE4E3D,0.34500458201222695
CC_736A42761E55,0.11056094444910326
CC_736C0436B98D,0.1915964647425667
CC_7379212919FD,0.07353686637447633
CC_73859CD59E75,0.5331655889696185
CC_738B201B1CF9,0.16304542271800646
CC_738DCB11942F,0.06455996104500444
CC_739198ACE582,0.12970461021102195
CC_739D093D7B69,0.11239051855789366
CC_73A7FC903662,0.18316171298272996
CC_73A8927DCEB9,0.09567155298230495
CC_73B575BBBBE3,0.14855566944473206
CC_73B6B9AD2002,0.05017503327760059
CC_73C28D72A5A3,0.5394063817780554
CC_73C38DBDF9A7,0.09751326928348925
CC_73D44BEF6754,0.3842171382488355
CC_73D4C1D7C022,0.08467236031318193
CC_73EF383F3C2E,0.1496193690436357
CC_73F34B1607C1,0.06543556952662649
CC_74137206902D,0.10550248817990915
CC_74198E5EC366,0.060352495295178804
CC_744FB5804A8C,0.5693393810040546
CC_7451E64B6D47,0.16708217752891724
CC_745A64878AF1,0.0817765519752662
CC_746B196CECA1,0.15955509919611807
CC_746C06898D5B,0.6571944445244875
CC_746DE1EED0DD,0.2680450660478201
CC_7476938CF6A0,0.48340003374176144
CC_747CFDB7E305,0.08456509495119946
CC_74845374E870,0.7303275845747446
CC_74AD8D3B192C,0.6833144518829761
CC_74B90A15B270,0.10942522362540988
CC_74BA5D46E909,0.6444427656247381
CC_74BE0AD5E21D,0.19610692570542637
CC_74C33B66F002,0.13308021627721056
CC_74C9C3F17421,0.06612532099996267
CC_74E4BD5C07D2,0.07439276108253207
CC_750D90249EFD,0.10561919917293477
CC_750DA21B7EDD,0.3185650523182514
CC_750E6537383A,0.2467397377002047
CC_75137D6F9DCB,0.1055309349288612
CC_75173A8A11D1,0.37494687384979175
CC_751DDC1FC2AD,0.11707463590185656
CC_75357E0206F5,0.08068610514799089
CC_753D160E3A58,0.12785060986932328
CC_754447632F75,0.04897066412437137
CC_7549363C5D36,0.06796261069376922
CC_754F3894627C,0.08834535596695597
CC_7562CD43897F,0.1372008052783139
CC_756A077EC614,0.42612452779226484
CC_756D3492443F,0.3100716247115899
CC_75783B3E6C6E,0.05144465492440981
CC_7598068A716C,0.04649414143022434
CC_75A37D8C1F6C,0.558302717649997
CC_75ABDDA24C26,0.13081175188599525
CC_75B287424E59,0.4204702964327999
CC_75B2B88876B6,0.09977245809089866
CC_75B324FCDD4A,0.2874137398073551
CC_75C1466E61E2,0.21466996030326224
CC_75CCCD9D4568,0.11153819837039387
CC_75D2DAF4491C,0.350332659473951
CC_75D54090AAD4,0.12342323696689732
CC_75F1927E5941,0.6910519889738815
CC_75F99AD6844A,0.31670537583271796
CC_75FBA505C727,0.24820983872014435
CC_7615CC930B76,0.1493446785444852
CC_76168488EBB0,0.39083698204578277
CC_76197A77D666,0.04020701520683112
CC_761F48F8E962,0.21084063771490233
CC_764C6ADC6D1A,0.0984644294292513
CC_7658A6B0910B,0.05856686161282364
CC_766347951B7B,0.5327766446505984
CC_76857712D8F5,0.35238119817656355
CC_76A0DF2549B7,0.10069942436778245
CC_76A636414AEB,0.2956699090184324
CC_76B01540CDD1,0.1492401273962486
CC_76B420FC66EB,0.11225232740421193
CC_76B6BCD2EBAF,0.07205969087749406
CC_76B7A0029620,0.09867641198858018
CC_76BA435EF2AC,0.1649986554627695
CC_76BCC1AFDA4D,0.07923244713973798
CC_76C35913E797,0.1495253795261528
CC_76DE3DF1DEE3,0.18081306002855718
CC_76DFA4CD068B,0.08099518148659324
CC_76DFE3568C72,0.29893453591505204
CC_76E201F1E036,0.309203512101759
CC_76E83166FE0A,0.15846434683578622
CC_76FD9E9D9ED0,0.10788670428098654
CC_7720BBD06736,0.29680980900597465
CC_77340228F356,0.6747719115965922
CC_773CBBCBAFFE,0.10051738300666666
CC_773E9B092923,0.11430237787379521
CC_773F22C3E42F,0.042277714473601694
CC_774ED295BF96,0.18246397746354093
CC_7751ED6DF76C,0.04652080265730972
CC_77571749B970,0.12250390273542713
CC_776F8B3BAC08,0.11196154807733263
CC_777889F9694E,0.04775560567820888
CC_777D08513AE8,0.09532140862727728
CC_777E3D988EFD,0.23998955212478837
CC_7795BEDE05E8,0.27807859473612917
CC_77A9EA3A6784,0.07904694909550547
CC_77B1AB7960A9,0.22846134762968026
CC_77B6EA810549,0.2613933129399468
CC_77B9889C9BFD,0.15238174713439176
CC_77BC55DC92B6,0.18416383506458972
CC_77D1DFCB0A8B,0.05382570767078358
CC_77D9AC43DFE1,0.18176272590663445
CC_77E6EF1CF2F7,0.12619931296568115
CC_77FFA8E6B36D,0.14649199714218403
CC_7801661A9DC2,0.18264737169075773
CC_78069B1BD931,0.13578179845579827
CC_780828B48716,0.10820960865753301
CC_782130B98F34,0.12010479044655234
CC_78273789B3C5,0.7139123990968181
CC_78296783E4EA,0.22300157149788524
CC_782B06291D87,0.06932912741912514
CC_783A2D4C89F9,0.43498489475308133
CC_784407E16923,0.11550359703323743
CC_78491B6255F2,0.44894336553273656
CC_784F17AC712F,0.08037720079913704
CC_7852FC3BBADB,0.08418011656782837
CC_7866E4CE528E,0.6794911018117088
CC_7867E7C01013,0.19840177299792253
CC_7869F609EC2E,0.1933126737205925
CC_7874F14ABD7F,0.20558465056329575
CC_78774E05FF12,0.15141954910343666
CC_78815A352067,0.08935300846622525
CC_788FF4549766,0.30476640097567004
CC_789977501322,0.10179472204547385
CC_789B2BA880E7,0.044936905532812765
CC_789D87F51AA1,0.06479411718474867
CC_789DC3C358CB,0.22775151431723709
CC_78A036DF6320,0.6973653993540785
CC_78A3EA63B7EF,0.04688682742024136
CC_78BF1B8FC1CA,0.10912988595021744
CC_78C96E7015BA,0.6541488071536876
CC_78CC84FA2CE2,0.1895351093310949
CC_78F0087076CF,0.21985360321348751
CC_78FAA95F5B5F,0.1112765345579653
CC_79033EFDE096,0.16423753579961453
CC_79086C18A963,0.14199439235258982
CC_790DA2ED9F5B,0.11678531802161507
CC_7928811F7D86,0.10207434382962446
CC_79345478FCE5,0.2395317170024018
CC_7936C8D65B95,0.1656915273643061
CC_7948C5509411,0.48819684929199614
CC_794ADB0677CD,0.13348896355784456
CC_794FF8E7F876,0.051861909688721605
CC_79500EA652BC,0.6079217796586474
CC_795083A66DB5,0.04438356406777802
CC_7950D4B773CF,0.15817191797473773
CC_7955AEB49759,0.15104663306010158
CC_7964F862DFA3,0.40537461832350363
CC_797A700CF967,0.501649480590806
CC_798180DDF677,0.3326930136866044
CC_7981ABA9C370,0.10982108206064672
CC_798B2DC03C5A,0.08965062680080035
CC_79BD986C23CA,0.07721207562910806
CC_79C6BA680815,0.5040556282054585
CC_79D694E6F5AF,0.2352910440137781
CC_79ED9A0F6E49,0.407872687047647
CC_79FA2512E5A2,0.17219842381473452
CC_7A0024F6FA60,0.18366257405910397
CC_7A193A453F27,0.04547042112186886
CC_7A1F071DC5D4,0.41017393273302233
CC_7A5D96BC99AA,0.7499064411697126
CC_7A6B51562949,0.14432169006375367
CC_7A6D7F9654DD,0.36289002359909406
CC_7A778E010F33,0.27932319857225674
CC_7A7FB841B669,0.5474746889976625
CC_7A91013D31E1,0.11916830524908822
CC_7A9117596769,0.0552947997084876
CC_7AAF340DCE8F,0.19417829415326687
CC_7AB146267981,0.2398576551138505
CC_7AB2A9CC8424,0.2539385204861505
CC_7AC1DF18CBA4,0.2135406217492461
CC_7AC4240DD225,0.2792352619974406
CC_7ACB325BD924,0.16656550730275976
CC_7ACB88002397,0.4702596013254955
CC_7ACD4F370AED,0.20643473396776146
CC_7AD4072A9F82,0.05398403085119692
CC_7ADEECDE4D73,0.22386469500513503
CC_7AEB48D8C5E0,0.08416172866608886
CC_7AFA5CD2B29E,0.11019183882559884
CC_7B092786DDB0,0.05649351589623437
CC_7B1B35D5628E,0.05583113017927238
CC_7B210557F04A,0.1330618867078196
CC_7B369A7C1D3F,0.1612312671688098
CC_7B4002591821,0.6882735259314681
CC_7B42BD80D79A,0.17911832984435705
CC_7B44FDF08B93,0.1429730044398219
CC_7B501C32CAE5,0.08369515505242447
CC_7B88520D4FA2,0.37750306906895426
CC_7B8ABE6E552B,0.19830288789174566
CC_7B8D2E07908E,0.32936948219577167
CC_7BA150468D19,0.5414641574034609
CC_7BB159FCEB53,0.20071244439596883
CC_7BDD72710831,0.07572478737912842
CC_7BE02C65B967,0.16598889798274066
CC_7BE382988C1C,0.6217248582549232
CC_7BE6110DBAA1,0.3396456611448535
CC_7C0B14BB0573,0.1505449814052511
CC_7C0CF5558904,0.6909105686290875
CC_7C13E7F561DA,0.6743906424816777
CC_7C46F7F667F3,0.12321507765127199
CC_7C510CE0521B,0.10249587976010013
CC_7C61B5D39E49,0.42272877419141053
CC_7C6770DDA182,0.12253846074884697
CC_7C6DBF78A610,0.10541637285125299
CC_7C7B0438E3AB,0.17238834611754683
CC_7C87DFBC3176,0.11597147254113052
CC_7C9528E94215,0.2640615827763736
CC_7C9ADE65CF81,0.09910768015336374
CC_7CB6CD1B9DD0,0.05203604884712252
CC_7CB7C7E55BE6,0.15842671788644605
CC_7CCC3A690325,0.16463748721862093
CC_7CE5689488DB,0.04322764549931597
CC_7CEB758A9814,0.056828589552345314
CC_7CF7443D923A,0.07064518635543879
CC_7D0D597690BF,0.14780232456019804
CC_7D0EA0307817,0.06092610763977895
CC_7D12E6FF25C3,0.11791053483005472
CC_7D28D39AED1F,0.62928610210156
CC_7D2D19D832FF,0.06246087281151729
CC_7D34A67E1369,0.06473327775970084
CC_7D4388B41EB9,0.1441088436518505
CC_7D46FE573D79,0.09229043280619934
CC_7D7810799F2E,0.05281365492500065
CC_7D79241150C8,0.1561116175579489
CC_7D7B92EF2655,0.15598495208324137
CC_7D8C2495C1F7,0.08256690560187949
CC_7DA4F1BA24A1,0.6183936744036995
CC_7DAF18939084,0.06781757655989515
CC_7DB8BA427410,0.056075024397348516
CC_7DC9456F1161,0.046604282267585256
CC_7DD2CBE0F0BC,0.20289191685384345
CC_7DD495158BFD,0.6038753326262669
CC_7DD5411F7A14,0.318804562448309
CC_7DF099A7A092,0.24528220751795038
CC_7DF27D2AC111,0.06378178868123274
CC_7E0CA072EF93,0.07943369360521138
CC_7E0DA100F5F2,0.19729685992707927
CC_7E1086EFDED5,0.045161390873681026
CC_7E12E0F3CF6D,0.0918694527181818
CC_7E178CE78FB8,0.07553084916656999
CC_7E1C1A6D0E9A,0.19347602963432858
CC_7E2A76850DF6,0.7682890058716016
CC_7E3ACB15C69D,0.105966919110196
CC_7E3F3373A73D,0.6851325709306292
CC_7E42A3D0737F,0.10929363500472578
CC_7E4679C534D7,0.23486444676540724
CC_7E53FEEB19B1,0.26038511573188494
CC_7E71CE7FC603,0.21358494205178363
CC_7E8333DBAEB4,0.3772331267162384
CC_7E843438DE4A,0.06000252717268416
CC_7E8E4747C0D0,0.6672651717798628
CC_7E952828C1B5,0.0905385384378129
CC_7EA6431FE6F5,0.12518469897762843
CC_7EA7BA7621C3,0.24797878941306756
CC_7EA8F24B3010,0.09517788700417573
CC_7EAB28B0309C,0.07905217917828297
CC_7EB4A5BDA97E,0.08062260259251286
CC_7EB4B0A36534,0.1030533168016457
CC_7EB791F4AB2E,0.12912708007051032
CC_7EB883C9D5F9,0.04769802038664592
CC_7EC59C577F02,0.06500814762193306
CC_7ED2683D26DD,0.08471378180949984
CC_7EDB3440E0AB,0.6015732046314062
CC_7EE12013C7DF,0.16128099109770996
CC_7EF824CC0D3C,0.11940081779224726
CC_7F09C6F6321D,0.6996761356597567
CC_7F1AD40DA179,0.19699162357284244
CC_7F1D38A39164,0.0712371557683183
CC_7F22B7D326CC,0.200220722069053
CC_7F2614F1AAAE,0.22976995116506987
CC_7F2CDC7C1634,0.050891039711061424
CC_7F2D46DF9BC7,0.15459091022353946
CC_7F57A90B69E0,0.21437002721761195
CC_7F633226A676,0.32434037590248727
CC_7F753D809267,0.7137198046525461
CC_7F7EBF25AED7,0.04112008659232106
CC_7F8496CC5779,0.044561349877109385
CC_7F88D9C5D258,0.11314420115769896
CC_7F8AB4DCA794,0.11661916218870794
CC_7F8CC9509418,0.2957164073971653
CC_7F9069571F79,0.24486045902474535
CC_7F9AD27E079E,0.18253028486419703
CC_7FA281AC1C7A,0.09402641014076774
CC_7FA389E90548,0.07619827922175129
CC_7FBF4A48AF55,0.05480317776054784
CC_7FC40175A8E1,0.24779317776872817
CC_7FD58EE7029D,0.09115938771423919
CC_7FD7F635C341,0.05929426304650398
CC_7FDD458DA059,0.2314858111411464
CC_7FE85C259E03,0.10408767817708671
CC_7FE8CD30D7E0,0.08268511586303565
CC_7FFA32DE7B04,0.1413295641255462
CC_8014F1E2C5BF,0.043471549166396256
CC_8015895C1C29,0.22364938903586978
CC_802BA7E39A13,0.06105409878890804
CC_80300D23C3FE,0.5047820675497667
CC_80465303B6E2,0.2090849410565982
CC_805ADFD46B84,0.06324036130225782
CC_8060F40D9522,0.15049260742530252
CC_80621E822131,0.05768346470122238
CC_806654B580B5,0.47357614507394097
CC_806CFD6A52BA,0.04563873256332515
CC_807935BBEB7F,0.050503997200826226
CC_807C57E626E4,0.08008156880836309
CC_807C91C98684,0.04055963524467711
CC_8096B589BB07,0.1555878878614989
CC_809D60155E9D,0.08708206754410999
CC_80A2189E5125,0.5035477278471235
CC_80AF87F62770,0.170996454734479
CC_80C03DF9CC57,0.19078623836379843
CC_80D9B6563750,0.5856452280200553
CC_80E9638ABD4B,0.05389489452358437
CC_80F7171B71CF,0.11958346206411916
CC_80F9983BC18B,0.05975153591510847
CC_811109A98EFF,0.10245655079028251
CC_8129480B056D,0.27743896813337543
CC_8134E5DA9FEB,0.6091208468435048
CC_8140399AD344,0.11391396182058572
CC_8140E278B6A0,0.2297396211306571
CC_814E0F756757,0.41682843346565224
CC_815FAAABFC91,0.24496416954610217
CC_816B28807CED,0.08907038979002765
CC_81821F9F2307,0.47759545373281964
CC_8186D7991EB8,0.055066734505880996
CC_819E203180C8,0.7728825300177928
CC_81A5E3141BDA,0.5076435511735053
CC_81B5CED8EE79,0.18222262455913935
CC_81B91198E00D,0.6984034834299531
CC_81BADC379C8B,0.20486381799308118
CC_81BF8EA390F7,0.055104303634868956
CC_81C5FC962C72,0.0594038476522281
CC_81DDBFAF1CB6,0.05786415231925118
CC_81DE637E6138,0.05241480217114784
CC_81F389DEC9C5,0.08773901624605146
CC_81F647806849,0.14953505806327047
CC_820D491B2903,0.7607418547470357
CC_82172863AA45,0.30769488684296786
CC_82195FBE9366,0.06032361685477877
CC_821F503DA953,0.07187397210935126
CC_8221AF9B0B93,0.7297009972602534
CC_8222D1C47857,0.07056619979466155
CC_824BB6CD2B25,0.07083636671985372
CC_825192411933,0.10761024175305882
CC_8270E213EDF5,0.2119756701716789
CC_82839CC161E8,0.06643350604960016
CC_828A0B6D7291,0.1100229407526325
CC_828EDE22A438,0.0416193543052583
CC_82928B5ABD45,0.3160722788139964
CC_82A7FE954659,0.18826090680876967
CC_82ABE1FFFA1F,0.1617401025659942
CC_82BDFA01C41F,0.10588236607078325
CC_82C20057CB4A,0.1029603170799337
CC_82E52529A567,0.28767169135767706
CC_82EFBFCF68AB,0.11694602683857655
CC_83092F58B321,0.12455567157775385
CC_83098B4BBD4A,0.14090576430098045
CC_831F9E623C5F,0.17291356807666275
CC_8326C8A3D569,0.10454519449094765
CC_832730F42A18,0.11397172010392878
CC_832A44C3F2A0,0.0510217877481844
CC_832EBAE498AE,0.597173722380125
CC_833B196A70F3,0.7167374361428759
CC_833E14DFF4C6,0.16688590544319698
CC_834092035687,0.3349413790873431
CC_8351244DE3CB,0.07288450354790435
CC_835B90025058,0.06184086624034742
CC_836534CEDFD3,0.13516158994501384
CC_837ADC1EA55A,0.19098915526140076
CC_83884D799788,0.21298036895648734
CC_83947255841B,0.1014916312638928
CC_83A5A3022ADF,0.7665738783354572
CC_83ABA98906DE,0.07390914999951323
CC_83C75D07414A,0.39326800828891845
CC_83CBA767432F,0.6991772823724685
CC_83D342F53F36,0.1370669022987083
CC_83D5CA2A23C2,0.043406773593718286
CC_83E002D6D82D,0.19703350868118347
CC_83FE1BCC83E6,0.2914250054025892
CC_840E5B830DB4,0.04538791409302906
CC_842525788FC1,0.18778768532310053
CC_843076C8EB9E,0.27472590509970995
CC_8442C97EE91A,0.10462048333630242
CC_844C3C30ED67,0.09594068235450004
CC_844E345D2636,0.23913218533882102
CC_844F26E92B12,0.17126478662893685
CC_845032D8A261,0.26248558800146765
CC_845223F606E2,0.267750446541262
CC_846F5B19B110,0.33814535824712877
CC_84797EA9ABF9,0.20497261570690978
CC_848D59D48081,0.17393131662704953
CC_84AB057BFCCA,0.058782839054577526
CC_84B0BA112537,0.091630491022993
CC_84B8FCEDADD5,0.07813545086249518
CC_84C61A6BE99D,0.11057306947552142
CC_84CDF830F68F,0.09163313222626346
CC_84D5B88572DC,0.2341666858254296
CC_84FABECED186,0.12805619895016684
CC_8503F43FB29C,0.2021861264262283
CC_850ACB004EE2,0.08679204497482965
CC_850B114489CE,0.10904242851271179
CC_850CC17BB13B,0.12469528986874259
CC_8518C159BDE6,0.13982736770095677
CC_85299261146C,0.06860984576867296
CC_853986C52A17,0.04582321566881172
CC_853ABBECF2E1,0.7730981310487828
CC_853BF4485D85,0.15324646119672342
CC_853EED03843B,0.07932795301875648
CC_853FD1B551B1,0.17161238665325704
CC_854AAA98CC0C,0.7780228044576334
CC_854F8AB5F1FE,0.05268685680421463
CC_855E2A785BAA,0.08479667892377797
CC_85614CA68432,0.05872052446002342
CC_856B92B23BB5,0.7646209862417771
CC_856DF4A30E13,0.694676000119263
CC_858704DBD5A6,0.059005494240310465
CC_859EF0AAA74A,0.05304810043863724
CC_859FB710961E,0.14301123120279685
CC_85A0EB3C9884,0.6133330209566427
CC_85C887BB996A,0.09410991449648015
CC_85D9A6C9CA60,0.13330336669557935
CC_85DAF10E61A1,0.517958796976363
CC_85DEF8ECB524,0.13814462068131
CC_85E2E0B8B15F,0.6851856253350663
CC_85F018DC47FC,0.26165000688946494
CC_85F376B33951,0.17306563045771595
CC_85F745E1D307,0.1320360950784744
CC_85FAFB430486,0.25573395851608605
CC_860D4B868C17,0.032577191614961656
CC_8614E30C9FCE,0.4109514206131928
CC_861F5DC22035,0.05305984804662156
CC_8624ABB391B1,0.19123104276876185
CC_862BAB422756,0.2688732128967749
CC_8642F98E5504,0.16793212679153305
CC_8655B8862C81,0.16586433330261424
CC_865FCEE75A8E,0.039060215093969904
CC_867372811CCD,0.41626556492733113
CC_867695B5C296,0.567181557148452
CC_8682B1F914ED,0.135377415621401
CC_8691DF144B92,0.4596423763157532
CC_86AD259FA5B1,0.18397005251544235
CC_86AEC21936BB,0.7055159105924814
CC_86B1D15F8424,0.057097700078430735
CC_86C2A6EC5712,0.6994968684996475
CC_86CF816B494B,0.07110307873128306
CC_86D4D58B1D0C,0.1561223740006844
CC_86E2C4E17CB6,0.055476268846035626
CC_86E9E191E3CA,0.391596427315403
CC_87000C16C856,0.10139764234857276
CC_8703DD5FA02C,0.16929489262004063
CC_87065B1F429D,0.09077983324401513
CC_87434BBA1CE7,0.04662574828090242
CC_87450EA8CD55,0.6492954813036418
CC_87480F785786,0.07985623917134213
CC_8777EA6EBFD4,0.051430518386897564
CC_877A35E76904,0.08378432830763138
CC_877B37D01563,0.13444129359242313
CC_879759A5EFB8,0.35813333849205997
CC_8798AF2651BC,0.10962523394234677
CC_879989FB3B92,0.5933074002582395
CC_87A3BECEE5A4,0.16818508635867802
CC_87B7CDF4BDDE,0.04582054918085911
CC_87C13E620006,0.32377528059712507
CC_87E3AFB080F8,0.1275029422980912
CC_880044F77ACC,0.09496359336754401
CC_8809BCAC74A9,0.05264556276019643
CC_880E0019DB5D,0.041407210273275805
CC_880F027D886E,0.11499187249987948
CC_8812BC579F7D,0.07701604165114065
CC_88225FE57D82,0.1876843038079986
CC_88315318E9DA,0.3284152847158061
CC_883864E584A8,0.07592223375627641
CC_88469BAD58C4,0.0591794258472439
CC_8854EE679596,0.08594589846519768
CC_886273CC4072,0.09362529123044348
CC_8866B6D4524F,0.2022019594732866
CC_88A943606806,0.29092808911836576
CC_88E916A3F984,0.7830396411006156
CC_88FDC55C31A4,0.10939709376701962
CC_890D5EE59076,0.042690191781748404
CC_890F721517F2,0.09835676391183851
CC_89129D16418A,0.2653920632227512
CC_8917F02F9326,0.13602156327705117
CC_8920B6584A43,0.08211967906998682
CC_8929DF270419,0.7231886087372157
CC_892B119F0E5C,0.17481765559729165
CC_89302456B9D5,0.7047766600222192
CC_893FAA6D1F04,0.6923724029384044
CC_895AF697BFBB,0.34284633415576526
CC_8961FF892F79,0.03843961204413085
CC_897674493060,0.07160157041391887
CC_898AFCD28B03,0.14648720741986102
CC_898CC919D10F,0.2243515478537944
CC_89A711195EEB,0.12210484359209475
CC_89B4DF07DF12,0.08350693228555678
CC_89B941079E10,0.12304566060385
CC_89B97E9FF67A,0.11230012735738186
CC_89C5162E8055,0.1992535181505102
CC_89CA0F1E2DBF,0.20941154812159568
CC_89DEE29A78AA,0.11840961298275979
CC_89E089707730,0.14693204018041287
CC_89F0B865A6D4,0.15535075312272725
CC_8A04C5D4D02D,0.06796839018502124
CC_8A081AA1FB92,0.3005988754782528
CC_8A0C640E7A89,0.5668773675351914
CC_8A12B68246A6,0.048027527721347454
CC_8A14A46B280C,0.15652061072099321
CC_8A165A18560F,0.27459877630317947
CC_8A19196788FA,0.07065912136357698
CC_8A25FA445037,0.1048974795162253
CC_8A29EA87B295,0.11816003672474615
CC_8A2AC87CB22A,0.055180559948040844
CC_8A34634E7423,0.5684331582913953
CC_8A38BC1AFE57,0.08348356480610994
CC_8A4CAF0CD0F3,0.09857834062359444
CC_8A5A0429CAB0,0.13091652270351933
CC_8A6E60FAE870,0.08335250295945866
CC_8A7DA054E397,0.7145025282840716
CC_8A7F5FF4B421,0.2721644792204841
CC_8A8249A44847,0.14780041005361994
CC_8A8BCE16DF45,0.10051768656239476
CC_8A8EC764734B,0.08068880263384495
CC_8AB553BFA00A,0.09367802377331383
CC_8AB57DC077EE,0.6116823918327987
CC_8ABA5808D313,0.06821156730307977
CC_8ABDD9A05C87,0.3424665511635284
CC_8AC7520DBCCF,0.15423751828394988
CC_8AC7F8BABF28,0.06898586331355072
CC_8AD67FB3A5CC,0.7484421822690206
CC_8ADDCF5EDCC1,0.12285517603094087
CC_8AF1C3A0799E,0.7308677501451155
CC_8B388FAED0B6,0.10905540002974917
CC_8B46CA903D09,0.03837715494626052
CC_8B5819403FC8,0.6892975919364579
CC_8B581B8207A9,0.1378023779183043
CC_8B6DBEF19F46,0.12499154834062967
CC_8B8326C4C229,0.14109213134017934
CC_8B850FDCFC83,0.08400383785676935
CC_8B8F41F19B72,0.0768970060294081
CC_8BAF98C60957,0.13408592766204963
CC_8BB0824B181E,0.05318131932306899
CC_8BB963DAD9E2,0.1331738108393279
CC_8BBF5F939D7C,0.1625460355503869
CC_8BCBDCF4DFF1,0.13204446324926183
CC_8BCE343561CB,0.7597555722673445
CC_8BDA87361657,0.09623305497174608
CC_8BE68A4DB87C,0.07983763705209204
CC_8BE9BBD879A5,0.04784715962989435
CC_8BED85B91011,0.43039072481534624
CC_8BF68E552DA2,0.1609928944716435
CC_8BF832E6464E,0.7750989714949806
CC_8C1561920E84,0.22484786910589327
CC_8C2A7D9A667A,0.1506058233879985
CC_8C3A5DFE70B9,0.22642108915024
CC_8C534CCBDA4C,0.20190003447447954
CC_8C6472A3EEAB,0.05886481633799692
CC_8C6B4854D16C,0.25518662358219163
CC_8C76DE4F58D4,0.05439964479439724
CC_8C7DA3F4F88F,0.08407360695608124
CC_8C8527DE7DD7,0.08297457239271777
CC_8C9416612FDE,0.38129182348756685
CC_8C9973F02AD6,0.40953378718871236
CC_8CA1DB61A2AC,0.05407886096070544
CC_8CA59CAE22F6,0.17059999327649855
CC_8CAFD04A6EDD,0.10229728539349595
CC_8CCCC389913B,0.6408699646462248
CC_8CCEF12DC7B9,0.17851277884200076
CC_8CDCD714BD1F,0.7110436067106785
CC_8CEC7987D1B1,0.0921318578572667
CC_8CF621ADAC0A,0.2250561894855953
CC_8CF8FE2A4B82,0.3954914668493431
CC_8D048396D9D5,0.11351105338624554
CC_8D1089C58563,0.5065406223879338
CC_8D35A37FC4B1,0.13911851340973574
CC_8D41E12FE5B6,0.13290252773319894
CC_8D4A859839EF,0.17086419104109368
CC_8D4AD431C55F,0.08474586249490768
CC_8D4D882CA579,0.12438367513008146
CC_8D6151025078,0.1536629138850828
CC_8D637233FE54,0.15457087441846717
CC_8D6AEBA2D7EC,0.07410261534023548
CC_8D6E16DED971,0.171983269563413
CC_8D7329F79BBD,0.48888823996489894
CC_8D7B7307C43F,0.09030577296068942
CC_8D7B9D4936EC,0.743138049137058
CC_8D80B1B44AE1,0.5517263042739363
CC_8D9516D61143,0.41104627232624724
CC_8DBB8445786A,0.1378034637741999
CC_8DC5B86D9DCC,0.7546420450186601
CC_8DC6465998DD,0.20001726043012347
CC_8DDD0EDA9CB2,0.14224192288767307
CC_8DDEF0265CB4,0.06455625788678016
CC_8DE06BEB95A1,0.07770626347599682
CC_8DEBB5B14A14,0.14280143874940507
CC_8DF5BE7F759C,0.05987883247289344
CC_8E0ADCC71F85,0.05365329563401663
CC_8E0BD86F6F0E,0.1304509901605763
CC_8E143BFCF3E5,0.10369223135682828
CC_8E170A60D71C,0.3434996548637121
CC_8E1C3A21FAEE,0.11256873017364663
CC_8E408E18F060,0.10404178473883624
CC_8E42FB163DA5,0.7744193109542606
CC_8E47536D29BE,0.18676829471547152
CC_8E50AFFC5BBD,0.05366637443012347
CC_8E5FB1035354,0.17361292831419756
CC_8E7B9B8DD1A3,0.11049426820711045
CC_8E85B08196AF,0.041968149319598594
CC_8E96FC75AE5A,0.08561985507606248
CC_8ECAB5A6C7B9,0.09028510305111256
CC_8ECC4C7A6638,0.506562704003727
CC_8ED6F13C35F5,0.16891566300464717
CC_8EE5E9467038,0.15643115075734343
CC_8F037E5AE692,0.05935128580240304
CC_8F1A418D96B3,0.30546549612241786
CC_8F1C4014F91A,0.1342830532387324
CC_8F30A5FC9D49,0.08657819121726823
CC_8F3456F298F7,0.1841684535640835
CC_8F393D485C29,0.13868720361233722
CC_8F4A41130110,0.04985409001111464
CC_8F7AA6E4D486,0.10925592379783176
CC_8F887BE25314,0.12084876269685449
CC_8F90CD1A5E00,0.1584952475890829
CC_8F9B26042C4A,0.10718764655123644
CC_8FA9423E65C6,0.12151838371997561
CC_8FBA6C32E0A5,0.2965361366894401
CC_8FC1C50C41E7,0.08712296398533698
CC_8FD005425792,0.07156155195393134
CC_8FD6A223135B,0.13165765179580702
CC_9002450E1B5A,0.05513931019646429
CC_901CE62199C7,0.35173922678732245
CC_901D2136E1F9,0.17181015048830794
CC_902648F62345,0.1390647711719546
CC_902BF0612E70,0.14091780909123092
CC_9036F7423277,0.17730345428408523
CC_903AD2767BAE,0.7244679754394558
CC_903E4BA690FA,0.2886014405570325
CC_904386E31210,0.06484941672758199
CC_904EA6C846F8,0.35980574576620195
CC_90549DD3CC39,0.12145528242637779
CC_905739E5494F,0.09211514411008544
CC_906F852C69D6,0.6447227490967395
CC_907911F4930A,0.24784344989395324
CC_90798A7273BD,0.13392848172995891
CC_907F3A8AFCFB,0.09460009182663133
CC_907FA7722881,0.11425076331739409
CC_90812D9F30FE,0.08029038137707575
CC_90870A89F310,0.05289794673336551
CC_90894CA021C3,0.5463816430976949
CC_9092C5EBF5F6,0.06591891234956633
CC_90A10D649D9C,0.6872978534659562
CC_90BF8E127519,0.5901706666289469
CC_90DBB385A7F3,0.6972038633811638
CC_90EAD308012B,0.3167336014871051
CC_90F4BF0B868D,0.15121430579015155
CC_90FA39516EAF,0.08336428276722826
CC_9117894F31C2,0.2495579871985722
CC_911ED63BB556,0.3161080544755502
CC_912730AE6E8F,0.27824311307690497
CC_912CA7EE4C26,0.13638296198556743
CC_912DA46AAED2,0.09411175415026277
CC_9132E67EA479,0.1846614718881825
CC_913D95FB31E0,0.1598899275446996
CC_91529F20D461,0.7182297516059102
CC_91586318C780,0.05149255418365077
CC_915F2708219D,0.16478037113383232
CC_916CCF9CBC08,0.03866536831281349
CC_916CF77A29CC,0.08746987602534892
CC_9189E4FF82C5,0.14793010692991873
CC_91A27CB6139A,0.1447822087839366
CC_91B7A4A15A37,0.6184542067513471
CC_91C2077BA6D7,0.09469370340300143
CC_91C4CC43EEE5,0.15619244502924506
CC_91C55BE33AC7,0.0644573393014001
CC_91C81BC58B49,0.08171210785869637
CC_91DE12EE18A7,0.34085256855481777
CC_91DED13CDCD9,0.1573764576638872
CC_91EF639761F8,0.14358126731903567
CC_91F23A7E743A,0.3442410580921703
CC_91F4C5E889C7,0.7047096728800409
CC_920E91EB28A7,0.17623151180450866
CC_921481F5F77E,0.10612478932716257
CC_92221DB27176,0.2145759971723994
CC_9224D5677C66,0.12839979325708611
CC_9230B9656F93,0.1988926872550335
CC_9231D0F8A993,0.7007202693234604
CC_923727159A8F,0.05976276957819965
CC_9248706729D9,0.04867046396399164
CC_924AEB5DD991,0.18436475202268765
CC_9250BA851692,0.35155678750607755
CC_925BACE3417D,0.09615073933656257
CC_9260CD0D7C0A,0.1357797910609902
CC_9285EB21B38A,0.11191350077969779
CC_92A09F03DAB5,0.7677069198937339
CC_92BC35D7F9CD,0.08112679439560982
CC_92C5FE9E5B12,0.7003919175550799
CC_92DC8CF8C902,0.09701457093243832
CC_92E006664648,0.24187086910690364
CC_92E4EFB9F0DD,0.1259071775492759
CC_92E621E0298E,0.18089570790726692
CC_92F412AC7D22,0.07221113665973397
CC_92F42886B7E4,0.23193419077284028
CC_9301E23D376D,0.5287790406958333
CC_931133320380,0.20848299514545107
CC_9314B6D8B7F2,0.07585280863292093
CC_9337E3B43211,0.22208959698928019
CC_933E044F26DB,0.09226619683031123
CC_934BB89938A3,0.13110420044031956
CC_935296A995DA,0.1172164442981216
CC_935326AF26E2,0.17432708042383283
CC_935B72B8E7F0,0.052744688443145546
CC_936FF3C9BE68,0.051931103912471875
CC_937FFE1718BC,0.04501699697659746
CC_939F92AEE460,0.776169302375878
CC_93A4365B25CF,0.7809443010949245
CC_93AB9D6A7EFA,0.07444591338337925
CC_93C719738590,0.8026513945848417
CC_93CB48930B37,0.2978203769312771
CC_93D24FAFD21D,0.10706970795942694
CC_93DB5F477493,0.10245944642330045
CC_93E1CAFAD44D,0.08760275067322665
CC_93EC9F853123,0.19025220838159546
CC_93FEAF515A8E,0.062430754528083186
CC_94063A67F136,0.32040266678602736
CC_9406E32819F5,0.06498506270951429
CC_940971CBC1A4,0.16014578692151588
CC_940ADC8DEA3F,0.13638687110560418
CC_940C7E8E0C52,0.2026987698296514
CC_941DD2E1DE56,0.16030133964131849
CC_941FC1FD0D55,0.19307444440483953
CC_943B720DB5BB,0.1496358507484331
CC_9440309323A0,0.10212190136684111
CC_944B461BC558,0.07357739344313033
CC_9453654BACE9,0.1565317279857866
CC_945888CEAF10,0.34184630574992414
CC_9458D4A483A8,0.10697433604782074
CC_9464BA7E98B9,0.11261164731970236
CC_94794B478A5C,0.36451474375269666
CC_947E58EFF90A,0.05977432929281501
CC_948537FC17AA,0.7465809181921909
CC_949576D25153,0.07557691787544611
CC_949B8CEAD619,0.08497359070399606
CC_94B4E05906A9,0.1450506877419265
CC_94C3B6F3B0CC,0.1388449021285817
CC_94C3D9D8FBF3,0.6302254989816047
CC_94CD530B2099,0.07884298645575648
CC_94E9D1E527E6,0.05298963457311509
CC_950450C0845E,0.30441104921604695
CC_95169A4360C6,0.05114298903601833
CC_951A69571676,0.05749266531752062
CC_95232636844F,0.25146510446373604
CC_953A5913EDD3,0.17136862633592165
CC_953B678083F9,0.0940979811274519
CC_9541BD0604B6,0.1897825871287507
CC_954404C1BEE6,0.4548186924452672
CC_95444ED71872,0.08054528423762108
CC_9544B86C78A6,0.6948497046015583
CC_954AD7E7C8F1,0.1491491701018895
CC_95525CC6C854,0.14858061991512905
CC_95573B318A91,0.05444851766929702
CC_9569309DC18E,0.0909157752409519
CC_956A2DF28600,0.20689384374938083
CC_957C7A0D7B72,0.37566199634311986
CC_958BECCA0BAB,0.42913984739439937
CC_95A6C4DA2F12,0.5795600435877709
CC_95AB75B5BBBB,0.14258963452507917
CC_95C1274DD7DF,0.03876140476703201
CC_95CD8F6A8CBA,0.04595893964459408
CC_95DD4DC604BD,0.17438418528890567
CC_95E1AC08266F,0.12275868205752523
CC_95E3DDCB74EF,0.0601667732481105
CC_9601384AC971,0.4636891182441726
CC_9608A73A8025,0.15528634940344746
CC_961F3BFBDDAC,0.8215655938681037
CC_96206C1277EB,0.30173976901521604
CC_96396AE6347C,0.19109806623031
CC_96416D2A937F,0.18603674539463708
CC_964C2E0B00C1,0.1855688285416987
CC_9657A2A04BAF,0.23620579137698122
CC_9662D713B7BB,0.22496250207263052
CC_9664F83B7F1D,0.1870886606681712
CC_968AF836D0C4,0.05805269679680501
CC_96A6735A4317,0.09305875706604955
CC_96BC62A4A0AD,0.23659471426877443
CC_96CD75668A6C,0.08160206955339458
CC_96D928252719,0.3597742860837443
CC_96E40BDE9A6C,0.1676222271841813
CC_970116768415,0.22184793280955678
CC_970E94875C2B,0.7230092654520675
CC_9721C8A61D80,0.07196220470443745
CC_972313B0F814,0.17177599907454943
CC_972FD8FFFF63,0.5172798713464529
CC_97478A77EC17,0.17630426947924727
CC_974D14774BD8,0.0621693405381443
CC_974D86BD39FD,0.05438941596973647
CC_97508465AB76,0.12888613501214385
CC_975689C0CD6E,0.0759616905620953
CC_975967702106,0.050981317274234036
CC_975F3F07ED23,0.06348641673339947
CC_976E0D9A64ED,0.39351262412741594
CC_977145B2B363,0.3294106798736298
CC_9772CABFE1D2,0.7775868251216913
CC_9773C1E6AC8B,0.6393151689304575
CC_97832657396B,0.39976536815951935
CC_97963C337FD3,0.5224193845767462
CC_97978B581F20,0.17222680572762766
CC_97A9ECF23955,0.22817638937675583
CC_97ACD6D965F3,0.11936514635316048
CC_97C69AF6E34B,0.7404587503949686
CC_97D0E7256861,0.6579725502942517
CC_97DEBFBE2BDE,0.26481961559256373
CC_97ED469F2950,0.1305983037967616
CC_97EE84ABA6BF,0.25133100767612293
CC_9801B22BF375,0.10397666099949938
CC_9803B6D4D780,0.2663766378498249
CC_980E90C8A301,0.11987201711274065
CC_9814B3D08A69,0.07535847351728178
CC_9821BD45BB0D,0.1668849957741694
CC_9829FA0350F7,0.044658431846716945
CC_982CAA309A38,0.19237380059903297
CC_98346EBF382E,0.15349504102574152
CC_986698CCC6AA,0.13788502941068653
CC_988FC580CD50,0.10870370181211926
CC_989795BA3DD2,0.07876709933072948
CC_9897A1DFE807,0.07203940053719338
CC_98A2C8F4E956,0.07701004295384126
CC_98A3E6CDC707,0.1610101991013671
CC_98CE15EE1565,0.07212944777835782
CC_98D036D16215,0.09946654240951586
CC_98D09B14EE3D,0.5106861168660808
CC_98DB782DF852,0.05436444728993807
CC_98E2EA67BC97,0.0695004657523711
CC_98E6E7CF74AF,0.08809828238044634
CC_98EEEB2A83DF,0.6214577175001286
CC_98F3D3194788,0.128364838984043
CC_98F8A8CF4F9C,0.32998175941979935
CC_98F91BAB57EE,0.15219338598117071
CC_98FA377070FB,0.24025306212469777
CC_9900D0479959,0.3195275943105087
CC_99061A735C6D,0.23221561610363076
CC_99093EC1A2C2,0.11582252579044097
CC_99376CA4DC26,0.04794554905853675
CC_993A588895DA,0.13240820218349697
CC_993EE6417CED,0.07321452077475277
CC_99559319913F,0.045552432849905886
CC_9970123DCC41,0.3107674668412918
CC_998BB6848FDE,0.12156800313744778
CC_99958287B2A9,0.44277731788678953
CC_999BAB2D16FA,0.36806505059162586
CC_999C7029261D,0.6507826986582035
CC_99AA61D1896E,0.09274475793780554
CC_99C03E7D99CE,0.05902137679790427
CC_99C62022794F,0.08567813739940394
CC_99D46BE6593A,0.13426979176928883
CC_99D5A5371B39,0.17500546438238795
CC_99D79709AD9F,0.7169671743460502
CC_99D7DDAA460A,0.198165984814266
CC_99FC44B3C58A,0.13643771699928964
CC_9A02B2A17C07,0.09415676116160587
CC_9A05DE55D408,0.20034718321495415
CC_9A0C42AA09BD,0.5146970577615075
CC_9A2B390551F6,0.07453005636468697
CC_9A2D66206BD1,0.49331559501048583
CC_9A366E181FA0,0.1615103399854078
CC_9A39365FA850,0.6245704020802572
CC_9A42833BA860,0.04696596987811867
CC_9A4911A0140F,0.09007690141417707
CC_9A4FE1E8E0C5,0.29429995832226613
CC_9A51017C734F,0.3829555911855425
CC_9A5DCCD62D0A,0.36211442385599174
CC_9A602F492510,0.19145192188811522
CC_9A66BDD34B89,0.04215650274552334
CC_9A6AB0AB1E67,0.051345135726597005
CC_9A7049ED5656,0.6000669855143652
CC_9A7AF31828E5,0.11588000647399815
CC_9AA750377C6F,0.0997358085220012
CC_9AB359C82202,0.06301991082092841
CC_9AB7BF77EE83,0.7357873869434324
CC_9ACAC8474B9F,0.03581651284929192
CC_9ACCA4FB9101,0.06859767285963521
CC_9AE1529AF9E0,0.12627889431789702
CC_9AEE181F1156,0.24044409023964547
CC_9AFD130D3725,0.08220161118091013
CC_9B09C3353732,0.08786041118949645
CC_9B0D37817EBB,0.08437356997205678
CC_9B290B59155F,0.4410191541283578
CC_9B2D487C64B0,0.10290055197576595
CC_9B3DEC76ABF7,0.07268758909114549
CC_9B4F778D0A6E,0.1632327293003707
CC_9B581A92C2A3,0.42091539293733093
CC_9B5CA8C38414,0.1735612712503354
CC_9B6E82167593,0.18972797586620427
CC_9B6F6B2BCC05,0.276769367787731
CC_9B7FC3DA1594,0.3404026471123438
CC_9B957DC280F6,0.20753709487104766
CC_9B997DF20042,0.25444810188888206
CC_9B9BC4B83736,0.07962681362502487
CC_9BBE1A16C04A,0.19698520870926067
CC_9BC63F1A568C,0.2473577358792331
CC_9BCB0166227D,0.21941260065101273
CC_9BD3DC96ACC5,0.15958350962489032
CC_9BDC5A0E43C7,0.42915085013760657
CC_9BF9485A3F9D,0.23720573530255204
CC_9BFE93FF2145,0.23754556727621673
CC_9C0470A0536E,0.22073649811495816
CC_9C205AF09E47,0.5073613910276377
CC_9C30DC5C1E46,0.05896214229241743
CC_9C325B6CAD11,0.05057624076333737
CC_9C4A200D0BFB,0.4734787884498306
CC_9C5EAF238007,0.2641473870206586
CC_9C601C6BBD37,0.06552761234638732
CC_9C606C2C92CC,0.07108725363348253
CC_9C6192D3A16B,0.08820249245134239
CC_9C84FB9B1469,0.0692486997228969
CC_9C989433D637,0.2362477525960609
CC_9C9B2FEB4937,0.1451007568224021
CC_9CA7FBE1DD54,0.1299623250547317
CC_9CACA50F80F2,0.16413507705177177
CC_9CB40D552388,0.07467264198669504
CC_9CB8127D17F0,0.04496384795344543
CC_9CB9CE2989CF,0.7045902135540234
CC_9CCE51CD83ED,0.7887855888541004
CC_9CDD2F3D0BE7,0.04749930136609158
CC_9CDEC693AA99,0.4223679474181543
CC_9CE9091AA9A9,0.22869713562294736
CC_9D007C60D29F,0.08044761800059397
CC_9D017774D4FC,0.6460429375986909
CC_9D095EC1F232,0.23813322330549913
CC_9D1A1281C8FB,0.2711481029111556
CC_9D23F42B7996,0.48777159523837194
CC_9D2FBC479646,0.6723640958513222
CC_9D363365CAFD,0.10289839063871126
CC_9D44E4543573,0.14738645917832005
CC_9D45F67E3B01,0.06296738627220425
CC_9D535DD207D2,0.08218100424330926
CC_9D53ED53A15A,0.607479229735193
CC_9D5D97AEE98B,0.4710576530824427
CC_9D5F2A5B6913,0.08326438327737179
CC_9D6BC1C470B0,0.5077484727585541
CC_9D71FBDE765A,0.057980989957694205
CC_9D73939E357F,0.08063064858654476
CC_9D82F401BD88,0.5720573082787626
CC_9D8B4454BE84,0.2394690328967051
CC_9D92537645DB,0.05711308676724805
CC_9D95ADE03ED1,0.2755765607906108
CC_9D98FE7A1809,0.05000349892081797
CC_9D9D59757786,0.08476253410022322
CC_9DAEB38616AC,0.14823481674035677
CC_9DD55CC0E928,0.03660682479708957
CC_9DD6B460CDFB,0.2669438510331167
CC_9DD80B5E3729,0.09303564315378718
CC_9DD82B4310AC,0.38156916559940546
CC_9DD9389E8AE0,0.09018940836316713
CC_9DDA8ACEB3D8,0.06916063165994227
CC_9DDCD898D01D,0.12747750300686717
CC_9DDD90B42A27,0.7739328165090821
CC_9DF1807A4316,0.047837467204966885
CC_9DF786FD2620,0.46411517263874885
CC_9DF7B9B3C8F8,0.09806831438734548
CC_9DFF6E2AC586,0.17387421073986237
CC_9E0546BD7BD6,0.1421080720098158
CC_9E0BE8227931,0.12788716994539207
CC_9E1A205BA261,0.3808986910109279
CC_9E2967559B00,0.061900397711257285
CC_9E323A031449,0.732673382902661
CC_9E377CC03D51,0.05406290253195324
CC_9E3B83584C12,0.16667030767800545
CC_9E3D46FF5709,0.5921987709846848
CC_9E4FA91B86A9,0.07217673187087346
CC_9E53534DCD6B,0.16252394770534934
CC_9E73656FC8C0,0.6974552349785861
CC_9E7430675033,0.18526945178627988
CC_9E84CACDD7B6,0.3954914668493431
CC_9E84E0E4C5BE,0.29297182393747345
CC_9E9C65275B4C,0.08639609005527932
CC_9E9CB6473D59,0.1909198142046023
CC_9EA4F11BE6C2,0.16727448688299687
CC_9EBE3F26F2FB,0.06956917293181811
CC_9EC23AB6C573,0.31080142603010164
CC_9EC34DDD0E53,0.05671445556831666
CC_9ED8EDFE8C55,0.08372549973087828
CC_9EF352F179D2,0.14323251577378304
CC_9EF505400F8B,0.6364014317851773
CC_9EF66D83B743,0.33443818081874954
CC_9F051572BFE4,0.18655930148317856
CC_9F151A782BAC,0.2531235948735447
CC_9F1A5DF4619C,0.45894748294771925
CC_9F1BF78ECD7A,0.09755333625206228
CC_9F263092AD72,0.15828355818297019
CC_9F36EC36A9E6,0.0987255822059893
CC_9F3D52242888,0.17010874532072262
CC_9F41F312CDBB,0.3377938287521983
CC_9F425167F9ED,0.1497710434091576
CC_9F6981E0009A,0.35864635964717667
CC_9F706DFE0AE7,0.04087220136312678
CC_9F7B525DD52D,0.2947497402905152
CC_9F8D5A5A9DAC,0.1590028442812333
CC_9F8FAE57E6A8,0.13143674983661216
CC_9FD1AB8E65FE,0.04874791880514989
CC_9FD2689202D5,0.15684512398853667
CC_9FDBB5C2CD09,0.042290060964646194
CC_9FE52BD71CA2,0.11842974789215832
CC_9FE8E62EB24D,0.08990567120754347
CC_9FEA59AEA00C,0.22165505530093638
CC_9FEA77B36A29,0.33155986977635976
CC_9FEE9701D16D,0.25651357742560243
CC_9FF35BA60E6E,0.27101024946178753
CC_A0003F08B22E,0.1890467211187503
CC_A00AE2543224,0.07036819580398344
CC_A02A29DECDC6,0.10226345167149704
CC_A0336C21117C,0.6342307787708347
CC_A053B42BBE0B,0.07931497425327996
CC_A0591F16FA37,0.04218528839876757
CC_A05F962C80FF,0.13732713650500242
CC_A07B0549E53F,0.06841885912399527
CC_A09F230CCF5D,0.6320934259580548
CC_A0AED6346ECD,0.1745178226967532
CC_A0C4A796643F,0.130818787320217
CC_A0D6DDFB430F,0.06775101821033315
CC_A0DF672F9C4E,0.131306260988669
CC_A0E8C7C5558A,0.2469608934892828
CC_A0E9269DF22C,0.4694683542807693
CC_A0F1DB5CB28C,0.10135717899244656
CC_A0F42B26F8F0,0.06049505647397045
CC_A0F8F80EDFB0,0.06437827550380315
CC_A10AD9550E4D,0.04149805990793701
CC_A10EB26E5EE1,0.15826988005176001
CC_A111B065F623,0.07212343382411004
CC_A113D95B4AB2,0.1240278865111866
CC_A1320C0F0129,0.657360199352591
CC_A1348D850EFD,0.7566535746062748
CC_A13D08B372E8,0.07713472846459504
CC_A143E64BD9D6,0.36932802219981836
CC_A14B0A24DC3C,0.11753829055474502
CC_A15137F25F7C,0.08609561422842626
CC_A152DBEC5BE7,0.053962275945660235
CC_A1591CFF6D81,0.05837560988033701
CC_A168CCB582C6,0.2703397859685024
CC_A17DC38133CE,0.7573328116472573
CC_A185D5EA3DE8,0.6125707746438571
CC_A19C842508E0,0.12216717058927198
CC_A1B648DA406D,0.038527954064455916
CC_A1BF7028CAA8,0.037029394176771355
CC_A1D035FA36E1,0.07722865383573049
CC_A1DD653D41A7,0.10910866993538723
CC_A1E3AD4B934C,0.2944527266348713
CC_A1E58421CE87,0.05106685170127591
CC_A219144EDEFE,0.0662093717664118
CC_A21FCEEBB3C3,0.4304045431752056
CC_A220E4278D79,0.05400671880639238
CC_A2231BDC961C,0.2723874194354815
CC_A234E219EFC7,0.2577193375738176
CC_A239B1BD81FF,0.08433137114386338
CC_A23D8CFFA31F,0.07271102148067604
CC_A23F463F4B4D,0.050443568649805676
CC_A23FFDC4A7A4,0.0865254144329879
CC_A2423E273F84,0.10348164845262978
CC_A2493E6036AD,0.2817588309795716
CC_A25C54470CED,0.13534021689707426
CC_A25FA690BBBC,0.13327395614763599
CC_A2636CF7C075,0.093460123618753
CC_A26C22870E3D,0.4648644607426785
CC_A26F6A272B3F,0.0955149796761481
CC_A27CDC9BCBAA,0.17883937029460084
CC_A27E5269DA60,0.18305128650744912
CC_A28D4A46B6FA,0.10424369044516328
CC_A28EB319030E,0.05107339241560316
CC_A294D3A59462,0.7913143036762225
CC_A29D8034C304,0.0780166896053262
CC_A2A109409963,0.05624494076584309
CC_A2A4FA5F9962,0.12812568709266217
CC_A2A7E30C59D0,0.17025844904761284
CC_A2B5D2D4E269,0.522539749048253
CC_A2BB24180208,0.21019538375994523
CC_A2CF1DFEFE46,0.4893311534078671
CC_A2D6090EA5B8,0.12911661335763253
CC_A300BC40BC9D,0.045995088587949554
CC_A3212501F639,0.1872549228587183
CC_A3278A566572,0.06119196965583021
CC_A327EBE4F783,0.1792484589801145
CC_A32FB6659B01,0.07739511949908438
CC_A33915EE72B6,0.15314987708169603
CC_A33D350BE79E,0.18321243769905396
CC_A3553B8AA8F6,0.12185058773344629
CC_A36EB077BF3C,0.03988361249494293
CC_A3753EB66DEC,0.11643869574567234
CC_A378342AC9BB,0.1663065316458835
CC_A379E9455C60,0.19603911463048634
CC_A387ADBD7249,0.09931694257926615
CC_A39E961FC29F,0.16336197310095835
CC_A39FA1EF0B16,0.2619386755448499
CC_A3A4E39FB04D,0.1776244914016676
CC_A3A751BE68D2,0.04947360038662637
CC_A3ABB3C5E9D5,0.6624012827880688
CC_A3AF9C2C68F1,0.17972269696988685
CC_A3BEA14873AD,0.13235954188654553
CC_A3C2FEE13C37,0.12360350424613362
CC_A3D6435D5F17,0.15223185004818474
CC_A3E3E51AD0E7,0.06792955521561467
CC_A40566694D53,0.24520681493289623
CC_A410C0DC7125,0.04488487756630144
CC_A42168D2B94B,0.07677221077363125
CC_A43CED9AFEF5,0.4031344148497531
CC_A4475A788D13,0.13415404459560448
CC_A44D677C0C07,0.07296282029281193
CC_A44E2673E71E,0.04926602873398009
CC_A44E79A96425,0.26988714135573205
CC_A462CA147DB9,0.13662741156088912
CC_A4660E424386,0.19852019654956182
CC_A476C9F116F6,0.1279935586025891
CC_A47C83B6EE2B,0.13891138225827965
CC_A47F8594678C,0.29495649638931726
CC_A48A7592F96A,0.05182245569268859
CC_A49195E659EE,0.05311147897606036
CC_A498A936AD21,0.10603369805097457
CC_A4BE6692361C,0.6460979874837345
CC_A4BF2115580C,0.08032868595904959
CC_A4CACCD14A0E,0.12073301820949153
CC_A4CE57A1AB74,0.07031042952635186
CC_A4DE4F1B5F93,0.18378637820304267
CC_A4E300558DAB,0.05436264178272899
CC_A4E972915D89,0.7315932074765183
CC_A4EEA04CF3D0,0.2156838750417255
CC_A4F400E9A0ED,0.061148512379857425
CC_A4F550D7F95B,0.1903749916230918
CC_A4FB91B1BF31,0.20398961833372992
CC_A500C1ED0A33,0.19890300155114954
CC_A50471962A96,0.6505972927803374
CC_A5161D8AA57D,0.11489975669777978
CC_A519C84307D2,0.08360689977837402
CC_A5277A9BE02B,0.7366116937848972
CC_A53578FCEA71,0.11307064216597704
CC_A54EAD1CCE27,0.14504243127641375
CC_A5512DA239BF,0.1619506277019398
CC_A5545DF298BE,0.06102977020402141
CC_A556EEF3010C,0.43155448519666006
CC_A56756C65136,0.37278401268014383
CC_A5852E06D2D5,0.2695861803805525
CC_A5886994671C,0.19036830509349809
CC_A594D8B41A99,0.06164068823102241
CC_A59C6A6B71C3,0.06862174102518867
CC_A5A06987AF5C,0.19639473478732827
CC_A5A1512FEEFD,0.17782842509285218
CC_A5ACE4284283,0.1609202660174473
CC_A5B10F07BCD5,0.09583397095314858
CC_A5BC9ACDB4CD,0.07325028327124145
CC_A5BF8B260922,0.45244002467765954
CC_A5C52379AE06,0.26826091021086557
CC_A5DD4441568D,0.041615189264612676
CC_A5FE3BE2949D,0.05705637337812956
CC_A60EF94F09C4,0.33191243755214106
CC_A628BE74CB45,0.16653872346452891
CC_A6292E9B43AD,0.06754237504737051
CC_A638610BF8F8,0.12869142751262308
CC_A63BBA86CE9A,0.28537711427991275
CC_A63BDDAC43CB,0.06479249585099936
CC_A6409E37A735,0.13294146670846577
CC_A655EC341406,0.137076082135017
CC_A6562E47BFC7,0.21844996041552894
CC_A6563A22D668,0.7344062848207598
CC_A6601278C1BD,0.09257966693435285
CC_A683678AC9FC,0.3010288039146191
CC_A6864FE80A94,0.10398501804495623
CC_A69117CC3C24,0.10402543273134872
CC_A69928C7D217,0.20803703715319788
CC_A6A8BAF7124A,0.2706745247526553
CC_A6B7DFC69AAE,0.5914661941369846
CC_A6BB595B55AA,0.06887823649718458
CC_A6C5284C4586,0.12951246055496893
CC_A6CB0D0191D3,0.09961756512121327
CC_A6FA3FA9F0FB,0.10400041140541626
CC_A6FDADD23BD7,0.04377947189121757
CC_A6FE3938F001,0.18163324721665708
CC_A71DB65F0BBA,0.6757218842624495
CC_A730F4964FD4,0.11319321970331805
CC_A73C02C58DDA,0.09661675439217082
CC_A746BC2289C7,0.3065866225762187
CC_A766C3608214,0.12768534832200196
CC_A76F48111A8D,0.11304082916537729
CC_A77AEC8AD2D1,0.037983176038985586
CC_A781174166B3,0.18771978348152757
CC_A79024286DFF,0.07210128941493947
CC_A792720B875E,0.091032248628092
CC_A7952C2BC5B6,0.08020778999201672
CC_A7954EE1A1C4,0.04962514643454459
CC_A7991E6B3CAD,0.23828239772813073
CC_A7B141DF4AAF,0.06724936510934301
CC_A7BE2CED0B93,0.06203339731515039
CC_A7CF446093DD,0.22511779609791296
CC_A7D1C6692090,0.08487835456315362
CC_A7D6CAB54328,0.4218187835960704
CC_A7D8D1DA4EA6,0.13677774414972077
CC_A8102BA6933F,0.06479131652002247
CC_A81C1EDC5FE0,0.09682841278021612
CC_A82C0FDDC303,0.28155666552185904
CC_A83F92C0CABC,0.13109204973647257
CC_A849B0F60EEC,0.07049311522809093
CC_A852AAB180D7,0.0458065908091661
CC_A8536626873D,0.19421413634979867
CC_A85F953FFD40,0.38816176726942675
CC_A865A3F1E28A,0.6589428754209264
CC_A867253FC73C,0.7039086088238842
CC_A877592FE1AF,0.06553136942616597
CC_A8AE26057851,0.14218216933063527
CC_A8D50530622B,0.1465322447507909
CC_A8D5C834B061,0.7111980226234434
CC_A8DF49EED27D,0.7698046774692945
CC_A8FB53A944AA,0.09457563589160713
CC_A8FF19BCFB18,0.16246128134077095
CC_A9042AA97760,0.06741742313606625
CC_A917D68B7F33,0.05769459887114231
CC_A925B3023F01,0.13922612805046686
CC_A93A49678A0E,0.719352585835052
CC_A944C14551E0,0.12718580425282516
CC_A949A4D6CFDF,0.04152025029020254
CC_A96085AAACBB,0.48750782688577543
CC_A968E7B519AC,0.5471487686199357
CC_A96F61DA3920,0.254034021889726
CC_A98AA461487F,0.055363591994901144
CC_A98DE37F48B1,0.04438617524211038
CC_A99526CAE7B8,0.09823146260961335
CC_A9997F50D935,0.11906545866365956
CC_A99C3B09B728,0.05763969990099814
CC_A9A0DADE60F5,0.33132183955296923
CC_A9E27E0F8BF7,0.12574511473141853
CC_AA06B8C44B08,0.5189850263611074
CC_AA078692F54D,0.05466580693328009
CC_AA3181148667,0.11582277350926161
CC_AA36C8AD0AD4,0.10715423043682362
CC_AA36F0397FF6,0.09374242126994028
CC_AA3A8989A632,0.6761108294786871
CC_AA4A1B7522D9,0.08747429206328838
CC_AA4AE0378324,0.23116724246211945
CC_AA5E4D5A692F,0.14958053148280664
CC_AA68EABEE4B1,0.07941151185240919
CC_AA6B5A7A5B67,0.09699868479471058
CC_AA6BD423C239,0.4099260094048691
CC_AA7074B42A4C,0.4921902709622694
CC_AA7A7F3159DC,0.10010127876877425
CC_AA7BDEB972E4,0.13242993571200135
CC_AA83426311A1,0.061297996067107126
CC_AA8F7D307212,0.1298144805839854
CC_AA994120654B,0.07915550027550328
CC_AA99CC1D0A77,0.09456339259177085
CC_AA9DF917E958,0.14080073937493048
CC_AA9FC6678135,0.3294881040482883
CC_AAA47EC0D4CE,0.08183829118721923
CC_AAD9F600283C,0.11257377933481465
CC_AADF003A3927,0.056094105023712024
CC_AAECFE806C8D,0.18965046159702753
CC_AAF2022B9CD1,0.19912066206959353
CC_AAF445E4CCF4,0.07238139785043261
CC_AAFDCAA5CA06,0.6792308324674023
CC_AB0384E131D8,0.1914446726084753
CC_AB0A4F4A2968,0.16898283020148247
CC_AB108580856A,0.09617471777521859
CC_AB10FED15FC0,0.7820233930995969
CC_AB176233A184,0.07343540195735426
CC_AB250982887C,0.13987654514535103
CC_AB25C565EA6F,0.06403071405650759
CC_AB31BDAE74E0,0.2174627279609104
CC_AB38A76F5698,0.38920846720114766
CC_AB38F588BDD4,0.1913900502709727
CC_AB3DB55C9A2E,0.14721409065088187
CC_AB42A7DA8FAE,0.17229797194813054
CC_AB486E8855F7,0.12784253452445798
CC_AB4A79BF0F21,0.04819689434043593
CC_AB7472FE1C8B,0.0705759261996097
CC_AB78F64D1DA0,0.1368944690809924
CC_AB821E2FB031,0.05265010892281652
CC_AB873276D910,0.056629618801615336
CC_AB8CF3C05B61,0.12077992163051036
CC_AB8DD8448ABE,0.34024930857318814
CC_AB953366A38C,0.08813175531179532
CC_ABB193697B23,0.5827357150232888
CC_ABB3F0A040BD,0.10968857173538213
CC_ABB618AD3E52,0.2144802508783646
CC_ABC0DA7DAFA5,0.05064165763234762
CC_ABC49E43DF40,0.6082461674091
CC_ABD89F61734F,0.11001031833351474
CC_ABE04CDC2866,0.5714717129960827
CC_ABE98746DB91,0.535401496292999
CC_ABFDF22BBD97,0.06193795494974093
CC_AC0498A54CAD,0.2648449314866588
CC_AC1C23EA2767,0.2942733210714137
CC_AC1E028B2A1A,0.09170083463899117
CC_AC255B902EEB,0.13375075953462
CC_AC44A88F7869,0.07258806539137376
CC_AC51CBCACA63,0.1351431014946054
CC_AC723E5F5EFA,0.043025026093538796
CC_AC7994A5FDC4,0.11424817335603803
CC_AC7EFDBCF2E8,0.708610983595365
CC_AC8A45716CD8,0.1559239724338305
CC_AC8FB78319A0,0.043090810069071186
CC_AC95C517E726,0.08958627316157172
CC_ACA4C6C9316D,0.0745398291758677
CC_ACAD97A186F4,0.08652188821101012
CC_ACC12168D6A9,0.14494830413174553
CC_ACC53294D3A0,0.10252177277460309
CC_ACC6A74A8BEC,0.07641828289819315
CC_ACD94D2B1200,0.06446735570514586
CC_ACD988315902,0.0452503684352537
CC_ACDA59536C9B,0.09259709649681219
CC_ACE5A4081F6E,0.2474144822225828
CC_ACF4F9A2CCFC,0.18570483719028064
CC_AD0D7D212968,0.37123702979724027
CC_AD131D09EB0F,0.11859033274570224
CC_AD13C87CF26E,0.17316876518613214
CC_AD2050A0C79D,0.2022069609440773
CC_AD276D71D3A7,0.3164871234427723
CC_AD2C54521FE4,0.19139930739404432
CC_AD2E59624FEC,0.38958512564028736
CC_AD3A36AF2840,0.22545809334651934
CC_AD3D286D0B68,0.17158290126018108
CC_AD46818E459F,0.6293706277068472
CC_AD4BB2E22EA9,0.2109937197114075
CC_AD4F7F88242F,0.32269166117381964
CC_AD58ADCD54CE,0.6937977598413374
CC_AD71619FA389,0.12880914484582415
CC_AD84592B950B,0.08310055630278407
CC_AD9898C0E8D2,0.16248350591802857
CC_ADC70A21D661,0.23131858692755053
CC_ADCF16189AF2,0.20319591586155225
CC_ADD894E6E4F4,0.34062798837416103
CC_ADE899835555,0.11857712452707515
CC_AE0D73A1EE19,0.3525382060736448
CC_AE0F08EA3935,0.20835939795523903
CC_AE23B59E6FC8,0.2751055947870912
CC_AE289E013D60,0.09283220549935839
CC_AE34D3F7F224,0.6412418500748265
CC_AE4069D8B4F6,0.2071399157179338
CC_AE4896E2BE76,0.5966007603339507
CC_AE51DCFE0671,0.09883170347223925
CC_AE69FEA8DA68,0.18061324375309795
CC_AE7C129CC90F,0.19222974517262112
CC_AE7CD49F20AB,0.1601028984638765
CC_AE89526E0335,0.19044775084105653
CC_AE8D62CF30C0,0.14347449936580303
CC_AE8D9CE8D6FE,0.04977695007006251
CC_AEB019CB9065,0.16844557902704474
CC_AED1D50AF584,0.10068600658774429
CC_AEE546316FB0,0.22421959010564724
CC_AEE5FA00FA6C,0.42157127006382
CC_AEEC765D157B,0.04961632114312271
CC_AEEE44D6C8A4,0.036477236850793
CC_AF14FF3EF570,0.36370480607385897
CC_AF1C3ACBA6B2,0.11447901101935787
CC_AF1E911C98B6,0.3230571738100793
CC_AF337F410520,0.0891594602434192
CC_AF3C7BC3BA40,0.10944777591472298
CC_AF41E4075C87,0.2614528029009916
CC_AF6B4405276D,0.7412678971547051
CC_AF78FE0BDBEE,0.11397005178265371
CC_AF8238D9082F,0.0712434189201889
CC_AF8CA6EE53C3,0.0634335169844786
CC_AF9AFA7C49A8,0.08639422057658586
CC_AFA1E3D3C685,0.13602816309010332
CC_AFA680030CB4,0.5430515061761889
CC_AFB351270B8B,0.045347009897739515
CC_AFC405AE0029,0.07763883054236467
CC_AFF90422E4FC,0.3925441238989906
CC_AFFBE2744B87,0.7334090866081948
CC_B0043CA53FCE,0.08869809430681508
CC_B01B2BD4EFD7,0.27334738204599096
CC_B01E87EB9940,0.1247610886303169
CC_B0273E66E2A5,0.14342139444947244
CC_B03E98085A9F,0.072504908516516
CC_B0420D8C42DC,0.48354049779253894
CC_B0497BEB9F6B,0.13755511349432184
CC_B04A5E60B69D,0.08460435411289069
CC_B04D5517A193,0.10612630865781959
CC_B05FF3A960A0,0.22222975620707758
CC_B06A532EC131,0.1861677567968267
CC_B06D33A6761F,0.12755299916085627
CC_B074D4472CE4,0.045090785706821346
CC_B07CE95BCD88,0.35666119999015883
CC_B07D79368225,0.11769411632105797
CC_B07DD1ABABCE,0.7229085904829262
CC_B086C2D77820,0.1904946681869329
CC_B088DE9C9E3B,0.24009319771421844
CC_B0CD7932067B,0.11304079637150075
CC_B0CF90073A5E,0.6327929615229159
CC_B0D397D86639,0.6327879189736093
CC_B0EF4FD19FEA,0.10262686297236676
CC_B0F2F9514AA3,0.08724999853281783
CC_B0F3B79F51C8,0.158335757509914
CC_B0F4041B1C76,0.04056002852210199
CC_B10FE31C61D5,0.08519406742061744
CC_B114E8F19D65,0.1359550505526747
CC_B117F0E3CAAE,0.13314461165794528
CC_B11D58F331A9,0.04461035327401432
CC_B1262188BC41,0.08868792639641493
CC_B12FFB2FF21F,0.08696407340393034
CC_B13253F34A9F,0.04758589445313913
CC_B137E2BBB53B,0.07322717624179853
CC_B13FEA7CDB99,0.08601944696391794
CC_B1481ED21111,0.044235527819599635
CC_B15BE5C9976A,0.24524825027336983
CC_B15EB6933578,0.07306466305835113
CC_B163CCB3BE4D,0.1267446515433743
CC_B16DC354FD71,0.3763844169060283
CC_B1777349EB15,0.15496200703555724
CC_B17C6CE0231F,0.2515255728483771
CC_B17CA8C22E5C,0.1188872671503208
CC_B18F3C9C30E4,0.1837943505107363
CC_B19CD93DDC96,0.07638088646164934
CC_B1A647674B84,0.09660325325687666
CC_B1AEC2E5E33B,0.2169690016962773
CC_B1B5C81AC0A6,0.05874637020439588
CC_B1B932EFD646,0.1801080633313713
CC_B1C3C0B52B88,0.2545914164071702
CC_B1C7216344F3,0.08762108541143522
CC_B1C982DBBD12,0.3252108682304855
CC_B1D81F8197B3,0.30760542890527737
CC_B1DF1DCBDC7E,0.5302029673788995
CC_B1E2C36607CB,0.08137659787266624
CC_B21351C93D8C,0.13108688632483007
CC_B2174860AB11,0.7433140650400394
CC_B235818E6A04,0.1701239093855172
CC_B23CDE30F00B,0.08185485633892069
CC_B23DE4971DF0,0.4677308612467045
CC_B23ECF574D8E,0.06156670125757595
CC_B24C41DDFBDA,0.2323848152069504
CC_B25EC73B9510,0.13585948858621638
CC_B25F69904D0F,0.07798613140746119
CC_B25FB6C11D05,0.6362999624084706
CC_B264F2B92259,0.5705246346220343
CC_B26B8FC23F1B,0.057991457937013935
CC_B272E29922B5,0.13099653259494842
CC_B27AA8E27BE7,0.10799988509691155
CC_B2A68FD3C236,0.11200962786800506
CC_B2AC50C00979,0.10421800388908234
CC_B2B16D7B821C,0.18149852200727679
CC_B2B32F1511E4,0.13109444320144437
CC_B2C241A93527,0.0769342965616381
CC_B2CB104FED6B,0.6073813833803263
CC_B2D352013F92,0.11896434542768582
CC_B2DF694BAB08,0.11367681838731325
CC_B2E993A9343F,0.2421539766572497
CC_B2EF61C93AB6,0.14630725433037084
CC_B2F94405EA89,0.12139047437020095
CC_B2FC07BF6251,0.05226144717600033
CC_B301A65B4164,0.11406888764912515
CC_B313E3A208A2,0.185660451540322
CC_B318FF5D976D,0.14921592685399518
CC_B32AEF0A2299,0.06193524370288375
CC_B33BD3C618EA,0.10241801657074259
CC_B348627365A2,0.13447036626938907
CC_B35109450BDD,0.04433825656308129
CC_B3528B870544,0.09727751671866385
CC_B3530E7CF8F5,0.11123591257777041
CC_B35C5B1DB9C1,0.06763419378065005
CC_B35FF59389D4,0.18888367349733642
CC_B3812C6700F2,0.6489465243444794
CC_B38280B483B8,0.1366032628152411
CC_B38B694A18EF,0.45565422833478897
CC_B392BDECD913,0.3298305829664079
CC_B398DF1ABAD4,0.04826751450790265
CC_B39E75E151A1,0.09908753443604715
CC_B39FD0E249E8,0.04951982349438917
CC_B3AA0891CA5E,0.3819401618060311
CC_B3B1C8EBE5C1,0.11395622568276308
CC_B3BBA28E2D39,0.42856020014177815
CC_B3C4DB0303A7,0.09570801566381995
CC_B3D32FE823B2,0.04057703055634304
CC_B3DA429C6C8F,0.09188994379314097
CC_B3DC5786AB0F,0.18272350820314903
CC_B3EA537531A3,0.1431290951705714
CC_B4096D3A38CE,0.04524357761507955
CC_B41EADCCC95F,0.06265947808091628
CC_B421940B9A48,0.6582302859497784
CC_B42B3B83935C,0.808874972179642
CC_B436B1CA6B2F,0.06461390008223994
CC_B439B06AF274,0.2574603266981567
CC_B4482E7879F4,0.06934662403580566
CC_B4660022C612,0.09424021553785715
CC_B46B899B4A63,0.14637718249537218
CC_B470280A580D,0.13244264481962886
CC_B471D3BF0C72,0.5209391688730212
CC_B4751DEE43CD,0.17222489074600575
CC_B482C254BAA5,0.05574517061076667
CC_B4889D036D3C,0.7021791761225744
CC_B4950F811C90,0.1458235137004876
CC_B49A6DE7A340,0.34871840329940007
CC_B49CD4C13DE8,0.3399438669851813
CC_B4A90370CA96,0.4617375847975648
CC_B4ADE6BC8A10,0.6662538424978987
CC_B4B6F805888C,0.04478875932830346
CC_B4B8F66BF4ED,0.6879456204356091
CC_B4C6F80DEE44,0.04638477826087458
CC_B4CCE78C09EE,0.16157478916722284
CC_B4D68D1C1C55,0.19618833521491957
CC_B4DAED63089A,0.142910384171011
CC_B4DD9841E6FD,0.2451447090542878
CC_B4EF6743DDCF,0.08359613461426049
CC_B4F67F73D097,0.09683074053508584
CC_B50EB15EBA18,0.10353820031845169
CC_B51DCAAF4549,0.1530418968894311
CC_B51DFF8702D0,0.5666521322854396
CC_B520A001BF69,0.09610440519720084
CC_B529919BF24E,0.6709957041392121
CC_B542342650A1,0.07407133273908326
CC_B54A106E91E4,0.04519256056163461
CC_B54CFFC21F2B,0.12118887725207636
CC_B55C134C04A5,0.18496529320517574
CC_B55C2DBF6D3C,0.1910360572898564
CC_B569705352B4,0.10888335902324837
CC_B56E74A967C3,0.048103729252138266
CC_B57519F33EEF,0.05041991061821782
CC_B582E4405D85,0.10547490759709774
CC_B585A11F7BA7,0.13518138574319186
CC_B59726D36AEF,0.18955326948386386
CC_B5995E4F1A21,0.14000946818443855
CC_B5AC2AAF871B,0.7513743997897926
CC_B5AD19125E1B,0.2046111897936586
CC_B5B1E42858AC,0.06069532373455173
CC_B5B7599E8BC6,0.0718168897935321
CC_B5CAE0595637,0.22446940279261351
CC_B5D49843A799,0.33959904211404013
CC_B5DDFC7AEE78,0.09377118520089028
CC_B5E29344F63C,0.21207754136804338
CC_B5EE5AE6378A,0.5130613833806189
CC_B5F2A93AD996,0.09635802442563371
CC_B5F611613A78,0.0751306500706783
CC_B6055039255A,0.7375243408465644
CC_B607B2B0AFB7,0.05245017292159761
CC_B60CFD0F39F9,0.07949055243842384
CC_B620087B1C52,0.3673801125704692
CC_B6203BBBD151,0.1042493315347604
CC_B622662E664A,0.1406209352964027
CC_B62C9A2BC846,0.1540983420458048
CC_B636210548E5,0.38195249151273564
CC_B642C6714501,0.07249657105671034
CC_B64F81B8A263,0.13368545067428228
CC_B65CA581B9BD,0.1513224603227591
CC_B65D1B9B6F67,0.14811492410176846
CC_B661A8FCA431,0.046261597146176
CC_B66AC40957D6,0.16710297613732802
CC_B672B35D1162,0.6918937093386102
CC_B68379D197F6,0.09669917654853821
CC_B6923D10FDA2,0.14168853727041875
CC_B69CC776BBE6,0.22686616416853067
CC_B69E50D76B29,0.10021602621416384
CC_B69EAA8C296F,0.2484266339118611
CC_B69F7CB8CDA0,0.07292859124511938
CC_B6B4AD157354,0.13638817374167012
CC_B6BD764CB8B9,0.19819360244331297
CC_B6BEC3F4BE91,0.1571783405762987
CC_B6C13F4A610D,0.26090223769177867
CC_B6C1C3B5766B,0.1051093212038059
CC_B6C72241926C,0.1335489534297927
CC_B6CB40E245D7,0.6471422568459715
CC_B6EE58A108C5,0.07568142415496999
CC_B706F631F5BA,0.044052009218650504
CC_B71DC1206985,0.17398458820514745
CC_B72284CED807,0.18617228843291697
CC_B727865A5B5F,0.6365323855351573
CC_B72FD7EFA6BD,0.16140528604604998
CC_B7365B5A3392,0.7531695257557255
CC_B73820D308C9,0.1135917084977923
CC_B743560D847F,0.08677688168578493
CC_B76EF26F7C9A,0.33331686941551486
CC_B7764FC130E8,0.4156251293964823
CC_B77B73B95532,0.1321094614836733
CC_B77D6653C7D4,0.05130213858015608
CC_B77DA6B77DEB,0.26938589669041163
CC_B783AE19622D,0.15973517581634966
CC_B78761738CAF,0.03438660461268415
CC_B787BA135B5D,0.33539823022697535
CC_B78B4449EA19,0.11039231127269758
CC_B78B4B7F80B5,0.22171228269093535
CC_B78BEE888CA6,0.11030622968419337
CC_B791FEE1CF37,0.0666301005281355
CC_B79A58AA4441,0.11468955135048843
CC_B79BEC538198,0.11848350575152716
CC_B79DD53178D3,0.06719250599356907
CC_B7A7EFD85149,0.17370592810013785
CC_B7B5F2A15C41,0.10855351894391368
CC_B7BC46A7D4DF,0.09115261131985852
CC_B7CBC65D9AF9,0.5217283179870548
CC_B7D40C5C891F,0.09245245856522141
CC_B7D4337C4797,0.3358134022140977
CC_B7DA04826165,0.28242028313112366
CC_B7DC19DA1440,0.13456823365114465
CC_B829EC622F0D,0.5208672666961573
CC_B82B9C0C7B85,0.6214287565963814
CC_B82C55DEE5E6,0.21363033009079008
CC_B8475B977AD2,0.7333082569002293
CC_B84BD2F4EB01,0.19804840430262405
CC_B86DA7D69F20,0.051579801309913215
CC_B87989F406EB,0.20934751797697015
CC_B88B702183E7,0.04101664519374454
CC_B89B80945ADE,0.1915462028304871
CC_B8A3A44BFE8A,0.4085822576863419
CC_B8A7A6548AE6,0.15634896444403296
CC_B8A8FB83065B,0.1501890808480439
CC_B8AAC20D626E,0.17802698797073196
CC_B8AC99873641,0.0668708242396445
CC_B8C9673B7834,0.1027913382703998
CC_B8D5FEB15CC8,0.08067411837552776
CC_B8DA64A33076,0.5234528498187098
CC_B8E912A01706,0.6318473590898184
CC_B90869280808,0.13074890282493928
CC_B908EC99951B,0.33594774613654105
CC_B90CBF2A6775,0.06190727370153787
CC_B91080C1ADA5,0.34737455161146735
CC_B918FB42AFD2,0.19760175378677486
CC_B92CA425080F,0.10589497037094414
CC_B937F632B71D,0.15469338151628653
CC_B94477C20476,0.3449200285813049
CC_B9483A5C922C,0.10689149613234138
CC_B954EC1C63B5,0.2553211992562586
CC_B95580F93537,0.05333143176263004
CC_B96086044329,0.08096494069929341
CC_B96EB0A91589,0.2484539659509522
CC_B98357C70A41,0.6323888112593012
CC_B9929A66C2FD,0.6469905686495834
CC_B9BB52E4C529,0.13900168897520537
CC_B9BD45744855,0.7601789109176118
CC_B9BFDE4662AE,0.09266599256789275
CC_B9CEAF324145,0.046454203256158726
CC_B9E89F42B509,0.19366169274634676
CC_B9E8A3887223,0.21103974190722086
CC_B9FC67268C45,0.2500459194435153
CC_B9FE9DFEB3DC,0.08750682240554275
CC_BA041E14DD98,0.06810130038798588
CC_BA0619F54427,0.10245046671342989
CC_BA15072C4EC2,0.3527728064621283
CC_BA183CDC5429,0.7995695421628036
CC_BA43646012D2,0.38788458717187957
CC_BA4F7E494E71,0.4444333716827993
CC_BA557F75E2DD,0.20143553297828398
CC_BA740903CBDF,0.15535719712547236
CC_BA77722A827A,0.5520075202706991
CC_BA78E47BB021,0.22212119272987974
CC_BA8C427054F4,0.045825389170932554
CC_BAA19F8D2563,0.13173734506548193
CC_BAA1BBFF8C6C,0.3284537311462297
CC_BABA44B5FB12,0.08360659322114192
CC_BAC25BCCEAD2,0.06234930746859099
CC_BAC74D0014D3,0.37270850880779305
CC_BAD99E36CC71,0.28465380371963045
CC_BADE7EB1D16D,0.7583043076930662
CC_BAE7410803AC,0.165413580169459
CC_BAEBBF8054FB,0.1356578769908485
CC_BB054686B6F2,0.047569016690827914
CC_BB05D9DF72BD,0.06693418747852414
CC_BB0D54068D07,0.7761306413037552
CC_BB15DE5E0DA0,0.7177536492359022
CC_BB1A57AA813F,0.13331976563818135
CC_BB1CABE261EB,0.11871285124556387
CC_BB2BC46FCF61,0.2377303683117919
CC_BB2E5437EE04,0.04770150523730202
CC_BB2EF1FF6131,0.08778146621362977
CC_BB2F56C6BF57,0.10700901701929638
CC_BB35CEC5314E,0.1026429732602013
CC_BB39E3597B61,0.05219730956156152
CC_BB3A9EECD51E,0.09064771724522033
CC_BB44CDEE5103,0.18009935230707666
CC_BB458116ABA4,0.34532945850542396
CC_BB5F6936F6FE,0.24380476225590944
CC_BB666F8A551E,0.08061435038396152
CC_BB7355E735D2,0.11218712947173258
CC_BB8A2F186D6A,0.051497097752651426
CC_BB9FDED12C65,0.6416978668407041
CC_BBA8C316C8F8,0.09184281048523983
CC_BBADC7DC73EA,0.18941254582725764
CC_BBAEA7980B09,0.4854891219340669
CC_BBBA078A6429,0.7715075445107307
CC_BBBFC3EC2C72,0.4017964703479373
CC_BBD34B3225EE,0.03700403242933703
CC_BBE6C58C59A4,0.39368856049245793
CC_BBEBBE1E226D,0.12407436800791125
CC_BBED56D34D38,0.10943239694406967
CC_BC0244FBDAF6,0.20425430053397653
CC_BC099E880236,0.1616951961443965
CC_BC0F05C89E25,0.16867819364102055
CC_BC1BD06C1085,0.09572455366057445
CC_BC21E8824A34,0.4402267787886187
CC_BC23655B2BF4,0.06981340508494929
CC_BC24F9024F49,0.062307886141397456
CC_BC2A58939715,0.1125876410435921
CC_BC2B90F226E0,0.22245208043361567
CC_BC31382964E4,0.052827947352623514
CC_BC31DA3EAFFF,0.14200403543157114
CC_BC3A6CF6FD16,0.13813329294908794
CC_BC410BDD9ED8,0.2509375444029071
CC_BC458960887E,0.14121280037542494
CC_BC484C329704,0.14730433679017094
CC_BC4D6D6D4553,0.35391784289736405
CC_BC5A59D88AFC,0.0863851674580613
CC_BC736DA19A00,0.1975321892449114
CC_BC7B9D13978F,0.20799727100888005
CC_BC84BF34D69E,0.20444594652162368
CC_BC95D473C9CE,0.17440990220398195
CC_BC96FC9DCFE7,0.12270488525520162
CC_BCA0D6159C23,0.19006273089795184
CC_BCAE73132BA2,0.08405866047058841
CC_BCBBF055366F,0.04998392078479724
CC_BCC94F494979,0.07737428899629595
CC_BCF75F8B9A5D,0.11086431432259597
CC_BD10F4F15094,0.09505904285368397
CC_BD1A2052ACD5,0.7802864207186198
CC_BD217C39702F,0.32179818603906307
CC_BD2A9D4B9FAA,0.22835972786456427
CC_BD3EDD1630E8,0.05043529837330103
CC_BD4AAFE9EFEE,0.07534258151659914
CC_BD59D1252975,0.09685013659816455
CC_BD607BE97C17,0.10217796372858215
CC_BD889F165227,0.10416634773255011
CC_BD900B6BCF65,0.19324515482097232
CC_BD9967660461,0.44195093498999544
CC_BDABB99ADE2A,0.17122825451899537
CC_BDB07C66EDBD,0.3858944737308583
CC_BDB71DAAE50B,0.10986301157923475
CC_BDCB91FACECF,0.12816571203758828
CC_BDE1E398B4E4,0.061978015255388166
CC_BDE8D325637B,0.6452947521343813
CC_BDE9E7F390AE,0.08927925903962332
CC_BDECF392D7F9,0.18197923169970248
CC_BDF401C3BBCA,0.13005984835853823
CC_BDF53C42C5BC,0.1994950972988631
CC_BDFE5778530F,0.323124121488817
CC_BE05EB5976EC,0.7374995600244376
CC_BE08A6D5E76D,0.05175893246406067
CC_BE146CE5BEE6,0.1323042206603172
CC_BE24C1EE877A,0.1101260140107006
CC_BE27E98C4BED,0.07866856185510918
CC_BE32DACBF6C2,0.11876721286301538
CC_BE3F52F9C9EA,0.11897779402267981
CC_BE3FC1024389,0.14220070394424703
CC_BE4595898BF9,0.11162291190630827
CC_BE4F1F53F4B6,0.08205757313152848
CC_BE648663620C,0.17398098756485386
CC_BE6627F3B9EE,0.6445664924374943
CC_BE673F70B591,0.29322497545469345
CC_BE704640727F,0.03771879088516417
CC_BE7295B354DA,0.3351177457899713
CC_BE760A430ACD,0.19835216963253693
CC_BE8A340F3876,0.04953839989155265
CC_BE9CB8845101,0.24516811202844446
CC_BEA12286E57C,0.13075759747074472
CC_BEB24EB997CA,0.10236612373869702
CC_BEB80CCF2ED0,0.05136711558083825
CC_BEB86014B5BF,0.17906116657100246
CC_BEC035C8801A,0.12436770537645175
CC_BEE1B858F0C3,0.2665489870734601
CC_BEE664893442,0.19977272862516784
CC_BEE75A33F038,0.05699322601168348
CC_BEF22728402F,0.7237168362728412
CC_BEF8AB2DF19D,0.4077716175940337
CC_BF03683CC755,0.12134399613969626
CC_BF066CB8F7A0,0.15743116872250773
CC_BF154A9FEE8D,0.15592446094000129
CC_BF17E635C67F,0.11870133320263593
CC_BF196AFA6AE6,0.14322223196895317
CC_BF2012FCFE14,0.18409722856269628
CC_BF3733356D4B,0.3951254136293129
CC_BF376C8D14ED,0.5223373592589288
CC_BF3BF8B9F646,0.09231094053639818
CC_BF588A5FF18D,0.6799364779921441
CC_BF7C643B8874,0.04882033283852748
CC_BF8919F14394,0.1582452271841744
CC_BF8B759EE1EF,0.07341685794435518
CC_BF971FA7A950,0.15590770189585793
CC_BFACE960372A,0.11809045614493557
CC_BFBF917EFEB7,0.5691520341250162
CC_BFCAE2959708,0.06279301077039731
CC_BFD80ECB739A,0.2550023388757994
CC_BFDEC7E68821,0.1063822507538294
CC_BFE3AD881F4C,0.0507148132736444
CC_BFE511C0F9F3,0.563419076323888
CC_BFEE9CF8A6E9,0.09432574959800777
CC_BFF8E82FE4BE,0.15419211840972685
CC_BFF9E8C0FE28,0.5938815357656886
CC_BFFCB2882E26,0.051744469838188034
CC_BFFDCACC1E4F,0.11808030677543899
CC_C003A15648F3,0.08631434114656718
CC_C004160ABB18,0.13238871996623794
CC_C012746F45D6,0.10526881882424557
CC_C033B4EC89DA,0.1616179212649554
CC_C03578357D0D,0.42344958661626836
CC_C040C14F27A0,0.05866267509643644
CC_C0474C48C443,0.14097557264524346
CC_C04A1EF46A13,0.2177779267620167
CC_C067DA2C5F99,0.4492756420654267
CC_C0731DB0CD7F,0.6248974964574483
CC_C07C70AA1AF0,0.1329630052224032
CC_C0877F4DBC62,0.13637951627636552
CC_C0896CE6B4E2,0.09057206763260514
CC_C089B0517E81,0.08754243598171146
CC_C08B9066A5BB,0.21295543556428478
CC_C08DFB22BC71,0.0908258532831888
CC_C0A2108BEC82,0.20900975038066127
CC_C0A6B0787F91,0.10446142101224103
CC_C0B29B279C90,0.09030857458980654
CC_C0B7151247C2,0.11834590621415084
CC_C0BEDCC974E6,0.09703812528094453
CC_C0C6F913C2CB,0.679001927153899
CC_C0C7EAB055B1,0.200853106928263
CC_C0CCCF588BEB,0.24500034902791512
CC_C0D65A1BC1DF,0.5845195777105927
CC_C0D6ADDF1E0F,0.08359828447573192
CC_C0E49708EB44,0.255539091506996
CC_C0F32BA57D17,0.053952145778118195
CC_C1094828B26C,0.3177922263162942
CC_C124E4C094F3,0.23080400776971385
CC_C12ECF48FA03,0.17174428057488633
CC_C12F5F7E5C54,0.11653458263635182
CC_C131509731A1,0.15834496099380696
CC_C14173B64C58,0.1940216791863203
CC_C14A4D39F494,0.39281315698975494
CC_C14DC9106B7E,0.24950266084379635
CC_C1624A910E58,0.04229352783918741
CC_C1645FA6EE7C,0.07131056348145995
CC_C165A26E7C1D,0.715267647129723
CC_C16824A69631,0.05608103029744764
CC_C177831DEDC2,0.1354168088671771
CC_C1815DD481ED,0.7042640386601777
CC_C18313F97FC1,0.27668178146373834
CC_C18A7BC23071,0.27302051786527837
CC_C1941883C762,0.11725445958849484
CC_C1A0989CDF23,0.03764713830431936
CC_C1A8C99D910A,0.09519386277165179
CC_C1B057BAE0BB,0.21177843050872427
CC_C1B5D9A95708,0.1205191020722815
CC_C1C28181E30E,0.15686054256321313
CC_C1E8CA45E983,0.09603502503988641
CC_C1F4DD05F5FB,0.20376433788713175
CC_C205BAC0D181,0.07949553191060318
CC_C208790016F7,0.0812955836642349
CC_C219E603FD0B,0.06725197795810045
CC_C2323893E922,0.14377169866454792
CC_C236A614F73D,0.11346570527419592
CC_C241491551A8,0.11018571360806093
CC_C247E0377048,0.10877825581618605
CC_C24FBA584039,0.24191124232911587
CC_C25078D044CC,0.2025568524963826
CC_C255BE787955,0.19548328310064983
CC_C25ECB5C5FD8,0.07434377093826905
CC_C276E722FB1B,0.3312803738867708
CC_C279090E1F74,0.7602471331123555
CC_C279CA96D14A,0.13302524509432634
CC_C283330B9999,0.04938646157231415
CC_C289AF57EB24,0.25046162730068733
CC_C29558864857,0.12832383214777587
CC_C29846DE78AC,0.6388487087393835
CC_C2AEE09D92AD,0.10831488582590489
CC_C2BBFB603032,0.3589329801525012
CC_C2C2B2EEBA69,0.04805719989866453
CC_C2D1CBB42952,0.15672711478324858
CC_C2D4587A871F,0.6988343554354166
CC_C2D583F20739,0.32773574219193724
CC_C2D9086A8C67,0.06904065340478496
CC_C2E8FA308586,0.1595639276927439
CC_C2EA104630E3,0.10701783641050708
CC_C30ED2C6265A,0.04911161781659222
CC_C31BA9FD4FFF,0.2620675824838449
CC_C31DC3117984,0.1791147437312931
CC_C33142B2E26E,0.40346967734243633
CC_C340668CE604,0.09126016269291805
CC_C36580241000,0.13382287925237712
CC_C3664AFC710F,0.10241583313796465
CC_C3676D2ADC91,0.2141128809314871
CC_C368AC6AE19C,0.048865494989583064
CC_C38B446B7432,0.17173749850283138
CC_C38BE6D69E61,0.07328398774695802
CC_C38FB634E7B9,0.0741794463372211
CC_C3913A125FC9,0.16325997225689015
CC_C392AC1AABDB,0.13187397048284843
CC_C3A37C3EDCC5,0.3479461652043535
CC_C3A42A96D260,0.24846287390633015
CC_C3CA355F78BC,0.09522334813125634
CC_C3CD972B25E9,0.1550386791970258
CC_C3CE9FCB05EA,0.05064048417495143
CC_C3DA12B31CD5,0.07907481162114133
CC_C3EF46D2CF29,0.2034066036040576
CC_C3F301EAE202,0.18139258676597902
CC_C404C200B723,0.10898072702416291
CC_C40BEE2EAD73,0.2615421081800153
CC_C40CA3E960D9,0.15200567925725644
CC_C40E0EEBA53A,0.2184952154851551
CC_C42183D7A586,0.09504545906321396
CC_C427199DAC5F,0.5101505475155546
CC_C445AEF194CA,0.0826109284693719
CC_C45051D20EC8,0.12930839257569882
CC_C47FCA703A69,0.2707385346640244
CC_C4965C6C6935,0.3057269856866565
CC_C498BD798847,0.051457116771560514
CC_C49A42D1C3CA,0.12186791531773125
CC_C4A2F5B06976,0.08467242145768439
CC_C4B632AEB96F,0.1557091118152924
CC_C4D194378554,0.03867656538624273
CC_C4D90E9CA5E9,0.1641563942853443
CC_C4D941D5A5F9,0.13153365274155482
CC_C4EB2486A9B1,0.18556914125151802
CC_C4EC2923D96F,0.3147987342725768
CC_C4EC9ACAE8C4,0.7248448889014443
CC_C4FB2ECB13DD,0.29581444081847946
CC_C50467EBCC58,0.07758046565361026
CC_C50C5E2A77CA,0.17051504474781237
CC_C50D7FAA75C1,0.04828719494105706
CC_C51FE3F4D2F3,0.13974443180836366
CC_C5234F4713B7,0.07531196433289611
CC_C55110310E14,0.10369033253846617
CC_C563D509181A,0.09281474561954586
CC_C5736F4887D6,0.7291272334082471
CC_C57C4F09442B,0.09302842267459623
CC_C59D2CA55CAD,0.7916431646527342
CC_C5AD04ABF022,0.0962653905298328
CC_C5AF7BF4B951,0.04348829127786403
CC_C5C5FD9FCFE4,0.6529681535647238
CC_C5D9A89022EF,0.21766422486685627
CC_C5E1FA10BD6B,0.1559334118874139
CC_C6039EF0459B,0.15163344214035718
CC_C6133F44EB0E,0.10669431571613816
CC_C637C1142503,0.7693683258212103
CC_C65496C86EAE,0.1640577738927296
CC_C67C2B86A807,0.11690587186078702
CC_C690CF8AF3B4,0.10142538080985528
CC_C69204FFED48,0.2819441458284162
CC_C69DD80E5055,0.10617457081493184
CC_C6AE389CA79C,0.08392993031110624
CC_C6AFA8AF33BB,0.07634532244485165
CC_C6B56B2869A6,0.35964859948898253
CC_C6B61E03B42D,0.19269679377186194
CC_C6C2B357FDF2,0.13154749876930966
CC_C6C4A4A318E4,0.12048996308916911
CC_C6DECDCC7956,0.21298037477822557
CC_C6F134ABD932,0.5391019322037032
CC_C6F24128D8D3,0.2304860175108698
CC_C6F8C5E3D746,0.10774705660326836
CC_C6FB2BDCC78F,0.32105659356436744
CC_C70DBEB08378,0.808391364510961
CC_C71AAC6F9607,0.10284109487814341
CC_C73D1C53BEC0,0.2954414971675055
CC_C7423B380FD2,0.06819207853533146
CC_C747ABF2B4BC,0.09274722202483865
CC_C74F0C45C093,0.1399944061538567
CC_C75307665BCF,0.22241467450439173
CC_C76473DBFF83,0.3125625162809214
CC_C7652C2D1CC7,0.18298974242985022
CC_C77B38900325,0.226517971409669
CC_C782A94E6754,0.05282097822485405
CC_C786E0FDA098,0.7582301184992823
CC_C794632B3AAC,0.4207978982987399
CC_C795250A7B3F,0.11583539691846331
CC_C79BF5794AD9,0.05385271532498755
CC_C7A2A7BF85C5,0.07438198379426407
CC_C7A2CEDA36CD,0.4621768267611387
CC_C7AAAC514CD0,0.10528922627963147
CC_C7B39AE8206F,0.13640211846664999
CC_C7BA884F8DCA,0.1597710778482258
CC_C7BC592C11DB,0.05449010043338187
CC_C7CB29EBCEE1,0.06285015526857554
CC_C7D2BE35C77A,0.07139674090125986
CC_C7E56C7FFA19,0.16625380789980923
CC_C7ED63E403A8,0.07514816736994015
CC_C7EFF4BBEE1E,0.06483205379191721
CC_C7F1C90A261F,0.1350681645396176
CC_C7F38C2DEDFF,0.1852919713988051
CC_C807F881A35F,0.26015823294498386
CC_C808346EF2A7,0.0519743657348273
CC_C822401D05A0,0.13404378119565122
CC_C82D0EB32984,0.10045749201787757
CC_C82DE4520088,0.19745105824851777
CC_C84080607284,0.06916839906644154
CC_C85DEB66D6EC,0.2681005345427724
CC_C8601860B3AB,0.31812233563097825
CC_C86B56E5B000,0.110818833218574
CC_C874E7D8B96A,0.05784111170301236
CC_C88F02C38654,0.14585353416679453
CC_C895990DF270,0.16548680007107522
CC_C896D6E93110,0.3558555894875469
CC_C8A57920FB6B,0.09237098274362295
CC_C8C2CEAC6750,0.48772841289796953
CC_C8CBB38CF4B6,0.4739885960988674
CC_C8DF2AEC8023,0.1932751178401017
CC_C8E24B1925A2,0.1589771549272799
CC_C8E2F0CA5050,0.6678769384408308
CC_C8E875AAFD58,0.29345586772208276
CC_C8EF7366016A,0.07685469852023182
CC_C8F1FB9C56E5,0.10032437244103033
CC_C8F2FF7E6DAF,0.14536108021001554
CC_C916DC82A00B,0.3203533972987939
CC_C91FF308D57A,0.08060850685901733
CC_C9297D88CD26,0.31700886776123194
CC_C932D885E1AA,0.2078861026367978
CC_C947A66A6A34,0.15706293632304405
CC_C953D19C82A6,0.25748737902712715
CC_C960365C1125,0.3229471601089483
CC_C96221203852,0.2420599533803986
CC_C967937FC81A,0.6949543253344685
CC_C97434767545,0.1732923131945956
CC_C974620D4D4F,0.2412639156434203
CC_C9749B07E3CC,0.11425269976733649
CC_C979F86EC4EB,0.06733766483610314
CC_C9882357496D,0.07467039950423507
CC_C98B5F2B994A,0.08660017472537235
CC_C98CA453DC7F,0.10109404710340965
CC_C996515164AF,0.6877005160314109
CC_C9A1B8F512F3,0.4161913515829172
CC_C9E008678B77,0.10154676536643958
CC_C9E89E3728DA,0.24487098951213343
CC_C9EE0357CF4D,0.1990358991198034
CC_C9F15C15BA6A,0.11738843978293634
CC_C9F3BB887EB9,0.17894135310449197
CC_CA0906B9B58E,0.06472770810669887
CC_CA16B9133E4F,0.2536261262567001
CC_CA2524A5C7AF,0.2792685411441738
CC_CA2A17C9CD44,0.4749238867672184
CC_CA32C61E255B,0.11903366138683175
CC_CA37F92A8BC6,0.15036965972300792
CC_CA3C9D0F42A2,0.5128959562888308
CC_CA4669FF2379,0.11956278052683539
CC_CA486E08F176,0.057654021583342194
CC_CA5CF069C36C,0.07288649730257551
CC_CA6AB58D2C8D,0.22753285986215993
CC_CA6EDCBFA9E3,0.20362784795457556
CC_CA6FB58C11F4,0.08125766042174232
CC_CA7902338F91,0.12793032162426582
CC_CA7BE11DCB92,0.11125978302567838
CC_CA87A148C386,0.08612290623143867
CC_CA8E7E45347C,0.17967657085825936
CC_CA9214D0E170,0.16031841684008447
CC_CAA07EABEF71,0.06249040643131816
CC_CABC0190A9BF,0.4610701585692293
CC_CABF171B8582,0.5398949532026778
CC_CAC2F989A2D6,0.20715540511287628
CC_CAC50FF13A43,0.43714768337012044
CC_CAC9C52B6FB8,0.239076189992659
CC_CAE19DE8446F,0.06570862852445694
CC_CAE5F6D8328C,0.38890782251585276
CC_CAFA0C6DBCEB,0.06767504268967994
CC_CAFE5D6E3E1D,0.11437653975275236
CC_CB02A97FAC1F,0.2017406132007082
CC_CB1155AAC7EB,0.13729535198987233
CC_CB1B2FC5769C,0.19397899846638333
CC_CB1BD3C19303,0.16042397629222993
CC_CB2423DD4809,0.7752642810693532
CC_CB33381406F3,0.6487329784971558
CC_CB3CBA971E97,0.09454313632931616
CC_CB45CB5C940D,0.1430380168921329
CC_CB4A2667F8CE,0.18052345931878894
CC_CB4EA92BE238,0.06200485729459815
CC_CB4EE5CC0B09,0.19580749363280492
CC_CB50BDD92A4D,0.22581603724400212
CC_CB6A55831080,0.0685834180023775
CC_CB6CE149111A,0.13317665553540825
CC_CB6F9DA78019,0.049879689758833994
CC_CB722FAA608D,0.24020445006850233
CC_CBA786C05C1C,0.7446663093651904
CC_CBA9A6206DCB,0.14999401562950576
CC_CBB7AE2847B6,0.17571861181352427
CC_CBB9DDEAC819,0.0407716795581764
CC_CBC30D127BA4,0.096274183298837
CC_CBE67EF0D3C5,0.4975459937768424
CC_CBEC318365B3,0.3729055273657675
CC_CBED6669EDA7,0.06288012342013741
CC_CBF1B052FA7E,0.08323863158354114
CC_CBFC7EFF2F94,0.13318682725781805
CC_CC27394B5E35,0.08527139670203115
CC_CC2A7B3D7A55,0.14374134384912785
CC_CC34B2523794,0.16157077753964028
CC_CC34E9023873,0.6747004172826832
CC_CC37D81F02A7,0.6013136492336923
CC_CC4822AEDB83,0.6716516170700653
CC_CC5D6CAE5ADB,0.26692801746142136
CC_CC6D27804EF0,0.0745066122188282
CC_CC71D4876B90,0.11699568759510436
CC_CC75EA7F2C8F,0.10088090458088458
CC_CC9214A5C0CF,0.08391949078799706
CC_CCA2B8D2446C,0.41169432396899097
CC_CCAB3E56FD92,0.16952876637958048
CC_CCAF321D46D7,0.0392934255069273
CC_CCB46EA56584,0.2337961102718732
CC_CCB60CB8754C,0.1385792256133516
CC_CCD759553325,0.0631352004779796
CC_CCDC28D49832,0.11840162456162423
CC_CCE55029E621,0.6614486054503552
CC_CCEA133D7268,0.6091787034577566
CC_CCED6CEBC3D6,0.2924864925769297
CC_CCEE76415B51,0.3264558815042907
CC_CD1326D52AE1,0.6488405068864083
CC_CD35EEA81CE8,0.34352422606803534
CC_CD373485942B,0.10102792981920437
CC_CD379DD39658,0.2582552524531735
CC_CD37D5CF0EB0,0.1841402556810483
CC_CD380545A7A4,0.07510813227593488
CC_CD3A378249BA,0.25366714630288545
CC_CD415B1C7741,0.04534780592354589
CC_CD4976814F28,0.04505195215096963
CC_CD4F5F1C357B,0.24796142939059018
CC_CD54829713AF,0.08293723005357612
CC_CD5E3556D5AB,0.20180940146119447
CC_CD6C797F3C4F,0.07949952306932098
CC_CD7BA8F6C4BD,0.12761279158306413
CC_CD8352F0478D,0.1856692471574516
CC_CD972E578564,0.784742534408722
CC_CDA1B20179B6,0.11014011051748769
CC_CDA2A36B81B4,0.23184144390698574
CC_CDF6354EC332,0.061224898962557645
CC_CE01E17132E0,0.04492507022606161
CC_CE1280B30475,0.13762485354717935
CC_CE134F878294,0.0507693225446649
CC_CE229894AC00,0.12764909561762222
CC_CE26907B9D30,0.40197583529670294
CC_CE2755B42DAC,0.0900380680184595
CC_CE2BD7F74421,0.24714793251038844
CC_CE3784121355,0.12017597812030086
CC_CE41F9FF509E,0.19916160584534676
CC_CE5AF0E9A157,0.09965562405866288
CC_CE5EA019DCAA,0.07560014326735115
CC_CE6460FE39F6,0.08348833406362599
CC_CE72D1734761,0.5624701097182812
CC_CE7FC560768D,0.3179889573961402
CC_CE871DB3950F,0.3255550649927629
CC_CE8D1564C4F1,0.14120033530128462
CC_CE93240526A9,0.2833857359848191
CC_CE980FCAB154,0.26239723738488874
CC_CEA0FAD348F8,0.08842822769174268
CC_CEA369A3451F,0.0663813233863951
CC_CEBA67081418,0.2246978721804611
CC_CEC0C00FE770,0.5424411151100512
CC_CEC3B21D2982,0.38828126197294077
CC_CECEC680F701,0.184879861188577
CC_CEDB263DB07B,0.04476150231625087
CC_CEDF9C14DC79,0.24704395306176058
CC_CEF23255BE06,0.059384314623264954
CC_CEF8C71C4E8B,0.4208543276454425
CC_CEF91FDD41AE,0.34052259604435664
CC_CF0B68684C3D,0.10361620552172776
CC_CF149865368F,0.10175816891587618
CC_CF2A7A5582C2,0.17249254074224804
CC_CF2B3E37CF2E,0.3238302136101291
CC_CF2F163CE005,0.14584942032303688
CC_CF3C063DF626,0.17540404827315723
CC_CF3E91DB8220,0.3725737414368201
CC_CF3FB5744443,0.6707250365741932
CC_CF4991B8EFE9,0.11573924909955106
CC_CF53FD3AC9AD,0.03948000699031183
CC_CF5A140B279D,0.22612260009324123
CC_CF613A7162B6,0.1501461952142511
CC_CF6A8A460B19,0.10344244772438728
CC_CF792E77A16D,0.049079592455995774
CC_CF7BAF373E0A,0.04389541161086284
CC_CF8B1D0015C4,0.13336858746220862
CC_CF8D0517B79F,0.07280742832635177
CC_CF92037ACA93,0.21653288671240464
CC_CF960A300F40,0.32896326310967117
CC_CF96B6335E6C,0.21842793331639446
CC_CF9880D67A7D,0.16612063185128945
CC_CF9B249283A7,0.6702598551624246
CC_CFABF7407978,0.19154371028216952
CC_CFB2AE99EABF,0.18632186015403837
CC_CFC0BC440771,0.1792762328280274
CC_CFC235739F25,0.518682958851547
CC_CFC6E8954325,0.051744608817571244
CC_CFD37EDB214D,0.21192613673742264
CC_CFD93C04478A,0.5373613751232977
CC_CFE0AA5381FD,0.6354942338462426
CC_CFEB021AA137,0.06523981675905641
CC_CFF6E2A6A3F9,0.27903113996466644
CC_CFFDC4947256,0.16282459980459402
CC_D009368CE434,0.051214068225135856
CC_D02E59E08B02,0.051776692949177194
CC_D03848B7353E,0.05516856838488641
CC_D03A69B1563D,0.13502699841709026
CC_D0576802096E,0.0926007734759301
CC_D0582E0F3440,0.056877972033802925
CC_D059D0BEC5D5,0.3357391723234795
CC_D05C4A8F2A25,0.14404206647631287
CC_D05FBA9B9040,0.6868598860380896
CC_D0653EA71CAD,0.22513664015501322
CC_D076A984B786,0.16768850058294305
CC_D08FC2D99CF5,0.1488755854281219
CC_D09942A02904,0.1317374673624982
CC_D0A8EA2D37F2,0.1325431756902421
CC_D0AAD35C800F,0.13282255685764782
CC_D0D666EC0244,0.07672426727733492
CC_D0F3F68F4452,0.4048669690889346
CC_D0FBDE8ABAA7,0.11823225926458852
CC_D103D50237D9,0.2257299226935215
CC_D11E5A30CF3B,0.31552901221417545
CC_D122B30AE7CB,0.5682603064305889
CC_D1679B40D83A,0.09078402576904396
CC_D1760785D631,0.24555349235689042
CC_D18088587757,0.25838891851800894
CC_D184160042B7,0.3258854029941157
CC_D1886485E8B4,0.14674281426686026
CC_D1893DD5B4D4,0.08501908408683903
CC_D18B60E035CE,0.7444867805475353
CC_D191D099789D,0.08980420557777015
CC_D1BDB41E7FF6,0.07462605913106324
CC_D1BE2E6E9C9F,0.2177596681785181
CC_D1BFB29BF61C,0.07563839246037493
CC_D1C259F80E13,0.09286861413321273
CC_D1C63DA9CA93,0.15725264097546848
CC_D1C931E4F305,0.07209264445418499
CC_D1CE25F271BE,0.16523085450615438
CC_D1D2127A0C67,0.06396428748383723
CC_D1D31EA359F4,0.14139270801583367
CC_D1DB888BD9B0,0.10597438132495773
CC_D1E82B9DD102,0.1332361653485296
CC_D1EF68A649AA,0.12133450108061225
CC_D1F05E69F80F,0.05993767294401863
CC_D1F6FE158DCF,0.23585597126054064
CC_D205612FD566,0.6271619666961625
CC_D21474C31E3C,0.6802005033861915
CC_D2195A061A0E,0.6019666183928158
CC_D2199CC1CB08,0.0431968678488598
CC_D21FCD9DFE53,0.539749521400533
CC_D233B2C8062B,0.42660454755584687
CC_D234CF2C21AE,0.6747320276193532
CC_D2373015DF41,0.06088083805423425
CC_D239CBE1012A,0.1284090210608423
CC_D2591377E980,0.7461562288307033
CC_D25E25C831B5,0.07395845428238743
CC_D262BB13DAAF,0.2647324595551368
CC_D272BC699F38,0.05617658733697159
CC_D2813C835750,0.7449040988636251
CC_D285B0D67016,0.03635948465551583
CC_D28FB525E310,0.2343557601212227
CC_D2AFEE04E96F,0.04257952610450684
CC_D2BBAA423304,0.14388269340805598
CC_D2BE8B4011D7,0.05562153881902408
CC_D2C49D2FEBF8,0.17219394746781208
CC_D2D09498D333,0.13944995008678046
CC_D2D187DA334A,0.16693882735960072
CC_D2D47A5386CE,0.2497176614129194
CC_D2E98F50621A,0.045390535683832875
CC_D2F265035F0A,0.049888067236679864
CC_D2F91355C6D0,0.204820192286565
CC_D2FC934F8324,0.1314041920479343
CC_D3044C67CFFB,0.06386540811479632
CC_D313F2C49E46,0.4288176852884025
CC_D31FFB053D60,0.11312236792379657
CC_D336DB6323BB,0.2842366154946815
CC_D343A7CBA377,0.0724682899136089
CC_D345AF4C4B61,0.1719568471386357
CC_D34FA9410740,0.08028725761698574
CC_D354C5D1665A,0.14949289103604313
CC_D35E96480AF8,0.29845760521457076
CC_D3616386D6D2,0.12470920058548285
CC_D365173E852D,0.7589230912735773
CC_D3683C6CFC5C,0.6238538592127355
CC_D373463038E0,0.05166567256421657
CC_D379CF8E3FAB,0.7322901627661853
CC_D37B4CA7F3D8,0.06418025631106664
CC_D37B5B3CA4BE,0.6755257458564438
CC_D39265D7B6C9,0.05500192898527037
CC_D39E3F732408,0.07304128724748549
CC_D3A7B21165B3,0.263900553580496
CC_D3A9028A4660,0.0507946728089763
CC_D3A948322BD5,0.7157916391643819
CC_D3B95DB5E6C1,0.31854189316042214
CC_D3C8C5014D5C,0.23768951532701227
CC_D3D80929AF52,0.09168926366230079
CC_D3F25136073A,0.18312548602601164
CC_D4102AD032BE,0.17421163634743997
CC_D416EFCEAD89,0.058726253159167255
CC_D41C5030494A,0.6774496035734106
CC_D42E477596A3,0.06926272975722775
CC_D432C89BADA8,0.16095056759864024
CC_D434638E9569,0.1366984554801533
CC_D4518F98BB77,0.0884418073699102
CC_D452847F2A4C,0.054881008428651804
CC_D454056F92E6,0.22949601150597862
CC_D461FB973AB2,0.7790222112370477
CC_D462250B13D3,0.39033162248092773
CC_D48E686A834A,0.6376101854579959
CC_D48FFD985E51,0.08449763553774384
CC_D49263A1BDF7,0.13609708167969026
CC_D49668C65C33,0.03803176775696995
CC_D49D9C57A849,0.10235435491266245
CC_D4A029A150E4,0.17462315480620097
CC_D4AC998C0BC8,0.6890927990143711
CC_D4B02AAFC697,0.12555925343449492
CC_D4BDF0F4FE9E,0.10131972968992599
CC_D4BF2778371B,0.1788668792543907
CC_D4C0F4DB3501,0.15749251792781324
CC_D4C6DD8A364F,0.13762217653690167
CC_D4CDE2A1E174,0.15164967146946878
CC_D4E7EE35695B,0.15126728632295405
CC_D4ED652E86DF,0.2762231803020535
CC_D4F844B54B84,0.04471070106187662
CC_D4FA0055DB4A,0.05730134883791669
CC_D4FDCBAFEC74,0.746764984130601
CC_D517D90E105F,0.08638329120269984
CC_D52B87A01028,0.2141250705144934
CC_D530C3D1DBF8,0.6840152574581397
CC_D5327E41EBA2,0.13113632468722525
CC_D53C8BCA531F,0.08801393234547114
CC_D540C7ABF683,0.6678144620867568
CC_D54105FC1349,0.41566495176493623
CC_D550CE8B9313,0.7380926956454812
CC_D55C5B432387,0.15946824406206686
CC_D5646FCC5E14,0.5363117247375391
CC_D56F34613338,0.11672984620299072
CC_D573AF0F1674,0.10413304359810274
CC_D586E2C2B3EF,0.22584004033605448
CC_D589E388CA02,0.06081386077228552
CC_D58EBD954E68,0.2830771365113893
CC_D59AFE884BDD,0.4320623880731651
CC_D5AC596A85E1,0.18409844268926343
CC_D5B99B578573,0.04679548944771875
CC_D5CBF4A4D3B3,0.13209953345420097
CC_D5CE05EAA837,0.2005852448811621
CC_D5D36A6C8DB3,0.06706554989431542
CC_D5D8D545736F,0.08474636101219432
CC_D5ECFAF8C1A3,0.06980380127625589
CC_D605715F737A,0.1292885343571537
CC_D617428B4B0E,0.33155357126101626
CC_D61E8E5C4414,0.1308915773559431
CC_D652B5F05769,0.17938996989026607
CC_D6564D0CB9A8,0.18122693240475846
CC_D66183657419,0.07692144075479254
CC_D66BDD3E1AA7,0.11110545655772809
CC_D66DA331534A,0.08514046095288474
CC_D687A780C0E6,0.04921399586046633
CC_D6AE871A4C9C,0.11779265349412474
CC_D6B7AF1FBDD4,0.4743876335595608
CC_D6B874308353,0.5957466982832751
CC_D6B8F47FE484,0.4442653111136339
CC_D6CB1BFDCEEA,0.15113813130528853
CC_D6D47D7E1C51,0.04913518118659886
CC_D6DE060699C6,0.12291975295411452
CC_D6E06014457F,0.7859055905330371
CC_D6E8E17EA449,0.31962859343271577
CC_D6F216AB1C4A,0.15398067620824513
CC_D6F5E3A51C8A,0.10313501320016707
CC_D6FB3B76D7A0,0.5931068880724142
CC_D6FBCD4BA3DA,0.27276775915176976
CC_D70918916097,0.49687239808174877
CC_D73B1B9B81A5,0.05491272804949744
CC_D73E9E24BB48,0.13112646722432064
CC_D74AA0F20466,0.12560533953951808
CC_D750070C44BB,0.7287834604790859
CC_D7529675CB7D,0.20215826730530256
CC_D75C8CDB510B,0.6326630982882515
CC_D76009C47709,0.28413023467161613
CC_D771775A58F5,0.1841186661557847
CC_D77F9D613EF7,0.15960176209980237
CC_D7999C3EDE22,0.193415482931598
CC_D79BF1D26499,0.20245620133231507
CC_D79C05885899,0.10953976640624116
CC_D79D4F15D10C,0.04850723342659108
CC_D7A11E3512D2,0.05222205556252022
CC_D7AD7A7279C4,0.17712113792677303
CC_D7B35055AF0D,0.17957049232257255
CC_D7D99409D57E,0.2954167229473288
CC_D7E403181D8F,0.10814118152772281
CC_D808C7BA9399,0.12479139137124494
CC_D80DE8B544F3,0.042471657810418215
CC_D81D19AEFB77,0.042930613928973065
CC_D81F317F6384,0.12447610349280348
CC_D844D9DF962C,0.08861107281606931
CC_D847D978387D,0.052800092552186
CC_D85C7B85C440,0.2885582811107542
CC_D885591596E7,0.08759256488567371
CC_D887D07BDE23,0.39453598906606924
CC_D88ACC0CFDA5,0.10667730708817463
CC_D88BDD0F510C,0.05558241335520486
CC_D8956424CB37,0.2978643375511079
CC_D8959BB99A7F,0.2443277096090387
CC_D89A9A14B5E8,0.05381355493387781
CC_D8AD01F3CCE7,0.05467261729121477
CC_D8B4122DC296,0.13384057824749823
CC_D8C38B187875,0.6909344113588037
CC_D8E55509595E,0.060458283654451425
CC_D8E6B90C37A3,0.10987973826861835
CC_D8F1AECFCC2F,0.06307225830770385
CC_D8F7672C70D7,0.04955535506685005
CC_D8F7E904E7DF,0.1703058117243474
CC_D8FEF1C99F88,0.6494488760886925
CC_D90761F9E9C9,0.3951398217737827
CC_D90D9D5C8FEB,0.10128172695906046
CC_D912917A4F4E,0.7206222035426051
CC_D91ECE64FD0C,0.1085866542777596
CC_D9325E5695D5,0.05050061744545797
CC_D9563654A397,0.13950198099488106
CC_D95766A6C24F,0.14464125545378048
CC_D95939B1BBFA,0.06621960479474406
CC_D96729C38BC9,0.09623919599920415
CC_D9791EFF766C,0.26113429255247816
CC_D97AA7C54F6D,0.15826294501075167
CC_D98BA5CE8EE6,0.5176666166135884
CC_D991DAD5413D,0.15144209681973908
CC_D995C89AA359,0.27907757519769794
CC_D9A54F55AD6A,0.10215233027799207
CC_D9B87A96C353,0.28065161170995134
CC_D9C42B0B6A0C,0.19035770869249913
CC_D9D487E78FAF,0.6647912795403026
CC_D9D744A66B09,0.10233039540261932
CC_D9DA3F6E2E7E,0.14476610019054495
CC_D9E5792258E4,0.10086687103497817
CC_D9E6B9CBEB77,0.05312181532335203
CC_D9F0CDB02AC6,0.13796797950711287
CC_DA0201D1BCF2,0.08721734709514949
CC_DA0500AFE692,0.06592238158781147
CC_DA0E0BD3880D,0.46586979151478836
CC_DA10F53AE655,0.6424628241843067
CC_DA1643A835A2,0.08854405780952186
CC_DA1C5BAB7E35,0.4505426308266458
CC_DA1DC6A6371D,0.1982833092435136
CC_DA1E6B31DD2A,0.7080991795070433
CC_DA1F282809D0,0.056966409270796145
CC_DA226442D919,0.6916796451000462
CC_DA31EC318B1F,0.06267811364696216
CC_DA33597C6459,0.12923060086724836
CC_DA43CFB5CC2F,0.1898719734025216
CC_DA481C72B8A4,0.24051163832619152
CC_DA55447636EB,0.046578714226199976
CC_DA5AE34842E3,0.10087819496257741
CC_DA6880B018AC,0.1904541686551182
CC_DA700A961616,0.1766335046251792
CC_DA7E65F1E6AA,0.07841857566313876
CC_DA80FAA7FE30,0.10499820530634468
CC_DA8DCCC1199D,0.32129134281255123
CC_DA8EA724C1D3,0.4235713655837636
CC_DA8FA65D1924,0.044270314102685865
CC_DA99D1E41C3E,0.055270763589955155
CC_DA9C3BEFD0B3,0.1677116459780288
CC_DAA3B7FE1C62,0.07528627074974178
CC_DAACE4211B34,0.15755733069261446
CC_DAD239E56638,0.7651684477787473
CC_DAD4BC090253,0.06761507748472621
CC_DAEDBA26BA12,0.24486021540052905
CC_DB1EB08EB40E,0.12306141999861131
CC_DB2314ED6960,0.09422701805471917
CC_DB25E05EC5CD,0.4230474896027581
CC_DB3BE0C87882,0.055515760804729954
CC_DB44628BC147,0.17815271593254517
CC_DB562E602BA8,0.13111090797415906
CC_DB61D7F5F8F2,0.7014034757087146
CC_DB6498598C32,0.15849832196281927
CC_DB6B59FB6E30,0.04309144033046072
CC_DB801B947698,0.2521376834927064
CC_DBB8C467FF1D,0.10019513205118372
CC_DBCD21C2C322,0.08303033713780011
CC_DBDB148E45DD,0.08691097386007389
CC_DBDF9BFA7E87,0.10127678486665317
CC_DBF5CD2D854F,0.21452210885136408
CC_DC0077DE6E39,0.21598049058269866
CC_DC23159A1F99,0.07005448217135804
CC_DC2458827FD8,0.2462147340894019
CC_DC2BE35D58AC,0.24430568360477828
CC_DC49C8D3F7EC,0.5036485514080219
CC_DC5DE66826E9,0.12373747802972787
CC_DC6063FC6464,0.07253085734230609
CC_DC771AE1B4BA,0.6632797671742996
CC_DC7DEBC30E17,0.4000962659413826
CC_DC978F3A711F,0.6433340516961763
CC_DCA2140C7BC4,0.20081071734670097
CC_DCA5CE7C9DC3,0.14479116196691466
CC_DCB5798049B2,0.1467100287870327
CC_DCD10C95C942,0.4932009887573812
CC_DCD145E8E729,0.2523445711384993
CC_DCE0BFC03B86,0.0561291829567631
CC_DCE75AE2FB52,0.0700034867732304
CC_DCFCEEF21BA7,0.3247651415841207
CC_DD12A8C462FA,0.07641992269933107
CC_DD14867350AC,0.25063258990570364
CC_DD232BC8881D,0.1583664514344056
CC_DD2473D34D68,0.21167873759620348
CC_DD2B5C4CD318,0.06427542694348112
CC_DD4EC06C3A92,0.2720132832260942
CC_DD5299DA8C1C,0.09148898629850727
CC_DD59BFF18ABC,0.17598240116007968
CC_DD6777E1B05C,0.05793382828143197
CC_DD6EE1501B89,0.09054011778747394
CC_DD78B52AE022,0.13096412832174306
CC_DD7983A07B43,0.6790635546956769
CC_DD80B5CC495F,0.13027383905866008
CC_DD8956B71825,0.657256375727975
CC_DD8D40E7E2A9,0.09843703757335692
CC_DD9972D0B63E,0.15005153623499506
CC_DDAE70634ED3,0.10269701878187568
CC_DDB4A9FF2B03,0.08516110435866336
CC_DDB68302DA2A,0.15668158001379984
CC_DDB9DEC9C037,0.06904694672484812
CC_DDC610D2B2F0,0.05859444587126589
CC_DDCAEC6BD9F0,0.2072690361793405
CC_DDDF665EBD93,0.27123623740814795
CC_DDE66EBF2157,0.06686613540185082
CC_DDE8B7E9C7F4,0.3253943907723764
CC_DE019FC36D28,0.3506322017540403
CC_DE07076B04D5,0.15094515867003067
CC_DE07AECD2361,0.03850496625216554
CC_DE08A4514010,0.5849090173081197
CC_DE093FAC5293,0.43642543748945906
CC_DE17BC1C2324,0.05168612105455697
CC_DE1B13B3E504,0.04336326934563403
CC_DE4264861B73,0.11615796150889579
CC_DE4810B88C51,0.30540375305325673
CC_DE4EE8A16896,0.149972998610596
CC_DE523A2403BB,0.10000524078717078
CC_DE52860CFBBE,0.20207953172080964
CC_DE593193FB9C,0.16522083869600548
CC_DE5A9B499ED4,0.0790137032515108
CC_DE6AFFA63ABD,0.08816760934173104
CC_DE7CEC14CCD5,0.6793854705158822
CC_DE7D7B5BBB14,0.6661680066039926
CC_DE81AAB7BF48,0.06317340643395954
CC_DE8956D433E2,0.6029070498008922
CC_DE8FB8D1CB71,0.33416527278162445
CC_DE90D07B269D,0.17730808361416442
CC_DE9A62529780,0.20406755055566436
CC_DEA425EA8441,0.10842967547773641
CC_DEBE01582EFF,0.2606861008150839
CC_DEBFD4E79A38,0.048020402284857724
CC_DEC97F13CB8C,0.19935111443110187
CC_DECF1507C86D,0.15548331277404442
CC_DED24C8D047A,0.11169696139955375
CC_DEF4AEBD31C8,0.27353700664421154
CC_DF062F698349,0.10701484435872843
CC_DF13D5CB626A,0.1148862334802236
CC_DF15C526CDC5,0.04831639020634802
CC_DF1F6C68F7D2,0.15556551904127258
CC_DF3EB88F509B,0.10864230498149421
CC_DF4E332C886F,0.03832126974053794
CC_DF514171DC30,0.15720460970054526
CC_DF536CEAE5C0,0.050941503251626274
CC_DF5806CC2CFF,0.12064909099466217
CC_DF715690EF20,0.2285485259370211
CC_DF718A37AF15,0.09132398619391269
CC_DF7276DD74AA,0.12547526370561796
CC_DF750B2D6872,0.34743932223722274
CC_DF9FB6670627,0.06296116501102214
CC_DFA65A0125D9,0.05111130278828652
CC_DFAE355359B8,0.17576855927321702
CC_DFEA562F7BCF,0.323700782632664
CC_DFEDAF0F0D6E,0.04002836260107273
CC_DFF6F74C64B5,0.6478117113700101
CC_DFF87DF16763,0.10661953103035268
CC_E00D8ECE9FA9,0.14032044398022434
CC_E027E36615C0,0.5764160340360032
CC_E02E23CE49A8,0.08718033336757652
CC_E030B3AEBF19,0.18358684547325274
CC_E031A4C862C1,0.159302671599526
CC_E0339B331F4F,0.09194238350735898
CC_E038981B2FEE,0.1344380642695704
CC_E0463868968B,0.16408001428675612
CC_E05A8621B581,0.3213011175592842
CC_E07FB0312232,0.144084350897441
CC_E088594E0624,0.19375886451911412
CC_E09AC3B1E534,0.1057606960062781
CC_E0AC29AFCF97,0.19997896571711987
CC_E0BAC6E0D0DA,0.08812187619583248
CC_E0DDDA07F0A1,0.24818406100853302
CC_E0DF45AB72B6,0.21496372335388522
CC_E0E1F8E7379E,0.09764243506865208
CC_E0EF095444A5,0.16419003718279074
CC_E102E4F7F8B4,0.17668435362623014
CC_E109B4CA6A8D,0.13878050016972118
CC_E11470A2D92C,0.385364537112003
CC_E117B8A6ADC6,0.036408744841816575
CC_E128015073F3,0.0814326631054104
CC_E131D5EB9237,0.1747519207703579
CC_E14A24095E9F,0.1749463085066129
CC_E14CADF89123,0.48207662612897095
CC_E16876025011,0.05554217640786587
CC_E16C71C15D04,0.653540688311701
CC_E16F1BB83653,0.05479824323822216
CC_E17448FB08EF,0.582934666041365
CC_E17AAACEB07D,0.09362288486088571
CC_E1875522DC57,0.15754558521354822
CC_E18A0734641A,0.11945737908740733
CC_E18A22453843,0.0754331621046582
CC_E1B4E3360C0F,0.19382767826954164
CC_E1B5AE645169,0.05770700310441683
CC_E1B71F6B7DD2,0.32959872667872736
CC_E1D073F693A2,0.29140020891828716
CC_E1EA83C31C66,0.1096474070762121
CC_E1ECAE226485,0.23001226136644884
CC_E1F0C5076481,0.07733503581967582
CC_E1F78CE289D8,0.050076523456498434
CC_E1FBCECE0A54,0.23702027997808509
CC_E1FD46CA26D5,0.07571572393814337
CC_E20E7C7164A6,0.7202054197497374
CC_E211E2698C14,0.042104888493346704
CC_E21B4F587C45,0.1431748988841417
CC_E22A278A1386,0.06536074669608055
CC_E24078C03B7C,0.12454623556572617
CC_E2452737F950,0.1447235352746212
CC_E246119AA09C,0.6487479270550778
CC_E246942C7310,0.07677881268264851
CC_E2474A334F3D,0.09771525864890658
CC_E2489637D0E8,0.14080254398152506
CC_E2521AF9C2A2,0.08553780578685348
CC_E253F4AC4762,0.6187702030419517
CC_E257805D0F0A,0.18859918327507952
CC_E25A924EDB70,0.0969021788284736
CC_E25B5D5502AD,0.09769279193802692
CC_E2619E24BEDD,0.6320130816722305
CC_E274DAF3C064,0.07269919018085733
CC_E2787CBDFBF1,0.13562755912889948
CC_E28AE2E68BB7,0.6596334590072068
CC_E2C3E272D059,0.22011280287714785
CC_E2D653061523,0.4244436649617508
CC_E2ECDC7D23EE,0.1344754885625737
CC_E2F0E725C3AB,0.061522975824819484
CC_E2F7712CD056,0.24532851017520302
CC_E2FD7FCF0AD5,0.7642397917025279
CC_E308C7DFB2F2,0.1432851635352969
CC_E30B791D5F11,0.22284144889378923
CC_E315F7A94400,0.33141582490190036
CC_E31DAB1E73F5,0.0632129988687965
CC_E32034C97E83,0.19941130126167678
CC_E32DBED5EAC1,0.2585301724595208
CC_E32DDDDEE3CB,0.22892842053891024
CC_E343EC3EB052,0.721128129519363
CC_E34A04E78D60,0.0895319246409621
CC_E3503B565AD0,0.2664040257661229
CC_E356B05ADD56,0.2027249836360447
CC_E35D02BE6780,0.03326696622489142
CC_E369AAECB2B1,0.4354936330207211
CC_E36ACDB4F96F,0.48163928508939513
CC_E36C7F0E1657,0.8153876671953745
CC_E381FD4674D5,0.04664601914662064
CC_E38E3835121E,0.047230056290894044
CC_E3A70438A0C1,0.2800734508488619
CC_E3B5C76189F3,0.24083336741137717
CC_E3B7B7E57889,0.16187752209811768
CC_E3CCC0D886D9,0.18983352376790946
CC_E3DD8AD10171,0.3442603069282179
CC_E3E230CF20A1,0.2095313473006284
CC_E3E4B2543CCB,0.06397004625174244
CC_E3E5DF01E014,0.16016582388402723
CC_E3EB157288A2,0.10427723407897985
CC_E3FBDA203EDF,0.16372824195980268
CC_E404FCA6CB2B,0.6619132952200448
CC_E4054F9C8442,0.34842081405547526
CC_E405D808772F,0.05118076204250197
CC_E4137B250609,0.31754369365162805
CC_E41482A7E968,0.07571140678742994
CC_E421FA1874F4,0.10771887196823757
CC_E42C38BBBD04,0.17329851606056007
CC_E42D90BFB285,0.0522198996107157
CC_E42EFC05C891,0.0892648786155984
CC_E430F3C75969,0.0995043097978138
CC_E4576D6B6478,0.11198737246608415
CC_E46B27A13728,0.40452994409933585
CC_E4783FB590D4,0.18311143987888043
CC_E489009C6500,0.15146438078610977
CC_E493CB46177D,0.10931200416254253
CC_E496AFA9B40A,0.32537460301237087
CC_E4A2FFE0EE1F,0.10748265783041924
CC_E4C553538385,0.3321985693864309
CC_E4C7B5501ED1,0.16207542283471718
CC_E4C8A5A60F51,0.1721671756904359
CC_E4C94AB69214,0.4640084618756154
CC_E4D75244E8B8,0.2102341208926803
CC_E4D9A8EEDBAE,0.20295826217726562
CC_E4DF787730AA,0.12334904509077083
CC_E4E0DC070132,0.15269970966733232
CC_E4E3C08B7F86,0.05717732107644347
CC_E4FEEB4389C9,0.37218516332855756
CC_E50598344DD9,0.4103646245151491
CC_E50C634A9A18,0.06122314248443943
CC_E5107337FDD7,0.06166817553855677
CC_E511BFCFEC9E,0.6228378730022293
CC_E51318749E09,0.09869187736978213
CC_E53FE6708AD9,0.6646328389280165
CC_E54290FEA34D,0.10902577949003284
CC_E54B723C018B,0.04595498658240163
CC_E554618F383B,0.11187914961005208
CC_E557336955A2,0.11343744721873984
CC_E55B48E73651,0.2721977482623138
CC_E55D8DC645B9,0.056089901954632634
CC_E575DA02C575,0.27639446113120036
CC_E576BD98A727,0.19255346396655537
CC_E578DC77656B,0.15967081073123493
CC_E57F3EAFD9A3,0.11486245049906726
CC_E59A01603B7D,0.2514692521373918
CC_E59B2D974CB3,0.16463249668420415
CC_E5A1C44F0F07,0.6430098294746698
CC_E5A8BDF6BFC1,0.16404532330271399
CC_E5B284DA0E5D,0.09609794883390504
CC_E5B8363BB378,0.5762500747128305
CC_E5D8BFFA5F88,0.057592774097117674
CC_E5DA04902EFD,0.3008008072054724
CC_E5F53CFC20EC,0.07499976158631341
CC_E5FAECE63C59,0.424278650385434
CC_E5FB6E872C58,0.09077246454959673
CC_E6045565E7ED,0.08175812054885649
CC_E60845ADC7F1,0.050854131195332386
CC_E61567D6B392,0.10894372277577133
CC_E62174AFA94C,0.1418880400664813
CC_E6247DD14641,0.09698991464160495
CC_E6289A61F0ED,0.1121038566819709
CC_E62E32FB6FBB,0.03516533718323332
CC_E62F6BE942DC,0.26923235583523697
CC_E63E49B128AE,0.09552807408218913
CC_E63F89885A3E,0.772885299990222
CC_E6466E6A92CB,0.21679758548017847
CC_E64BC95F8B2A,0.8063500737694389
CC_E64C652BBAB2,0.07815278288180405
CC_E659DB355476,0.16015345428250732
CC_E65C8BA5A7CE,0.060018596094864984
CC_E65F39446752,0.2849997281191455
CC_E67395791589,0.20750687462090156
CC_E67622A69EEF,0.07865784676133793
CC_E680830CAEF3,0.07345193784200747
CC_E6823643AC4C,0.6484707915881551
CC_E683F33931BB,0.11795234840988093
CC_E68841DEB163,0.09258919040331459
CC_E68B2C33D180,0.13748111928500745
CC_E68EE6EC2618,0.05472730100553802
CC_E69508D3D3F1,0.2377216547073871
CC_E698F1348426,0.19163175835904675
CC_E6A178F3709D,0.12329754422663874
CC_E6A4B6E8619C,0.6744295384682377
CC_E6B3887C66BB,0.27942287319214487
CC_E6B6BBBDBEDB,0.25745080376104235
CC_E6DBD0F9DC3B,0.07938841978657021
CC_E6F090F70DDD,0.2414849926301586
CC_E6F2D8CB45C6,0.10796551389139711
CC_E6F8FBEDA2A7,0.08985937521952816
CC_E70854CDFE9C,0.05896006608284894
CC_E71C05F07F85,0.07346390939859895
CC_E72797CABC60,0.07804256149644459
CC_E727C1153226,0.09923923300378819
CC_E73489D828C7,0.12003114024407595
CC_E7355465CE6A,0.08864292094173863
CC_E73CDBC743FF,0.2029937298453271
CC_E74F00E75A4F,0.0767171352358546
CC_E751F7E19192,0.1769786840702629
CC_E7522AD6431A,0.5716410995655978
CC_E7523630D2D9,0.28946496228743424
CC_E767372DD95A,0.6650523728686548
CC_E76C5DFD3BA6,0.20640228239477834
CC_E77326438575,0.19580254045879847
CC_E77E29E11EB1,0.20041847176391137
CC_E78F20B3223F,0.6761092216873507
CC_E79A23E64518,0.11320661547746463
CC_E7AC69AEA182,0.6745098738141844
CC_E7B754CA9668,0.04940630656689504
CC_E7BA60365AE8,0.1652247005208035
CC_E7C95D4A741C,0.08248241305901921
CC_E7D3D728EC5B,0.16693032253228268
CC_E7E4D5F851D3,0.0640058133840127
CC_E7EA49D37B64,0.34210655138592994
CC_E7EF11A24F73,0.7591753287272917
CC_E7F6F9A7EC65,0.08662997029820507
CC_E7FBC7F69DBB,0.20176850248195216
CC_E80B1A55A74D,0.15881385773807788
CC_E824AB0AFDBB,0.19813592909849898
CC_E826DAC92D9D,0.20586625807713885
CC_E83AB7100D06,0.14278365973803514
CC_E83E6D31EC76,0.24830001305855978
CC_E86650461FBE,0.17591799509125722
CC_E868A3754B11,0.8165100498994761
CC_E86A993F7D05,0.08133673636242535
CC_E87992FBEE80,0.6296380152158968
CC_E87B909C4DDD,0.22764717303950188
CC_E8828BA7EE08,0.15737434815344586
CC_E886157F6FBD,0.33180255877467735
CC_E88711C5C98E,0.1307424835459704
CC_E887680BB6CC,0.1307753318662766
CC_E8909BF77D8D,0.12405483065707662
CC_E8A82DA3A246,0.15442714474818364
CC_E8AC7545DBD3,0.08695660535676818
CC_E8BA6B224C3E,0.11921403227270166
CC_E8C6CA45BF72,0.2285609755171339
CC_E8D2E3126A8F,0.6901325921824384
CC_E8E55DAC4FF9,0.05421554718441924
CC_E8EB77AF3F78,0.7887866298487869
CC_E8F2C6905503,0.38799127177247406
CC_E90831F897A9,0.15979328657470593
CC_E90B14D51185,0.55027324589877
CC_E9188329C9E7,0.0973790879106883
CC_E91E1C0C0C61,0.6022357078761963
CC_E91E9D34C5F3,0.10108496551241268
CC_E91F555DBA96,0.1329564082222452
CC_E932CFF4B4A4,0.2151967865298724
CC_E93643CB34CA,0.15650311793577215
CC_E937CA493910,0.16118671297129183
CC_E9409A50B4BF,0.5143842822822033
CC_E96711AD5512,0.05564587324694403
CC_E96A3E6912B4,0.4829158646448305
CC_E98AEE74B9BC,0.2082090235696848
CC_E992FB78BC2D,0.26021657343083404
CC_E9A3AECEE3A9,0.07577179490400189
CC_E9BDA7766728,0.29721511014560487
CC_E9BF1AFE86C3,0.16262288535522298
CC_E9CA055AD1A3,0.09111156457872838
CC_E9CA0A56E917,0.15304443326905331
CC_E9D3453F53AC,0.5897617291930857
CC_E9D46EFFA839,0.19511862505489416
CC_E9ED872B6037,0.0453377319072932
CC_E9F40C1B559E,0.1353814001055581
CC_EA06928C0AA9,0.26916916857297035
CC_EA0A46F64C80,0.1373352688244599
CC_EA114B15FC04,0.5327136558953982
CC_EA1F3F67BA2E,0.10517494421026223
CC_EA21618614D1,0.7335343967676156
CC_EA26B5A89181,0.22274304826971614
CC_EA26C6C27662,0.19594034545931605
CC_EA3B5AC76649,0.20109523312112748
CC_EA4E669C8528,0.08552871223963236
CC_EA6917E7A5C2,0.6809155761908228
CC_EA8A25862433,0.16497705337367102
CC_EA901D7CA670,0.18681748508978713
CC_EAA2BCE323EE,0.7287180238734141
CC_EAA6D5189190,0.12493954616853209
CC_EAAA8DD7FAAF,0.14896388108345007
CC_EAB7408CCE0E,0.3055923032318161
CC_EABEDB3C4827,0.15092419927777978
CC_EAC6D83D1BFC,0.03698715840257261
CC_EAD7F3E9DAD1,0.0632142901000301
CC_EADC7D8196C2,0.2855286686478246
CC_EAE608E24E29,0.04340757741486599
CC_EB05AD2C7C27,0.042936159342833444
CC_EB1DA337E2D1,0.15198219403302762
CC_EB1F425EC937,0.12376819632549978
CC_EB2FE764BF6D,0.13882308571144794
CC_EB55483587DE,0.09833242825275679
CC_EB569B3E2E12,0.6673422214283744
CC_EB57E6E6C96C,0.2029334641977769
CC_EB5A0FE0605C,0.13905446617640385
CC_EB64EC97D01D,0.14252969743366944
CC_EB691249B91A,0.15007870998976602
CC_EB7C50A7D4C1,0.519070643451036
CC_EB7C52FDBEC3,0.19369587326333448
CC_EB86FED24535,0.26427291216905435
CC_EB89DECC2021,0.10943522588873725
CC_EB999F9D6095,0.23112689199825226
CC_EBA2F85924CE,0.08816632597038976
CC_EBAC5A53FD11,0.09353914314113376
CC_EBB109EF7619,0.19660055719619182
CC_EBBD00C18763,0.04762092647084718
CC_EBCA68C7854D,0.07055807210878443
CC_EBCBDE122879,0.18456195633243017
CC_EBDF6C88BBA5,0.06804993670343629
CC_EBEDAC91ED43,0.08864366531578502
CC_EBEEC4183FDE,0.0479315557581903
CC_EBFD9D007253,0.4579805244030544
CC_EC1ABC58E09A,0.1540995392355891
CC_EC26EABA68DC,0.7758125092370463
CC_EC2A485A3E71,0.18504562304551175
CC_EC3B9E2FE47B,0.07752588751930914
CC_EC505F03EE5F,0.04092471027259169
CC_EC5317EC6706,0.21764528497579283
CC_EC5B7FBD1EA7,0.14376266987766706
CC_EC5C7471FFC5,0.060149210573006366
CC_EC5D92B3617B,0.217697306832873
CC_EC5E214BFED0,0.6514208996937425
CC_EC6406527201,0.10163078761957933
CC_EC79022358C6,0.3337723543954042
CC_EC831A90189F,0.08684416057525683
CC_EC87C131FADC,0.057411752612486336
CC_EC88785D6F39,0.22123126504189314
CC_EC9173F5284E,0.041561058717230724
CC_ECB7B3B6272E,0.0652069113389798
CC_ECBF4CED56D1,0.10738736201224774
CC_ECBF80B94EAE,0.7723697762066306
CC_ECC78B7AE3F1,0.5788869427536851
CC_ECC7E9E691F5,0.2812477833726992
CC_ECC9235F612E,0.24443196535596143
CC_ECCB0BD557DC,0.1407099978914263
CC_ECCCB1B4EA8F,0.07733395504100454
CC_ECDDF4983DD9,0.05234529587486345
CC_ECEE93C4F564,0.5776438028290007
CC_ED07BD8B2CB3,0.053527888658825865
CC_ED0F4A02A01C,0.22704131732927785
CC_ED11D72A1D3B,0.06190487769803888
CC_ED165FC5A06F,0.05725383174052806
CC_ED2B6A40ABC7,0.26475658165118
CC_ED390F22A931,0.09982170809800375
CC_ED40E7CE5177,0.22272670266267902
CC_ED4E4B13DB1A,0.041936904970715984
CC_ED4F22572419,0.14869875867332052
CC_ED5AE5CB1DC5,0.06955050038927085
CC_ED6090A4E6E4,0.21054338007975856
CC_ED645D91E6A5,0.1219598156693621
CC_ED6B045B6075,0.1592746830017117
CC_ED9313C71C57,0.19219978421234996
CC_ED9BCE7C776F,0.7333778475613273
CC_ED9D4644716C,0.1604926328883559
CC_EDA794402358,0.23987617371646752
CC_EDAADACD4DED,0.11580341174757247
CC_EDBAD2E989FB,0.12570357912311075
CC_EDC98B474E76,0.24328066136790355
CC_EDD1FD49A66A,0.7572312769589444
CC_EDD448008C0C,0.7202451448331637
CC_EDDA3B790095,0.06215914566884746
CC_EDF95BF0E3D6,0.16928035778306483
CC_EE03D7C2BC69,0.06670860289142372
CC_EE0D95184E81,0.05102077347292239
CC_EE0FF690C214,0.4466257727931401
CC_EE2412C352D5,0.10295070816433691
CC_EE2A010019CF,0.06871998500488392
CC_EE2AC730827E,0.0628239902358434
CC_EE3236E6A9FD,0.1225590204815874
CC_EE3759EA49FF,0.1700108654749002
CC_EE38C78AD88B,0.3683907030366318
CC_EE3CE0FD6B77,0.49657176634348454
CC_EE6B7E58FC63,0.0454231650040048
CC_EE6E02464067,0.2914251526897928
CC_EE6E1FA7A753,0.16881192241344567
CC_EE6FCE6C233A,0.2149661819300921
CC_EE88C07B9333,0.08477294078418421
CC_EE9004165810,0.07340440334179231
CC_EE9BD17AD343,0.05279608841138064
CC_EEA608D5A455,0.1486546054445556
CC_EEAFDB1BB486,0.524266674993924
CC_EEB482736C41,0.24918059055652972
CC_EEBD9DA093E1,0.055129614592609705
CC_EEF23DDD2262,0.1428415361840725
CC_EEFBDC9AD94A,0.08041893687388349
CC_EF05000895F4,0.4945509897672107
CC_EF16B2CE0988,0.3541196018863081
CC_EF1DD3F0CBDF,0.06524121249000975
CC_EF2D82085BB9,0.0932185426096454
CC_EF2DBE79D656,0.20388114797775103
CC_EF3000C48A4C,0.06966479566453063
CC_EF359AF608EA,0.04805163633704313
CC_EF362432D758,0.35558926584224104
CC_EF548B30F1B6,0.22807348653525428
CC_EF5B403DFD7E,0.11307832259781095
CC_EF66DA0DDF9C,0.3000497272658353
CC_EF70BA4AEEC4,0.2041345563852798
CC_EF83DD56FCC5,0.06390922880741205
CC_EF8B642A6F8D,0.06680795123917646
CC_EFA1EB27DA19,0.04609185931395035
CC_EFAE84EA9BDE,0.10385946399222244
CC_EFB26BEA106E,0.2981343132161316
CC_EFBB51CD8502,0.2232360282270443
CC_EFC18E9B3B55,0.1259145407935612
CC_EFC4B0020E2D,0.13154879667052394
CC_EFC9FA5108D9,0.17830716797329332
CC_EFE45D9B9D9C,0.05224373696632327
CC_EFF27FA98DF1,0.06462039506501704
CC_F000DA497736,0.2465384954424924
CC_F00107DE219E,0.5900819888746611
CC_F009FC54A64B,0.750990345049013
CC_F01DF28C6BFF,0.08821314985167461
CC_F037C91F63BF,0.14492648090833066
CC_F03FADA95A03,0.7403265771821204
CC_F05235F3C894,0.11775819807227761
CC_F0649FEBFEB8,0.4863778992314367
CC_F066C78B5C0D,0.15052620979111556
CC_F07313626618,0.6120927079841413
CC_F0783F6A56F5,0.7602628234287727
CC_F0791523691A,0.1828306502882647
CC_F080750455CE,0.06310379507234345
CC_F0809EBB0B51,0.04579521813012222
CC_F08259F86E23,0.18913823428150783
CC_F0929F859702,0.17687422549459686
CC_F0A7203CCA39,0.11375938787606613
CC_F0CD4DD9C63C,0.1535424419922929
CC_F0D29AD328E5,0.16563501014972998
CC_F0D339E5B80C,0.0657837774579501
CC_F0D3BC14FA77,0.09246036937432725
CC_F0E16D28D49D,0.18135842615262196
CC_F0EBE2C00A7B,0.07577493500520577
CC_F0F137758DC2,0.061669289416004906
CC_F0F6BD40CA43,0.36702402702275044
CC_F0F6FCF6010F,0.18564234352803796
CC_F0FBC9D4ECA1,0.03967283307203835
CC_F0FEE924096C,0.28737916934057306
CC_F1074E035DE6,0.0740622858885514
CC_F108D26930FF,0.3961911006724079
CC_F10DB853B9DF,0.36888933543263014
CC_F10E06D52D76,0.1270096469040582
CC_F11F5F477B91,0.6555316344076585
CC_F14913B5BE1B,0.7420364522967828
CC_F156C1647E3D,0.08412761771525809
CC_F1598097E314,0.6455752168347885
CC_F1641E3AAB3C,0.05511187037910905
CC_F166878FB959,0.05909869914764054
CC_F17540FE7C9F,0.10258129405194276
CC_F175BB08B29E,0.054545457936814576
CC_F1782AF286D0,0.36196426536708914
CC_F1796AD4B774,0.6092897833296174
CC_F17B3A3A5E56,0.5671518941491226
CC_F1858D6F0080,0.15432583062480257
CC_F18689FA8E29,0.07438890562995573
CC_F18A82B0F153,0.14027037464005127
CC_F1AE7142A128,0.10643911668007186
CC_F1B43DD57C9C,0.11887247163752204
CC_F1BCB7676492,0.0952701576104586
CC_F1C8B8BB90AE,0.12853163646994456
CC_F1E044CD2D75,0.25565817823207915
CC_F1FCB96B5E14,0.23057641163136955
CC_F2067E92A939,0.14756328272076075
CC_F21512554CC9,0.07787989389211541
CC_F243956B7575,0.09553281225036689
CC_F24FBC9FD3F7,0.3589349776431333
CC_F252EB3F208B,0.08798523872595063
CC_F25D793346CA,0.3335139924616284
CC_F25EB1ED5AD9,0.07519443829398727
CC_F265A0AE845F,0.6909577300394026
CC_F274BB4AEBE0,0.06130090793069176
CC_F28BF2185131,0.12068779135006079
CC_F29077E45AF0,0.23664459978171912
CC_F2988560CAB8,0.35866041770962837
CC_F2993AB36C56,0.09430850844040625
CC_F29D6C65779E,0.07567804770553124
CC_F2D2BADD0000,0.05756113267045486
CC_F2E4AEB73D57,0.11838352234925717
CC_F2E630BAF431,0.05914844428956818
CC_F2EFCB40AE74,0.14742196930245005
CC_F2F085891915,0.7116892732686897
CC_F3030E2C80A0,0.18221165014348775
CC_F3044C7C16BB,0.07419630841844393
CC_F30B21CB4603,0.10139120911637972
CC_F3140FCE870A,0.09192874598311705
CC_F32A84B321FC,0.19665958433469455
CC_F339FF584607,0.25529812991382644
CC_F33CEE0F6DBE,0.4356995565086692
CC_F33DAF3E9CF0,0.11581371545470151
CC_F34EC3FF202F,0.08090420052506028
CC_F35A6C383B39,0.167362514049364
CC_F360E0FF27CA,0.07057244587551503
CC_F36B7AEC0086,0.12578259101543762
CC_F370665BECB8,0.5671012595949505
CC_F373A60E53E8,0.04624081119104907
CC_F373BDAE18B2,0.07998004761623839
CC_F3745BC63340,0.07243477637712759
CC_F37DC9169301,0.1318044040523873
CC_F394E57C5243,0.22844607064008277
CC_F39E98FD418D,0.07989920367290627
CC_F39F51452381,0.04565749879219144
CC_F3A52465664E,0.06557623759269607
CC_F3A8CF761A0F,0.19773502436061974
CC_F3BF1709E29A,0.3586697663638584
CC_F3BF72C29211,0.07519375864889044
CC_F3CF35465CF1,0.0475402412304379
CC_F3E2186DBD4F,0.2739397684488559
CC_F3F0F9B9B56E,0.16118604231109113
CC_F3F185395BE1,0.11425193134766684
CC_F3F68E6599E7,0.07949605856547833
CC_F3F7763C9DFE,0.16579345636576062
CC_F3FFF13592CE,0.06468846875897075
CC_F410C3CE89E1,0.17980647000371294
CC_F410C8B811FE,0.06591274400900637
CC_F4132072D78E,0.12063229267904199
CC_F4157B8E5B32,0.524337637972738
CC_F41CF067E828,0.11894692485424954
CC_F41DC456E539,0.04973755489998395
CC_F41EEF55A0EC,0.04772086025410247
CC_F426B5C1F07D,0.29730846062722865
CC_F437875F9000,0.16373364351916705
CC_F43C961F8A30,0.13859659288516385
CC_F43D9BF23472,0.06292407621019175
CC_F444BE033109,0.14485628307291482
CC_F4481124F17A,0.175645717249644
CC_F44EAAF80F70,0.12999085360560678
CC_F4521F6D3492,0.5465293535599518
CC_F46BD9AB1B68,0.15203061691352898
CC_F4763AA0B824,0.5641215586289892
CC_F47976F33E20,0.18921941278367882
CC_F47E588D4470,0.18518419315320167
CC_F4A2777912C2,0.12219520128051686
CC_F4A6C2B23685,0.07589929678149346
CC_F4B3EAEEEA8B,0.041605046454891714
CC_F4C6CD1E720C,0.07718065248942335
CC_F4D05DA98C83,0.0730669931148122
CC_F4D15889CDE0,0.14691849540379637
CC_F4DEC1E6173D,0.04350412604452128
CC_F4EFAD6AF8BD,0.2521817171991261
CC_F4F7835A1FA2,0.20761700997062504
CC_F500597795FB,0.17335003928073672
CC_F5197FA9580F,0.6936845099333477
CC_F5240F59146F,0.08014004490172447
CC_F534A0B87C3B,0.1747510480305577
CC_F536972BFE98,0.11955782096167773
CC_F54FDFE5A5C8,0.08412571277089456
CC_F55727F65F86,0.17921267233157567
CC_F558EBDCDD6D,0.13358753338706542
CC_F56D569AC51F,0.1090867462137765
CC_F5714D180EE1,0.14116562229449103
CC_F576ED9554AD,0.3405031385288879
CC_F57C2559358E,0.2292974319581636
CC_F5AA72FC0972,0.10662378187659716
CC_F5AE7DEA2B48,0.08174651709882137
CC_F5C6A5E9D495,0.1683931759583741
CC_F5E0731F2181,0.21697553623022114
CC_F5F4F3B03FE8,0.722064498419454
CC_F604D7B9CBD9,0.20793641371126614
CC_F60F13391D61,0.18192368066396808
CC_F618D72DF162,0.08050492726412586
CC_F620B15ACC5D,0.07479876475564765
CC_F62D426D6614,0.130554361544291
CC_F634999D5C1D,0.03581416716594244
CC_F636E5BAEE47,0.19004720951736057
CC_F6461B692240,0.7117439883809793
CC_F65BAD63AED0,0.14626381416949458
CC_F65DD2AC57E8,0.27286265997035597
CC_F66C6577674C,0.057909504850358465
CC_F670896FE959,0.19459001835710515
CC_F67376F272EA,0.6580929527428041
CC_F67FFE9E884E,0.2685037178730676
CC_F683C99F06C1,0.19743906239094364
CC_F68523E2CE7A,0.7269408413065126
CC_F68E62F9AA0F,0.03811953409096248
CC_F69604E05962,0.07655768105659398
CC_F6B8913740B3,0.10374832795456876
CC_F6BB4952DD35,0.3383165738019257
CC_F6C0B7AC57B5,0.612123521258804
CC_F6D2B06E6E8B,0.605022565725494
CC_F6EB30A84C9F,0.27140520549809444
CC_F70345A4792A,0.11216949192257876
CC_F7068C1F77B3,0.2571470137226025
CC_F70B0EA8C0E7,0.06454452917944392
CC_F71CC97FCE83,0.11433675184520917
CC_F722224A84F4,0.6804563749216188
CC_F72D1046063A,0.2690536771654838
CC_F72DAB32A281,0.06142051678649684
CC_F733AA5C0ED9,0.06999790827414047
CC_F74043C1BBEB,0.07363670530241903
CC_F74A31E36137,0.05995481943525911
CC_F756B167634F,0.16469534703065902
CC_F75CBE8E1B92,0.41541480916346907
CC_F761F7EEAD39,0.15507615169026714
CC_F79303D62FCD,0.08216346855092896
CC_F795134B52E6,0.6514233002213818
CC_F79533E83ECA,0.09757272599391986
CC_F79F9A7ED432,0.700658138609095
CC_F7B2FC73E020,0.047851795632981094
CC_F7CF24594B20,0.08987734436872183
CC_F7D31937AA89,0.05125411558997055
CC_F7EFD378035D,0.3761983051992821
CC_F8014B1E00D6,0.04635640017815591
CC_F80ADE95A7C8,0.056165812628085454
CC_F82E58E476A9,0.10594281152790191
CC_F82EB123CC19,0.21531722353564317
CC_F83088660331,0.09053238640365693
CC_F83C6DF6A815,0.5222990748503266
CC_F8620C4F7581,0.1593197121327879
CC_F869F4DA5077,0.7785721929893865
CC_F86B1C53EAF4,0.20192452036505426
CC_F87B7F26FF51,0.2525509771896168
CC_F8803D1C899B,0.06378080700136395
CC_F892E51AC9DD,0.055798441754072906
CC_F89C185743F0,0.11089336481738321
CC_F8A4D45C3769,0.08907177808098773
CC_F8AD68EA5A16,0.22702345275103664
CC_F8B4DBD0CE8A,0.3084894207308396
CC_F8F3E551F166,0.26945583404781737
CC_F8F9FE2C9B65,0.2092244456509565
CC_F912A50D0DD1,0.16342914141200865
CC_F91B7C2B1AFD,0.10730470688484725
CC_F925251D4BF0,0.4013241848488659
CC_F925ADD60E7B,0.05183322728510646
CC_F9282C144479,0.06013333738797774
CC_F92EE3287CC8,0.09503338618993062
CC_F93332608FE1,0.17488905008873168
CC_F94070DE3B81,0.07229388084770376
CC_F94C81428D20,0.1795818267386522
CC_F95DFFDA9B12,0.4182725608590834
CC_F96A53B02447,0.5280821765277782
CC_F96A965CDCB0,0.6091456818028602
CC_F9721FEDBE9E,0.17224640478645584
CC_F97C3E145882,0.25555768468320816
CC_F97C64C64052,0.08250774550013282
CC_F98660A07E6A,0.7736704111263071
CC_F98BA4B13724,0.07457518484859924
CC_F9A3F3A76B1A,0.1325676017314631
CC_F9A8E2B3A703,0.10565759205789077
CC_F9B3E7E7F2A9,0.4040786465378559
CC_F9D7D0B1E4A8,0.6743009298699962
CC_F9EDA4EDDD44,0.052385779610767215
CC_F9F2176B12FE,0.05539328684823393
CC_F9F90E76CA5B,0.11737687687011017
CC_FA0157249C01,0.10295190651326809
CC_FA169BCA835F,0.10044687179188985
CC_FA19B61BCABB,0.11326923719063464
CC_FA1DD203C293,0.24119241893352905
CC_FA2E30269BC1,0.20780613689879263
CC_FA304CE8E045,0.23058482914912015
CC_FA310759A257,0.651089437409339
CC_FA32397E7B8C,0.12290397908883456
CC_FA33D97B84D4,0.1146445515138228
CC_FA38991B9434,0.03770730500744286
CC_FA4079FFF1E5,0.19252625801656376
CC_FA716665CD8F,0.06578363467806261
CC_FA770268B207,0.20051979641332557
CC_FA7A2F59245B,0.4373958540881475
CC_FA8205104EBF,0.08490680135069109
CC_FA8370AF8740,0.05069700125177544
CC_FA858F1025FF,0.11596436332370548
CC_FA86320CF6B0,0.06956198064044519
CC_FA8B341CD3EA,0.16779847344599613
CC_FA9057AAF95B,0.09520678483183836
CC_FA97314C666C,0.06587698988612958
CC_FA974C1D91AD,0.32006292635154965
CC_FAA0E5BC9F44,0.7272258159161042
CC_FAA2694D8578,0.2762867939388834
CC_FAAFFC74BC35,0.7171628107130581
CC_FABA6DCF8E45,0.04287587347339494
CC_FABC53294AC1,0.18335974386627285
CC_FAC52B8E66DA,0.1001256580974434
CC_FAD284D8DAC8,0.8176896221798723
CC_FAE70CA5999C,0.12141243740262467
CC_FAF1CCB40132,0.08953581608666356
CC_FAF93D8B3B59,0.05996389180095131
CC_FB09E5481B64,0.07885326215736246
CC_FB150A1F7C3B,0.15368034051871027
CC_FB1808471515,0.3796709582211307
CC_FB296D823CF6,0.09135235971790212
CC_FB301E1FA7FF,0.041145867265475575
CC_FB33C958A19E,0.45075414209026987
CC_FB40D63FC3D3,0.19899320074122806
CC_FB45A1837AD7,0.08877003373627614
CC_FB45B79CED15,0.10305995204875032
CC_FB52260232E3,0.05668817814181394
CC_FB6A0A7B8813,0.2945952149201204
CC_FB6ED10D82D2,0.12059834267707686
CC_FB78DE84AF05,0.039644179912460664
CC_FB8DF8F93E7F,0.1794987658313888
CC_FB8F89048B89,0.09760872143436353
CC_FB9C3E77A49E,0.1289418626315349
CC_FBA40CEAEA18,0.10248358446153696
CC_FBA998938FE5,0.1215024544073833
CC_FBADBAFCD1B3,0.25955071831324444
CC_FBCB85E21ADD,0.14572750361216746
CC_FBCD00EE4402,0.12021851682570178
CC_FBD40DFBA5D5,0.241846572535867
CC_FBDECF3DACAE,0.2270947009021771
CC_FBE4E2F652EB,0.2479223403955003
CC_FBEA9510C687,0.3024671606529001
CC_FBED1E2E1CC0,0.13869241912367933
CC_FBF54E48EB13,0.05077858111829159
CC_FC1E279EF320,0.05310437404841948
CC_FC2E1D460089,0.10254575563943016
CC_FC31CBD20CDF,0.1969540936987516
CC_FC41D8134A1C,0.09602633362621635
CC_FC44D7EF257E,0.0522373693054454
CC_FC4A649BDD07,0.2101676382484741
CC_FC51BCDBB6B2,0.14422635831971609
CC_FC57B6E79AAC,0.21431336802045486
CC_FC6AA879D9CF,0.118082095031325
CC_FC7A926F3A64,0.6466817371324028
CC_FC83CB9C71CD,0.04868643962947738
CC_FC9E6D511294,0.15007010346611227
CC_FCA657E69930,0.36682544211595636
CC_FCB451237214,0.7727700046919809
CC_FCC7E51DF812,0.33422567218485566
CC_FCD42ECC012B,0.05952285899200299
CC_FCE8FAEAAEF1,0.11741273777863986
CC_FCFAE9BE2522,0.40280550826786826
CC_FCFDB5DFE5D4,0.11822181696001952
CC_FD24FC7961A5,0.10450531790690848
CC_FD2793DCB5EF,0.10933556238163541
CC_FD2EEF724088,0.1258233335156988
CC_FD3205367675,0.09705009210751538
CC_FD3A21CDCA7C,0.08900740821681342
CC_FD3C4C2FB68C,0.14997565356012255
CC_FD41687DC1A0,0.1193953425814155
CC_FD44B4E31EFE,0.10098305240868276
CC_FD5721556AB7,0.08484400492706884
CC_FD643C174587,0.27952465879020455
CC_FD6BFA30DD9E,0.27929201768674594
CC_FD7C9DD7F11B,0.11967535761563516
CC_FD7F2D90CF8C,0.06478417914474609
CC_FD8C4F601909,0.06972081165823973
CC_FD90B45AA24E,0.09344370938214368
CC_FD95457772AB,0.07015723903163563
CC_FD9D9B58DB1A,0.2126671710468382
CC_FDA918AEB5D6,0.5708602180634134
CC_FDD4C2065540,0.35843872923710685
CC_FDE57A2C5156,0.19458849142504325
CC_FDE9920975F6,0.24071957134838934
CC_FDEC856F9C6D,0.05730929021079907
CC_FDEED2AA92A3,0.4464820051039956
CC_FDF5607ECC1B,0.05748439550070644
CC_FDFED3D7E70E,0.1453199960037797
CC_FE0324F99784,0.12063741520499649
CC_FE0A18D6570D,0.04907245881541024
CC_FE0DACAC84BC,0.2492392934492857
CC_FE16586C9FAB,0.26593846465360227
CC_FE16FBC86237,0.17905354672254775
CC_FE1C808C4515,0.06658451047022279
CC_FE1E64201B9F,0.1037455000635164
CC_FE33D60E29EB,0.03911206465790466
CC_FE3ACE674BEA,0.1553817446658094
CC_FE468E9AA9D9,0.03920681334247475
CC_FE5AA923C220,0.1587239154472212
CC_FE6C777DDC19,0.0653532840446305
CC_FE6DD8C8EC90,0.23689993431667383
CC_FE7A84AAA8F7,0.15688954637640007
CC_FE7DB6B410A4,0.12068835774386572
CC_FE8691B1F3D9,0.0954971627106003
CC_FE874279A94B,0.09762640556071504
CC_FEA61499305D,0.17981896875191955
CC_FEC22B334AC5,0.12238300704811494
CC_FF045F9508F2,0.18824055524035238
CC_FF0EFF711598,0.24754960932251255
CC_FF12F53D5676,0.04854180938526089
CC_FF13D426EC1C,0.14558898740937343
CC_FF16A7C8600F,0.2162838161122435
CC_FF2236DC115C,0.349787826623033
CC_FF2725428B6F,0.08678088202077863
CC_FF3176D91690,0.12454255721039278
CC_FF393D295D66,0.050557685499113894
CC_FF4598202C5F,0.6586079218828753
CC_FF463A4B3D04,0.2998701049317814
CC_FF4703F7664E,0.06660858029037628
CC_FF86EC3C0851,0.4696939213574344
CC_FF8A580DD831,0.12157817710017874
CC_FF8BD8697ADE,0.13436013099955185
CC_FFA681A2054A,0.05277869066619632
CC_FFB6B2D2BB2A,0.34190990504760116
CC_FFBFA27643F8,0.14026086683287428
CC_FFC81CC80F9D,0.13540760700204107
CC_FFCC9C0763D4,0.10692092347485377
CC_FFD4E33DC920,0.5376170020005808
CC_FFDE11143038,0.05983369378587782
CC_FFEF28047C4F,0.44114400164879886
