client_id,oof_default_probability
CC_0000F52C3717,0.2708652747014117
CC_0008C4E44BB9,0.12478700749831348
CC_000B4B1BEDF6,0.04847549762767193
CC_000D492CE7AD,0.04934204723833742
CC_000DCFA992C4,0.052661822410995165
CC_001122E39690,0.06623308963692785
CC_00117B7E053B,0.08599618921974424
CC_00135124F0C3,0.2232224935208182
CC_0016CFCF14C4,0.07649267080493882
CC_001740B14C72,0.10411139960836342
CC_001938053246,0.06941997435546192
CC_0019E3DC239C,0.0996772881816984
CC_001C3594F76E,0.32083866688493823
CC_001CE8624267,0.09337224035176005
CC_001F84E88060,0.09001308678526217
CC_00205A472499,0.09054018121858957
CC_00293A354886,0.03817059883607633
CC_002B838F0462,0.19607391203431387
CC_002C0A6A79A3,0.1623615319131059
CC_002D38C9B16D,0.2863501360898385
CC_002EC26F87BF,0.03706724009902985
CC_002FBC1547AE,0.20153364308521654
CC_00308EC6F3D4,0.10360223208839951
CC_00324544DD9F,0.42380856800689876
CC_003C4B7BE7F8,0.18852533238944597
CC_004006D91D8D,0.6921570741096138
CC_0041A03EFFB6,0.057617887708707405
CC_00428A82437E,0.2653552919808507
CC_0045073BC11F,0.3550504569191326
CC_00467B1D8D89,0.05254410907467453
CC_004713654049,0.11342938735257453
CC_00471F46B9F4,0.0957946994242381
CC_004B878F25C2,0.1146256610330183
CC_004BB26042C5,0.10651159753541517
CC_004D8E72230C,0.28025177480454644
CC_004DB3A3C70B,0.392190680223849
CC_004FD1D5A61B,0.16037516147233952
CC_004FE57C56C8,0.758157796828763
CC_005704951586,0.22303883671635952
CC_00643E369290,0.11184733218782619
CC_0066D98BB9EF,0.590854327644527
CC_00690BCC3766,0.19458828574485335
CC_006D26E11173,0.14789566520498426
CC_006F0424BA0C,0.061415048868790255
CC_0072F2F08542,0.047016987397539046
CC_00751D910DFF,0.07031207107696391
CC_00755CE7B990,0.12384302841481709
CC_007590841E7C,0.513135575471972
CC_007B612BB240,0.7330550797617338
CC_007EC791ED3A,0.3276647040573952
CC_00876B84BC7E,0.18513582170384507
CC_0088A324D676,0.07726905474830624
CC_008B5E945701,0.5372073289277038
CC_008D56B4B41A,0.047432004619152736
CC_00951B5D39A6,0.10457778927523928
CC_0099AC551369,0.07324823136595096
CC_009A2F903E8F,0.23907377622578144
CC_009F373F58EE,0.045867128819695645
CC_00A1B6A0BFE5,0.1148306748759772
CC_00A651F1CA9E,0.18610779800021268
CC_00A6C7E23295,0.3466937851453932
CC_00AA4D8EAFFF,0.550475944366689
CC_00AD510EB5AB,0.18829784308673878
CC_00B149CC3832,0.20339224927447344
CC_00B24C240296,0.5468783676651164
CC_00B2A863966B,0.16842921243195805
CC_00B6D231C4E0,0.1314487042984727
CC_00BA0D9C9769,0.587774352461827
CC_00BA4B9A3ED4,0.1239030878704026
CC_00BD978274C9,0.05355298679520422
CC_00BDFB856C9E,0.15288826587085252
CC_00BECFD0FF29,0.4367596422146205
CC_00BFC5461053,0.08095043484367477
CC_00C4D8C18438,0.09418011202133392
CC_00CA157239FF,0.42704079024509534
CC_00CA34BC997D,0.14645555539464977
CC_00CEA7AD7F1A,0.1802961714031698
CC_00D5C2A06551,0.15657930706508835
CC_00D6CDAC726A,0.2645210439661524
CC_00D856A03DBF,0.7003777354297207
CC_00D9F83C9E93,0.06742823604465173
CC_00DFC64809D6,0.11334746291302178
CC_00E0387FBC9E,0.10944419009431408
CC_00E1D1D2993D,0.24828025872557244
CC_00E6521C30BB,0.35046042320366894
CC_00E69205F24E,0.10549385925218083
CC_00E89DF054F4,0.051279940518783686
CC_00E9CC8D9EEF,0.24748445439059513
CC_00EA46DE25DD,0.7407191173447881
CC_00EE0EEB58D5,0.425898828171756
CC_00F9F67E6F05,0.043033173651690945
CC_00FA46F7366C,0.2271569080929825
CC_00FB89799652,0.17966984561247426
CC_00FFE2036AB1,0.1688846785954858
CC_00FFE77863DF,0.13840860097526173
CC_0102323406AC,0.19960509988318836
CC_0102B5DA5A15,0.11041821870214859
CC_010B09136D06,0.10523706519117584
CC_010CDC88F5F5,0.09123679383142204
CC_010D45E8285C,0.052816417819332974
CC_0113BEA391CB,0.4092801960459399
CC_01188B92EA48,0.07815075465486543
CC_011BF4A47C7C,0.10395122201669711
CC_011C317218A8,0.1282889810093873
CC_011D9EA99494,0.05754300812096182
CC_011F2346F3A2,0.5884953340646956
CC_011F409B64EA,0.16441910914036933
CC_012038AA52E3,0.10736499429182408
CC_01240BC10405,0.11193344993289975
CC_0124E7389107,0.5480844166078642
CC_0128A7811A95,0.05909991546882047
CC_012A37359DB7,0.6512462270812829
CC_012C42D7E854,0.09508096767858286
CC_012E7A7878E5,0.15003640996050016
CC_012ED63A7E6C,0.03887181310400128
CC_01349EB3649A,0.18683411552152154
CC_013536D5B9AF,0.049158648358258936
CC_0136641C69EB,0.12006192311230993
CC_01384D5CFF72,0.14206971161315773
CC_0138BB7BD8A3,0.10059146097143498
CC_01399364C26C,0.16675954092884232
CC_013AB3EC63DC,0.15258298239678064
CC_014366E64DCA,0.6704115662087916
CC_014A63C90F62,0.3354037797653491
CC_014BF9E304F3,0.5849592805129962
CC_014C89539CCB,0.742542761453
CC_014CF6A70FBF,0.04667729875777588
CC_014E1324EE80,0.09510572026080358
CC_01509F2183B8,0.11349929226612647
CC_01554CCC0460,0.12406283990479634
CC_015B291B0487,0.09211826379576535
CC_015B8DE78DB8,0.19121796705437438
CC_0161B5B24B5F,0.08858439236138646
CC_01653DC77271,0.2792044797789312
CC_01667940AC27,0.12893395372186936
CC_016B51878C16,0.30533126468059674
CC_016C33BE1E7B,0.08001924222016812
CC_016EFF422602,0.3721197585026606
CC_016FEE812B9C,0.1010774428679384
CC_01712CAA42A3,0.37700389673225365
CC_0174CAC73142,0.1549923560591904
CC_0177D857E633,0.0613592623860692
CC_017BA5C2C520,0.6259360487235524
CC_017DCE877A26,0.11865932285204857
CC_018248BA2DAA,0.19280438575706
CC_0182FB5AA05F,0.18234781759879415
CC_01882463E3CD,0.15907491425927253
CC_018CEE8FE58D,0.49001591130622224
CC_018E749907B7,0.10543900463051299
CC_018FB501A605,0.05453937009121294
CC_01908B0AA50C,0.23352132605868797
CC_0193729A77D2,0.18566323042574098
CC_01960FDF3E7F,0.1523656870530098
CC_019611B783AB,0.6547965136287196
CC_019912E3B581,0.06035186120764373
CC_019EF3051B45,0.26732796408409093
CC_019FDD770163,0.17979579106958557
CC_01A164F25668,0.164337144918915
CC_01A5CBDF8101,0.0504014330803601
CC_01A9DD94B3E3,0.11804536159829412
CC_01AA79D4600A,0.41978860384893446
CC_01ACFC758043,0.07712511524612675
CC_01B0D8601911,0.7030933732248354
CC_01B76192CFFA,0.7823732634823354
CC_01B852C90D56,0.108605353855958
CC_01BEF0C26362,0.42355705112605085
CC_01C3FF12EB8D,0.20412428617093986
CC_01C6D9F0DB8E,0.22662932007412756
CC_01C7A2731579,0.7304128561623837
CC_01C8FC78044C,0.0662756197863414
CC_01C98663A16F,0.21508583893943375
CC_01CAF0E84BBF,0.11572530514832033
CC_01CBA617AF23,0.37210984237311706
CC_01CF95E913FC,0.717732976231013
CC_01D06CCF898A,0.058066715350569245
CC_01D2B07730D0,0.13995798624033282
CC_01D3556F1812,0.3002882764919922
CC_01D4CBCDC120,0.12962878603366002
CC_01D55EDD2BE6,0.19435550803818813
CC_01D586B7E7A4,0.19654721268338546
CC_01D5A1099D98,0.2009033218018864
CC_01D8177D33B9,0.09246917378915315
CC_01D8D0BB7961,0.6483728666228485
CC_01DD43C01B80,0.1484250081275484
CC_01DFA1DF53F6,0.07296738473107772
CC_01E062ACC88B,0.41683647076841995
CC_01E2B7ED6107,0.09673418996003924
CC_01E70E8718A9,0.06510964687059694
CC_01E7623CBD0F,0.08884445754763219
CC_01EAF8DA6227,0.07300389178325588
CC_01F2091FC586,0.08139410764476865
CC_01F37D908978,0.28690683569313125
CC_01FA4C26ABEC,0.20347538941976256
CC_01FAB37C1CFB,0.22567781200359094
CC_01FD4C56F0C2,0.13338774202391018
CC_02015659F881,0.7623791513768907
CC_02074A9ADB7A,0.0530013971601904
CC_0207CA3C1DD9,0.3228940353187427
CC_020A0EB137E0,0.33114815673837306
CC_020C1AADAC9A,0.647965352837111
CC_020FC7ADC447,0.26506257495822083
CC_020FFE185ACD,0.12468348643836658
CC_02107589C479,0.14703001896705004
CC_0211D89A1ACF,0.13307253470353023
CC_021A8812B28E,0.6413139354962236
CC_021FD690E352,0.09860482149226293
CC_0220CC31D601,0.1705748278301042
CC_0222F7DAFE81,0.19656085081393346
CC_022320678E24,0.12182224393383878
CC_022F2E7052FD,0.10650976343089151
CC_02302E76108A,0.17735837473656935
CC_023033C8850F,0.6539047816512047
CC_0230E02D8543,0.09841705430031544
CC_0230E22AF075,0.1833136348865047
CC_02319698C018,0.1951466472570848
CC_023532456F37,0.38789886169909626
CC_0235BF3F4979,0.09906598873061863
CC_02368E68A086,0.14043068942902315
CC_023D65182EB2,0.05645315057462038
CC_023F59E9986C,0.16415427448783979
CC_0245F766E4AC,0.06334413107842277
CC_0246B12B0445,0.11874548858050146
CC_02474EEA5276,0.09383177418440539
CC_02496C1D5547,0.23125925895942795
CC_024993F15158,0.08331554131092525
CC_024AA098CF34,0.08216954803591367
CC_024AEE6FC78A,0.14953765390223234
CC_024BCEFEB3B1,0.3477258324104066
CC_024CB835F9F4,0.0906197441969829
CC_02514C6C01C8,0.46936327604742345
CC_02562009215E,0.061845139431023176
CC_02587B1B7CE8,0.21418063370892776
CC_025887FD1578,0.07840264090126445
CC_025936DB6339,0.0384045743801866
CC_0259F3A8C95E,0.34448471670889547
CC_025A293D644C,0.11291662432695034
CC_025B4242FDB8,0.20362938028139874
CC_026066EEC1F2,0.23943457012099975
CC_0262E6B2B495,0.07263576314950364
CC_0262EA7FA26D,0.11352893791343052
CC_02659F97FEFC,0.5056362147200313
CC_02681B7C89D0,0.15922072984337005
CC_0271C116181B,0.11603059996165295
CC_027451E393E9,0.06756234066503568
CC_0275AB744D32,0.09820212831339836
CC_02768260ECE7,0.03676281138735591
CC_0276D670D446,0.10182044829085142
CC_027AE97B5FEC,0.1761381007960084
CC_027BF65FD10E,0.19514298175373848
CC_027C4B09BB5B,0.2074748607493063
CC_0280AE6B7C38,0.3282683439062522
CC_028114715BA7,0.0772717163527128
CC_0281B228E890,0.11696103206390832
CC_0286D2BEC77E,0.25672530402419064
CC_0287EE5CC52C,0.27401634782000867
CC_02881D519DF2,0.041624423383378475
CC_02894540BAC1,0.18262701834957765
CC_029180FB750A,0.08662679512517492
CC_0292365EC65B,0.4113980486744168
CC_02947671FD03,0.18018158816109628
CC_0296AF94C10B,0.11103829781902044
CC_0296C24B02D4,0.1220771474926902
CC_0299342384D6,0.047024889442342364
CC_029CE5404DAA,0.19072961175057418
CC_02A3228A7385,0.0707402181789247
CC_02A5FA7451E6,0.05962053060438618
CC_02A83D2F80D4,0.11271030071719537
CC_02AA8B22BDA7,0.17879424832644492
CC_02AA9816DDB8,0.5830337498879726
CC_02AD5064A3B8,0.3541219695387837
CC_02AD7B165DE6,0.09861800747512128
CC_02AEA61C112D,0.2556600728689944
CC_02AEC45429A6,0.34874173163199523
CC_02AF0737E6C2,0.11653768606404594
CC_02B2580C09A0,0.11719786820967348
CC_02B4DC166F1A,0.20711917362880783
CC_02B715323970,0.4191754275564278
CC_02B7D04CEC8D,0.0445110625260096
CC_02BA95283E62,0.07052629318796816
CC_02C246720CDF,0.1607538119046877
CC_02C77F19808E,0.1471032434747231
CC_02C797F0DBF1,0.20047626127062812
CC_02C8B73713B5,0.1634115217368142
CC_02CEA459F869,0.1665537216162811
CC_02D1D4910688,0.3057782628507114
CC_02D3AADCBEDB,0.398792431536379
CC_02D3C3105294,0.15672750933078675
CC_02D6BF52CE73,0.36583156147143886
CC_02DA4A841D8D,0.16483201494829064
CC_02DB0674882C,0.5289932048268927
CC_02DC56B0F1FF,0.17254221875250408
CC_02DE5AF26FC3,0.14379503114824804
CC_02E031636EA7,0.22134649132517886
CC_02E10C2E326D,0.11851145365788221
CC_02E16348D168,0.12085392753183774
CC_02E19D1815C5,0.22375020719387312
CC_02E3FC4D96BE,0.3062002341447184
CC_02E430E9A0A6,0.08659479948358648
CC_02E727F44272,0.2646543846623425
CC_02EB27BA7EAF,0.09363166121442736
CC_02EE7191F8A4,0.04486289027765196
CC_02EF6EC394BA,0.1271040618193985
CC_02F01C560625,0.12054012955462153
CC_02F30271E181,0.16533174236564507
CC_02F53D236C9E,0.3270150730744242
CC_02F9190FC89B,0.16150720924106235
CC_02FABE323494,0.0674714888309627
CC_02FCACC905E9,0.4298929975975113
CC_0309C207972A,0.06938465504718813
CC_030AD899DD76,0.5131708314024307
CC_030D66374B55,0.4394323922975876
CC_030FE886131E,0.22108161563231885
CC_03151B53E6C6,0.27385112192212746
CC_031970F39493,0.08695562740954184
CC_0320752EA53A,0.18495294665693568
CC_0321DDF445E0,0.17225108970848851
CC_03293D1B04FB,0.1943940633588858
CC_03294B02C6E9,0.14572714344381105
CC_032C779665AB,0.7540425541733319
CC_032E5EE8677F,0.28581722757136274
CC_033241817650,0.1802999033006298
CC_0337B4E71D3F,0.13593488116129523
CC_0338A96A192A,0.2295203125533957
CC_033BD5351D7A,0.052348561920509074
CC_034646F5D544,0.039511068854076875
CC_0346B15D9469,0.2583920661619182
CC_034A339BCCEC,0.06311331067067555
CC_034B468EBB60,0.4423763680711338
CC_034DD9A722C5,0.3089512606088641
CC_034F4EFA8BFE,0.05205714992851359
CC_03504F5AB86F,0.202701781736124
CC_0354B18976C9,0.19462484023348767
CC_03562F93D8E3,0.039497456895461594
CC_035671ED0A7B,0.060320553795746946
CC_0358C2C1A932,0.1785350030920176
CC_035D3588EC56,0.05885265226838347
CC_035DA41191B3,0.07564476898010335
CC_036016D7257B,0.1213086626176949
CC_036166CC06C4,0.23574735615638048
CC_0364EA926244,0.04574350758732113
CC_0366D5696D16,0.1496352949924969
CC_03676027229F,0.6449577902634714
CC_036880C0DE52,0.16615971198099105
CC_036A6CE616AD,0.6986827284350453
CC_036EA4EE572C,0.18227345441152137
CC_03710E581CCE,0.1338844726868488
CC_0374D1351569,0.2703373087482341
CC_0374F561CAE3,0.08151574170103543
CC_037761AB3613,0.051306629226300235
CC_03790BE11F72,0.11344331025917295
CC_037B81675DBB,0.09242119288127215
CC_037FB1C3E15D,0.730098590776022
CC_0380267FF063,0.22128917006386079
CC_03882C58148D,0.1804104538050206
CC_03882E114DB2,0.6208844859147481
CC_03896CB41533,0.12256053585552826
CC_038CB2FD4A18,0.5633812202565004
CC_038EF6F3E5FE,0.23826900620694186
CC_038FE7401997,0.19060027453777062
CC_039378B910CE,0.644673344930961
CC_03961B833006,0.5319967574874565
CC_03978E24C066,0.11557240769371117
CC_039942F61C28,0.3896971842963955
CC_0399C4A0B150,0.8254587773774114
CC_039B3016F577,0.38789647229195257
CC_03AB22276C2A,0.13234639462070477
CC_03AC64A666E2,0.23499784052066533
CC_03AFF955A990,0.0831740298186415
CC_03B284A89001,0.21709218997269977
CC_03B2F7DA9AA7,0.11674377723282767
CC_03B328C95751,0.06555317355678267
CC_03B50F841852,0.4058516851685282
CC_03B56F1BF915,0.07176481198354275
CC_03B8554898B1,0.07476454605583385
CC_03BBD8F8A5D4,0.1555303771610441
CC_03BE1A7B8392,0.07351804377467722
CC_03C0B7E9D7C0,0.07578439739352497
CC_03C6774914E6,0.09124003497309544
CC_03C7571BABA7,0.10096039877842719
CC_03CA87B19F7D,0.09871146230609101
CC_03D0D1654B4F,0.11697636123470505
CC_03D1E89D6CBF,0.09877471742477875
CC_03D578C8C89A,0.6050193766597984
CC_03DB0515A3F6,0.08983630701526288
CC_03E2A455C91A,0.19891084905426723
CC_03E32554800E,0.13231476012318638
CC_03E5AD480F5C,0.14033592166839678
CC_03E5C0623FC5,0.23935231181955813
CC_03E5DEC65955,0.20954952128683355
CC_03EA9AE48F7A,0.07127932496503997
CC_03EACC64CE8B,0.14659738415511156
CC_03ED2E16E739,0.12488355287305249
CC_03ED721FECF9,0.23315752720865118
CC_03EE6E5F00C1,0.28660394516032267
CC_03F08C8460A7,0.05782420949993564
CC_03F6A7EB53E4,0.10093389498187781
CC_03F6E05D3907,0.14981452016803581
CC_03F8DF7D32E9,0.07081803793139892
CC_03FE107EAA61,0.7839393487495034
CC_03FF986D2502,0.09756019400955876
CC_040AB80DFBA1,0.7424727488934588
CC_040D8ED6A285,0.092984579435602
CC_040D94E922FA,0.6673820373732433
CC_040E3EEEA715,0.25486038675569905
CC_0413EA4AEBB2,0.05943376465975523
CC_041CF9707B3D,0.18725234110653416
CC_0420CC5C8E4D,0.08539287581740543
CC_0421CB469047,0.1443154102507606
CC_04256E790E70,0.12186554259643703
CC_0426A6F18A53,0.17833387760037053
CC_04299225FBB7,0.054856295341711415
CC_042A511FA68A,0.24334072808527568
CC_042A596887CF,0.44115994880207865
CC_042C04580C48,0.2560945016792652
CC_042F45FBFAF1,0.18273855636110672
CC_0434F6EEB715,0.1895420564222746
CC_0438D6C8561F,0.14001181128864862
CC_04390616DCEE,0.19158588898980017
CC_0439716FD39F,0.08208643030836565
CC_043DCB8C2376,0.4830810219385757
CC_0442A4083E8A,0.17542199471952655
CC_0447B5363EAD,0.1679311572258491
CC_044819458563,0.07257773946166103
CC_044C57511463,0.11867597580754174
CC_044C7084A2B5,0.05929562948154439
CC_0450CCC2C9BE,0.15625605829690015
CC_0456E3578B0B,0.2110689136586225
CC_045B2B5E5D0B,0.7345934614265507
CC_045BA693F15F,0.06136543121552457
CC_045C6B5771A5,0.17497985352650747
CC_045D5AF9A56E,0.08241137414049857
CC_04665AE5479A,0.044387752473015615
CC_046D6D637F50,0.11496040093635784
CC_046F8F942394,0.10163985998640093
CC_0470EB7E3A12,0.25059408382298276
CC_0473990151D2,0.2953855311393159
CC_04746BDB3FD5,0.038470498395019745
CC_0475D3D630A5,0.11884021184517043
CC_04768E606734,0.11407304188794307
CC_0477492CF518,0.6862158236181357
CC_0477F5FDEABD,0.13403183221235196
CC_047968EDD2C9,0.11402348443417347
CC_047B2A826B14,0.08893147615950475
CC_047FF722131C,0.14994295633328858
CC_048166C48C88,0.11777642362800682
CC_04838AAF6AC1,0.0672681174126809
CC_0484835DD87F,0.09217958251062439
CC_04848E1A43F7,0.21325575730601298
CC_0486184A941B,0.1667881352814827
CC_048B97EDE590,0.323102732257725
CC_048D165717F6,0.09761826362654091
CC_0490048405E8,0.16770622181687328
CC_04902E519DA6,0.09130494036397288
CC_04930626BD15,0.3822347827137228
CC_049565896B8C,0.27779142574009186
CC_0499B72E7537,0.2073083010009975
CC_049A02218452,0.49639052649746773
CC_049ED1018745,0.09944967247805954
CC_04A07E9E009E,0.04568846194533422
CC_04A0B1015786,0.1909754252754622
CC_04A32ED149BE,0.24707822187237544
CC_04A391F3061E,0.050929805936110906
CC_04A55FE0E282,0.2645456808848178
CC_04B1297AB948,0.11579271260226465
CC_04B17630AFE9,0.14502806210921512
CC_04B44C0F4658,0.12634136504378396
CC_04B4DF4DEF9B,0.05190100990801131
CC_04B536D8902C,0.03638858381421697
CC_04B5D21FD3E0,0.1329845485681569
CC_04B872D00305,0.556141279086635
CC_04B92BE25F12,0.6740509689855138
CC_04BE90616D5F,0.19867158750615055
CC_04C0024EBCD7,0.6576144424449525
CC_04C41D086D60,0.4243915026701881
CC_04C798BE8C08,0.05469261974539698
CC_04C94749E891,0.3434613632730258
CC_04C99B10486E,0.09291324842547272
CC_04CA7620EAED,0.11510983737094568
CC_04D59F9FB0F8,0.21198250963524895
CC_04D7B1C6DA60,0.055562613162377074
CC_04D9EC4A25B2,0.5050988785986747
CC_04E2390EE5C0,0.11671732780261981
CC_04E2EBA35B5F,0.17242287695434627
CC_04E77CA6B2BD,0.11777078549276805
CC_04EA81365EC5,0.6997769903438006
CC_04EFBBFA491C,0.7153450546423195
CC_04F47438D1D8,0.1379443974736742
CC_04F81D31B942,0.17387611496733596
CC_04F8F9B8BA22,0.11547628117496703
CC_04FDA6443A72,0.24467049549779496
CC_04FE89FB567D,0.15342664628241284
CC_05031263B8A2,0.06594468224401537
CC_050465C58A50,0.06970998979106514
CC_05088407C45A,0.637130610169627
CC_050903E7B725,0.10812487360634211
CC_05099A9E9AB7,0.0666070091100915
CC_0509DE377FF5,0.07968106222097873
CC_050A9DFE5D86,0.24734676106161899
CC_050B315AC07E,0.045917734556814666
CC_050C8316C37C,0.11101460238025984
CC_051318F1CC73,0.1430821681445003
CC_0513A8283954,0.17500541355549798
CC_051AE1FB117C,0.5568647216154401
CC_051EFDF57C79,0.2587295399586657
CC_051F1D61CFC5,0.1812398509799092
CC_0520C32FFFBC,0.0689013570183766
CC_05212FFD2EDB,0.19209734477885926
CC_0523AF460A86,0.11297620197404776
CC_052672AEC348,0.2632195888253258
CC_0526F2E117F6,0.05365144329758992
CC_052DF74932CA,0.13025056587575085
CC_05367A9957C1,0.6666407212250743
CC_05401DB637BD,0.059029597419430146
CC_0543BECF2708,0.4503918440662867
CC_0546E45AA535,0.32132943206698694
CC_054979662E63,0.29890671249688777
CC_0549CE20DF16,0.07624972334745694
CC_054C7A474B42,0.07987942317202235
CC_0550FC4A2855,0.2452844877833083
CC_0552321475B4,0.11230173029670647
CC_0555AC7E72B8,0.07644485714878715
CC_0561D728431F,0.23245549297085413
CC_05638553846E,0.07141120833258524
CC_056534FE3AA5,0.191534141893791
CC_056A2167CC08,0.11829164215155212
CC_056B64B129D8,0.06626473606026813
CC_056D2D00B0F1,0.09455782670994002
CC_056DF0808F42,0.04073436803518912
CC_056E80C4319D,0.092139626133371
CC_0572C5C1B693,0.21134755435729136
CC_05737ABF7471,0.21555758620013493
CC_0574C5CA86C3,0.052320432253212076
CC_0581592873D3,0.08316007248309054
CC_058171DA1DCE,0.06245023473992299
CC_05817D171247,0.1530675034904036
CC_058365FF9381,0.5493760884306265
CC_058663D63B28,0.1934845816746797
CC_05875F50C2BB,0.10746480966985969
CC_0587E8481B1E,0.04669050587734084
CC_0587FB441177,0.10229811536112396
CC_05895C36458F,0.22524775308486378
CC_058CAD85BE76,0.1449849619702526
CC_058FCBC9A7A5,0.2489514777863326
CC_058FE3DBE19C,0.1683597260011059
CC_0591C209D44D,0.15851281615597176
CC_059423BA685C,0.32814154926377337
CC_0597ED80E01C,0.046948507279681105
CC_05990770D80E,0.1531855900064955
CC_059DE359C4E9,0.11322669281520681
CC_05A0FEAEB80D,0.36659866661726653
CC_05A25FC0EF10,0.09908226477391481
CC_05A41EC7FC1A,0.03936154620773162
CC_05A499DEF7C2,0.11682707170806535
CC_05AE049AF9F8,0.21287756551960718
CC_05AF552D4D7E,0.33669105174628877
CC_05B187D40B63,0.23986680492704254
CC_05B333C0DF33,0.13550770905013138
CC_05B7418E17E3,0.1984500193522741
CC_05B82628E3FC,0.0873276506106925
CC_05B9D662F55B,0.22733368186945846
CC_05BA7F073AC7,0.6649861171308592
CC_05BB5B29C712,0.0868770428789446
CC_05BCF8DB31EB,0.05174306232420591
CC_05BFF5F8441B,0.17114137049790928
CC_05C0C2A30E48,0.14370200029675192
CC_05C1A960D798,0.1269786023927212
CC_05C40B4FD93E,0.16566716482302157
CC_05C7BF273F44,0.21765865186436292
CC_05CB514129BF,0.042510710681768316
CC_05CF210DAD47,0.0727040119356284
CC_05D1E269272A,0.19251417568159285
CC_05D280951348,0.044851393110989415
CC_05D2EA214E22,0.0753851383487304
CC_05D3DF98FA6E,0.2799138021767928
CC_05D5AA070631,0.0393592552334522
CC_05D75D92F18D,0.4452950324289425
CC_05D8B4F654FB,0.08868585830813738
CC_05D93F9C9263,0.17911748649217277
CC_05DA227E1279,0.18402085176015096
CC_05DD18EFE70D,0.3288088522072199
CC_05E50ECB4120,0.0708336663618586
CC_05E5C2974C92,0.3905430966394656
CC_05E66A6CF95F,0.1428082725440519
CC_05E740122DA3,0.37710786922973466
CC_05E7449D6D40,0.13475580144581067
CC_05EAD48778B4,0.2425214730073642
CC_05EB1A70EBA1,0.18549886210092456
CC_05ECE028DC99,0.125074043389673
CC_05EDAB693883,0.3001318212110627
CC_05F4EE3EA33F,0.22132154742302723
CC_05FF76458CD4,0.7967446366811077
CC_060081B57BBE,0.10398169241874937
CC_06051E695A93,0.2096045468251846
CC_060605FE00D6,0.08162033216101731
CC_060801A0977D,0.2520597676569304
CC_0608CC4E539B,0.1086311064843433
CC_060C45819C51,0.1753143707580976
CC_060F6C44B33D,0.15761520753166752
CC_060F8B7BC60D,0.09096739271536958
CC_060FD5AFB58E,0.11717144128031091
CC_0610B20E8F48,0.07640640712063507
CC_06124F8FD320,0.146948498834818
CC_061BC8E3DE42,0.061101051870204134
CC_061D40D5762D,0.18038658636745847
CC_0622A2C12608,0.08006631427586425
CC_0624F662E890,0.6627474177373563
CC_062637694AE9,0.26794543204400467
CC_062A1582A115,0.1859372183873132
CC_062CFA78A83E,0.06994077839248337
CC_062D74137543,0.05415680092146859
CC_062DE3F4E88E,0.10423656395662047
CC_062E2E3C61B1,0.23831426797508498
CC_063368598D75,0.43447835759179243
CC_0634F2A2BCFB,0.1398101909382227
CC_063AAE18B191,0.10287249904358611
CC_063BE9A0D596,0.16317576004500128
CC_0642F32E4269,0.19324831187360444
CC_064C00719BB8,0.12400981936481223
CC_064C0D35A26F,0.04391872507803425
CC_064D2E8DB3D1,0.08258331430442659
CC_064F7F9ED8A7,0.7044560481700626
CC_06504D2ED9F8,0.09864232751879862
CC_065331827C68,0.37204791213764105
CC_0653E6DDCCA5,0.20611898970532536
CC_0655D2EEE5AD,0.11159180913174516
CC_06583E4D8D79,0.12068794527017583
CC_0659066EA610,0.44188156224154806
CC_065995CD97A8,0.059918122113544324
CC_065BC4CCE667,0.16731922059595478
CC_065CCC409116,0.31587120695845866
CC_06645DBDB980,0.04806653803665474
CC_066718F9929A,0.08469940163711767
CC_066C346397C8,0.7621205608063821
CC_0670B4700541,0.06491821726994217
CC_0672E060DD15,0.31096983153518953
CC_06742641549F,0.17565250726411308
CC_06780E835690,0.09811022281303389
CC_067B9953AC9F,0.09041948184787256
CC_067BD66D2A51,0.05585009696250366
CC_067DD53F00A3,0.30226651210689315
CC_067FAEEB477D,0.049565506738568466
CC_068030BC4536,0.2201697921777447
CC_06805E9F0B8D,0.06820037421043144
CC_0680A7682B38,0.051223996324090124
CC_06875B891C05,0.27954129739806727
CC_0689E4EDE638,0.05120356386503096
CC_068B766943E8,0.3962250643126905
CC_068D28040E79,0.19941842855677133
CC_0690EBC2F4E7,0.16780817247119573
CC_069303947F6C,0.08428561456127223
CC_06933405185C,0.23570618974632068
CC_0694EDF7CEE0,0.10508556093602317
CC_06951CE4EB9C,0.031018286153298175
CC_069A2AD95246,0.1675384246342312
CC_069B459967D8,0.1196971732741419
CC_069C4809C16E,0.18369044294001233
CC_069EA724B3ED,0.13908742491515128
CC_069FAD1B089D,0.19335923310850137
CC_06A076914192,0.12993943084198104
CC_06A624DED5C1,0.12999376064877682
CC_06A63EB4CD74,0.07624899169652125
CC_06A6DCA7FAE8,0.542062779524796
CC_06AB81AE84F0,0.1502371897142984
CC_06AFA53183A8,0.7193100773520686
CC_06AFD74E43A1,0.3113629196910345
CC_06B218AC1B76,0.04955835014848658
CC_06B37355486D,0.4058489033801355
CC_06B467AEB70E,0.0862587823962582
CC_06B5ED43139E,0.2629191280043147
CC_06B9703A9FA7,0.18689879377154886
CC_06BA285FC470,0.05950669782593031
CC_06BD9FBABCD8,0.14082349774054356
CC_06C2B17C7E3B,0.278085303079739
CC_06C3FB7D4638,0.07712883827168514
CC_06C70A08BE8E,0.21203397918319622
CC_06C7EC4D3773,0.140477127795306
CC_06C93563AF1A,0.4759860257212772
CC_06CA576A2375,0.62903331351527
CC_06D3593ABBA6,0.09211798438765631
CC_06D65497DC12,0.12646359302453666
CC_06D7DF952757,0.676111878548863
CC_06D7FE638BD2,0.0719304737649569
CC_06DD61708D94,0.3731035294257137
CC_06DEC40D5230,0.21678289786484273
CC_06DEE127D70C,0.1291199621101325
CC_06E35DA935E6,0.05890416746926973
CC_06E49AC570FC,0.2167929241263314
CC_06E5AFAEFB84,0.14953991929588123
CC_06E892264A96,0.1769124758375003
CC_06F30EE293C8,0.33233998413542404
CC_06FB1DE9628C,0.1586600518674241
CC_06FC40387B9C,0.1551644846325308
CC_06FD2214FD38,0.05789119050768722
CC_070797733D90,0.055454186136956726
CC_070AF66E8E41,0.1587735943788991
CC_070BDC53B066,0.506020894929142
CC_07124FCAA715,0.18078636428914616
CC_07136B7188F8,0.1905530535787255
CC_0713C8DC61F6,0.08696613927201047
CC_0715675C0BCD,0.04974596891913062
CC_071D2F82AC4F,0.043463447793744024
CC_071DDC9C4114,0.19969184383975985
CC_07241C4C380D,0.06984518868635528
CC_0725EBF44606,0.5663462552145141
CC_0726CA04F48E,0.37746404272699435
CC_072788E14FDD,0.33050130693627333
CC_072D78B5A6ED,0.12227488744976985
CC_0730FCBADCF9,0.14378726194599345
CC_0735A4DCB321,0.3374377069467414
CC_0736391E660A,0.07907500619235194
CC_073869D6A04A,0.08818683932356061
CC_073A0C6490D9,0.10403081508924268
CC_0743946731E0,0.387444360315493
CC_0745B2969E99,0.18055109464070854
CC_074B78A4E522,0.1500294158422578
CC_074DAF275789,0.2600816056278853
CC_07557970509C,0.0528174251254951
CC_0756149C8398,0.14657012381030282
CC_075995539BCF,0.11811747929079071
CC_075A5177DEBE,0.2677259849272663
CC_075B1E9E97BC,0.05459461540874122
CC_075C67D0ADB9,0.11849647851920567
CC_075D001B58C2,0.1678385678371273
CC_075ECA104172,0.1246417612345831
CC_07629AB675E5,0.13886042581740426
CC_0766C7FC3685,0.16313206162559027
CC_076914A72F09,0.534240514342485
CC_07699A7E41C6,0.09494252240317805
CC_076D699A591D,0.09294354035544931
CC_076DC55FE6DE,0.33447783452275537
CC_076E02C6AD48,0.04952092520015255
CC_076EF20DA422,0.05447695809735742
CC_0770347E4CDE,0.13018926265434855
CC_0771DE2B2A2C,0.14414752373313983
CC_07799397D768,0.05471286257363482
CC_077A70E9A75B,0.07549852924371594
CC_0780472ECA74,0.14899840344544232
CC_07851F3AD5C0,0.08262475842205705
CC_078608CA07D1,0.05997186573880677
CC_078634F801D7,0.13296658009158255
CC_078936A9C116,0.23854718667896696
CC_078A71C0F497,0.07779463040935373
CC_078B99787D8B,0.2509884560803159
CC_0793EFDEFF95,0.20315127638443595
CC_07940CBA6335,0.05712568205576689
CC_0795C109BC43,0.04815669858359783
CC_0795EDFA425E,0.062552802082652
CC_0797B5645529,0.1025953167264595
CC_079851423BB0,0.16048469775515564
CC_079914214C2A,0.1263692227123489
CC_07A19027A099,0.3042151491777185
CC_07A4F476B425,0.08176950070311512
CC_07A50D09E32C,0.5486698477676284
CC_07A531F5CC39,0.04007254632828436
CC_07A71AF90306,0.6641969472887923
CC_07AE8ED46810,0.26807511386531685
CC_07B02C3E2DB5,0.5357858658238521
CC_07B0EB22AC24,0.6613084576659942
CC_07B4317017FA,0.07505033530102725
CC_07B54D98B373,0.04317430671152163
CC_07B869ADC64E,0.04813375549440977
CC_07B93FB41391,0.1806015009907224
CC_07B9919D8E27,0.11635050543785234
CC_07C075DC0ABA,0.09109815312660693
CC_07C5C27325FA,0.22055936687919614
CC_07CA5172C65D,0.12481113256026148
CC_07CB6AE92D6B,0.09097482219654757
CC_07CE5F117F48,0.13573152474658703
CC_07CFA5A3E312,0.12423447314199135
CC_07D0D501FDF8,0.2381695891143581
CC_07D119041810,0.04179516906154233
CC_07D1BFDCBF7D,0.7802281883249776
CC_07D3F6C7F789,0.3099038699469586
CC_07D64BEF27AD,0.12370770162787634
CC_07D656414150,0.0789978352811028
CC_07D8501ED076,0.3742647310725068
CC_07D950F441B7,0.7417314191912335
CC_07D99918A885,0.12660711568269573
CC_07DADFC65696,0.04435413937902771
CC_07DBCEFF9982,0.10002644797568268
CC_07DE53607367,0.24299564780523716
CC_07DF151C3D24,0.12337359900999625
CC_07E1F1FC06E6,0.7168598390973197
CC_07E2F2264F9D,0.09180517098922497
CC_07E7378E2646,0.051068956518558806
CC_07ECE0592DCB,0.12695065725925897
CC_07F5FD390B1F,0.0447556177765819
CC_07F7A389BF4E,0.3578257809520922
CC_07FC4A2BC77E,0.20539599651847648
CC_07FF8EC340B3,0.20090803479798777
CC_0801B8AF7A9F,0.04788957464076291
CC_0807ADD15F26,0.11093140728737298
CC_0808F7C18855,0.04963230883250348
CC_080CB10D0364,0.15602465966758763
CC_080E1771D02E,0.09558709361508826
CC_080E72C99130,0.16200511205370077
CC_0810E47BEA85,0.0728275189922466
CC_08115A4B058E,0.29051614664815817
CC_081227D00C52,0.07026523172980571
CC_08139F6C460F,0.31255704416994756
CC_0816FF71311B,0.15653463899531067
CC_0817F163FB1E,0.04604744581834346
CC_08195EF1CA52,0.05580073931707097
CC_081AA2242344,0.13907611642776405
CC_081CBCE9700D,0.2370292956348498
CC_082176D67132,0.09709374802252785
CC_08231EE44891,0.7451911725825402
CC_0823279D3077,0.14436936903406988
CC_08247C7CDEA0,0.18576596344563995
CC_08249B820A7A,0.0640847892599232
CC_08288E34F2F5,0.1488011498886092
CC_082E87A9B4B1,0.07254525014356857
CC_082FB2720EB3,0.19464157833362378
CC_083222B8F316,0.09747532620179124
CC_0839A33FCE00,0.6453779845122903
CC_083C33E9151D,0.05091959255955768
CC_083CD0E2A167,0.18193041385653141
CC_08403797E6EA,0.11148869964502939
CC_0841402F9A24,0.13741938494434655
CC_0842B2FDB642,0.10145262518884321
CC_0842DC3DC72D,0.1566884203799903
CC_08440259404C,0.7571526159490949
CC_0846BD9FAA1C,0.24526361403757774
CC_084876B3442B,0.5340195604543517
CC_0849837A872A,0.24970602273859255
CC_084A0FEE0AAB,0.7294070795896468
CC_084BC55A842A,0.12166586805389308
CC_084D9EE11B76,0.11200465038158847
CC_084DB161F983,0.16354971417667927
CC_084F916FC768,0.050846897494500796
CC_084FB95CAB85,0.21549482225074917
CC_085139B7D54C,0.14573820746382388
CC_0855D0C0F7B5,0.07346308267050747
CC_085642D91EE7,0.05840286315199291
CC_085D6D5266B8,0.06512392305873087
CC_085D78F164A0,0.19082336857158097
CC_085E969E0928,0.22892408301449696
CC_085F11C66A32,0.3271923143684092
CC_08619FD59387,0.6731959613247586
CC_0861B60C249C,0.5502105211613507
CC_0868E58C74C1,0.6097861255881918
CC_086B2BE5D351,0.7601285171104212
CC_086BA27778F8,0.05210579447447794
CC_086DB83BDC55,0.2936474156682535
CC_08750D4FEC33,0.06406290380081288
CC_087672402147,0.14964711827349625
CC_0876AEE19F94,0.06803407445967154
CC_0878F28E8417,0.6588328958589535
CC_087A86ED6C6A,0.18212604272074376
CC_087B451DE42F,0.10323197917661305
CC_087C783CEAB7,0.7284138994010807
CC_087C84FFD93A,0.10176640126457952
CC_087D030DB6A8,0.226704034980232
CC_087FA76FFE5E,0.4178300727818186
CC_0888349F21FD,0.08197125957583465
CC_088969325432,0.46009727439664944
CC_088C68313B5D,0.13431144307231693
CC_088D9EA29129,0.10355168110167765
CC_088E2D0D27EC,0.1783689092683231
CC_0891486BDA08,0.196554231952814
CC_0891825DA636,0.06361059694359193
CC_089245AF41F8,0.3262761156617855
CC_0899609BF534,0.19641550791616724
CC_089C94786E2D,0.052015190403114586
CC_089C9DDB1C5A,0.10911630095118299
CC_08A34A2639A1,0.09799692122218864
CC_08A53BBBCE9D,0.1710491964582285
CC_08A5BBED2B0D,0.13580533124487576
CC_08AD61D6D692,0.08612680653207319
CC_08AFAD09463D,0.12055007747519444
CC_08B196099DB0,0.17116523931871053
CC_08B650C56F28,0.04211404842997405
CC_08B6ECF026A0,0.4560222639515822
CC_08B98BA24D78,0.7025470296741794
CC_08C1D24436A5,0.06094516073900824
CC_08C829408EBB,0.061885900341275855
CC_08C89784803B,0.732258019782736
CC_08CC95AD4110,0.13453558915497726
CC_08D11BBB0075,0.1391513973674013
CC_08D1DD574261,0.3573514689663675
CC_08D378559DFE,0.7427751001027184
CC_08D40B5264A8,0.2672427829237688
CC_08D41E19FF18,0.21996569973098298
CC_08D672A43C3B,0.27103127900610274
CC_08D9BA336AB8,0.12249082301758903
CC_08DB4D0986C2,0.15838473473744905
CC_08DE6D45E3C6,0.24235259999225386
CC_08E1C6E56B36,0.29413581789810805
CC_08E3D97E1659,0.7517122483551175
CC_08E44F93E249,0.18461919397194385
CC_08E5485F36EF,0.05119687218193684
CC_08E668EC1255,0.05350036037620768
CC_08E72FAAB4D9,0.6115570199957066
CC_08E9C2CA5AAC,0.20170239381286734
CC_08EBFBC2EFFD,0.18196695619247868
CC_08EC3B839EDD,0.12768315357469814
CC_08EC4AE8BABF,0.12097630818373291
CC_08F5071759E5,0.21091075118068375
CC_08F82CD59D75,0.14524345032093325
CC_08F8BDE9C73F,0.08280857888151391
CC_08F93BCEE905,0.27436853546763806
CC_08F96920CE0C,0.14980312103081828
CC_08FB6891E101,0.14919453763941165
CC_08FF14D7E173,0.09828506905793945
CC_0906AC8F160C,0.09209604470978358
CC_090900EC9AAA,0.21603110599614786
CC_09090EB74664,0.13665587045622216
CC_09099D46BE98,0.07373298394115192
CC_090BCB4BB42C,0.22854383532965108
CC_090C04C0C474,0.07072020831122798
CC_0911FF4C74B5,0.06704789801414532
CC_091390A2DFAA,0.18065900595132112
CC_0917CB63B767,0.13347802002474665
CC_091B2ECA7BFA,0.07152886003533512
CC_091F4B87F147,0.6618252337503677
CC_092137A0950B,0.2620639819525517
CC_0923560180DC,0.17992379438624817
CC_092BD3E1B702,0.19145446995273555
CC_092D671397F2,0.17977335205890793
CC_09319A997B62,0.6580357294454108
CC_0931CDD13861,0.06919083432871567
CC_0933392B5B07,0.06917504402639797
CC_09391B0D1D66,0.04949126173945197
CC_093EBA6E286D,0.6351124610040635
CC_09457CA5C6C4,0.10830914624285301
CC_094703EB6E24,0.13693035814415783
CC_094A1E74EBCE,0.6637917051802338
CC_094DA806D155,0.22871641960567465
CC_0950E8F3267E,0.08229902771568036
CC_0951D4DEB24D,0.19135391805819496
CC_095DAE4124FC,0.6639509155489822
CC_095E57DE825A,0.05664198116719098
CC_09609F2EB6ED,0.3284973406465535
CC_0961DB8D4872,0.14892227993400428
CC_096349D3905D,0.20730202763902236
CC_0967D032E088,0.08147536710693717
CC_096E87D54477,0.16265785203912442
CC_0973A9899EAB,0.051938685331783876
CC_097458C61B4F,0.1440907746995667
CC_097A0C40D881,0.10867632122642659
CC_097AB7DABF0E,0.19291944043138015
CC_0984B2D6AED2,0.10802309136942982
CC_09879B7CE1E7,0.04837454162067002
CC_098B2B6293D6,0.04260365287021745
CC_098EA6AEB483,0.6541497340170468
CC_099087D32DEA,0.13848857179074464
CC_09909BD37806,0.08594646872351736
CC_099AB91EA380,0.18112059297622943
CC_099B58F1E786,0.1085461950334066
CC_099B828FA09A,0.15411555484209988
CC_099BDF25B430,0.11569482909589608
CC_099E26D9EF6A,0.3794966999527019
CC_09A509146F38,0.06655795824629664
CC_09A5BD444A27,0.12569358931751856
CC_09A9984AC246,0.21391154305124335
CC_09AF753B7CB9,0.09955877538401729
CC_09B114B2D2D4,0.2230311349209845
CC_09B281513757,0.1667484710168888
CC_09B503D3194E,0.1218116338385585
CC_09B6336FECED,0.1539658383233265
CC_09B9E0F3B73B,0.15966281220753226
CC_09BD6D248D04,0.15934781179761628
CC_09BE18C733AB,0.0833405074964905
CC_09C023CF36E7,0.32975425403153635
CC_09C1E1578A5C,0.05333784883158617
CC_09C43084F936,0.7008105679091324
CC_09CB2C4B9890,0.10064903901569977
CC_09CB44CD08FA,0.040560866532555265
CC_09CE70E9647E,0.1642003392247684
CC_09D03636B613,0.13457774407754408
CC_09D05875865A,0.38746426662677075
CC_09D21570768B,0.14662844389754448
CC_09D6B7CA3FCD,0.181141756684781
CC_09D826B67656,0.19484416782265623
CC_09D8BE21DBC8,0.04183854583123104
CC_09DDEE0E4970,0.07858258974479823
CC_09DDF293FDEA,0.25727529110988384
CC_09E3CE0661A3,0.47512895691231344
CC_09E5430CC95F,0.05486410819651951
CC_09E773137A14,0.141465798400401
CC_09E9230CF64E,0.05087551770806516
CC_09E9AFDA34A4,0.2899719792339739
CC_09F024507CE2,0.1819139221796174
CC_09F70398D706,0.05888928112064763
CC_09F8B54DB9A6,0.3826342877414877
CC_09F900BEC423,0.044445812737746705
CC_09FC7B468C9C,0.20482458636223116
CC_0A03BEFA13C6,0.14852291248287797
CC_0A03F13DFBD8,0.10415258954437183
CC_0A0961770C6E,0.062182216210890706
CC_0A1077269584,0.11773848790709482
CC_0A13F2484216,0.5573298818623222
CC_0A1450B1D3E3,0.7570144394492543
CC_0A16375BFE61,0.17876075154798324
CC_0A1B95ABABCB,0.15933734734976715
CC_0A22EA63453D,0.05166329185253432
CC_0A24FC1277A0,0.15373734142894008
CC_0A25553CE67E,0.05503077328478574
CC_0A267655AC20,0.14281435685117028
CC_0A2969C54B5F,0.06520364211206617
CC_0A2C9EEBF06E,0.05419304086545287
CC_0A2D425082F0,0.1564020005743261
CC_0A2E26070BC8,0.06879720127049603
CC_0A327C07F0BE,0.226216274732333
CC_0A333C77238A,0.06661461569138323
CC_0A337EDA8C55,0.09805314320274014
CC_0A3DC9894F29,0.8030696928071863
CC_0A3DE96DCA51,0.5839037497186634
CC_0A42FF68341B,0.217750598698201
CC_0A4914959E54,0.18427644620787478
CC_0A4D5D115979,0.11463181241190754
CC_0A4E6F4FBD06,0.17919011856878955
CC_0A52BA21B4A7,0.6718677236639913
CC_0A5D1270D1E1,0.16226868304274086
CC_0A5D157FDED4,0.1589090651926221
CC_0A6233D2C619,0.04408998520585068
CC_0A6385FEF719,0.0792274997791062
CC_0A683DEDA228,0.6980234942611754
CC_0A697E3841C0,0.33171479760939354
CC_0A6D4900EEE6,0.6556066805028324
CC_0A6E3CBC02D5,0.07975946919622895
CC_0A6E4C237186,0.14666367492109167
CC_0A73CCA81FF0,0.12645388616992415
CC_0A7521D47AA9,0.06160927677492799
CC_0A7630BCB18F,0.13319954973452006
CC_0A76432DFD74,0.08425200908227644
CC_0A7676EF8D88,0.27286837758870797
CC_0A7EED89E726,0.17754587976652175
CC_0A7F61F96D66,0.07436428472513294
CC_0A804337A5F7,0.1040788080007369
CC_0A8208CA9476,0.16274834063610394
CC_0A8443552E3C,0.1539988692528612
CC_0A890A31E461,0.05406362806056294
CC_0A8AC87ACC5F,0.14242288491837124
CC_0A9118A4F92A,0.41755559844506196
CC_0A9BF104B2A1,0.15498647123731696
CC_0A9DDA80A58C,0.12219983541172989
CC_0AA434BA8AF1,0.2963802100385966
CC_0AA80D59CD42,0.16756322974900303
CC_0AA8EA9DDA8F,0.08545647644794307
CC_0AAD205DFEF3,0.37907584328897104
CC_0AB5F2A07413,0.3451477227239156
CC_0AB9DE4164C7,0.1778562787619236
CC_0AC9F2F2EBD5,0.042956522657943697
CC_0AD02C2AC6D3,0.10938568247595086
CC_0AD1C3CF8346,0.12281409512190773
CC_0AD2FF59F945,0.07243703202747934
CC_0AD484D255D3,0.26205887744649425
CC_0AD80F49B2B3,0.4089448236139428
CC_0AD9D66D8A49,0.226296041696687
CC_0ADD5865B2D4,0.20422022044455074
CC_0AE1AE16929A,0.23206698558603694
CC_0AE3A1A94342,0.06505620728018094
CC_0AE50666719B,0.11474212561588151
CC_0AE61FDE9170,0.04667686365474451
CC_0AEAABD22A04,0.09714392459062836
CC_0AEB58E97E52,0.0854130596878889
CC_0AEC3531CE59,0.09331931666841994
CC_0AED2C82E292,0.09752047126051225
CC_0AEE7E3A3EC9,0.10941841710530367
CC_0AF4FDE40D14,0.25620381522971214
CC_0AF84E6BAD9D,0.19455209514107216
CC_0AF88448DA3E,0.03024314802888938
CC_0AF919F3624C,0.09048720261250691
CC_0B00AB91FC68,0.12341373391738822
CC_0B032F64D84C,0.16173350497945435
CC_0B04DD053293,0.7038753530238846
CC_0B0571F96230,0.19189394273998078
CC_0B0984C9B4DB,0.5320060609253049
CC_0B09E0DBA271,0.1995846978107123
CC_0B0ADCD2C52E,0.676203262610888
CC_0B0EFFF4E9B5,0.15782218112679872
CC_0B10141BDD3A,0.08003759268172586
CC_0B11FC1EEA1C,0.0808466896407922
CC_0B134718B99F,0.23691078519292294
CC_0B1373B302C3,0.05661930124365604
CC_0B152C6EA472,0.055563355538719016
CC_0B1C64DD551D,0.06886639029503798
CC_0B1F96F945E6,0.13042047403822238
CC_0B278DA0E00A,0.6519940260690895
CC_0B2BA7C873BA,0.11438121413288319
CC_0B2BDBBF8F99,0.5473999718665709
CC_0B2F9537C897,0.09692992694609094
CC_0B30B117D26A,0.06811081330609878
CC_0B3300B737C5,0.5956121004799243
CC_0B3CE065F44E,0.7796418507284972
CC_0B4045CD095B,0.4268878719266658
CC_0B411045AE8C,0.15032671149566462
CC_0B480932FD10,0.7228087642992873
CC_0B4B65811442,0.3380033844628757
CC_0B4DFFB5AC8F,0.04574487916449886
CC_0B4F5E460A00,0.307444064968779
CC_0B56B532A212,0.11471895964483916
CC_0B57774D8812,0.1200066218957698
CC_0B5A6EC1C63C,0.08316536356174893
CC_0B5B8A08B70B,0.18776764699885237
CC_0B5BB487A934,0.5937511032360714
CC_0B5D32127AE6,0.07192787825426426
CC_0B5DBDD11146,0.05673621440579444
CC_0B5E708AE208,0.13433923894012684
CC_0B60599B13C2,0.06202388984162801
CC_0B653A8AE34C,0.06686287954968574
CC_0B68847DFE5F,0.22412743085778125
CC_0B6FC317E338,0.08624362045412168
CC_0B73872EECDE,0.04798575262685588
CC_0B74E60EB299,0.05318393589532585
CC_0B756F020491,0.08420672067531432
CC_0B761D03C036,0.10238990303088755
CC_0B7F45FCCAC5,0.061699944697147235
CC_0B852E79B705,0.16739485595910403
CC_0B85DC1BF394,0.1929520189667746
CC_0B862E007B6C,0.5436997846299455
CC_0B892B5C26F1,0.11339374409412535
CC_0B8DC90CEDCE,0.07213921029183362
CC_0B8F3D2498E0,0.43131490232005154
CC_0B8F92B9E55F,0.2794478052235901
CC_0B928066315E,0.5438764190632616
CC_0B92EB44F174,0.18302109304455683
CC_0B93F9E9A0FA,0.08026512361881614
CC_0B97B96E1BAE,0.41915993007596547
CC_0B99B59BECD4,0.1322081048531475
CC_0B9B25E90A97,0.16207622804228172
CC_0B9E05D72BCF,0.1917431082178789
CC_0BA1C7787812,0.05692163544842514
CC_0BA40E398EC3,0.19169277444630445
CC_0BA5508196B0,0.2824472411518383
CC_0BA58B8D8C85,0.15133643774948374
CC_0BAA2D59203E,0.3909800284659849
CC_0BAD782D92B2,0.13629114189958144
CC_0BAE46ABE71D,0.176370969223955
CC_0BB22F30CCA8,0.7524113014403632
CC_0BB40E16228A,0.03831670293116504
CC_0BB59154BF07,0.1762738297528357
CC_0BBB61F500F4,0.06684578706163499
CC_0BC061C8F785,0.14460310875005097
CC_0BC3248D0579,0.12744440568315993
CC_0BC55CED77DC,0.10876453969844402
CC_0BC8C90ECBBB,0.09321602319165699
CC_0BCAF4C842B1,0.13918815557911524
CC_0BCBF2B64452,0.31871783073006754
CC_0BCEB42F898E,0.17600268422429646
CC_0BD0D0A6D733,0.29693552565720005
CC_0BD13489498D,0.5407434841837222
CC_0BD6ACC36CF8,0.10891578802242112
CC_0BD7AC6FC52F,0.7216699418598616
CC_0BD96AA69CC0,0.14199789842351168
CC_0BDA0CDFB5CA,0.14347792107861215
CC_0BDA9EDBC50A,0.2025630264380618
CC_0BDC1668BEBF,0.14926048014188278
CC_0BDE818FA985,0.13640973107984047
CC_0BDF1B319AE5,0.1577667572021406
CC_0BE026E44C2C,0.036806378052919905
CC_0BE04B179C5B,0.1652190257258945
CC_0BE5B21DEB99,0.23451260573247712
CC_0BEBBA8AFD2C,0.04388239503912047
CC_0BED52943556,0.07366777224320001
CC_0BEDFE7D7862,0.16204722305093397
CC_0BEE9F3516A5,0.6462323293966203
CC_0BEF100BEEE7,0.10712278006634354
CC_0BEF89A9E66C,0.7509924110912897
CC_0BF4291A7A3F,0.49946461947408977
CC_0BF4A3BDE9C4,0.35987280466787375
CC_0BFC20347243,0.06006670723187489
CC_0BFE70E9C6B3,0.16329847993671548
CC_0BFEE64CC253,0.19232038369791518
CC_0C0185C575CF,0.2034089287490653
CC_0C03C24CC6C7,0.15372644030910138
CC_0C0642C807E6,0.7788153084623899
CC_0C073BB2BF96,0.12506605859163972
CC_0C0B99CAD7BC,0.09199964489141438
CC_0C0F36FAF7A1,0.1339926429888239
CC_0C0F5ADF8524,0.13436079104535598
CC_0C19E8CC4A71,0.5821547096676253
CC_0C21C2FE2CE0,0.414833856281781
CC_0C237FDF0478,0.08904026539673013
CC_0C29534F1141,0.2246444011030809
CC_0C2E5503BD2F,0.6489424999856592
CC_0C32774F6A1A,0.19871557386062863
CC_0C3490750986,0.1818651665223943
CC_0C35D85EBCB1,0.19734126981118977
CC_0C365BA2364F,0.11360138954413272
CC_0C37648A25BC,0.1103827847948178
CC_0C37CA5BC52B,0.06276004112693054
CC_0C38E7EF36BD,0.4093229215289852
CC_0C3BDCC8ADC4,0.05609770682858863
CC_0C3D8780105B,0.11039065781983923
CC_0C3EE0D0A4AF,0.5534429249545947
CC_0C4475F00924,0.13315533993876555
CC_0C45752A8514,0.4693037403955759
CC_0C45A3705CB8,0.25445913236965606
CC_0C46B177F484,0.06657606140251379
CC_0C4A96DE8D56,0.07560790005565252
CC_0C4D0923DA74,0.2906568639662693
CC_0C4DC681EA7B,0.20468798699801596
CC_0C4E299D6E0D,0.15908040996842004
CC_0C4F842F2D37,0.40808588816606656
CC_0C56C2B8F620,0.14420146719739393
CC_0C5B294CB2AD,0.11753061897766626
CC_0C5F949717D0,0.22077897161989485
CC_0C60640707EB,0.14018028835100965
CC_0C612B5EFDA9,0.23376126451869933
CC_0C63D0885F1B,0.24952719493313774
CC_0C642C1F87D6,0.19603364525631478
CC_0C654989A8F5,0.29850597068118595
CC_0C6699A632C8,0.13741039944486888
CC_0C69C6DB41C9,0.13956914508186352
CC_0C6A368DEBC5,0.15600492763929338
CC_0C6DE076DB8A,0.05234190150521233
CC_0C72E470640B,0.14295010806008276
CC_0C74BB93CD99,0.3978377664787617
CC_0C789E47D463,0.08752797192936108
CC_0C793C151AAE,0.7799947190070862
CC_0C79B8B3F2D6,0.24748760057856636
CC_0C7C436C57E9,0.1645382622706584
CC_0C7C8D0AF199,0.16362385823944997
CC_0C7FCC44015C,0.4341575339138258
CC_0C84D72A7765,0.2599317381977505
CC_0C86E9A21207,0.0970206021868335
CC_0C886C95373D,0.3410383055916989
CC_0C8888F1CDF2,0.6685108118410394
CC_0C8D90F0922D,0.05532733193468433
CC_0C8E6730ED67,0.06511233221828552
CC_0C91FCF615B6,0.2770667052955465
CC_0C93732ADF97,0.13072320045723146
CC_0C975D38A326,0.040301390158746744
CC_0C9C7A97A5F4,0.11374587488628729
CC_0C9ED89049AC,0.057370395035163946
CC_0CA45E2A5E6B,0.1450390007650249
CC_0CA466FA04F1,0.0905859996310619
CC_0CA626203B37,0.07155015056499213
CC_0CB0A0716BCF,0.7002107833990515
CC_0CB38C46D03A,0.07264125042029129
CC_0CB45F66B6F2,0.06787170322073957
CC_0CB64898FC0D,0.558912982974418
CC_0CB7F76A66E5,0.0590587874764246
CC_0CB96C7639E7,0.16503149800284064
CC_0CBB4D2AD23A,0.7741730193404348
CC_0CC12648C9E4,0.18453690508115836
CC_0CC15637F3AC,0.09047045345025895
CC_0CC2EDDC638D,0.13467296361514608
CC_0CC4A8B7482A,0.12423774650740586
CC_0CCBDEC7850A,0.12271266957319815
CC_0CCDB8C95455,0.12053899482949545
CC_0CD2A5B99834,0.08733956874611165
CC_0CD42BDB0B17,0.452842463844439
CC_0CDD257E8FE9,0.11099069792503842
CC_0CDD6AF89F14,0.1408262874668001
CC_0CDD6E657D91,0.16474349768685886
CC_0CDEE9154E66,0.20752207845382334
CC_0CDEEFE130DD,0.060255054489991876
CC_0CDFB51090E3,0.20903008601123507
CC_0CE0E01CD7AD,0.05653730347031721
CC_0CE3EB77C29E,0.5866712413374061
CC_0CE536324EAC,0.1580986084533342
CC_0CE579BFFB20,0.15142256748446983
CC_0CE7D8349D41,0.052061733519987295
CC_0CE89D05D8D0,0.08031449441489377
CC_0CEA80A97E41,0.09796925487015076
CC_0CEB735EC729,0.0717681963413753
CC_0CED9ADB2A09,0.46143387546879433
CC_0CEEA76DB759,0.1312049879607474
CC_0CF091BD2CE1,0.16004077855059282
CC_0CF811EE7BD5,0.19465810119673427
CC_0CF9957442C8,0.06174403367596235
CC_0CFA517479F5,0.1677974155875232
CC_0D016154E1C0,0.3249103874542013
CC_0D0445D6C3B5,0.2841415316646987
CC_0D048FD6821F,0.1490996721589956
CC_0D0B8717FFA9,0.21981526532948142
CC_0D0DC41B22F6,0.08835424969666153
CC_0D0F2A97BA52,0.09699413632425155
CC_0D13A003578B,0.24220542508693663
CC_0D142FA3BB86,0.17256236103897535
CC_0D1668209F8F,0.4251637908644617
CC_0D17BEB72F8C,0.13269478569109922
CC_0D1D05268EAA,0.09330551261974127
CC_0D1E2B992350,0.04775200754226403
CC_0D22B7E22CF2,0.552439636904409
CC_0D29AEADCFFD,0.10173167227449342
CC_0D2A4247E8F9,0.08307720037308983
CC_0D2CAE166D3E,0.49684250419523757
CC_0D2F00087DD0,0.13630979102559662
CC_0D30E804496C,0.1191898551268189
CC_0D325FA769D3,0.18134501375685474
CC_0D352F56EC40,0.6320658305899691
CC_0D366B910D53,0.07548511900267137
CC_0D391D096327,0.34076649604494663
CC_0D3D34F78444,0.07869489905710719
CC_0D3EC0263EB8,0.22000933263241335
CC_0D3F8C5DB72C,0.08734121969055794
CC_0D44A9988748,0.139810549078695
CC_0D45F637A500,0.1789081394729161
CC_0D569B80674B,0.05652317359783441
CC_0D574FD172C8,0.05719320372778419
CC_0D5884F0ADCE,0.1333925062184707
CC_0D5A344D95F7,0.0979706716073507
CC_0D5A6A9CC79C,0.04691612338143477
CC_0D5C14B6B047,0.6458279697756718
CC_0D5C4B45704D,0.11071830386638137
CC_0D5D35CC20B4,0.1501133879400634
CC_0D5EF547C948,0.0697604423251803
CC_0D620A89DC23,0.43488282546578816
CC_0D6261C2426B,0.036844414194349445
CC_0D65D94CD102,0.0573367592909394
CC_0D6A2881FD21,0.055871646692539155
CC_0D79128FCBC0,0.0827366998417026
CC_0D7964193A8D,0.0780363621298205
CC_0D7DC4C2AD58,0.06239369204524971
CC_0D7E67048FE1,0.6481416635877075
CC_0D81C3847464,0.2047053141358092
CC_0D83E582BDCE,0.04241392978448618
CC_0D849B132548,0.10245999691612914
CC_0D89CDC3CB7A,0.11496345945881381
CC_0D89ED88029E,0.16328461060914495
CC_0D8A6B271FFF,0.13955796344141522
CC_0D8D5D4F8016,0.48717998153148817
CC_0D8ECA973778,0.10184139748307086
CC_0D976DA0C4B3,0.10064924259842598
CC_0D9B1B322068,0.14853642982250367
CC_0DA5375308EE,0.19738172672801196
CC_0DAF7BFE19E1,0.418851861284105
CC_0DB07EA178BB,0.13547065376371853
CC_0DB2EFF92E93,0.24740974779797154
CC_0DB32286FD0E,0.26567861379375
CC_0DB5F843CD9A,0.1521413013513772
CC_0DBF84685A9D,0.12471945082416314
CC_0DBFE51411E2,0.1140961402453959
CC_0DC292528D55,0.09439259569298741
CC_0DC3581EEAB6,0.23375103115819465
CC_0DC8060DA736,0.0878647009411439
CC_0DC95532E7A2,0.08312480700349704
CC_0DCA048649D9,0.051395044026898304
CC_0DCA0A0FA295,0.36118587824164394
CC_0DCED1D6F3DF,0.6907871274545934
CC_0DD053654795,0.05543907581940146
CC_0DD275FB7040,0.2936097339012166
CC_0DD74B3BE342,0.33594529453701405
CC_0DD79233AAB9,0.1341842884023931
CC_0DD7B0AB100B,0.12133015906590858
CC_0DD8CFBA4338,0.20926950947233752
CC_0DDB3A493411,0.18214933795424806
CC_0DDC91491636,0.12256989865810827
CC_0DDEA339D986,0.34363067405310177
CC_0DDF66C54198,0.11603759963478928
CC_0DE1E49C6B02,0.7534899806087889
CC_0DE403198D7E,0.19915274662039634
CC_0DE420EE4059,0.5499353357173997
CC_0DE61B4E5E3E,0.08083956398360614
CC_0DE6C33D0688,0.08777359223266457
CC_0DE92ADBD382,0.19345426103033078
CC_0DEF161B987D,0.1871994223510975
CC_0DF19F74AACA,0.12675261641833807
CC_0DF2D47B5C53,0.11867923105826154
CC_0DF8D0A82DBF,0.0687080860319569
CC_0DFDFFCFD7DF,0.05476627230626139
CC_0E0641097EAC,0.3467969835670397
CC_0E066C915A32,0.16521702258112167
CC_0E0C4892CA9B,0.09042675642733466
CC_0E0CB4904497,0.4971534047042806
CC_0E0E208D05E1,0.20729174744011275
CC_0E0FC636F9D6,0.6569070884394648
CC_0E1034FDB7E3,0.08409114277662777
CC_0E12F18E168F,0.049100865099865394
CC_0E14670ECAF2,0.06934948145370469
CC_0E189EDE2DAF,0.18402287159374503
CC_0E189F4644FD,0.32950935611166826
CC_0E1FD5488AFC,0.09373664041798482
CC_0E2459929777,0.21395967700374988
CC_0E26CF39834F,0.35485546597316214
CC_0E27CEF1887F,0.11971923428256108
CC_0E287AA3CB2A,0.5006451855770949
CC_0E29E165CAC8,0.07291546671590313
CC_0E2D267991CB,0.07713791097417008
CC_0E2DF93A8DAD,0.2305679424866228
CC_0E3231B402D1,0.12384215726138288
CC_0E33A63A46D0,0.042226170517550836
CC_0E33BD266FF4,0.03643025595329373
CC_0E361432CA7A,0.12179797865203272
CC_0E3B75F8EC99,0.09563113426225692
CC_0E3BA976485A,0.1403374070229817
CC_0E413006CC6C,0.15685783999154806
CC_0E44D2F85EE7,0.09907527942152064
CC_0E4649A88E12,0.16331015282283406
CC_0E488689C917,0.3266520050701977
CC_0E4E5563FF24,0.3916624843114781
CC_0E4F74BFAEAD,0.11522494401042294
CC_0E50E73AF530,0.10397287202212055
CC_0E5324067983,0.33358523822916847
CC_0E54214DACE6,0.11096151910136558
CC_0E5A7809F249,0.10769193341605647
CC_0E5D0509A578,0.04340061695575726
CC_0E5E55DB918F,0.7635449641912253
CC_0E5E93CB968B,0.717692698277672
CC_0E602DC3249B,0.6789126590908721
CC_0E6186059A38,0.6672831753453539
CC_0E629D90499D,0.1954976666878552
CC_0E64764E4B6A,0.1834212671616791
CC_0E6BFE273031,0.3562690091737607
CC_0E6D43AC71DF,0.3668785804028934
CC_0E6F6F06E4AB,0.1060907184696841
CC_0E711E9BCD9B,0.650035519711899
CC_0E741DF7DC96,0.08632600630879973
CC_0E776DD7B43B,0.45599006272692294
CC_0E79A2D45113,0.47137337783457556
CC_0E7A70B0BB2A,0.12570904637153155
CC_0E7B2D03DEA9,0.8170263245495226
CC_0E7DFD11FF66,0.7242398756337314
CC_0E83B80326D0,0.1367094411609838
CC_0E8965947C9F,0.18117886045750753
CC_0E899817D54C,0.21124251001631716
CC_0E8B33971801,0.06181748133757755
CC_0E8C18050A48,0.5496676595405693
CC_0E8CBA3DAC04,0.08697372683918192
CC_0E8D11C210BA,0.28449595005321276
CC_0E8E39EB38B7,0.07934037127902044
CC_0E8F14E1BDB5,0.17353777987229102
CC_0E9EE800E2A8,0.08296842089120644
CC_0EA165E99E1F,0.05300164497066273
CC_0EA7EEE84D3E,0.058155818112492166
CC_0EAA3098B0F8,0.09848991877607358
CC_0EAA86178D7A,0.21584512684763818
CC_0EAB4008DCFB,0.05285256346697668
CC_0EB411906A92,0.038808490936497804
CC_0EB6A49B430F,0.15357623551503968
CC_0EB9041C6D54,0.0811666009198444
CC_0EC074CAD82C,0.0759087393413515
CC_0EC473A69B64,0.05635604048282763
CC_0EC95475DD85,0.6552773149886237
CC_0EC9801511E5,0.5871982434846761
CC_0ECA83CBEFC9,0.24879339205072704
CC_0ECAD1F99D7A,0.12977390392881558
CC_0ECD7928D657,0.17773572027489729
CC_0ECDAA03D3A7,0.3566456738803161
CC_0ECEAD012C8B,0.08389415185581947
CC_0ECEC4E93B5F,0.09460115517765189
CC_0ED2363AA36F,0.060273617612284947
CC_0ED25B3D8855,0.0842739205294
CC_0EDCCD0C0322,0.2786474227398853
CC_0EE1E5BC99AD,0.13394064936068045
CC_0EE2F5C94FB1,0.20856898177806857
CC_0EE44F53D366,0.7391578936919749
CC_0EE4540E15B4,0.1429672078823691
CC_0EE84C210702,0.11517098385247271
CC_0EE88344008F,0.16512951706376494
CC_0EEB9C2B32DF,0.15949162633489716
CC_0EEDB24A1BF3,0.1535493962634799
CC_0EEF2F19ADED,0.6394085353897727
CC_0EF1F4D88A71,0.7616493208931481
CC_0EF34A5B8348,0.09054410479712131
CC_0EF7CAA18394,0.1018032463232265
CC_0F0BAF7599A4,0.2798907858899501
CC_0F0C84C71588,0.27200105465468194
CC_0F13AE64FF84,0.04986593657984491
CC_0F1511CD98FF,0.07830956374408649
CC_0F1E37D22F16,0.8259872955316722
CC_0F1F12A77FFE,0.22483722009295964
CC_0F2DED626B8C,0.6176038545419302
CC_0F309D317B0C,0.16081229612060877
CC_0F32A34CCDB3,0.3557438632730998
CC_0F36EAFF4885,0.2038442131644939
CC_0F3741E27F5F,0.06660725228903011
CC_0F3BA7BE6767,0.26992256954988453
CC_0F3C54D473AF,0.19030211026490582
CC_0F3D7DB6B7E9,0.0524522020784402
CC_0F3F69455D55,0.2645277484757757
CC_0F40571D0B12,0.18113791645956287
CC_0F43FC8215BB,0.1299739123191185
CC_0F4A6D3C4D61,0.04111781581889023
CC_0F4E7F16CAD6,0.6724425113859755
CC_0F55FDFF7E25,0.23819866714061014
CC_0F5848A897BC,0.32051212243215355
CC_0F5ABD1FDA86,0.09391014382075398
CC_0F5BF5C1E047,0.26053333272565954
CC_0F5DCF690AD3,0.049210384045968183
CC_0F5EB6571008,0.13224377628781414
CC_0F61968E934A,0.6349554690944057
CC_0F61F1B3501F,0.040605566508042146
CC_0F6391E1FDBC,0.13527014084791103
CC_0F65AE1D8AED,0.6124341154945503
CC_0F6AE7057DC7,0.21311986414484418
CC_0F6D991C9997,0.6970495997521574
CC_0F6DF2FF905D,0.14446752802996948
CC_0F6F798A2464,0.11686261089838254
CC_0F71E7FE04AB,0.055042132879239855
CC_0F732E44A375,0.6819733966331816
CC_0F7672C55A48,0.04416087566968037
CC_0F7A93B07205,0.05700035825351328
CC_0F7B5266B8B0,0.18331631169943088
CC_0F7B8097B447,0.06142863837092701
CC_0F7E98267DA6,0.5513272646526018
CC_0F7F89ACE630,0.14880851789581126
CC_0F8169AB6F73,0.0529344278921796
CC_0F81F037D375,0.31476139948604653
CC_0F8564DCF1DF,0.7156612306822241
CC_0F8787AA1B08,0.06412994901654354
CC_0F913F99F7AD,0.09872370818023002
CC_0F91FF62EC15,0.0519412648244044
CC_0F981EC9A94D,0.40840099271700314
CC_0F9B23A705FD,0.074000164015505
CC_0F9E23AEEEF7,0.1500987040400156
CC_0F9EF2C99968,0.6953460007913785
CC_0F9FE5F37C0C,0.15712788236197023
CC_0FA0FD63CF24,0.11289746538534877
CC_0FA3894DE2B8,0.09035629154779214
CC_0FA66DACA887,0.12692101606663886
CC_0FAE37424BE3,0.13803054842535373
CC_0FB86F055DB1,0.11568911212086412
CC_0FB8B83E7AEE,0.22318193341777004
CC_0FBB2A7CF5F2,0.10295355578409586
CC_0FBF0E20A578,0.16252129798738774
CC_0FC0AD580D04,0.08881637496098158
CC_0FC1319A8AD6,0.13352467070476487
CC_0FC3242E54A0,0.08775593249094767
CC_0FCCFAC989F1,0.39328383271707523
CC_0FD045ACE3D8,0.12115449632536328
CC_0FD435B4EC5C,0.2037075951416158
CC_0FDB175845F9,0.1075329242189492
CC_0FDF62854360,0.08201696595048893
CC_0FE10BAC0B73,0.0794656615486278
CC_0FE2075F746E,0.1454572838949209
CC_0FE4BC723F10,0.10146745164361408
CC_0FE970B33965,0.17307123624836268
CC_0FEB47184B0A,0.21335377717496068
CC_0FED8CF6127C,0.21208393641447704
CC_0FEF87BCCA14,0.17951538213762
CC_0FF0161E1CDD,0.05636832793612
CC_0FF3877B8B70,0.12454360463148484
CC_0FF7D5756F91,0.17229168029068226
CC_0FFFA5C0C682,0.3176302015919695
CC_100081A7F277,0.09150257896748978
CC_10029DE02707,0.07543704303214376
CC_1003BDBF7FEC,0.6533584201856029
CC_1007FAE95F62,0.08015614140643905
CC_1008996FD3C8,0.5967694245814881
CC_100917681A19,0.13741034096714438
CC_100A35ACC13B,0.07261964125036312
CC_100D2AE97CA2,0.07539642077284758
CC_100D4BAF0483,0.15196016305574248
CC_100E62517901,0.05490546359772441
CC_10104A419F34,0.7378024551359885
CC_1014944EA5FB,0.7908895241943569
CC_1018EDCA924C,0.15400054739151156
CC_1019AF686642,0.04090142082539199
CC_101B3A7D956C,0.0413536172757884
CC_101BDB386D15,0.05360569351596668
CC_101DAF4769E3,0.05179817092775803
CC_1022CEBE1BFA,0.06457165466121739
CC_1026676BFD47,0.48372293953117423
CC_102853A835DA,0.1828017773073071
CC_102B3C099A7D,0.06942452588515234
CC_1035B1729274,0.18222131856971413
CC_10379359D1AB,0.19638204684986696
CC_1037D22487E6,0.09578887404670013
CC_1039424A882C,0.2218925696793786
CC_103AF42C5598,0.03656806110878878
CC_103C6EB2098C,0.1225487782967389
CC_1040CACAC440,0.39920961473260896
CC_10431E4E10A5,0.22895885478534064
CC_1044727CDCDA,0.06850574011262614
CC_1046016FB349,0.1377695257838322
CC_1047B3CCE5ED,0.11675521211628388
CC_1048C6108B3E,0.3187298652962102
CC_104ABF72CC03,0.0863040125684537
CC_104E76D32351,0.0573197809806679
CC_104E89A015D5,0.06798363492089828
CC_104F1A213D53,0.2460577530470122
CC_104F86FA1952,0.33892269995023483
CC_105185853173,0.22095676970255695
CC_1053CE118E6B,0.09925498582544785
CC_10555E5FEC27,0.41831995679939515
CC_105C285675AF,0.06592831388766443
CC_1062483DC649,0.10796676255177043
CC_106318A8A846,0.12414494708670232
CC_10686536DDAC,0.12610507442351532
CC_106873970361,0.09416114540263731
CC_1069B693BEC6,0.11967952245526206
CC_106AA4AC4358,0.20176615593420824
CC_106E8E197ABE,0.053757411481035036
CC_1070A85FC767,0.18877021341750141
CC_10717F3732AA,0.1622578369605906
CC_10723A2C8F50,0.5595113368442667
CC_10746DFB827A,0.04834411422224365
CC_10778A4BB770,0.10206643572109755
CC_10783ADF6DF4,0.10666627383166045
CC_107CD2128BE2,0.08168946147933787
CC_107EF00F4F27,0.28834208868480404
CC_107F8912BBCA,0.22860278591959662
CC_10820345CAEE,0.24699303666137226
CC_10870D368DB3,0.16837222045813433
CC_10877C879290,0.32529278329062816
CC_108A5D7A07B8,0.2147656463158763
CC_108B337BB93B,0.05183232340251527
CC_108DFAAC7E6E,0.3923036188748547
CC_10910E859E0E,0.46859532576008656
CC_1093C3FC63EF,0.2710594198285963
CC_1097C97F4511,0.1950877836643614
CC_109A0305BCBF,0.1726413680714735
CC_10AA87E69C94,0.6564231118107093
CC_10B2FE48BBD3,0.21142047679743287
CC_10B303DA7FDA,0.1350818227773857
CC_10B3363DCAD4,0.15317285787505272
CC_10B6CDF2D293,0.1662649268951568
CC_10BACC5A9EF9,0.16172397288512153
CC_10BEE7D5364D,0.7657885662027132
CC_10C0F72FD4B9,0.434137975042512
CC_10C678897E54,0.609744579880838
CC_10C6FB037D93,0.05273183176909581
CC_10C962C1C4B4,0.11316432026085663
CC_10CE49B6BCFD,0.7759054176834143
CC_10CFC7F096ED,0.13119650594266183
CC_10D29637F4D4,0.0869042915086474
CC_10D34A725351,0.22659077014512122
CC_10DA2F51764C,0.04421313580028623
CC_10DA753385F5,0.10930609784170768
CC_10DA90441864,0.1426766787187055
CC_10DC316B3CC0,0.05690744404315634
CC_10E068DA07D5,0.1477476192439296
CC_10E24786EA63,0.06059923413176464
CC_10E623997DEB,0.09424008793174318
CC_10E9387C4533,0.0441982440577042
CC_10EB16FF62C3,0.06738234929517019
CC_10EDECEE251C,0.11331597116428996
CC_10EE17AB92B9,0.1070094451453647
CC_10EE85CAACE9,0.1713288800609494
CC_10EEC77FF650,0.16883927469420948
CC_10EFB88FD8DB,0.22060969428249458
CC_10F0DE08F65F,0.07336194471336563
CC_10F20A1AB72A,0.660266658322574
CC_10F4D219A7A6,0.36315412739743325
CC_10F6A5DB567A,0.22370364499477252
CC_10F7151BB6C7,0.7508121988468837
CC_10F7B091682E,0.0686272255032705
CC_10FB7142DE72,0.04969111580459501
CC_10FC06574FEF,0.3244063398956927
CC_10FFB4E22F9C,0.19197318906752425
CC_1100E20E1B1A,0.3328049642541916
CC_11085A799BE5,0.04336427995921187
CC_110C571E2D6D,0.13452210990432006
CC_110C7648F37D,0.11157667473940605
CC_110CC91C7C17,0.1384721545382141
CC_11108F09641B,0.6632101017099216
CC_1111648E5F00,0.190068459967021
CC_1114D6C2AD96,0.6633405603992538
CC_1116469D0EF3,0.2205536943649616
CC_111665F34451,0.07614029423287058
CC_111D9179BF4B,0.06376967542668258
CC_112982BED721,0.22611039133981709
CC_1129FE3DEB19,0.43796660676993654
CC_112B3EE86CE3,0.46591574890596943
CC_112C1B5D75C4,0.1780995240907003
CC_112F543303EC,0.1307520871034175
CC_11305681E8F7,0.13040192971349363
CC_1132B3469581,0.25782557436685377
CC_11342B2C8367,0.22462500780512124
CC_11384E1721D7,0.0996511086425638
CC_113A3A8A4742,0.0788512647088304
CC_113DAD07E5C9,0.10218759795135571
CC_113FC578F9FB,0.3270411267211889
CC_11426C485A60,0.17472603809246479
CC_1142867C5D53,0.23687463939766315
CC_114743636E5D,0.07957268273414983
CC_114CA6C3CFDB,0.4935276272058191
CC_1151078C2D32,0.09988807910167552
CC_1156D9CA1622,0.10593457468408789
CC_1158A81A43BB,0.04051014191205579
CC_115A90AE7B37,0.2196128091804138
CC_115B00DA4D5C,0.13842403836795358
CC_115D7E7CED9E,0.12601904293847305
CC_115E875F5C72,0.10431630327156605
CC_11617B024620,0.22859508593622344
CC_116195EC8F24,0.13711107406914932
CC_11650E5FE77B,0.07096373864874479
CC_11685D26513F,0.21036637310251818
CC_116BFC278A9B,0.20171651078275313
CC_116F967E12AF,0.20761492976579263
CC_116FECD7E22A,0.15716883432227124
CC_11713ADEABBA,0.13218182731461325
CC_11736D48F937,0.27426942426613216
CC_1173E020C852,0.13812149854349606
CC_117A8F9929DF,0.08528718012031493
CC_117C29938792,0.16622087141702538
CC_117D3D290B79,0.19686519405642333
CC_117F3F52B39A,0.04093297733673633
CC_1180397E0E18,0.06222325895811755
CC_118050B0E065,0.14621680047541602
CC_1182A06FA1BA,0.21377318268320372
CC_11875A6E255A,0.14387943277661153
CC_11893F0796ED,0.260116670252205
CC_118BE5AC1B43,0.07410476804561969
CC_118E88555B8A,0.203426957243175
CC_118F4FC75A19,0.12866118326185416
CC_119376BC9A9E,0.6494027418125474
CC_11956D689FC2,0.06080122514764349
CC_1196148C1D73,0.25183402870450555
CC_119EAE00EF2A,0.231922887483926
CC_11A39FF989D7,0.24561580507468284
CC_11A3E88ED77C,0.10957160778344463
CC_11AC14665983,0.12686975555792177
CC_11AD537B1395,0.5372790976511783
CC_11B1563A0E4B,0.06060212980330935
CC_11B566C845BA,0.05159010392092295
CC_11B587E74D04,0.1555141097521582
CC_11B62136784C,0.6479848121863002
CC_11B67B9E0E1D,0.07164520794641563
CC_11B6DBA925AA,0.08643657751809085
CC_11B756BD22FB,0.18447869680695056
CC_11BCB5B80913,0.05262688385407409
CC_11BD95F85975,0.32034523250948743
CC_11BF763F3B0E,0.1471034183425159
CC_11C4A2835B57,0.3688275444357897
CC_11C777226D0A,0.16069315001352077
CC_11D633D1CDAB,0.16532288018584
CC_11D746332A26,0.05367032808827008
CC_11E18534C974,0.10944645654655671
CC_11E246399D5F,0.10991324049619292
CC_11E34823C9F8,0.6837873330401478
CC_11E76951B985,0.18772096558959034
CC_11E94D80A4EE,0.19289492296847333
CC_11EA9439D5B8,0.1482625406898161
CC_11EBB8736BFB,0.09691377351937111
CC_11ED6D692C8A,0.12757255952974605
CC_11EEECA3D87C,0.7773325951215402
CC_11F31F9E8B79,0.07407719351350008
CC_11F349E0D151,0.10113466447374242
CC_11F3B5F1D300,0.1670491355512556
CC_11F6606CED0C,0.06864960732880085
CC_11F874D15716,0.10125275480307346
CC_120369D4254E,0.5495950639116887
CC_12056E853D4A,0.17571061960595263
CC_1205729AFEA6,0.08652098833026509
CC_120F437F7603,0.6961013845136744
CC_121308C8B6E8,0.6962867876619324
CC_121AF61C6254,0.15815429381063537
CC_121C58E71A4F,0.46425935772890314
CC_122002B97F8C,0.13294497857847562
CC_12205D623AFE,0.06923208248546107
CC_1220D4E9D2A8,0.24977326066459157
CC_122D7F1E7A0B,0.15942967722778423
CC_122EE6F45AB1,0.0446565878667322
CC_1232690EDC2B,0.07255454325769002
CC_1232CD309A3E,0.3592250849873874
CC_12428B8ADEA9,0.20228867482790167
CC_1244F454247D,0.6357097803356563
CC_12466842C70F,0.048396938478592805
CC_1247E3165538,0.05781013208146618
CC_124D9DACBBEE,0.1304594089978479
CC_12511165D91F,0.0467067753764465
CC_1252858E5DA1,0.5799965441772444
CC_1255D71CBDFF,0.06825841757058282
CC_1256916531CF,0.6779368890745469
CC_125A4D844394,0.6116212002789317
CC_12610AFE4FA7,0.7260766208289928
CC_1264E5CD53E7,0.06329303329308986
CC_12687DB85C14,0.17160621262365675
CC_1268973B9017,0.08289507586602243
CC_1270B9E11834,0.04503615110008363
CC_1270E1D67FC5,0.1311315784476128
CC_12715BC831A4,0.06654429723589947
CC_1271E0364B61,0.14845405745013243
CC_127279DF6A35,0.047645536225238774
CC_1274A35EEFBD,0.12791974180387433
CC_12781F7D9AEB,0.18386036004015485
CC_127A8C424DB8,0.1528112318190742
CC_127CE04CCE3D,0.15616377108174198
CC_127D0788207E,0.0646267071673036
CC_127D415D0FC8,0.10393431980920047
CC_127DFFD19DD7,0.1844670106567853
CC_128244D9A3C5,0.16064788471939467
CC_1283AE10D435,0.046812342575260506
CC_128774FECE36,0.18529613425448652
CC_1287CB57208C,0.12747850079137749
CC_1287D6DD3C07,0.4349311147863945
CC_128833947423,0.10485058945764472
CC_1289226479CE,0.14340769550990792
CC_128CF93C9C68,0.2067931784855294
CC_12943C53232F,0.1572419483843594
CC_12965C9ED919,0.17237901035733677
CC_1296EDF7E640,0.6205733741300716
CC_129D5C1B8D00,0.1411786919924744
CC_129E3A93629A,0.5812163281271434
CC_129F54504300,0.5338817477558516
CC_12A50A8F43AF,0.13896930861403908
CC_12A5AF2B6339,0.33090684537720544
CC_12A5D5DA2E0A,0.17341644271165227
CC_12A73B68BA7C,0.2717014492285679
CC_12A80518CC67,0.17636629903774576
CC_12B01E3481FA,0.2120986421908933
CC_12B0AEFB0C2C,0.24944979385006164
CC_12B1A3E121EA,0.052072901888669476
CC_12B20570313B,0.7785491113812282
CC_12B2BC605A25,0.4931309839978562
CC_12BE1DCB9554,0.12523709825270077
CC_12C002DDF720,0.24397281508154375
CC_12C17EF761BB,0.5192027662967266
CC_12C2A91FD2D1,0.05995061719749931
CC_12C2C5FE15BE,0.19470220314170175
CC_12C61A3F8534,0.16453257205696886
CC_12C80DB6166F,0.09577969152765875
CC_12C942C94AC0,0.05392697520132421
CC_12CAB82FA647,0.07397409200632464
CC_12CE2F6B1871,0.09993924833156383
CC_12D91445C5CF,0.06713240389571115
CC_12DA7D6CD638,0.16960680789597604
CC_12DB887B1F54,0.18706326694288666
CC_12E0FFE7E6D5,0.1723657828124448
CC_12E17FAA02C4,0.13764881924594685
CC_12E8A3241009,0.0706625124295358
CC_12E8CF471D17,0.06511658579810797
CC_12EB7E2FBE9D,0.08290203190647978
CC_12EC6B16E8F2,0.032704474013551886
CC_12EDF0A21D8E,0.07931674889316405
CC_12F116D289A4,0.2684304974019146
CC_12F2CC049F32,0.17551937985442478
CC_12F4AE0E9C50,0.5141193806391751
CC_12F529212274,0.35298621266289404
CC_12F6665B65F1,0.14638614622816506
CC_1306F26C1E92,0.15328200157596694
CC_130ACAA6CFAF,0.06763495437417663
CC_130B2BD31FC1,0.23989942377601672
CC_131266D3775F,0.48215871834477175
CC_1312A13B15FD,0.12844568457137406
CC_1314B3485367,0.23848676868413304
CC_131508558E61,0.08611529811374223
CC_131CFDDBAFCE,0.5923410928456027
CC_131FE9729ADE,0.40390086076380916
CC_13203D8A8B9E,0.06560435958694742
CC_1323E7388B53,0.06302611064084658
CC_1329A0DFF23A,0.2367221300961302
CC_132D35DE5699,0.18945366439362518
CC_132E60475D9A,0.16136601099415177
CC_132F1B80D22D,0.0723104217487466
CC_13323D6309AF,0.30863034799291095
CC_1339B797EB61,0.37349807828463855
CC_1349052D783F,0.35766030517896075
CC_13490D73C7D6,0.22628532548173355
CC_134E2266BE61,0.09270302082865728
CC_1351CCA7B3C3,0.765148292072202
CC_13582EFD415C,0.06117261294085874
CC_135FA476E402,0.07697990589362864
CC_1360E6854F33,0.11825894290769079
CC_1362294CF6C2,0.0990370461544174
CC_1362B0C744AD,0.17523278445018464
CC_13639EE08ADC,0.22109416180980826
CC_1363CE9F012A,0.06824633757967753
CC_1365D5C6BBC2,0.09599449238120675
CC_13672D0FEDCB,0.1143594612833962
CC_1368F2EFC516,0.1658382140066164
CC_136EA5846EBA,0.11625674599616964
CC_1371E1F3C127,0.22403128990471677
CC_1373183E52FD,0.03966778305629003
CC_13754504B728,0.07240811105806702
CC_13768F948D43,0.1563476108878063
CC_1377262C6C5C,0.068616570867165
CC_137B9E0E74CE,0.14246753890604585
CC_137EE4A71B80,0.1490577810740506
CC_1382A84A8162,0.6641012392926529
CC_13889971A045,0.753649593476367
CC_1388E4F9D0F1,0.11780624995478883
CC_1388F4F71DA7,0.7115898749409385
CC_138E19A68D8B,0.04430042603063109
CC_1396C173D41F,0.5925199366691931
CC_139D70292D7B,0.632823799456325
CC_139D9A4C7B60,0.5596430888345914
CC_139DB7344BD3,0.17899087361130422
CC_13A2B5541686,0.2373130180788591
CC_13A4FC3A1BC9,0.07340966492045253
CC_13A5730F1FAF,0.13173271112961923
CC_13A652B263D1,0.19239878512279626
CC_13A9ED13054C,0.3756130283813148
CC_13AD9FFBBDC0,0.07807257003562959
CC_13B035D9735D,0.04722197982576235
CC_13B78E6E812C,0.12786804802114424
CC_13BC2D4470A1,0.6821616176155194
CC_13BDD928BC6E,0.7384000013246809
CC_13C154345998,0.04774199213279139
CC_13C1F8475C75,0.23724100582338242
CC_13C26CDBE995,0.43094834723510395
CC_13C8941C4E63,0.1880955545908107
CC_13C8AFAA4A96,0.10295696087702699
CC_13CE9A805D47,0.06698563068634307
CC_13D0D0DC25B5,0.11316286347805662
CC_13D12AE5DB5E,0.1839576277574601
CC_13D2775BDB99,0.18259359250699517
CC_13D7C5892F43,0.11874960113655875
CC_13D8BB2898FB,0.18061952432123982
CC_13DCDFBFE04E,0.05776359184609094
CC_13DE4D663ACA,0.1620157128530833
CC_13E0F544FAF0,0.10608667435149474
CC_13E4E11494E5,0.0726516876478275
CC_13EB4754455B,0.48264328465582224
CC_13ED60374680,0.16347953151278474
CC_13EFA2436E63,0.39755237633270857
CC_13F63D985F02,0.15817920785233447
CC_13F7224F4CEB,0.16794101773439968
CC_13F8DDA68CD5,0.322140515849773
CC_13FEEEF4DAA6,0.10167250533615854
CC_1401806D83D1,0.24922852554625746
CC_14022C179F26,0.12117509826687671
CC_140B15320D67,0.1114740869412992
CC_141097D43B35,0.18181394675112883
CC_1412756641C8,0.4161632236821182
CC_141585DB9F70,0.7369142476106731
CC_1415DAB3C546,0.14018671109051833
CC_1416B83F6B99,0.6813042072077578
CC_1417216500BC,0.218190243137883
CC_141A459F9317,0.0538685164400076
CC_1420051AE277,0.17761276947155144
CC_1420350408A3,0.1440547470582348
CC_1422E8298DE7,0.05654730500450071
CC_14242BB4F55A,0.05290980229127187
CC_142C1401740E,0.7573625101764685
CC_142F4D1DA8D3,0.044957316349768274
CC_14347FAD2689,0.0551548390518241
CC_1435A595A0D3,0.12376220605053945
CC_143DC870051D,0.24269456859763078
CC_144534D93E78,0.0793054682052888
CC_1445D677285E,0.15709340222010396
CC_144912C7C6F4,0.05955616921452099
CC_144BF264798F,0.06766940891403894
CC_144E0287B718,0.10692252531876364
CC_1454C69E791C,0.6640303210381007
CC_14565288B492,0.12025468148114193
CC_1459762CD70A,0.058178367995880186
CC_1462F5234349,0.3735908166220683
CC_1463EDA0CFFA,0.5508091552433745
CC_14677C665BD0,0.5977269113521096
CC_146A389558CD,0.17521968765720092
CC_146BFA2F4585,0.1202693642811197
CC_147074821F17,0.6355134440950349
CC_1471280F70B3,0.07816133384198704
CC_14751CEA4835,0.15735027774125468
CC_1476BC39D82A,0.6686815633877669
CC_147A332651EB,0.06858904585666994
CC_147B57C690A9,0.6803136397240765
CC_147CBF290A91,0.05596037927445724
CC_147D3C36E9D0,0.6608494043748913
CC_147D9B212108,0.23059737342599443
CC_147E377E6BA3,0.11238635382517688
CC_14829AC11350,0.18768003936272298
CC_14850509C4F7,0.20923229712499314
CC_1487D79B3F82,0.13066368911775403
CC_1487F0190ED6,0.8174596698366055
CC_148D548BFEF7,0.42286236845190306
CC_148E40D39EE6,0.20675822598606328
CC_1499FDF273A7,0.6654943856290665
CC_149A11DD6D72,0.1728334452892528
CC_14A06E4E3D8C,0.06780771910520864
CC_14A0A51DC0EC,0.759354800398547
CC_14A8CB0B5A31,0.041626276380667696
CC_14AC19F9E8B2,0.08645747256768153
CC_14ACD1E04CC1,0.13507402628471513
CC_14B002192A41,0.07997254050417772
CC_14B4E27629CF,0.12766797376838673
CC_14B5941FECCE,0.5072684429686283
CC_14B6298EE82C,0.6563457444730385
CC_14BAE258FEDA,0.15236329350733277
CC_14BBA8E1F11A,0.1679535701088892
CC_14C3CD655EA0,0.05291038988949783
CC_14CE4334D7FC,0.0410473280318031
CC_14D08D92E371,0.7777654076158625
CC_14D0C705400A,0.13891572779352318
CC_14D3D57AD202,0.2274423477661273
CC_14D3FCD54488,0.04691905256549393
CC_14D7F72FF09D,0.06921850994785458
CC_14D8672C7CC0,0.3747698759120165
CC_14D8C5D0A6D8,0.2973799961299436
CC_14D96BD951F5,0.1835401028439309
CC_14DA8C11FB78,0.19055616623227245
CC_14DB5E1D5D98,0.1758113941228599
CC_14DE7F88ECAF,0.07385106090853226
CC_14E431C022FD,0.15058998394146644
CC_14E7E49CC35A,0.08234184043913953
CC_14E85757A426,0.24410040351264045
CC_14EF468C06C3,0.09284341131060328
CC_14EFE9D0C622,0.15254087965139318
CC_14F22277282F,0.23693520825143138
CC_14F29C1B9779,0.4183444047832401
CC_14F512210907,0.1309324012595858
CC_14F7ACE7E71D,0.37488511398044927
CC_14FB2847E872,0.08616942233929045
CC_15007A1B3A1A,0.588511776891133
CC_15016E7FD79F,0.05102190622214418
CC_1502C603324E,0.3072516038309554
CC_150424BF434D,0.7623737870380929
CC_1506C4D0C747,0.7523024765810717
CC_150C0908EB8E,0.14695819836554855
CC_150FAFDD26C4,0.18427518699211473
CC_151026A162CE,0.15494460246322644
CC_151548F8F763,0.3892745053479748
CC_15176B7815C1,0.3231952545438804
CC_151775FDF291,0.29768860975812006
CC_151A78EEF961,0.1454609222689881
CC_151AC62644C3,0.04404175916877396
CC_151C16AF3C96,0.10411492952922656
CC_151CA4926266,0.19466771027648297
CC_151D07B5EDE8,0.3928617405886926
CC_151F6E1E39C3,0.3525891056998902
CC_1520082E455C,0.07600510833414315
CC_152146058F38,0.4789761317809667
CC_1522AE9A3E33,0.11264277667278147
CC_1522C1B38538,0.18055002944863738
CC_1526162B55A3,0.13661708459877236
CC_15278769C09F,0.5716210996432294
CC_152974F7ED65,0.7164800270979947
CC_1529AC92CD6C,0.12455705448603147
CC_152EC65D1DBB,0.044992146516039916
CC_152EFA9A4CAC,0.11300881584614346
CC_1531143487F1,0.10836922361761447
CC_153834C5943B,0.21198132295491307
CC_153C5D731C7B,0.0874724618342951
CC_153F7361C1E0,0.23508525685317183
CC_1542920474DB,0.11848132570592548
CC_15438BF49BA7,0.12235995555573705
CC_1543BE8D6EF5,0.16702434030029484
CC_154898BDEB60,0.19902273601549042
CC_1548ED76DBB2,0.12137019042552226
CC_1548EF860FF0,0.6508702835413873
CC_1550EE71A55F,0.6530624494614119
CC_15537B4D12AA,0.11076177718849067
CC_15561A29CCCB,0.19471701718833517
CC_1556666B27B5,0.1859152874763068
CC_155925E2776D,0.10532155485854869
CC_155A8DDCE91C,0.09932199992482864
CC_155C3C6B2949,0.17465867327231546
CC_1562BB97E9B6,0.1799285595174064
CC_1563E7920FC8,0.06362873213581412
CC_15679FD6E2D2,0.11629955451530641
CC_156B962B815F,0.17542941298263975
CC_156BFC146C98,0.1824415655709367
CC_156CF041C682,0.5922582206112716
CC_156D0EBC4750,0.0911626884241261
CC_156DD30B9AB8,0.1382276175379567
CC_156FF50F12F4,0.6887636651988319
CC_15714FEB088F,0.11686353960738916
CC_1574DB115364,0.1886132447375579
CC_157A5AB6B67A,0.18588280117866182
CC_157ABC115170,0.05073656012196086
CC_157C8355EF5A,0.058266234888245436
CC_1580C832AD5A,0.06468890335259866
CC_158A7CC33DD5,0.15706757763627546
CC_1590AF97B4C7,0.21814732039733511
CC_15955B163C7E,0.5002707404144588
CC_1595C8001237,0.08472813635519494
CC_15978ABF0064,0.25794870036591055
CC_159B256C9632,0.10818363812317111
CC_159C2100C079,0.08709460450930791
CC_159F3BB12556,0.11311683199178464
CC_159FEC6E9B52,0.06794113638828736
CC_15A2F13E1F6D,0.07134698611779859
CC_15A383641088,0.34729051971864744
CC_15A990EAFE5D,0.2745711343981151
CC_15AE6CF9C351,0.061481511755291054
CC_15B18D3B3B4D,0.2941236221728796
CC_15B57ED3BEE3,0.23588977330061606
CC_15B74980B515,0.718347132538254
CC_15B88C943A8C,0.04870152580425424
CC_15B9064AFD6A,0.48450509340949405
CC_15BBDCBB06F7,0.050429069203841825
CC_15C4930BFA0E,0.13706524084390737
CC_15C5F9BFCDBC,0.2885614464421836
CC_15C6EF06434B,0.7893764877062257
CC_15CED8BC2EC6,0.05136406465819998
CC_15D28590F6DC,0.09190149794441019
CC_15D56088FE34,0.29853912711708214
CC_15DC830D1BAF,0.7471548790880898
CC_15DD51F56CE5,0.7142270687844413
CC_15DD9B2288C8,0.09109941137142348
CC_15DFB9D1F27B,0.3718577181633801
CC_15E02F6AEF72,0.2023806061086512
CC_15E27BAC9F28,0.04671096771053902
CC_15E7DF8A0519,0.0772011799518076
CC_15E8B0F0AE60,0.06901226644776857
CC_15E8B982652E,0.10924992582258315
CC_15ED44B4C328,0.1570580429442495
CC_15F0CE165958,0.21261254975120156
CC_15F3E1E0A6D9,0.14202390163236034
CC_15F418CB6955,0.06273580300524154
CC_15FE430AF0D1,0.03915508402854536
CC_15FF11F7AA40,0.11819967777774007
CC_15FFF6757B46,0.09927288171797356
CC_160B069E5047,0.060218064319350194
CC_160E4C878E81,0.47201238154791403
CC_16118DE3526B,0.3882844265683245
CC_1612DAD460E5,0.057984653278914874
CC_1613E877E51E,0.06408362493705907
CC_1615244464D6,0.14998426698192485
CC_1615A0A4206C,0.6469286858702682
CC_1616918FFBF7,0.13879872946973873
CC_161B61D9A8D1,0.1257061661835443
CC_161BF844E46A,0.19216765409359837
CC_161CDECFA357,0.2900925761731331
CC_161E3D2ECC63,0.15891389477857937
CC_161EA775B8AC,0.11511026220064598
CC_1629A8033CF9,0.1357728843204369
CC_162B17FB0E07,0.09299340103321051
CC_16305E0E4E62,0.06533488914901138
CC_1637777CE5C6,0.11431658951175498
CC_1637AA0DAA12,0.04925943746116501
CC_1637FAA1FD97,0.060776883698545184
CC_16426E1A4078,0.11044612420059705
CC_164399F0E6C0,0.18520839174836395
CC_16488A381066,0.2614141848873747
CC_164A13328A5C,0.207592723461534
CC_164C2FDF8391,0.0604476758840443
CC_1650498982DC,0.036458261223895734
CC_1652ED284352,0.19642246426198146
CC_16571F4052B1,0.1052960820153864
CC_1658D801415A,0.04310615977533496
CC_16600AD4CB52,0.49062269606383546
CC_16621DFA9568,0.0536464293930932
CC_166697EC438F,0.05113132789758047
CC_1668051F67DC,0.7768174728808808
CC_1668409D7EB1,0.5599048898183775
CC_166B3E7C1B61,0.07390289161009815
CC_166BAAB25341,0.16468590717243667
CC_16712B3316AD,0.446340825174099
CC_16715B87F99C,0.4584391642362968
CC_16716795A691,0.12966425760550102
CC_1672E5B9D1D9,0.0761999635007232
CC_1674599D2CDC,0.17080402853476923
CC_1675F640D31C,0.555120097160706
CC_1677D6743C94,0.3219578388231067
CC_167A9988C803,0.20336062333126614
CC_167D0F70AF34,0.11788455666552464
CC_167EDACA88E2,0.09959609558873037
CC_1681A81C49DF,0.051048157530130214
CC_168669FF70CA,0.11434419252429093
CC_16879F9E7577,0.5875272074066297
CC_168C0B1EDD54,0.6983633101751795
CC_168E8E929122,0.043569549503265234
CC_16903B2A7327,0.05571341720844837
CC_16945F6B0DD8,0.11961500573963915
CC_169C393BF5F1,0.3268784546884663
CC_169E77C2D6F8,0.13175761004513223
CC_16A13240E770,0.1929466431127796
CC_16A4E6932E51,0.05807650917315608
CC_16A71E8A209B,0.10102371866031276
CC_16A97074835A,0.27451904298723206
CC_16A9BFCB0FD1,0.12563532361509994
CC_16AE73AC0CED,0.06671300837977304
CC_16AE75C645CB,0.18098213770618582
CC_16B3D5B5304B,0.7119945875075799
CC_16B4487FD23D,0.27135966051184235
CC_16B6A1324929,0.15660991939421473
CC_16B6A4A64D64,0.1087394315769243
CC_16BA251991EE,0.09641515513133654
CC_16C846BE0FB2,0.1874406622002856
CC_16C92F157693,0.4364670704729633
CC_16CA98BAA411,0.24488783663899985
CC_16D50D57A9A2,0.14750125559566307
CC_16DBC067D9A3,0.0657410686412199
CC_16DD0156D0DB,0.4158942326267807
CC_16DEA29018BE,0.23390818602376845
CC_16E8830C06B4,0.12473950042279491
CC_16E8AA38B55A,0.06877038878925405
CC_16F17920E91A,0.19071295449957906
CC_16F2A616CA13,0.21413606229710816
CC_16F2E2FDFD77,0.12870513235046868
CC_16F34609DD14,0.0693737482475649
CC_16F373E7DD08,0.2374848604344625
CC_16F75EAC0DFC,0.13863060093341162
CC_16FC9E95423C,0.0666780088411019
CC_16FEAFCD937A,0.12044075556584652
CC_16FFB848B32B,0.20968078118933828
CC_1700C32A7A71,0.11862259046899437
CC_1701B3768C4F,0.0977156155837138
CC_1702960426E4,0.3152759273280343
CC_17084C1F9450,0.14378575041321034
CC_170AAE7B0964,0.05172597488939712
CC_170B12EDEA5D,0.07135271219404986
CC_170B3E6A63CC,0.12331797377698464
CC_170CA7D6D22D,0.1324800379205449
CC_170E62C934B8,0.5946952485524342
CC_1714A53E4B27,0.3410186071651339
CC_171943C79BA5,0.10327217683794396
CC_171D8C127A68,0.1049598694965623
CC_171F24AB882E,0.06765120112860207
CC_1720643734EE,0.32584962704285764
CC_17225B628BF3,0.674948881533698
CC_172268748503,0.04045437103246587
CC_172BD8D3996C,0.07405752957938055
CC_172C79E2FE2E,0.09832786663648492
CC_1732E70F51F5,0.12613634121941902
CC_17398721FD38,0.1976749860914327
CC_173CC91B0920,0.14740731959177028
CC_173F3E334571,0.34489143979615033
CC_173FBD78A496,0.1716649622565824
CC_17442FDB4BF7,0.1597651770888757
CC_174607B3E574,0.12268970617257954
CC_17472F25E6BE,0.25182226476288505
CC_174EA3C65446,0.15208383003756928
CC_174FDDA25C07,0.5486797645189542
CC_1751F7D37BD5,0.11728546746807074
CC_1752A6FFD1C7,0.11702579063297443
CC_175460F3F958,0.1788167734316631
CC_1758E4F1B83C,0.1927655289223698
CC_1759E0F52C2C,0.12853661088785992
CC_175C442C6150,0.625668527270866
CC_175F7A7F5C05,0.18118269464931575
CC_175F87337E0B,0.6439370515272153
CC_17611CF75A28,0.04490697979795028
CC_17615FB22D2A,0.08448097363834936
CC_1766F68CFEB9,0.07574507361623505
CC_176751E56776,0.27002491133858747
CC_1767B3BC9B6A,0.16585814033164437
CC_176C28F3FC1D,0.06922689628697297
CC_176DB922413F,0.1512336885517615
CC_1774D9FBCA20,0.04118869482055247
CC_177BBFF9D568,0.055521894428285576
CC_177FB293E183,0.12558240938686008
CC_177FDCD0B0EB,0.43943128858534247
CC_1784BB8B5843,0.13651142760207824
CC_178BF0F4F29C,0.10567213329208178
CC_178E0B4A32EF,0.28496271536930984
CC_178E97E4D5B4,0.06237367253723271
CC_1793D25D8F71,0.4980959019794521
CC_1796BEA43437,0.16926468240710088
CC_1798D1ECC7E9,0.12523674854809447
CC_1798E955180D,0.0727639871544726
CC_179AA6EC2562,0.10822129059450539
CC_179F891C72A6,0.5550151684247322
CC_17A19462CD3E,0.09408132233630125
CC_17A46A7E9934,0.2987615777563565
CC_17A843953F03,0.1551504535606
CC_17ACFA78B05E,0.157608239435823
CC_17AF4E63AE74,0.15128563648356835
CC_17B3327F2916,0.12134010040467798
CC_17B4A73BE8B4,0.03547430569031979
CC_17B89D26AF52,0.13230596731840855
CC_17BAA7D40E29,0.3851551323058248
CC_17BBBC11D013,0.14263720781398415
CC_17BEEAE61730,0.0696935442517316
CC_17BF75201B0D,0.20479452286687444
CC_17C7BCC5D5CD,0.07290611904157421
CC_17C8FEAFF008,0.06841574557927088
CC_17CFE9DAFD88,0.14804955490106292
CC_17D38C9F9B68,0.06345035622178304
CC_17D668E10629,0.04981705939507587
CC_17DA3B3F1CDE,0.058331176553142725
CC_17E01AA535AA,0.07641904178163766
CC_17E219996E37,0.4354560942438942
CC_17E5F0C86591,0.3193875048506142
CC_17E600262194,0.4772475854027702
CC_17E640DBDCD1,0.05643414443752813
CC_17E70DE5F836,0.15876703301839715
CC_17EA4CC14991,0.038401693276544614
CC_17EB4BD92215,0.11386002467356186
CC_17ECFD71BD5E,0.05984096125607556
CC_17F5637F898F,0.06865556345667297
CC_17F93BAEF85F,0.15162078764649076
CC_17FDB57898C0,0.06062868937225695
CC_18011AF40048,0.039586618348316206
CC_1801B6575637,0.14293573426325867
CC_18039BFAD7A0,0.20202482399833413
CC_180CA9E5A190,0.632194080688248
CC_180DFC2D308A,0.06648203347040234
CC_180E7DFBCD07,0.7607845687522515
CC_1812D35B9ECF,0.05797936188273698
CC_1813AFB87DD6,0.18689389896654893
CC_181586F907D3,0.22797287189292947
CC_181678E15F5E,0.0936838426390723
CC_18171AE068A9,0.1328403539420987
CC_1818710412D6,0.11605590030839916
CC_1819C03F5E8F,0.0987688264693667
CC_1819E7B2CDCF,0.0729597011100719
CC_181A8F7944E4,0.46705240010881843
CC_181F8E1AC131,0.1585196543376753
CC_182169DF8906,0.1707306666889988
CC_1821C81ECDB8,0.2832125500987822
CC_182995DFDD2A,0.09859305974140667
CC_182CFC8D3BF4,0.141798460763396
CC_1835A8F76E6C,0.1286826754682962
CC_1839CBB99C84,0.08728969854403466
CC_183C6E7032A6,0.12021660907066467
CC_183D79E943D0,0.0627889163157434
CC_18419F2103AD,0.06075338420696137
CC_1844630EFED5,0.10221867335004889
CC_184943D35901,0.39511709670000694
CC_1849FC26DA7D,0.2078726196631567
CC_184DEF204BC7,0.21144769683253356
CC_185284EDB3A2,0.21004185466226621
CC_185513F1CD1D,0.06609285239178221
CC_1855A8EBFAA4,0.20124942690964254
CC_18577D824B22,0.09403311866386717
CC_185B8665ACB6,0.1320803506839625
CC_185D3BF329A9,0.10651877596099166
CC_18603F631913,0.4148990610041204
CC_186043FAE562,0.060254479507557725
CC_18643033753F,0.1300911484242108
CC_1864553AEC84,0.17791563824272388
CC_1864B7C28F43,0.5813618235929024
CC_1865A113CA23,0.043190609828908606
CC_186AE12E3511,0.25043281017706
CC_186B2F4802CE,0.2552319926131489
CC_1872AA689A6B,0.8015112830071545
CC_187689226839,0.08988564318334782
CC_187E4BF5011A,0.3343967170171652
CC_187F2C5850B5,0.09393753777713425
CC_188173AAC13F,0.5074729065207263
CC_18838D77BBF0,0.09924821734460577
CC_1889834DC58E,0.17500847910109688
CC_188A4A45D422,0.07770643323749243
CC_188C09EF5644,0.18708383555970842
CC_1896E7EDF7B4,0.04677206120307363
CC_1898F4055E7E,0.07898484122620734
CC_189924959EF2,0.13780919438926104
CC_189BD765FCF0,0.1717643906192346
CC_189F55C46D4F,0.21461079091804094
CC_18A01001B2CF,0.11843817755313438
CC_18A674FFA1A5,0.7476531415815353
CC_18A8134AA438,0.05756556379820682
CC_18B37DBC8B21,0.05326822228396407
CC_18B7341C8C38,0.21946939017330264
CC_18B9A2844B0B,0.7828340974450901
CC_18BB2CA33A88,0.12743504976101355
CC_18C2A0FF06AD,0.18660378112995163
CC_18C562BF7AD8,0.04749122460123159
CC_18C75530CAB7,0.10277648572885967
CC_18C7E27F15FB,0.05294784500927787
CC_18C9329187F9,0.06535115962477002
CC_18CDA652DCEF,0.30164490339488226
CC_18CF39CD51AC,0.1372495634386191
CC_18CFE9E3FE4F,0.14541093383443526
CC_18D7BF6DAD87,0.1133909618049338
CC_18D94C67BB11,0.10804341820046033
CC_18DF58701249,0.26762317545924474
CC_18DF6410F3AB,0.3327652730309181
CC_18DF69A4E7BE,0.35350849988898775
CC_18DF6B69A23F,0.10219240811279377
CC_18E19182734B,0.14447401450619918
CC_18E6ADDC179B,0.11626307856769258
CC_18E9B8D4C5E7,0.3263095099358729
CC_18EB14ECD2F2,0.6493306556987444
CC_18EF14803233,0.27336594820671384
CC_18EF36E2DD0C,0.4035580924666096
CC_18F15E43D49B,0.7362636306359341
CC_18F226839EB6,0.6665022844685193
CC_18F25AE727FC,0.23828915005183884
CC_18F2B020DA16,0.0723979360261469
CC_18F7496F38AD,0.5159468491154232
CC_18FA9E29C921,0.699771482549522
CC_18FABCD53DDA,0.11994119313384362
CC_18FABCED87CA,0.06267335532004772
CC_190031EE9CCD,0.1698978787037638
CC_1901AA2EF4F4,0.4618324163129994
CC_190566FDAF17,0.38537280945903263
CC_190860AE04F3,0.0903653431254065
CC_19095A8EAE17,0.31610067037363987
CC_1909C3BA4229,0.04027501236364725
CC_190C25E2B3F0,0.6622607075735515
CC_190C74F4D22F,0.32824703303097047
CC_190EC23791F6,0.08415016190078296
CC_191400E8008A,0.05027298101807235
CC_191A151BD37C,0.11098166771510795
CC_191C506C298E,0.04287501721669888
CC_191D1A6B3186,0.14902713792018202
CC_19210DCEF0F2,0.07659055886165331
CC_19222E2C0DB4,0.3196852672804854
CC_1922D82CDFF6,0.2308946963640392
CC_192676D72F5C,0.6617616236676644
CC_19278A207D06,0.20534382187339567
CC_192F132AB91B,0.21205057989297607
CC_1930E300C998,0.4259674442857019
CC_1931B56981D1,0.18017679171298542
CC_1934936E7CEA,0.0584462521676718
CC_193BEEE99DA1,0.6434561477010613
CC_19424EEF1091,0.10389106195617848
CC_1945DF9D2FD4,0.6199963982939044
CC_19473D276C90,0.6400341199408512
CC_19479222395F,0.30833026262474583
CC_194959924052,0.05096494997466324
CC_194CBA473775,0.583333390873384
CC_19509891A8FE,0.25085253544953423
CC_1952C6D8A589,0.21825146613379362
CC_1957B79D84BB,0.7145437301616879
CC_195C743A58E5,0.34247154345381553
CC_195DC0EFA4A2,0.09637480649777985
CC_195DDC1EEFA7,0.32781602700081053
CC_19621EA1596E,0.14924440677548428
CC_19628798B10D,0.16993768010640709
CC_196446663E5A,0.3843109273587858
CC_1964F541E7E6,0.5161395129866013
CC_1965B62D7973,0.10007606127077844
CC_196D47CFCF9D,0.32985574072325435
CC_196E25BA62DF,0.16878987849223276
CC_196EEEEE1126,0.23052363380003915
CC_19702F70CB08,0.5149848042565791
CC_19729DCB10AC,0.7092631662756852
CC_197650EE73B4,0.24750219882518584
CC_19776B52A88A,0.11535852620732312
CC_197872381F3A,0.7419532260411292
CC_197D693D8B90,0.7903806504857823
CC_197E99BFDBC6,0.10488162428365903
CC_1980BFABDAA8,0.17290413766723917
CC_1980CB6EA740,0.2281601427674876
CC_198508A34CD2,0.04037024754402189
CC_19890CB2946C,0.2805793901977547
CC_198AF0286910,0.1603592732982091
CC_1992FCA287D7,0.05561404180683769
CC_199525A68429,0.7468165886353267
CC_199652AA7F57,0.6812131177086742
CC_19990844E995,0.13457850440158678
CC_199BC1766965,0.5314229888481743
CC_199EC9028A30,0.15141633202473642
CC_19A572959439,0.21010395963486808
CC_19A69CA72B71,0.2133863079461058
CC_19A92547B654,0.663076760849463
CC_19A95B80DF47,0.5733917386322834
CC_19AA09B0D092,0.6790018553842483
CC_19AB2A0D3CDB,0.08363360909223394
CC_19ABECA50DA5,0.07681954921017521
CC_19AE09DAA0A5,0.05934387050847649
CC_19B0492C9E4D,0.10692190775510016
CC_19B5F5CC68AD,0.12798030060720206
CC_19B694093372,0.41626119533211103
CC_19B7800215DB,0.04676446237109662
CC_19B7EFD2079F,0.13518967380689179
CC_19B9F002B564,0.616176877453207
CC_19BC31855A4D,0.13600149780099252
CC_19BEF65895DF,0.2210159329661105
CC_19C03AB9E718,0.16023170801311434
CC_19C3BA93974D,0.2125300264978784
CC_19C4150DC45A,0.6383351177537375
CC_19C4C0BA164B,0.08937552428892655
CC_19C5E7B45490,0.2149223360224794
CC_19C94A14E675,0.07276541630711107
CC_19C9D19187C5,0.26235443996518526
CC_19CB83CF5CFE,0.5266157381079859
CC_19CCE9B2E0DD,0.04008182539648518
CC_19D177487556,0.7485017184661411
CC_19D227D19A46,0.035203044265762456
CC_19D518F4E91E,0.07878555311159469
CC_19D6E65F6E34,0.10356878576100703
CC_19D6F436786C,0.19372742857107292
CC_19D8B10CE2DC,0.09364590371714299
CC_19D998A7AE01,0.13146907444689065
CC_19DAD7CC7D92,0.5633596345714194
CC_19E1F32DCD4A,0.05677326627622816
CC_19E40985D140,0.036786101349944936
CC_19E4A95AB559,0.0665861761688379
CC_19E57654200A,0.36215112674873795
CC_19E88B987F3D,0.23179030603537623
CC_19E8A7121582,0.6861781595865859
CC_19E9BCE7AF2F,0.18269552943548176
CC_19ED71F17BDB,0.1581421330847314
CC_19EE9D69DE4D,0.689199159395337
CC_19F62C6FDEFF,0.13034258477137012
CC_19F84E5485AC,0.2055908950561527
CC_19FAEC726A1E,0.08712340220122852
CC_19FBCD2236A6,0.10651204648832457
CC_19FFFA2F389B,0.284824011873228
CC_1A00C5172564,0.10713093705757404
CC_1A082A5E9F40,0.15247289775151482
CC_1A0A733E9AC1,0.3320652989924779
CC_1A0D69EDDD9A,0.41954339106163757
CC_1A0E77F720D1,0.07183301189506117
CC_1A0F71FDC5B5,0.07968256717849476
CC_1A0FDF12F73D,0.2466117752317681
CC_1A14F6FD6839,0.0605749231463019
CC_1A155FB2E32A,0.12932825188777147
CC_1A15B85CCE76,0.2108978056533978
CC_1A19554D7A5C,0.08564712154094811
CC_1A1ED6FA6023,0.17290265799103166
CC_1A21540487E4,0.16788834611044012
CC_1A229E1201B1,0.18589843302198952
CC_1A2442A96D38,0.7541402050565968
CC_1A27626F71B8,0.07585223521682795
CC_1A28CFB1ECC2,0.05438943929039493
CC_1A2A569AD8A9,0.15499780064201624
CC_1A30A3D9882B,0.2565429068872468
CC_1A321370649A,0.6584277394958393
CC_1A327A5DCBE3,0.04862062279179209
CC_1A339BD4EAFE,0.13593476963879705
CC_1A3537C42FB2,0.32877288457326054
CC_1A37C49DCD08,0.19865277821888677
CC_1A37D8304BA3,0.7920295173083298
CC_1A37DF2A8555,0.1981673581570115
CC_1A3814F151A6,0.18701434715445306
CC_1A395F80789D,0.1110904095138816
CC_1A39C62C1F81,0.1338738071919215
CC_1A3BB6A0EC59,0.2777676006436874
CC_1A3CB861C858,0.09386934531071721
CC_1A3DD09423E9,0.13805918337409634
CC_1A3E5853EB45,0.05490698264934204
CC_1A4532065915,0.6838698886169101
CC_1A4655E2CEE9,0.24833513231348636
CC_1A4C3F45967F,0.04291105221822028
CC_1A4C8C8CE3C2,0.27311977109581326
CC_1A4CB8B3A07E,0.1259717055062242
CC_1A4D35CA5B05,0.22362159886759522
CC_1A4F33E80088,0.14855414958104282
CC_1A5F2FE96588,0.1359870767451328
CC_1A60016724E8,0.13112342786575573
CC_1A6585F8D1B7,0.0731059604858945
CC_1A6C270755EF,0.20653805726694546
CC_1A6DF849A4D4,0.05610754600254557
CC_1A6E18CDE2B2,0.08732614722663262
CC_1A6E766DB8DB,0.08296385138513765
CC_1A74730D373A,0.31560048957259174
CC_1A76BCCFE926,0.7731736866857962
CC_1A7F79B4D71B,0.15679399673798572
CC_1A80F8F983EA,0.17330215609386768
CC_1A818ACAE7A1,0.13422950913437726
CC_1A81BBFCDABF,0.1245318664833526
CC_1A83FCF17BBB,0.04689390658487165
CC_1A8655A98772,0.28469439549502773
CC_1A87F541E6C1,0.10389695311597609
CC_1A8A3B12E637,0.14104283785054106
CC_1A8E7F2B9B30,0.08468918143559437
CC_1A9741A39120,0.15009240099401405
CC_1A975CCE258C,0.3752993310390277
CC_1AA01D0FC096,0.05049455372049744
CC_1AA3607A3595,0.7257964388346446
CC_1AA478B47975,0.20129724279386357
CC_1AAB5E683C38,0.3549481505092689
CC_1AAFD4A3C343,0.12188385133589649
CC_1AB2A03E7293,0.1081622410969691
CC_1AB2BE482BA6,0.2528156774942232
CC_1AB541744EC8,0.09922197183282705
CC_1AB5C10B182A,0.644597534927597
CC_1AB7222325D3,0.6340653018180931
CC_1AB9733B7D15,0.5274381041685456
CC_1ABAC70A45D7,0.14439911105821318
CC_1ABADE99C4D9,0.21688902020358802
CC_1ABB1B657CEF,0.2023151884333151
CC_1AC042FBB2CE,0.7558707467083928
CC_1AC1BACC7048,0.058910584551880175
CC_1AC28CC264DB,0.16596528084265907
CC_1AC7CDEFAA29,0.5711738850703174
CC_1ACB5CBA5DD7,0.19923322994909282
CC_1ACF4A50A518,0.07849155963405174
CC_1AD1251BCEEA,0.18155211422607426
CC_1AD1FCB402D5,0.1523763785018664
CC_1AD3009DF349,0.2137635306158466
CC_1AD560D0207E,0.14340864193956165
CC_1AD7258DB0BA,0.1557464008569514
CC_1AD90D6BD8CE,0.5669897218814367
CC_1AEA3B5C9C22,0.16543800642707931
CC_1AEB8B8BA3A1,0.07461194104489885
CC_1AEBCC6D05ED,0.09944416346021105
CC_1AEE1FBDE3BE,0.1634848646212915
CC_1AEEF4407871,0.16495986139997817
CC_1AEFB16FC4F3,0.22174893041504068
CC_1AF286009C42,0.7146256953924696
CC_1AF2E34ECA49,0.0699156825462905
CC_1AF3050772E3,0.10289215309221762
CC_1AF5AFB8B96D,0.1707801684987254
CC_1AF6C6526D8B,0.13238292045004746
CC_1AF9DBF012A7,0.14849939660888323
CC_1B04FD2B0280,0.06485646534632722
CC_1B0974469CBE,0.10561754591541628
CC_1B127DB9A215,0.6693232615767697
CC_1B13477CEE1A,0.6069406939743748
CC_1B13CDD1396A,0.07288106386102718
CC_1B17F295EAD2,0.16305271065951213
CC_1B1BD4A6C87D,0.10688992162175708
CC_1B1F445D0EDF,0.24093031710556762
CC_1B22D7B69AA7,0.18619754567770047
CC_1B268DB2154D,0.2103561002236392
CC_1B2F05DBDA17,0.1495045941463428
CC_1B2FE79E1A8B,0.5295094314490119
CC_1B30BDAB93A8,0.16183786215008827
CC_1B30E4FE38F9,0.13252604189439238
CC_1B323878CA09,0.5507002190861312
CC_1B3636E27BC9,0.10646015111627874
CC_1B378328B60A,0.13807875628643645
CC_1B384762E333,0.15929297573464912
CC_1B38B2E06884,0.06675368744733898
CC_1B3DD9F84C03,0.22933792832000272
CC_1B413C6DD25A,0.17730821886527212
CC_1B42056A8516,0.770487824974445
CC_1B425FC7CA76,0.23499007880446143
CC_1B4535794A2E,0.175022948459682
CC_1B463542895D,0.11163186448148517
CC_1B47A8ECDC57,0.109349307641077
CC_1B48B416A9CB,0.10919640078137752
CC_1B4A4FE210A1,0.07484154225328665
CC_1B4A7DBF169E,0.09518486221685322
CC_1B4BE3C64DCF,0.1263009090037156
CC_1B4DA480F7E1,0.20464761684838767
CC_1B4F584028D7,0.07426449325485102
CC_1B568727E99C,0.06436344532033424
CC_1B5794AF5C2F,0.14111310944823835
CC_1B6862AC0435,0.11158337486987531
CC_1B695110CF89,0.10677393352653053
CC_1B6A856AC22C,0.11978379567156046
CC_1B6AADFAAE15,0.14327497188512833
CC_1B6CE934C040,0.23015555651128644
CC_1B6D0D356C2A,0.1421875629045472
CC_1B6EBAA837D7,0.1371907494354236
CC_1B722BCA9A0F,0.7694671660461245
CC_1B769D8D3C93,0.1345475509523108
CC_1B7A6D84C360,0.10519752005581524
CC_1B7AD26997BF,0.06993238308041047
CC_1B7ADDC8C3DE,0.8266770806977434
CC_1B7F1C614873,0.2812864093665372
CC_1B835A381DD4,0.38167892891205335
CC_1B846908040A,0.05836271857485971
CC_1B85631B1B85,0.27239587808274784
CC_1B86DB009EC5,0.19332436034408468
CC_1B8B73228B49,0.15187250844396666
CC_1B90A730E2E7,0.6027714768070531
CC_1B92A804231B,0.4342064647783289
CC_1B96D8A25FEF,0.19924236394511077
CC_1B9AD019D70E,0.21865552112498965
CC_1B9E47550A76,0.07957819552603443
CC_1B9F3FD1DCC3,0.7691949864321161
CC_1BA222D37C26,0.1273548120304827
CC_1BA2A29E4099,0.07316676503946253
CC_1BA612C5D39D,0.39841286358194294
CC_1BA637DC935A,0.04519309189918923
CC_1BA66F88C2BA,0.3320729957223417
CC_1BA858969003,0.05598398810375227
CC_1BAD0EDDDABA,0.2934193177330733
CC_1BAD5E25B4A6,0.1468039389690005
CC_1BAE0B0129B7,0.0586116386765384
CC_1BB0FD0704CC,0.10457620958062908
CC_1BB30873D598,0.10498936455238592
CC_1BB3AB7778FD,0.08512768200767376
CC_1BB64A789734,0.29503983851094884
CC_1BB88A31A302,0.1941299191468378
CC_1BB8E65BDB1D,0.19288766773163035
CC_1BC199896CE6,0.06492815238693603
CC_1BC1BFC055D7,0.04870318915987823
CC_1BC7927C384D,0.6165304277182011
CC_1BCFD6400922,0.1852149131467058
CC_1BCFDAABBD5A,0.206924983801753
CC_1BD0D966EABF,0.08723164168289642
CC_1BD1CBB5F6B6,0.4254427238339441
CC_1BD230EEDEE1,0.09964987117476147
CC_1BD29429A8BA,0.3621608429765061
CC_1BD6A6415128,0.6477648266657425
CC_1BD8C067AC00,0.09294082171740128
CC_1BE17818B073,0.15501158574683238
CC_1BE9AD4129A7,0.1780790591512796
CC_1BF52E3D356E,0.17612603805174432
CC_1BFA9894914A,0.08363913667470355
CC_1BFCECB55762,0.17643792852695786
CC_1BFD67B0F3EB,0.11813290278010233
CC_1C016356ADF8,0.06541563117445041
CC_1C0169FCC6D8,0.12541956634286633
CC_1C04BACB4AA0,0.13955323533282166
CC_1C0E6587E3D0,0.2699269715347229
CC_1C12FAA2B9DE,0.13777620277546365
CC_1C142DF36125,0.09548234967582073
CC_1C14CB6FC1EB,0.06461325444294608
CC_1C150063B6A2,0.16705676264141006
CC_1C1627043062,0.19850485833034606
CC_1C19AEAD7B89,0.19499611779648146
CC_1C232A60EC54,0.7712138186051634
CC_1C29F3B91939,0.047063061683251174
CC_1C2FD2977E7D,0.07224950058770488
CC_1C2FE73AA7C7,0.08241826765506645
CC_1C33E54AB478,0.17920542471076242
CC_1C38241C0879,0.2273796599767098
CC_1C38D5C69825,0.6278361684025927
CC_1C3D0DEB54AE,0.0823439910266887
CC_1C3D3D5E53D5,0.18993716108601805
CC_1C45A75657AC,0.40204072688118914
CC_1C4645874705,0.2322672502623872
CC_1C467B0A856A,0.1329957220823021
CC_1C47CB284724,0.3293714212132668
CC_1C48FAAE9DBA,0.5377094130279337
CC_1C498EEA29A3,0.28122055350284564
CC_1C49DBD4DE22,0.12961331685163352
CC_1C4D52A9781B,0.05009157996654269
CC_1C4E81F63954,0.18523768569950788
CC_1C5201138AB8,0.07147084850504609
CC_1C55455A28E9,0.061905008413236096
CC_1C5D53BA1D5D,0.425474284204887
CC_1C5DCE83EF8B,0.19588232081268636
CC_1C5E4AB957B1,0.1290561542164271
CC_1C5EF260F105,0.05355038306391117
CC_1C648EB2BDFE,0.04512816388473346
CC_1C693DC59C67,0.3604536289991112
CC_1C699D6061FF,0.24131330823158498
CC_1C6CB44F621F,0.12843453562572324
CC_1C711833A2CE,0.26351407439911456
CC_1C71475ADF47,0.04802980114408852
CC_1C71F8A0D7DA,0.4061248341622631
CC_1C726E01A768,0.09091843130921011
CC_1C74128FB540,0.12923967016777826
CC_1C750887B0FA,0.08869553512080956
CC_1C7598ADAC2B,0.06662421014000015
CC_1C77F22D252A,0.12958777232074134
CC_1C785B7D692C,0.4660138004215456
CC_1C7968C9CBF6,0.2787127935523115
CC_1C7A7F35636A,0.14712107068903235
CC_1C7B7D263071,0.46176969582306204
CC_1C7CFB9C25CC,0.06747445711778574
CC_1C7F040309D5,0.17712485006539505
CC_1C803EF71320,0.39812135049228314
CC_1C8788FEAB14,0.09812941721237928
CC_1C923ABC4A40,0.30123331151405186
CC_1C927DBF5664,0.33069572060051683
CC_1C968B940C27,0.37120403792484213
CC_1C97C4D04EE7,0.38462527090481574
CC_1CA75BDAB19B,0.08452619144824972
CC_1CB0F472D3E3,0.12765358598052495
CC_1CB1ABE71447,0.12400901233637107
CC_1CB640F04905,0.6696704918834653
CC_1CB9CC14D541,0.06799640551311559
CC_1CBDA6932297,0.05677396321996965
CC_1CC02E6B2BC0,0.135434901552613
CC_1CC05ED757CF,0.13135702359318913
CC_1CC1688EF86F,0.07043797000018062
CC_1CC24CCD8EA6,0.06671780642594517
CC_1CC31FC9F17E,0.15164400075332532
CC_1CC3724C6A73,0.17193633287644236
CC_1CC6FE2943F5,0.039411776005324015
CC_1CC955DF4261,0.6714585075320108
CC_1CCC6521B703,0.05676108992973333
CC_1CCDB066409A,0.321939064990872
CC_1CCE5774C4C3,0.06412287379756716
CC_1CD04E1A9A19,0.1136751162065958
CC_1CD1955096B6,0.04925325352654865
CC_1CD484908C24,0.07444177944431823
CC_1CD58E605B6A,0.09594650122266932
CC_1CD782D4E88C,0.6109880850547184
CC_1CDD67E741A8,0.14522268894935356
CC_1CDE2D8DA412,0.07769794849111124
CC_1CE15C1420C9,0.41798400304451055
CC_1CE21D890D14,0.251221295504508
CC_1CE3018B8C4A,0.0601166800794742
CC_1CE3C07F7287,0.17827776436854031
CC_1CE710C3EDB3,0.24768665895765912
CC_1CE7F1BC2490,0.06344172063363464
CC_1CE94D699AC4,0.16657739070156535
CC_1CE968B29D10,0.17617432904614172
CC_1CED28E9E20C,0.10327116020096068
CC_1CEF5BB9E012,0.10902507624261945
CC_1CF39E31CC06,0.4746449390824523
CC_1CF3D6C5549C,0.6500846553884359
CC_1CFAA25E3CC3,0.6724592553939558
CC_1CFAB816C524,0.07098980006743136
CC_1CFBF4621147,0.18299426021711446
CC_1CFD3C8EAE56,0.23025737038781902
CC_1D036D48AC84,0.15755487966701462
CC_1D0403EB76DE,0.1611613675564592
CC_1D0CCCD3B459,0.06118504555467087
CC_1D1004C36A9B,0.7219499439649428
CC_1D105FFF04C6,0.0603700880950014
CC_1D1206457A72,0.05105362588753294
CC_1D14F52EB1D8,0.13565528130566323
CC_1D18C4F1B7E2,0.18588212102385862
CC_1D1A2CB32C58,0.2545079515798192
CC_1D1B1409BFA5,0.04505505893489153
CC_1D1D14F1F3BC,0.2698572923618737
CC_1D1E836A1BAD,0.09448415793724747
CC_1D1EAABD0A63,0.08015891079089739
CC_1D21349FBB77,0.05183739405678193
CC_1D23C697E3C6,0.04256124535940624
CC_1D352DB4EA39,0.3417333980493961
CC_1D373F122292,0.03430447242050594
CC_1D37F7CFF4EC,0.13368508994236278
CC_1D387E4ACF08,0.0759245795624048
CC_1D3F692CD3BC,0.17623628602252925
CC_1D407FE368F7,0.5963624985902033
CC_1D43D00A839A,0.05370888255587303
CC_1D44240E3D65,0.07399459372875321
CC_1D46114660FD,0.11494243466026913
CC_1D4616E35636,0.6566690769571734
CC_1D4B5C026CDE,0.809225002184019
CC_1D4E2B4265A1,0.05128138416146487
CC_1D4EFF51B62E,0.04418698185849081
CC_1D4FE8935550,0.12743985368255678
CC_1D511179C7B8,0.10366441314530497
CC_1D5300A74CDF,0.12244142407218517
CC_1D54348DD64A,0.12973447737746316
CC_1D55F1A20186,0.7096746774958745
CC_1D5A2B7C949A,0.04074429356259214
CC_1D5C4175E1EC,0.0668062003524936
CC_1D634E45B711,0.6364912568059039
CC_1D66C464D3C5,0.6863585761794687
CC_1D6C0CB5A912,0.044220056879652345
CC_1D706DB9372A,0.13609768205845546
CC_1D70D9F366ED,0.07166451621806866
CC_1D748F14D8DC,0.10063438029683303
CC_1D750B7BDBC0,0.7145971789006914
CC_1D7A0254D9BC,0.12897434998213306
CC_1D7BB18CCB0E,0.7162736450853777
CC_1D7C63A1B30B,0.6386475167050352
CC_1D7D2DA61007,0.7409518918833441
CC_1D7D635F85DA,0.1905677248435353
CC_1D7EBDCD6664,0.4163516902690868
CC_1D7F3F0425E5,0.17417284994191373
CC_1D8739DCE2DF,0.08122798108981238
CC_1D8B8D927F9D,0.06556292268558025
CC_1D8CDF8395D9,0.3477271871966145
CC_1D8F0E48DE0F,0.0647380909060383
CC_1D93427FA492,0.11190675362496698
CC_1D953F67D7E7,0.10603374062138064
CC_1D95D3BFED21,0.10020333773931447
CC_1D9A5DFA8A67,0.15082740130929942
CC_1D9ADEF0082B,0.20581819466965173
CC_1D9AE24E86D2,0.09208405480033986
CC_1D9DBCE66B8E,0.6971392637958582
CC_1D9DD0D68440,0.052416567010056404
CC_1D9FD8410D50,0.12310246442733146
CC_1DA16283D8B8,0.08011209025357897
CC_1DA42218836B,0.05449631118874748
CC_1DA524CA3694,0.18622938428500568
CC_1DA68D6D714C,0.3042761133662639
CC_1DAA787C3141,0.13633860267770084
CC_1DABA317BDC8,0.20342567051488944
CC_1DAC4A52F0DF,0.1337333497827409
CC_1DB039FB4B48,0.08382644154503399
CC_1DB10E053F44,0.15597447360468475
CC_1DB13AECCA12,0.12844950032935504
CC_1DB1848BD5DB,0.1051731549648565
CC_1DB22C2AA2EA,0.07556600244938816
CC_1DB3B9138C36,0.7415984207029557
CC_1DB3F481708F,0.04079811127566065
CC_1DB5708714DC,0.039575800601657773
CC_1DB9E13DC43D,0.20500498723962016
CC_1DC02C3F3709,0.5491940329594447
CC_1DC1F2138AC7,0.07816808369063295
CC_1DC25DB67146,0.08423775528613402
CC_1DC6B579623B,0.09080802243272129
CC_1DC9FC153C88,0.23841775962434159
CC_1DCA2E01452C,0.1616591621041356
CC_1DCD4E3872B1,0.4084132435949944
CC_1DD4D10355DA,0.1907239641109142
CC_1DD99731DC9A,0.08685703620958454
CC_1DD9AB375289,0.1426920863872571
CC_1DDA9C8B0BEB,0.05827247531917418
CC_1DDB1B3F56E5,0.12236133220904861
CC_1DDC5C8B90A1,0.0666567429800064
CC_1DE868463EE2,0.10605729342030104
CC_1DE96AACCA07,0.04689022534121062
CC_1DEC251037C4,0.07555534898703145
CC_1DED2B19B84A,0.28399295918181455
CC_1DF38CFD45EC,0.1513718032094674
CC_1DF43A4F53FA,0.13946172451614874
CC_1DF49A358390,0.19776431182004423
CC_1DF629D5FB45,0.21900603358059803
CC_1DFC79E4B025,0.04519465269962833
CC_1E09EC255525,0.1338179027238739
CC_1E0A10C84B02,0.15445552468838625
CC_1E0BB8D9AEDC,0.06606954600335399
CC_1E0D4B42B5BE,0.04892978715612323
CC_1E0DF34EEB9A,0.26977475730063644
CC_1E0FD8D67C2C,0.1597004229181353
CC_1E1319C33263,0.3553426643195873
CC_1E147AD49AC2,0.7154042867214596
CC_1E1563775447,0.4256824428779617
CC_1E15E789530D,0.06343534485066887
CC_1E193B1E4F73,0.17656229031738427
CC_1E1A7F3990E1,0.10446713750490029
CC_1E25053EA6C0,0.236225405345836
CC_1E2807FE382F,0.55938305495342
CC_1E28B8BF4E7D,0.21012661501335
CC_1E3139CFD4E6,0.0574425562693211
CC_1E3344F5961E,0.11675211087498508
CC_1E37B7DF9AA1,0.5093086434553469
CC_1E38A8428345,0.09511363444514831
CC_1E3D47C998B0,0.6570046312366067
CC_1E3E913D3F6B,0.11429816711807658
CC_1E407FC46083,0.18311879242651846
CC_1E434148148A,0.09706491989621045
CC_1E437F2441EB,0.22580399884854513
CC_1E47AC0BF7A8,0.3992493793796547
CC_1E4CE5C0304F,0.3273442285895638
CC_1E4E51663CEA,0.05940929594732484
CC_1E4FD79B23FD,0.15854542746960423
CC_1E557BAD34EB,0.7604488558068235
CC_1E5AF197EDD2,0.15946510602281
CC_1E5C9A7E1C5F,0.18110407398485834
CC_1E5F1A391B5E,0.28863030413671936
CC_1E6123D8681F,0.1660152728670831
CC_1E61A3F050D8,0.3071700256596141
CC_1E6295101525,0.0858747323175148
CC_1E65FA977578,0.09857649977320673
CC_1E67D2F178ED,0.17568149279788764
CC_1E689D3FB63A,0.3275560000943561
CC_1E6B983E8BBB,0.06477716378277033
CC_1E6D91C8A738,0.7663657099893394
CC_1E6EFDF16442,0.7843808569362145
CC_1E72406B5D4A,0.5264665625487222
CC_1E73573DD99E,0.7342165175505613
CC_1E7DA7CA5D1D,0.21777645500389192
CC_1E7F2BE48184,0.2188788868519766
CC_1E806FAFA344,0.09959278902268136
CC_1E808AD36DB7,0.4965471016359732
CC_1E80B20DC38F,0.044487433056633253
CC_1E813510217F,0.12645282870899704
CC_1E82E6604B6A,0.10891938457169703
CC_1E85811D458A,0.5454774531771573
CC_1E8685B6E519,0.21928469085685917
CC_1E8A54431BE9,0.23270821792644508
CC_1E8AD307DB07,0.2850838122225176
CC_1E8D1639DDA6,0.10386337080326431
CC_1E926941D88C,0.19097209433132056
CC_1E9275410F48,0.06990372660230114
CC_1E93645AF89B,0.16876842527645136
CC_1E93B9573B12,0.08921957160418889
CC_1E95FC262FAE,0.09130188189701018
CC_1E9C3AD36E86,0.06370851897205743
CC_1E9F9C201555,0.038894056038933436
CC_1EA93A002EF1,0.3102141968326937
CC_1EAB6A01C7CF,0.14895288030021064
CC_1EAD91974876,0.1406677669277252
CC_1EAFF0DA3CBF,0.6425619412036474
CC_1EB6D069D939,0.11949919729110778
CC_1EBAA8FCC27C,0.08334697877282696
CC_1EBC79B8BEA6,0.09626838389305128
CC_1EC32911B378,0.20922377838337272
CC_1EC418951EBA,0.2720808563598857
CC_1ECCA97D8C88,0.045858644592087855
CC_1ED067600D1D,0.10919858461103397
CC_1ED0B593EBC3,0.08500587784614869
CC_1ED3534362AC,0.12220314362124038
CC_1EDAFDD3ADFF,0.11215906513213156
CC_1EDFD1A3E2F4,0.12903691638286321
CC_1EE243950A56,0.11727660836905943
CC_1EE58509238F,0.15595879382774963
CC_1EE80EBCE992,0.3212455245137975
CC_1EECF367D8A2,0.09564563693796095
CC_1EF278ECBC1E,0.197166653236495
CC_1EF50597EDDF,0.32265781527564064
CC_1EF65D591A9F,0.3195430682169913
CC_1EF7190D0507,0.12000864726352374
CC_1EF9A1E02505,0.17415973864596113
CC_1EFD12935CAB,0.06969956665989777
CC_1EFF2FE7356F,0.49079246225691175
CC_1F02F0D99D56,0.09911813565975512
CC_1F05008C630B,0.04564417622256435
CC_1F0627CDC5F6,0.6744281810441242
CC_1F0E9076D5A1,0.11026266586776053
CC_1F10F2A71CBA,0.4759254959254965
CC_1F125DEF3CA6,0.1953995202200031
CC_1F13A20A085E,0.08736625724006122
CC_1F1409EB933A,0.48117445335755404
CC_1F149F24400D,0.14168766824576545
CC_1F1EA99CDBAD,0.4261540332707378
CC_1F1EEE7C60CC,0.125899777631281
CC_1F20615C8B10,0.11181536468316482
CC_1F2282F5E1F4,0.2096229941936511
CC_1F29D0D50AC5,0.061623287965504224
CC_1F2CBC0CAB9C,0.058885563502486735
CC_1F2E1F86776A,0.061383720675038764
CC_1F2FCBDF6C9D,0.050044479665840226
CC_1F31B43978DB,0.2356416682453351
CC_1F320C1EA775,0.09062735825668332
CC_1F32803A8234,0.19940232889522605
CC_1F34BC9CECE7,0.08213952822303386
CC_1F3AC04E1E2B,0.07954736928010304
CC_1F3BD7D676E0,0.05654448453159163
CC_1F3DABD38A88,0.14877825261647576
CC_1F3DAD24490F,0.0754841364963413
CC_1F3FE5B0C9F4,0.18660127991878078
CC_1F4FE890B9C5,0.11795238571638889
CC_1F5104DDB35A,0.15040804165349764
CC_1F5591A8FA36,0.08525845417963514
CC_1F59C5440ED5,0.13513341290863254
CC_1F5AC0E2FD12,0.14363143115436555
CC_1F5AD1253061,0.12791590031101782
CC_1F5BB3599FBA,0.09455259492285902
CC_1F5CAF3540B2,0.2295046983290745
CC_1F5CE5DD38B6,0.36881813893851184
CC_1F5DD044DE88,0.057190953127273
CC_1F5FFA5C92EC,0.05951846388187374
CC_1F6D542ED5E8,0.10963519861407171
CC_1F767493A6A2,0.1281628154383614
CC_1F77F9C9362D,0.15325702725124907
CC_1F7B619D5B4F,0.052725461644034244
CC_1F7E78540FFB,0.15151213570928793
CC_1F8217E9944D,0.19245217130139886
CC_1F8476D620F0,0.04527894711824935
CC_1F85F7109574,0.14669158733633395
CC_1F8A1B7DCDFE,0.13305240964907245
CC_1F8D339D00F9,0.054624562625252046
CC_1F8D43E83127,0.0395202856622137
CC_1F8DE772840D,0.06608450612176488
CC_1F8FEC34A35E,0.08241860943087173
CC_1F917CF161A5,0.7660776287460005
CC_1F92C1B2AF36,0.09435843922909629
CC_1F9490050C3D,0.4139008656969027
CC_1F962DF932F6,0.06051279346066245
CC_1F9846333ED9,0.19391702726188387
CC_1F987A174E09,0.05216130734154868
CC_1F99161DD3B3,0.05902895263206463
CC_1F9C08A298EC,0.1174384797548556
CC_1F9F9D8F0DD9,0.1905502799346624
CC_1F9FAD0B9203,0.09046949296216625
CC_1FA2F2F2B3A0,0.516117937742328
CC_1FA3E8AC2541,0.3447359525056378
CC_1FA8DA3407FC,0.07621205228848289
CC_1FA955880003,0.11821840735268352
CC_1FAB80D863C5,0.10028933323777411
CC_1FABEA2A58D2,0.7137272354533242
CC_1FAFA931DB26,0.11361108587792634
CC_1FAFE3FE0C60,0.1829415628464709
CC_1FB1F1B80F73,0.04690548927695196
CC_1FB3725D2DD8,0.7635679543059568
CC_1FB3920ED9D5,0.09238732762169673
CC_1FB797C72F4C,0.2961400058634987
CC_1FB7DC324B94,0.12128126379353243
CC_1FB8192057C2,0.10522991141608606
CC_1FB89F59EDD7,0.22691520155217854
CC_1FB9321E859C,0.06439932049814771
CC_1FBD050A2F39,0.11915693729147762
CC_1FBDF2579162,0.04969119071533276
CC_1FC7125949E2,0.10764746240498764
CC_1FCB0FC5F00A,0.1383653955386435
CC_1FD0368A2FFB,0.20498744734305624
CC_1FD5AC7FC5A5,0.03688544959893393
CC_1FD616389FA1,0.041685738982039464
CC_1FD781CACEC3,0.15208874782730958
CC_1FD7E0D834DD,0.06218347062429739
CC_1FDAC10C295A,0.05216837401263352
CC_1FDB151460FB,0.46603133746275116
CC_1FDE6C0676DC,0.10200892531467323
CC_1FDF20B0FAD4,0.1419222472279375
CC_1FE1E8319E6B,0.17558630503901235
CC_1FE4E5750A66,0.1525057458776335
CC_1FE8C2CADEAC,0.20274754331170852
CC_1FE92B0D645A,0.06946765140585194
CC_1FE968215AEA,0.647709701768681
CC_1FE99D0E97F5,0.1255216616081146
CC_1FEA6E1495F8,0.10834697278288874
CC_1FEB4570D7F1,0.4871415736816549
CC_1FEF5F2CDEC3,0.10766270355287617
CC_1FF076F0467E,0.1961632628005804
CC_1FF292C75CEC,0.8311165734580601
CC_1FF31863DCE1,0.5347249043884356
CC_1FF4FFD4CDBC,0.14919876069368881
CC_1FFBE04350DF,0.14371148263949243
CC_1FFD95DFC8E9,0.16596025620319999
CC_1FFE0E84D36A,0.16295609774683273
CC_1FFE714FBD2C,0.3230612925197912
CC_200032C54822,0.1368288180450906
CC_20019BC8FE80,0.08620011969747071
CC_2008DF550109,0.1013176016807662
CC_20099356CE1F,0.09725264763152716
CC_200D84BC64D8,0.05325020554603036
CC_200EF2088D3D,0.15178095746184786
CC_200F3BBE385C,0.12923017008793475
CC_2014DB713299,0.08272842215859283
CC_2017EB7EA158,0.05220106001339251
CC_201DF9E6B716,0.05276301490713318
CC_202271FA045F,0.42551604305874424
CC_2023AF0ABF64,0.23802502432307265
CC_2026A3E3C1BE,0.1207211656129447
CC_2028BCB30486,0.039553945723859875
CC_2028BDCE02E2,0.1269931142643785
CC_2028DD9EC4B2,0.09560940717875147
CC_202C46691B4C,0.12125553766486914
CC_202ECAB5E84B,0.21324543603207963
CC_20303CC1E1F8,0.13042767710507278
CC_2031148E8CA1,0.18273835053222626
CC_20378CA3C370,0.10716418528807488
CC_203A83262DDD,0.12650429796655152
CC_20409D70102E,0.04851964755326977
CC_2041C9E487C3,0.11498028442980912
CC_204A49EEC5D9,0.0762436243830257
CC_204B66ECD9A7,0.18827755639642058
CC_204B8B819330,0.116500671937666
CC_204BE6BFD249,0.08104834401622293
CC_2057AD62988E,0.16304768811869036
CC_205B58F43C8C,0.10060652029837405
CC_205C1A2DE4D8,0.2213190728438438
CC_205DA36FD8D6,0.05280649439107428
CC_205E92D88AAE,0.09782731372473255
CC_205FB9359E63,0.3456599274618288
CC_205FE05E1292,0.7747863131378802
CC_2062A498D749,0.3238181141811304
CC_20630566D53E,0.740077169700955
CC_2063E0E306C5,0.7243641299415466
CC_2064B7328F7B,0.16356511850678396
CC_206652B1A41C,0.13514247609741653
CC_20669136053A,0.11530279475049428
CC_2068E5F2D8B2,0.12893713606511772
CC_206EBE676C8C,0.6452991192843036
CC_206F97C70905,0.1945487129567393
CC_20721922173C,0.15417184532769113
CC_20764086BF21,0.07788188980095527
CC_20780D975D9A,0.3241416001657332
CC_2079F44E7E55,0.07970411735168466
CC_207B338F0553,0.18263349645175037
CC_207E090B1906,0.05403503622389383
CC_20807031E815,0.06572613298493453
CC_20838473746C,0.11455116848212747
CC_20891E5B3E3D,0.10419065366816224
CC_208955DF9998,0.1435556333717513
CC_2089DCD66FAF,0.06278322525091055
CC_208C54728372,0.1355308817704916
CC_208CC01F03EA,0.049743817197164815
CC_208E10957E07,0.06700571078124534
CC_208ECBDFA861,0.15028242209989567
CC_2094211C837E,0.4033768051957775
CC_209A6A3504F1,0.1857352448736096
CC_209DB4316B07,0.07060389737641162
CC_209DFC9AD1D0,0.10105256732830989
CC_209FBC9C01E3,0.11975057243047063
CC_20A3937D5C27,0.3119087060289828
CC_20A7C39942DD,0.11970225945834759
CC_20A7CEB6C06D,0.11200308834438928
CC_20A81A33F0CE,0.1131995566838484
CC_20A82C27D7CD,0.25305069346537434
CC_20A937AA66AD,0.13675338355738628
CC_20A9DD565105,0.4624775018659674
CC_20AF6B29EB50,0.05316894580782592
CC_20B68F536BCD,0.14905786955258468
CC_20B9BBCB44F8,0.38534158125937545
CC_20BB38933A1E,0.33076146443723775
CC_20BC64C53D32,0.04757833983688071
CC_20BD1AB1A5C0,0.09830417718867057
CC_20C5B222E13F,0.14527120996925164
CC_20C6424F9F29,0.09584744441341704
CC_20C81144A8B9,0.13643757140606058
CC_20CC3AC49BAE,0.26364094644295627
CC_20CDF4280350,0.11337597167753044
CC_20D0863B2D98,0.06914910426885557
CC_20D31679748B,0.15992398594982016
CC_20D52A0D8C45,0.132714090239256
CC_20D55E5D2E23,0.4618364265092791
CC_20DCA7201985,0.0781070608608627
CC_20E9A35E2A3C,0.1385694444448356
CC_20EBDF15BEDC,0.7577411907780229
CC_20EC737AA677,0.31725661804118144
CC_20ED65E842C2,0.73927134051304
CC_20EEAA6337A9,0.10101332002546552
CC_20EEE4DC1CA3,0.03784239460268166
CC_20F1EF98C18A,0.32147743871039225
CC_20F278DD6E93,0.20729590749365717
CC_20F5392A5A43,0.20765831735500767
CC_20F53E719796,0.10138879322373222
CC_20F5A5512CB3,0.06798248890726521
CC_20F8FCCE1271,0.05725982350799774
CC_20FB74800048,0.06425221781467273
CC_20FC0CA55216,0.10697137478416466
CC_20FD5BD6BF94,0.059617483123020634
CC_20FDF7D6ADCD,0.10516116645618215
CC_20FF7A58F2BA,0.10682510063998851
CC_2103EB67FBE1,0.46276675287737623
CC_2107826FF69A,0.09453614377033212
CC_210D680D34D8,0.1015178602911482
CC_210E413FB570,0.24142778148324648
CC_210E61930CEA,0.14926236016720665
CC_210ED3E18ECD,0.09642681601195016
CC_2110C6A03D5B,0.3963822887140692
CC_21180ECF44C8,0.06763163584501546
CC_2118101018F2,0.0517200358194201
CC_2118A787AD98,0.6077036430838286
CC_211D25A5026D,0.12250325178646086
CC_2122AFAAF6BF,0.045354284971871224
CC_21251EACBABC,0.28583591257350854
CC_21264740E8AA,0.14880063839389052
CC_212850705C79,0.18445850201548356
CC_21288F20AB5C,0.08094251262639121
CC_212AC06C4124,0.07645063466595195
CC_212EF0198A98,0.04545184152228943
CC_212F0F692558,0.11121418868558006
CC_212F29739D3A,0.22254674029098326
CC_2131E03A042B,0.04287378461850611
CC_21324F188B33,0.16423652940662073
CC_2137EC819214,0.5518811359137362
CC_213AE4C7862C,0.1813087469031694
CC_213EFAA494B8,0.424150850166651
CC_214312AE40D7,0.13128389328612297
CC_2143E4A4204E,0.21733124503102777
CC_2144853CCB49,0.19749258905629202
CC_21454CC601DF,0.05496609558207759
CC_2148AA887D2A,0.12169775709857097
CC_2149B7281185,0.07065067606313598
CC_214B722F696C,0.057136626382290966
CC_214DB932FE6A,0.23733234065028133
CC_214FA8638337,0.22047785105499346
CC_214FE751427E,0.08354681553818721
CC_21500B512B05,0.047923347589958164
CC_2152AACD0C46,0.1009546728776782
CC_2155AF9779AF,0.10782514652509008
CC_2156A617F0CB,0.078924058751592
CC_2156B4F4B46F,0.07971650462266774
CC_2157678F4B81,0.7118152061061733
CC_2159E74C0CBA,0.15467549217914262
CC_215BD55D5B15,0.10759945921330269
CC_2163123B26E7,0.08690162569104985
CC_2163CC007344,0.3387001231317742
CC_2164687A4160,0.08773445746492556
CC_216B1FCCF4DC,0.5802019703130419
CC_216B785BAD1D,0.06547470866341919
CC_217039EC9749,0.13803724097796916
CC_2170D755211F,0.26966565980310964
CC_21711D263CE9,0.7079824396775694
CC_21726471C375,0.08017545034373609
CC_217282C45B59,0.3371795173686801
CC_21728C314286,0.40580369186057635
CC_21733FBFBDBE,0.0921840991242333
CC_21780BC92080,0.28981846228105557
CC_2179A9EDE528,0.690902345576337
CC_217AB78E7236,0.08325506129656972
CC_217B65E406C7,0.1969159426086912
CC_217CC63BAA6C,0.10744712436435058
CC_21838C358A6C,0.045150193335773255
CC_21851636675A,0.050949189746719525
CC_21855559D132,0.11080508526801536
CC_218DC9395EF2,0.15552558141661374
CC_219269B49CB3,0.1170429590897238
CC_21926F47C351,0.09665116634412432
CC_2195CE065C66,0.33656300292197844
CC_21965020AD4A,0.04925453844398849
CC_219AC744A11E,0.6298216100447258
CC_219C9D7DF815,0.07926400949530907
CC_219CE7495255,0.08175651720872315
CC_219DED6350D0,0.19169359901405664
CC_21A3351FE1AE,0.18545742039780305
CC_21A546DEC374,0.16506365259620073
CC_21A5D239CDE9,0.07764756518791845
CC_21A6D9D4FDB1,0.04385205953570756
CC_21A89649CCF5,0.41274125296115616
CC_21A896B80CFE,0.05158561946088721
CC_21AA779A5D8A,0.05986119278315699
CC_21ADE6707187,0.12978520745804492
CC_21B13505C938,0.05709433198867756
CC_21B3ED21813C,0.05226702018831075
CC_21B653FB16D2,0.14280426324406487
CC_21B6CCC1C3B6,0.4488927930817779
CC_21B724D175D1,0.23682328800647628
CC_21B7A75D167B,0.09876033801257227
CC_21BD0D18BE4A,0.055600394238934404
CC_21BDD0B68B24,0.111560314522765
CC_21BEB9EDB6D1,0.17078216935694754
CC_21BF36354D49,0.12573039237689143
CC_21C22724E6EA,0.10333211006853686
CC_21C48EB3B38A,0.15375679414555615
CC_21C7131815A0,0.1610466292463278
CC_21C767821C93,0.06652297374685406
CC_21CA7422A9CB,0.05152918428777966
CC_21CC7E487903,0.1259260211207766
CC_21CD80E44241,0.753380373469135
CC_21CDA245627F,0.3185447103879537
CC_21D04C22164F,0.7215675243907556
CC_21D53BB53093,0.05204901634438499
CC_21D6A8F9A98F,0.32343359699458063
CC_21D7D9A19BD3,0.7369864997825604
CC_21D86BEBCE33,0.15231138392967467
CC_21DBF7EDC14A,0.7011796302071692
CC_21DE68BCC91E,0.06651700592984047
CC_21DF6366867F,0.10825973006306025
CC_21E28159461B,0.28596360780965946
CC_21E3553C4619,0.24948384073858607
CC_21E494391B02,0.08491371650517321
CC_21E55A40BF1A,0.20012255617881003
CC_21E789155746,0.16750829652004756
CC_21EF1547F241,0.251930652216794
CC_21F07EC3C95E,0.08317215862415381
CC_21F12179FBA8,0.12924003333402193
CC_21F169EB32E5,0.2591940600920596
CC_21F22478728B,0.07799721377362998
CC_21F3767B8879,0.10876977175931661
CC_21F8B69E946B,0.16359916666547494
CC_21FBB31C726F,0.06928079742581962
CC_2200FB275AA5,0.127486801448732
CC_220166604357,0.1927080333888691
CC_2201F7C0053D,0.04306291068935681
CC_22039E5A4331,0.11855626743575909
CC_22039F190CE4,0.15371745246833832
CC_22057AE6D549,0.5585698243554714
CC_2206B904EA42,0.19151442162247084
CC_22094EC1E195,0.06378979544539427
CC_220F08B6CFA1,0.10632983215441805
CC_220FC8974CD8,0.13181970427169531
CC_221451FB20F8,0.16784499589551496
CC_221945FD349F,0.2595248725350663
CC_221E25971CA2,0.0589454449465141
CC_221EE654B08B,0.3089336904293554
CC_221F192C6A67,0.6528289067376792
CC_222080658F83,0.4513417131094002
CC_22258C34437A,0.5017012868364159
CC_2226A81576E8,0.12215282093056187
CC_222F384DDFA9,0.47333574695610653
CC_223032E8D58C,0.48034908113477826
CC_22312D15D5FC,0.20669798752205
CC_2231DAF1F64C,0.11876788965799859
CC_2235DD5D1E61,0.6632968561266014
CC_22377A2BB9A7,0.04595629643527559
CC_2238E273688D,0.2587930681465298
CC_2239334B3843,0.07841131658814153
CC_223D0C1DD4A2,0.6616806688307701
CC_2243A27FA050,0.0764109864263173
CC_22447ABE57CF,0.13656011122319556
CC_22455A468DF4,0.15114478821355626
CC_22485F43383E,0.34094732750352763
CC_224DB822807F,0.10698022161024907
CC_22522740EEBE,0.19057491357586548
CC_22545ECFF107,0.05402611848198793
CC_2255D632C667,0.047812951744673725
CC_2255DF88423A,0.127865019391268
CC_22569309D6AE,0.13741039238406996
CC_22587A871D09,0.14292459584564718
CC_2258F6153975,0.28412862050015236
CC_225B5306EB5E,0.2600907676296029
CC_225DA1D32137,0.4611943176358529
CC_225F77DD5E84,0.6728957967936827
CC_2267E7AA622D,0.16846721523082892
CC_226ED7DD9790,0.6049653573244348
CC_226F71C1F379,0.13233404667741172
CC_226FB5B25B38,0.042415595988385416
CC_22702303A756,0.6455648589298233
CC_227BD0C18004,0.06282559287913433
CC_227D6128B629,0.054020563128035735
CC_227F834492D1,0.1766654205255021
CC_228183FC1BE7,0.34373884252688996
CC_2285EC46E015,0.6709987147743394
CC_2286AEDF1B6D,0.1107446245484913
CC_2287380F42CF,0.752559811223195
CC_2288AAFC3096,0.6496779414391451
CC_2289B4075197,0.23215970411286455
CC_228C4B27ED4D,0.06905505851572441
CC_228EB8610083,0.20470868533999367
CC_228F0791CEB1,0.11184071867805512
CC_2292F14C75DA,0.08027577177734758
CC_2294C95C99D6,0.2713200731442017
CC_22952E53DFFD,0.3548788550912845
CC_229579AEC296,0.6147835369431587
CC_2295BB880A8D,0.08659338960272497
CC_2295DF480BCF,0.09323471755777905
CC_22972964516A,0.6520558902077798
CC_229F13978933,0.09723945192113781
CC_22A07737CC3C,0.3344733492950505
CC_22A2F3AFD164,0.1892903678931256
CC_22A73DC9B70E,0.19424415192743988
CC_22A74FB59C2E,0.1456592878670862
CC_22A793350310,0.0420630906339967
CC_22B0F05E1E38,0.22872747508320587
CC_22B3F65AB5B3,0.7723456021092467
CC_22B634E8A380,0.19922557913825853
CC_22B7FC24B4B3,0.1678889997260305
CC_22B8054F4E55,0.2275320185508735
CC_22BA0909A3A9,0.18204726308103736
CC_22BB1AB7E9B6,0.3761651927876254
CC_22BCC469AD43,0.126732807219667
CC_22C4C82A80DC,0.24678887393130172
CC_22C6EC3F5164,0.2306814589994811
CC_22CBE3DFE89B,0.17089842701102342
CC_22CD3112BA4B,0.11288392402116795
CC_22CD9806D465,0.20628264104097455
CC_22CF572AB801,0.7782358041677613
CC_22D6FD0FE65C,0.08493836396804585
CC_22D78A2DCB9C,0.20409713748560976
CC_22D7F0BD7A9D,0.12894661077431224
CC_22D9BCF6DBDC,0.05119900076835854
CC_22DE8FB43F1B,0.06250004656633976
CC_22E096979926,0.7390686477107133
CC_22E103DE4653,0.08838036908005091
CC_22E7D0AF1793,0.08002383445196268
CC_22EB9A8DFCD4,0.4841341209160356
CC_22ECD701B7BD,0.15718423810831922
CC_22EE3C02A84C,0.1297563721480614
CC_22F5F39C5BFF,0.177171475198795
CC_22FDA4AFBD8B,0.13176542258293666
CC_22FF3B52F71A,0.5933198195366709
CC_2303286EFEC7,0.04718754937155325
CC_23074E8BA7A5,0.11589072237046401
CC_230796D6D8FF,0.0690869900506846
CC_23099BF68B95,0.09524211193505205
CC_230ACF3C66BB,0.06934140823183436
CC_230C07F49399,0.7209276987572584
CC_230DADC95F8B,0.11908895420400803
CC_230ED3DE71F4,0.09246397302748074
CC_2315CD70BB0B,0.11601829956249074
CC_23160ACBF7CE,0.07241914932308255
CC_23167AB0E834,0.18741692982661085
CC_231AEF78AE77,0.11687881100011166
CC_231EC541BEA4,0.5108898386705938
CC_231F10419507,0.5812278385753397
CC_23207719B212,0.7037310021416897
CC_23208472FFD7,0.08496104368682336
CC_232190AFC280,0.09812436916146322
CC_2322063E811D,0.03919687957979938
CC_23231DE442E6,0.1253603927039142
CC_2323F05618E0,0.22016710453718807
CC_2324A3B4BB33,0.1330831490142294
CC_232A14B55646,0.04757110224256885
CC_232C4B8DA5DD,0.23356970464809784
CC_232D4DBC1C87,0.09259217829836044
CC_232F0B7FE6BC,0.0570563856696681
CC_232F51D4B98E,0.5545479375386921
CC_23363EDEA13E,0.6437940983691981
CC_2336CE0444C2,0.5025678282585438
CC_233D8C13A2AB,0.1507462418934169
CC_234033EF9D06,0.11918613313588958
CC_2341630EEE16,0.11383871230739322
CC_234235C5E9E3,0.45540957342476557
CC_23481C5B5AD9,0.24221737272969995
CC_234ACA103944,0.15280143743659885
CC_234C5F91450F,0.05341336312007557
CC_234E23D3BD3E,0.6553859576193386
CC_23503B15534B,0.1202017356626955
CC_23517518D1CF,0.1683531751829948
CC_2351C0E6FA16,0.655100605839662
CC_235420E0C400,0.40268092416505247
CC_235428183C15,0.3223141902535406
CC_23574AEE39A0,0.045005689188491495
CC_23582812B8CD,0.4286233541630658
CC_235A44F3B4C4,0.09481607913073387
CC_235CAC896DE3,0.045475789512659084
CC_2369F66A804F,0.6387820847056271
CC_236AAA96F10D,0.20730174964928755
CC_236AD1A02F3B,0.13763633307278
CC_236EC227D94E,0.08778300958668452
CC_23704B843A19,0.11585837307234466
CC_237477620B0D,0.12258792339813422
CC_237E328DFB43,0.11936968043625959
CC_2380E13FCF1B,0.09058556662260617
CC_2380E6106CA6,0.18237761191308227
CC_238473A12FA2,0.23066558306641133
CC_238A9D1733BA,0.6821588492815043
CC_238F2A38BE44,0.0884090831629846
CC_23910D522F41,0.08937026339606455
CC_2391F63E2402,0.41823306538877525
CC_23932676B2F2,0.10151461837086703
CC_2394FBD51F98,0.16292516731337284
CC_23954A58109D,0.08363658455713978
CC_23987E3B4FD7,0.11621434581410292
CC_239B9E68E6A2,0.12378969083598837
CC_239BAE0245A8,0.16610247444128778
CC_239C3E46AFC8,0.05476928869507798
CC_239D1812C3B7,0.04962292396030224
CC_239D7F14584A,0.5431437958917635
CC_239E825A6233,0.13709377316676696
CC_239EDABF022C,0.2527555707385626
CC_23A078EF09AF,0.10329767984271357
CC_23A586A240D2,0.07374992570109119
CC_23A860CD1553,0.6362570362716116
CC_23AB9533EC0D,0.720557651131806
CC_23AC919CB701,0.05199611810764284
CC_23B000E43E6C,0.18759797150863772
CC_23B8458E9FED,0.06974409266378004
CC_23BA23AE880C,0.2452662459545231
CC_23BA242DC501,0.33970537698631087
CC_23BC9C2CB726,0.1755796298123301
CC_23BCA2CD1321,0.2408737000547573
CC_23C061C22670,0.6258941586205147
CC_23C2440218EA,0.12441864237713803
CC_23C2C9F36CBC,0.0837171349334884
CC_23D02AB672CD,0.7556360279400172
CC_23D1A57C962B,0.18156149301598384
CC_23D45AD79089,0.10789726726741511
CC_23D7C30419E4,0.14693170804147634
CC_23DBC4D13066,0.1936105059759353
CC_23DD50CCC11C,0.06721827982934811
CC_23DF58240E37,0.0926065936607577
CC_23E0D80A29EB,0.3655487219906342
CC_23E643B91BA1,0.08431836124363098
CC_23E6DBC652B7,0.344165096592601
CC_23EC04E60D96,0.04731172181586756
CC_23ED2BE043DE,0.7350487281163984
CC_23EF24F1E915,0.43823974479754274
CC_23F2B4230C8F,0.6083927643950375
CC_23FC360E92BF,0.13922926096249108
CC_2405AA521A50,0.049681517852222926
CC_2405DFDF928A,0.06925153086445078
CC_240FE4CB78F5,0.10433675769753134
CC_2411C3EE7074,0.15356235893413217
CC_241A0A329556,0.17354772316251132
CC_241B3A36F24F,0.05782252450201233
CC_241C29CBF1F6,0.054680087812432256
CC_241C865337DA,0.05291134070954837
CC_241D4B202BBC,0.7689634700177845
CC_241DC555DC1C,0.13354314210005752
CC_24201317B549,0.03945062456681421
CC_2420AA2E5188,0.19868480497510232
CC_2426A336B0C7,0.6409589488967447
CC_2429AFE45C90,0.20797391875650817
CC_242BC6B8BFA2,0.12429505387691538
CC_242E8E5DA418,0.21894449443394853
CC_242F424A6641,0.1101364768246507
CC_243171B8CA10,0.1252661192046905
CC_2434199B743F,0.1585097107523773
CC_24372350AF14,0.21234864949251137
CC_2440B0CCA9D7,0.668896262663527
CC_2440F3EBF3F7,0.682772647670624
CC_24415EEC9960,0.13469848379029745
CC_2443152C408B,0.77406739736936
CC_244326C3BB3D,0.17540149731909432
CC_2445B3B8CD90,0.38049592951269895
CC_2447D2F0D8B8,0.19099573678768292
CC_244C07CD329A,0.6200581653554834
CC_244F5414BFE0,0.5322104147609626
CC_245281812288,0.08267146228750755
CC_2456D3FF106F,0.12663325620969337
CC_2459275C3995,0.07552348793864622
CC_246194E6E4B2,0.17936982478268168
CC_24620D54F5E1,0.06840077404289308
CC_2462DF555142,0.21627683980097429
CC_246355004C22,0.14633972201882997
CC_2465A6807AE7,0.3048657307180373
CC_2465BF287730,0.07172680970304465
CC_246BC3A1686D,0.1411057971977027
CC_246E9DF98743,0.04216343489416795
CC_246EA5EBDDF3,0.23830490748545224
CC_247027865CBD,0.10032338344284057
CC_2470BC812A77,0.12747904419653944
CC_2472294A3C3F,0.09177756699178824
CC_247305C5A63A,0.6771323680684113
CC_2474D7707DA4,0.05274713593524508
CC_24751A1FF879,0.07756697833564705
CC_24761C8A8D96,0.5363468712123077
CC_2477D8E2BF53,0.08344984856962616
CC_247ADC8711EB,0.18827249627128712
CC_247C26D6601E,0.673424240113477
CC_247F09EA67BA,0.18445592214838452
CC_248144FC7729,0.6883435411171399
CC_24824C8E55A2,0.08899275462244662
CC_2487824C8AA8,0.1698905007949112
CC_2489C59CAD7C,0.1326898398495327
CC_248B621EB245,0.07807886262876637
CC_248FE1579AA8,0.46216675535917606
CC_24911396CD2A,0.1583635557050203
CC_2492C1D817CF,0.06909585003555982
CC_249304369E8B,0.09207972566371672
CC_249544D86645,0.33029779914079177
CC_249D28416011,0.339482021484082
CC_249D81D98B78,0.16379799785176186
CC_24A4885A0DD4,0.14049269460311692
CC_24A78357A380,0.07559060459157364
CC_24A783E0C176,0.15046337007171945
CC_24A8936F52DA,0.19269608309663697
CC_24AD50D3B4E6,0.6602678024666331
CC_24ADAF9647A0,0.09251093892685139
CC_24B5CE1A12BF,0.09910671681234583
CC_24BACE01E7E7,0.14443614954194178
CC_24BF6CB0149C,0.19316332384213203
CC_24BFD6A61077,0.11385074759741157
CC_24C00AEA6A6D,0.09869633454570638
CC_24C12E85D940,0.13686971909422824
CC_24C1A54376BC,0.1406974987453184
CC_24C2CDDA696C,0.7743981602297407
CC_24C2E7F727DC,0.7120122826677304
CC_24C451F2A2C9,0.12138100098312085
CC_24C8006BE3BD,0.19802731699673445
CC_24C93C84D93A,0.2464729076879823
CC_24CBC6245141,0.13628000046385214
CC_24CF07DCCACF,0.7380502191118918
CC_24D06C8F5742,0.09709934868538014
CC_24D1F1104DA7,0.19942960574668045
CC_24D350DCEEBD,0.7880505429976926
CC_24DAC334C20D,0.2220072981164781
CC_24DB3CDE834F,0.1886407945570783
CC_24DCDA3BFE0C,0.42031192444560217
CC_24DDAB6E18AA,0.09988665141328716
CC_24DE4C9FF9B9,0.13120201411061724
CC_24DE5916BD73,0.3198152437213602
CC_24E5E14AF447,0.14769754289658082
CC_24E861B79F40,0.15901629991741412
CC_24EA013F48E3,0.16211876551111787
CC_24EABCE127AC,0.15552427150484527
CC_24EC0F87FEE4,0.3595791197067596
CC_24ED0B7CC71B,0.23162878278188312
CC_24EF95E62485,0.35990749277785766
CC_24F43C3E8C61,0.13124551485880892
CC_24F642E4C202,0.08856238467723712
CC_24F9A43D71B6,0.05117101360427081
CC_24F9BBFA240C,0.06982382887130184
CC_24FCD40E13F3,0.09474053909872833
CC_24FF7B823319,0.44774082585968966
CC_250022644488,0.10540969524850705
CC_25002D753495,0.13852759676293486
CC_250184F64FF9,0.7755412861742237
CC_250EA45294EC,0.16121708554442402
CC_25131F36BA74,0.39344456652071724
CC_251340B2CD2F,0.527467131791186
CC_2517AEDC9E03,0.07177344809902331
CC_251B6CFDFB19,0.09197693819851809
CC_251C1ADBA18C,0.04266949288173622
CC_25217FA1C70A,0.04597137978346566
CC_252E4F68F117,0.510025505349371
CC_2532F88B3A5C,0.06513594715858465
CC_25351934E42D,0.3825109355111741
CC_253557711DFF,0.18653386787029563
CC_2537600D3339,0.15112190029766584
CC_253A8F1182EA,0.7186901518887286
CC_253EEEAFB6A9,0.23477410445367006
CC_25415D632E0A,0.159146404467417
CC_2544207E12F2,0.16218696531231142
CC_2544FD655E88,0.1796886931386723
CC_2546DBD47016,0.1520877001937263
CC_2548F9AEF869,0.08400468791960244
CC_25493C24906A,0.06904852354051569
CC_254AA43FC3D6,0.10318750512985701
CC_254BD69BE0FA,0.047729271974032955
CC_254C91B8C6A9,0.06752747100316271
CC_254E41844345,0.16236316297946493
CC_2550388D1C80,0.1014936322141938
CC_255727D9D0E7,0.0516184069025332
CC_255C44D8BE69,0.051704868623232814
CC_255CB66955D9,0.10289224338026168
CC_255D0DFEE64F,0.24515188463766996
CC_255D6209AE4C,0.714978450594104
CC_2561F3010933,0.15144289006624218
CC_25640F1D8A83,0.19602842108951551
CC_25645EC6975C,0.14323163849276646
CC_256649392B12,0.48803733198906807
CC_2566D2ED2760,0.10223511655563533
CC_256AD0897EF4,0.12979611618114345
CC_256FB3672C22,0.09929237963676163
CC_256FC2A4ABB0,0.11391961014080287
CC_2572DB3B8A63,0.07627428023637696
CC_25775DE989EE,0.28993644909482363
CC_257D6072424B,0.19395489152177306
CC_25813BE16856,0.24289215248096566
CC_2588449FA2B8,0.5843773952743684
CC_258E445D9BC6,0.06646118377459369
CC_258E6ADB5A20,0.08653206245087558
CC_258F82EEFACA,0.5799288212163517
CC_258F9C9EAC87,0.16651891806552835
CC_259190FDAF4A,0.1266929752613533
CC_259500EAD8B3,0.1354365163058811
CC_2596B658D7C5,0.0966785179092938
CC_25991C4AE162,0.05850950217658739
CC_259A0E353B3C,0.11279633484081042
CC_259BA9D9A9DE,0.14928140183577907
CC_259C94EB066D,0.184560789961804
CC_259E661E64FD,0.11043501515860514
CC_259EADFA7036,0.6695303883429258
CC_25A0008825C6,0.35782850831926555
CC_25A6A3411DF9,0.2931109959801723
CC_25A6B90A9357,0.17683478062510086
CC_25A6D11AA41D,0.050005295806105576
CC_25A7E4DA2AF6,0.20955389430581528
CC_25AA5DF3D3C2,0.14503980913827805
CC_25AAB97E2EA5,0.09574698614347969
CC_25AE49F72341,0.1312856597074212
CC_25AE9BDA1E19,0.10420149841065725
CC_25AFE73DB693,0.1040880890576354
CC_25B3707689CF,0.11661158893157664
CC_25B37DD22D59,0.10737809646367003
CC_25B529052215,0.5127279971480115
CC_25B7F7C2068F,0.21388451162800312
CC_25BCC488515B,0.22984069774430851
CC_25C6C4D97C56,0.44041865386304957
CC_25C762466658,0.18232534511941317
CC_25CC42473963,0.08202782343014733
CC_25CF12A87690,0.15675840383682732
CC_25CF2D0239E6,0.09987378435981997
CC_25D113F668F5,0.136688417881452
CC_25D15362D590,0.32566006285248383
CC_25D57FEB0F2F,0.042145149009741735
CC_25D76EA2B29F,0.1266567507995101
CC_25D7B9E9885C,0.7074639246792289
CC_25D88EB4C8AA,0.11883383882659922
CC_25DBA63AAA5B,0.6905040648527738
CC_25E10FA8B099,0.08765390681603002
CC_25E44FAF25DA,0.11067415411282436
CC_25E4B4FDFB8A,0.466787464432587
CC_25E7FA839FC2,0.16608482905917712
CC_25E8CB067D3E,0.3283513369488016
CC_25EAF510F6DA,0.06475730305281326
CC_25EE7627F924,0.11542244504896346
CC_25F1DAA3C465,0.47948044125485156
CC_25F1EDBB7C3C,0.1275152212017461
CC_25F26315CE74,0.12888893473962906
CC_25F614DBB4DE,0.7149100182391568
CC_25F98117E888,0.07750900537174607
CC_25FDDCE03904,0.07645938224871553
CC_25FE8C033AF1,0.14145623558500509
CC_25FEBF33FEE1,0.05730078040813367
CC_260508E2415D,0.06016544782119375
CC_260971CEA971,0.23600825789458835
CC_2609EFF83144,0.06614666837622511
CC_260A1B46268D,0.4465334994391149
CC_260A435CC403,0.07545905572098544
CC_261843E3F479,0.06144246661252125
CC_262664CCBACA,0.1868013829815016
CC_262873493A56,0.16166409705689352
CC_2629634D6205,0.2375111220977338
CC_262ABEA51FB9,0.06522644471949528
CC_262C3BE518A0,0.13299744363166136
CC_262C5B52AD87,0.09712679215132729
CC_262D5F943DC2,0.06584296419168971
CC_262F44AB1AB8,0.09603156112900585
CC_26317AFBE360,0.0499067796457162
CC_2635B06BCB97,0.25388621913944764
CC_263E14295078,0.7657078090617144
CC_2641E3F9ED73,0.21047492765776682
CC_26431F402A47,0.04520363700974074
CC_2645B22BBB4A,0.07186472818975045
CC_26470A0DD756,0.1210766599088398
CC_2649FAFC1ECE,0.2727961917590722
CC_264A75820DC5,0.269949684109018
CC_264BD43CE614,0.1004005317441959
CC_264FC78CC1BF,0.0712717231995211
CC_265176F2987F,0.07815422533973304
CC_265B1AFD1871,0.2781969964596969
CC_265BBD6475A4,0.13437092443286527
CC_265BC4CA24C0,0.5210063212019044
CC_265FBF0AA7EA,0.07546038010678212
CC_26606ED11A86,0.0524523050655572
CC_2663083DF59B,0.05042015836414541
CC_266632D6DCC5,0.19499845030124943
CC_2667AF05476E,0.03802788840746679
CC_266C375BFC69,0.1879044850737699
CC_267C2D0CE3EF,0.05579009045745267
CC_267CF0F35438,0.09788468625672564
CC_267F882E4FF2,0.11838301055820755
CC_268164C44FCE,0.461382071761935
CC_26851F7A8ED9,0.04182836808355665
CC_26879E8DBBB1,0.6706997754502597
CC_2688A091951C,0.34443266018958996
CC_268A135E06EC,0.15657778310348594
CC_268B7494846C,0.1937654936795145
CC_268D4F935B62,0.12219042259978148
CC_2692F5994891,0.13593249679908265
CC_269A40E2F3F5,0.20155033214609905
CC_269B1CA95C11,0.627923241463009
CC_269C78037059,0.6220839226918489
CC_269F0058DBF3,0.07973002642167556
CC_269FD7098A14,0.502220048446953
CC_26A0AC608FF7,0.14228064757535333
CC_26A4B4AEA702,0.11284211994035613
CC_26A53AB6C0F5,0.17515729221062698
CC_26A68D7B85AC,0.15649483590425076
CC_26A7B4AB0E61,0.6106969618244132
CC_26A9653F1759,0.06482829395324763
CC_26A9D9B69FB2,0.10242610795328089
CC_26AEB67016FA,0.044681965764291655
CC_26B89123A046,0.15879272737686245
CC_26B8E37D5FAC,0.045066755828299325
CC_26BB5D895CE0,0.24445194444285673
CC_26BC5E32FC20,0.7242246778586654
CC_26BE48011CBC,0.09637657420743426
CC_26C2F56C4E4F,0.07449560823058982
CC_26C6083D9D67,0.1679667087967363
CC_26C688EAC8EE,0.042738838701380455
CC_26CAD1D36578,0.09091271730990072
CC_26CCB959397C,0.3125965529488762
CC_26D4E0E92AD4,0.30495893401680096
CC_26D622C9583B,0.08079018451032904
CC_26D7CC90C7EE,0.2232923005216363
CC_26DA6ADAB53F,0.09907365074392599
CC_26DD97E5AACE,0.1960515446400374
CC_26DDEA0F16E4,0.4139677740395144
CC_26DFAF7D55B8,0.7270968084811945
CC_26DFF52B691B,0.05592201251385923
CC_26E20C5B6A59,0.2194411076393151
CC_26E2E0658796,0.11991085561732548
CC_26E48B59C43D,0.14689927622852766
CC_26EEB5FA7528,0.08724144622485973
CC_26F3A74B395D,0.7510666075409266
CC_26F99A250980,0.0758494527056652
CC_26FA474EFCDF,0.40487293371467625
CC_26FA66267312,0.18808476303176205
CC_2706959C1E6D,0.14424958036653387
CC_270E4B8CEFB2,0.18155941925258065
CC_270FDCD01F2B,0.1296050514239307
CC_2712E1C5BCC0,0.10916629860664147
CC_27144D024E0C,0.26297724492406127
CC_2715AE012E87,0.05094086065558286
CC_27168AD20682,0.12687853751616282
CC_271E52EFD5C0,0.057256419216949905
CC_271EED977A70,0.10010931369793466
CC_27249783B3E2,0.10136741249288102
CC_2725497CB4AA,0.30577690844635236
CC_2725D3835F43,0.706580174660837
CC_2736F03D457F,0.09783754751694029
CC_27373EAEF18F,0.13904423585017647
CC_2737E652D90E,0.07838672694330384
CC_27398FBE2809,0.042021947207889
CC_273A8EB252C4,0.21030144366037798
CC_273AFEE3BCC0,0.140525710984916
CC_2740AF040C73,0.2625152088626305
CC_27416EFC26CD,0.06800249553142913
CC_2741D320B710,0.5869473450511543
CC_2745C5B004FA,0.04932562798470462
CC_27488BD2F2A3,0.14840391448189277
CC_2748ACEDC7D6,0.21491920741128007
CC_274BCF287A05,0.3843403269766774
CC_2751C9271F85,0.08772755558119003
CC_2751D21A3664,0.6213762851618632
CC_2759AC503722,0.7212828765921662
CC_275D3EDBA097,0.16299927047777799
CC_275D7134AA6B,0.5719498327182647
CC_276397972BAF,0.0583357033437641
CC_276549BEEEEE,0.22091694882786178
CC_27655D2C1F35,0.10229551023026717
CC_276877DF04BC,0.1514772302151603
CC_2768A7F8F64E,0.13165847636004463
CC_276D54F1088E,0.08015907574781221
CC_276E2C36EE65,0.07783613766210641
CC_276E422F8C69,0.04149867152108403
CC_277DCA03127A,0.6993056211913473
CC_277FDB7E9FB9,0.12165308846083508
CC_27816BBA5FB6,0.05619662906374989
CC_2783EBF53FBE,0.5421560609971822
CC_27843FCEE075,0.12269706444786077
CC_2784452D6444,0.3191656598556515
CC_2785077093B2,0.1300380913832481
CC_2786CDF745E8,0.08577318769380285
CC_27880025857D,0.19808528430349118
CC_278C315D46A2,0.6652882030936708
CC_278D57EA6344,0.09520213501483235
CC_278FB9A2D73D,0.7159603666348915
CC_279023D4C55E,0.33822798218887135
CC_279526A36388,0.04258511285640039
CC_279593FCBC44,0.12102468499636979
CC_27965D4BF8D9,0.7318371241418549
CC_2797CA3CF8E8,0.15142680888183704
CC_27A08A464BE5,0.7206863050226984
CC_27A0D2D86806,0.19618267308352566
CC_27A0DE21A512,0.11455696177525909
CC_27A24A4B1185,0.1948870266511284
CC_27A27A6E9710,0.46238243095817355
CC_27A55EA9AA83,0.11481896025237473
CC_27A649094AAE,0.06024944528798517
CC_27A65A7D35DF,0.08454351517311652
CC_27A665E21AAE,0.1926542036948744
CC_27A78CFDAFA9,0.43722766533893037
CC_27AA29C2B801,0.2159308598986646
CC_27AA4CE95E47,0.04009770213460168
CC_27AAC8B90899,0.08691387885821239
CC_27ABA049E280,0.0796346934338038
CC_27ADB39C623C,0.2139000159409561
CC_27AE7E10B0F2,0.18991465518464254
CC_27B00AFD127A,0.12140689131717239
CC_27B2F2221599,0.10678091650707411
CC_27B47340F365,0.5266337973612172
CC_27B51BFEED0B,0.18485455361087844
CC_27B5857AD88C,0.26520703609549773
CC_27B5ECF51511,0.1780983813624491
CC_27BC632C6373,0.3210554711829111
CC_27BDBBE807A0,0.757093230106011
CC_27BE231F2777,0.72982354286967
CC_27BF3CC22A01,0.05087840710234583
CC_27C338A424B6,0.09498257202692292
CC_27C8F82AD07E,0.1623126796771212
CC_27CA9C00B086,0.5722574887107192
CC_27D183B7D889,0.08935497106967043
CC_27D46D52D216,0.4357082313863094
CC_27D894C0B778,0.11700379425434815
CC_27D97971F0BE,0.091031393383499
CC_27DAF169C570,0.1655256457316491
CC_27DC3B03953C,0.13482077171003776
CC_27DCFD4C9FD2,0.1961855499335226
CC_27DE17F2A9AA,0.19484671953844818
CC_27E518EF96B1,0.5964830773166757
CC_27EA0EBFDDCD,0.20318900924500274
CC_27EBC627DA22,0.14029435936607446
CC_27ECD477FFC1,0.4398628728421216
CC_27ED88AE957E,0.10907456405034195
CC_27F04D85BECD,0.11814810114739285
CC_27F27BF25387,0.44256961317438764
CC_27F3BE1E24E0,0.5509988619503555
CC_27F46228EB9E,0.5450606309351164
CC_27F631626BD2,0.0637175300111487
CC_27FA03BC5112,0.1198281570656087
CC_27FAAEB5B7DD,0.7349305708413331
CC_27FAAFFC9D88,0.17139919517064758
CC_27FB3ED776B6,0.6573289049162947
CC_27FBEF28EE45,0.1493195221918768
CC_2800392A8378,0.25039413186046106
CC_280284A68FFB,0.12799882193088238
CC_2805DE68EB5E,0.1178840613652841
CC_280943D9885C,0.2603575756087585
CC_2809C1DA11E2,0.09154110710523096
CC_280AB68CEAD6,0.4123447807546044
CC_280B2A6E1AD7,0.07697055502069347
CC_281721BFB157,0.13532679187976096
CC_2818C730302A,0.6560946803288867
CC_281DD777BC18,0.19978597673739862
CC_281F787B39C5,0.47564405107691526
CC_2821E90ACC01,0.12837931196851413
CC_2823416BF0BC,0.13360718110824457
CC_282A59DE1AF1,0.4637163477485407
CC_282B9175D6B1,0.34040955586856125
CC_282E2DF79107,0.16140276645467672
CC_2833D46839B4,0.2098338708634413
CC_2834A54D0B02,0.05044115800535557
CC_2838B4E6B966,0.11302771529654076
CC_283A94432CF0,0.30080000001024015
CC_283BA45ADF3C,0.3208367891308649
CC_283C392D27E0,0.09145869679330025
CC_283C3C3EBBFE,0.10658079968656316
CC_2844F3CF42C5,0.35976208913405006
CC_2847BEE7F4B9,0.07306013094984368
CC_284C150896BA,0.05288187594944377
CC_284F3BAAB976,0.10053404835095874
CC_285193B111B0,0.10151223157996472
CC_28521203F353,0.19364640807187308
CC_2853E28AE934,0.22612474718225656
CC_2855C18DBEBB,0.2749907594624319
CC_28575DC94F82,0.1027945566271096
CC_285859E54F67,0.19345399169332292
CC_2859F04C8E65,0.1767865700398897
CC_285F209295EE,0.05948687864555807
CC_2860779D97A8,0.218945096361562
CC_28624F3D6EF7,0.0740997967740085
CC_28631537AC52,0.13548079248153072
CC_2863D77DCFE1,0.10670445430673996
CC_2863F7A52315,0.09582819188109401
CC_2866BBB90661,0.10855620193080961
CC_286895E77FB9,0.07811086060737542
CC_286D6B8C9083,0.11162629587303981
CC_287244BC488E,0.6991136857677108
CC_2873101D7192,0.041973228200466096
CC_2874F0DC4D7D,0.21392842146361252
CC_287551153953,0.07163703918787852
CC_287733447491,0.1929233305072768
CC_2878FF79B9C8,0.15250177390488875
CC_287A9769DF92,0.0716639730207584
CC_287C3D10DEF2,0.14586081528197678
CC_287C8319EB5F,0.12342536665239534
CC_287E902BE928,0.04705835139915031
CC_2880552F82AF,0.19490317813433938
CC_28834A41C6DE,0.09401397987085333
CC_2885F9D1587E,0.10758030666704037
CC_2886B690B68A,0.7190116844493305
CC_2887E7740417,0.7820486229018481
CC_28881EAB7C09,0.1482496677025325
CC_288CA8A9812D,0.24467500702156125
CC_2890F108707C,0.052109333350975194
CC_28959EFABFDC,0.19527069570246894
CC_2895B51171E1,0.08689570022906445
CC_2898B6717D99,0.2984217939794357
CC_289D3386F0F8,0.08308153758708516
CC_28A1E16E0787,0.3514420121795561
CC_28A262ED7293,0.2139649981419344
CC_28A3A92F7552,0.1385804144022331
CC_28A4EFFBDB21,0.17612328600800023
CC_28AA976D4E37,0.10555448908506779
CC_28AC1CD6DDD5,0.7581756046774975
CC_28AE987CC735,0.04711559568281366
CC_28B2F8CE6206,0.5827846768546191
CC_28B9E40CBB3B,0.08949741492288255
CC_28BD2FDADAE2,0.13270179951763375
CC_28C89400F65F,0.15772564322368815
CC_28C911BFEEE4,0.12824174641418956
CC_28C9D0F9A822,0.2670127077705041
CC_28CAA5AA3D1F,0.7455367763747521
CC_28CE51596854,0.09358755999567962
CC_28CE7500A36F,0.11638959891229247
CC_28D1131A8126,0.0818321059453477
CC_28D3468513FF,0.11380788197593172
CC_28D59C007565,0.23146008465104018
CC_28D670E009B8,0.058712602203550526
CC_28D7C0A16C5D,0.1124428041477453
CC_28D8465EF9B8,0.28422674959063643
CC_28D96898DD7C,0.541934068356311
CC_28DDDB55194D,0.1194309724194506
CC_28DF4C790FA5,0.22330379614245074
CC_28DFE4C388A5,0.08397664768127011
CC_28E2C0DB9053,0.7840079407601869
CC_28E309937534,0.267812401364098
CC_28E79CA12E21,0.16463809698219184
CC_28E9002758D3,0.30108640273659293
CC_28EA1D1569FA,0.051298432391297964
CC_28EC96234D7C,0.035309544874351555
CC_28F0AB4FF66E,0.335127214904165
CC_28F2D31E6C85,0.1174216992437025
CC_2902EF54D1BD,0.04704936755942361
CC_29034C7D28E5,0.2031121139091303
CC_2903DFBBCA9C,0.2712367795785307
CC_2904F14B3B45,0.094701735265461
CC_290EFC6D4EEE,0.07307032967724827
CC_2911F1519AC8,0.11726375419433703
CC_29177831DB6E,0.10144597005157874
CC_291E77A71FB3,0.19427705133345657
CC_2921BF2E5BD7,0.21476539376608628
CC_29242C5DC98E,0.13434621323282714
CC_292439121B3E,0.6685014899329995
CC_2924456550CA,0.7167006497265392
CC_2925424FAED2,0.1598720320850471
CC_2926D0CC6B59,0.06813109924559839
CC_2928502B9D84,0.434212537737213
CC_292A8332B3B4,0.09422913339902668
CC_292C2469F236,0.26615830421547115
CC_2933973E9543,0.13318684667350464
CC_293631E5B94B,0.09064876348475212
CC_293ACE94E3CC,0.1607160787502035
CC_293C63EF41C4,0.16373836805938718
CC_293DCC4D34F1,0.32757602751742654
CC_294376A4D551,0.5000319948997661
CC_2944104CF3AB,0.1614604340296387
CC_2946800D4BA2,0.14344573350125503
CC_294887238A8B,0.10244876622479564
CC_294C7F3DC408,0.1513724453490068
CC_2950C846438D,0.10199780981799969
CC_2951E44AB150,0.20227253860156175
CC_29520EBE1CFF,0.18398501094009947
CC_2953B46D273D,0.1738911776189977
CC_2954176D8F57,0.09189035604699444
CC_295510BA794C,0.7242972119544973
CC_29565C29B6C1,0.3170402267362141
CC_29569DE20A6F,0.039038945492055596
CC_2959D82CED73,0.12573585381950925
CC_29604A66FFA4,0.06268784266402455
CC_2961AEA57F1A,0.19637135397624042
CC_296219087AA1,0.8066347193864098
CC_296624804C6B,0.18239621121140626
CC_2967515E6028,0.7421571017337516
CC_296991EF2832,0.1842979959073598
CC_296A886A90CC,0.1388299724703778
CC_296BDAEC0767,0.23753774385153478
CC_296F434DEB38,0.6544009489074057
CC_2970E945B28C,0.05760032173458337
CC_2971205B902D,0.11166336613080904
CC_29726C8E17DB,0.2917673826144456
CC_2972E3CEF4E2,0.04034635343718776
CC_2973CCADB58E,0.14089645512678378
CC_29749A751086,0.07608603021819282
CC_297B666C549A,0.25552295298992317
CC_297EA395A7F1,0.056204930898565555
CC_29820193702A,0.6777520452720237
CC_2982D29BA454,0.06763830550917573
CC_29834F49345D,0.06221786045412423
CC_2983D55F8422,0.19080591357163318
CC_298A42330387,0.47551772959665684
CC_298AD8036450,0.049095503556391515
CC_298B1C2272A9,0.7478807021452668
CC_298C0A512CF1,0.0695632699432811
CC_298DFDB169C5,0.06458844488998758
CC_29975F8F91D8,0.26287108172017704
CC_29979CE2F84A,0.07519428240663063
CC_299C16AAF113,0.12760365671015772
CC_299E1E208417,0.7472664577484303
CC_299F2A753428,0.13531381079701169
CC_29A02132A6FD,0.288879190791552
CC_29A1193B65F9,0.13671206002943032
CC_29A2C2C00A6C,0.12235935933943913
CC_29A43861ADDF,0.5042753901471949
CC_29AA5329D4A0,0.24842565164603717
CC_29AAB71BB1C6,0.13507489659084987
CC_29AB90CE5B30,0.16772884292841128
CC_29AC45B524E1,0.40319971979018543
CC_29B091A8EFA0,0.07041354272748591
CC_29B11C7842DA,0.12918450894815237
CC_29B40C57A130,0.6581677492016719
CC_29C6CC9D8CF5,0.2726723733739459
CC_29C79BC89D90,0.046708455189744896
CC_29C9D2EB99C6,0.0608954087355589
CC_29C9FD8B602D,0.239845005648811
CC_29CA68112288,0.6720162971202177
CC_29CB20E13233,0.731584234527544
CC_29CD169D916F,0.10231986613196761
CC_29CF1BCD71E1,0.04634265658272595
CC_29D0BB5EF4D2,0.16224056873676201
CC_29D373479472,0.07899907688799121
CC_29D5802F496B,0.5279075699172635
CC_29D6BDB00C7A,0.16463630594504347
CC_29D9CB57F6B0,0.17841787027043773
CC_29DE21A6FC9F,0.30602353314871333
CC_29E5F288E93E,0.10887779479330387
CC_29E711C865BD,0.10646275499478637
CC_29E8F05E2B59,0.18990673186679816
CC_29EB899B37F3,0.34841707537063604
CC_29ED0A5E3E13,0.15064602902926533
CC_29F03ECC443A,0.13852567129556945
CC_29F1148B0EED,0.04804300182297479
CC_29F38227B892,0.08985959005894727
CC_29F4C5219C3C,0.5269471383329268
CC_29F5B0A53C5A,0.26696866709922795
CC_29F75BEA3946,0.14467590308232645
CC_29F8DB4BE5C0,0.08932441847190806
CC_29FB4FC1D79A,0.1676292397060047
CC_29FB59DF9C07,0.1799086421215367
CC_29FBB9696C88,0.6107463764569276
CC_29FDC6A55710,0.14937815292922457
CC_29FE8EE71963,0.12132426388953607
CC_2A02A0A606AE,0.05157774022265858
CC_2A039240D4E3,0.10080433803943334
CC_2A03B58FDDA0,0.06367424561794136
CC_2A0D799BFBFD,0.10158066387374871
CC_2A0F72511E22,0.7735891105926656
CC_2A0FD8A3496D,0.14282391567772543
CC_2A1177FEA430,0.3576643411184595
CC_2A1CC5FA111A,0.4384568842022495
CC_2A1E8AFB91CF,0.5934195948561966
CC_2A254722539F,0.11477101805068764
CC_2A267FA0640A,0.17038210758131334
CC_2A28EF6D5D84,0.06975989070941095
CC_2A2A97E7D56E,0.061239138695752926
CC_2A2C094C4268,0.32943090029604616
CC_2A2CBD2C567A,0.11661133499195278
CC_2A2CD0D96AB1,0.048350228525978034
CC_2A303A56D1CC,0.10447461245456482
CC_2A313BB31B2F,0.050696444344928746
CC_2A38A0BE8583,0.1361282057765444
CC_2A3BF83AB527,0.39883076938165657
CC_2A3C2BE242CC,0.13398236361696858
CC_2A3C37B5B39C,0.12121253423034947
CC_2A3FBF96DD69,0.12852465135804544
CC_2A42CB52F4F9,0.101734508689697
CC_2A45D831A164,0.08226157474682387
CC_2A4E97A33CE5,0.049501701638955065
CC_2A50AFE9BA32,0.14569694340932074
CC_2A5167A7CCCA,0.4939176773422004
CC_2A51DCAE4696,0.05255424163597973
CC_2A538403F615,0.3349667808932902
CC_2A560F71D097,0.09120859932014148
CC_2A57F88AE818,0.7129896041081608
CC_2A5CE61FA136,0.7655771534993685
CC_2A654BF906E0,0.07890219724214934
CC_2A6A707EF4A2,0.05919798033159692
CC_2A72E9041E81,0.04473412260602326
CC_2A731C595152,0.15576684977434382
CC_2A73922A4400,0.09803243632451233
CC_2A74C68A1CF4,0.11961165582805215
CC_2A7763A6787D,0.16938296357724883
CC_2A7777F076EE,0.05079086331669599
CC_2A7C9930E014,0.05504195563996831
CC_2A7DD7369456,0.0920258517894845
CC_2A83CA0F0646,0.18573110496251394
CC_2A876959D356,0.10424764507876012
CC_2A8950AD15D7,0.4484646785426528
CC_2A89A35F7A44,0.07157947378947438
CC_2A95DFCE15F7,0.1326692614712406
CC_2A9643ED1382,0.24155585590219544
CC_2A975CE1D524,0.05783242587505193
CC_2A9A912052FF,0.08003882044234022
CC_2A9BE99EA5E3,0.10699968826829617
CC_2AA6A8DDE95A,0.13524861971582655
CC_2AAF05225FB8,0.17366319470275815
CC_2AAF2C2FD22A,0.11073229104088875
CC_2AB2241F2CAD,0.06016117804014043
CC_2AB6B69A0ECE,0.04335735262065402
CC_2ABACDBD3827,0.14562931472717497
CC_2ABB40267501,0.084271044794281
CC_2ABF9AA2D592,0.11329173854348544
CC_2AC3799FCFEB,0.16271118847679739
CC_2AC719441ACA,0.06749077446456422
CC_2AC7DAE5ED2F,0.042185641645856184
CC_2ACA7F2D1019,0.0744333747486498
CC_2ACE1B486881,0.03961643650155653
CC_2AD0FBA3469F,0.43473494893595266
CC_2AD34B286844,0.14601410775418838
CC_2AD60A48D754,0.09773585923581704
CC_2AD76D74964D,0.0708428046415104
CC_2AD89E30E1E1,0.54979121589765
CC_2ADC0B906BEF,0.08589693890936165
CC_2ADCC4958A5A,0.30113069519425145
CC_2AE64394EF90,0.051435568014383516
CC_2AE869E4AF2F,0.08585286671252579
CC_2AE9C48382C3,0.39774545751213897
CC_2AE9DCEDC1F1,0.1275367265121873
CC_2AEC30611714,0.09442425864513224
CC_2AECEFA29418,0.17154969537922554
CC_2AEDCC681885,0.6758828402781173
CC_2AEE3C14AB9B,0.14844426017253193
CC_2AEF1AE45867,0.09460561543703956
CC_2AF36CDFA976,0.2514058473390927
CC_2AF70D647453,0.041850148538311226
CC_2AF895772C90,0.07320185568774631
CC_2AFCA9A98CDA,0.16737932164394767
CC_2AFD4544E906,0.09844783854273347
CC_2AFD8599EFD1,0.18257913986513746
CC_2B006C78812B,0.1363366092989137
CC_2B008880B8CC,0.13288079410239645
CC_2B062D7EFC1B,0.05477152403912279
CC_2B07457F780B,0.22343763650720905
CC_2B09FC675AFD,0.19325686603866227
CC_2B0CD83EE733,0.3145473801394271
CC_2B0D910A416B,0.26324362092218684
CC_2B0EB1791D06,0.06369531655254687
CC_2B0FEDAF5086,0.1086242534034948
CC_2B12A7CAF74D,0.6186431035288698
CC_2B1564E55E41,0.10993403277747911
CC_2B169D3FA0AB,0.05304805272450049
CC_2B17D7D12E93,0.03566945619798584
CC_2B1B104B4537,0.20557525925691128
CC_2B1C432924A8,0.05568723159869734
CC_2B1CDE2F1DB2,0.17893027933621605
CC_2B1D0DD22B7D,0.2244219299887406
CC_2B1E0A25113D,0.059272359658543806
CC_2B2B1590F745,0.08158389490339801
CC_2B2B9F8C29FC,0.09476388841239049
CC_2B31DC826A70,0.05313362066453594
CC_2B329A7C0AC3,0.13862011603588348
CC_2B34AE1A2C3C,0.06368509300791195
CC_2B34D037FDAC,0.18951276305352263
CC_2B3863C31087,0.3585022319154554
CC_2B3BF2A06513,0.321777241073106
CC_2B41C98380A0,0.4659171239256688
CC_2B4729A53736,0.07987973524453293
CC_2B491BC8CE50,0.2124939491739397
CC_2B4A4B15FBFE,0.3913049397344345
CC_2B4AC212FED3,0.08879874206201241
CC_2B51623F0566,0.30055849623698583
CC_2B55FD658701,0.7170445704248213
CC_2B57BB750099,0.05579891914790945
CC_2B59FC475AAE,0.04275682291854609
CC_2B5AC32E9319,0.12458446330996953
CC_2B5B01FBE986,0.15728314161491722
CC_2B5BB2E4C8D7,0.2683674144378467
CC_2B5F21C5D7C4,0.25817287800616057
CC_2B675F4C3A7A,0.5501339190218415
CC_2B6995D9C76C,0.1230036347394519
CC_2B6C301DFA50,0.09839783653705887
CC_2B6C6E185E28,0.13527075364383168
CC_2B7362B36C7E,0.06642203354226181
CC_2B737DD404E5,0.059106783372085046
CC_2B745B858036,0.22015216306443666
CC_2B746474BE2E,0.0667268230423664
CC_2B779915861F,0.050700183094733495
CC_2B7E7517A714,0.2769303767394063
CC_2B808CA5D672,0.041291873431171855
CC_2B813DACF5BA,0.04941594181907162
CC_2B82A4B9598F,0.2011656587522213
CC_2B855F0679C4,0.11286512146818095
CC_2B8AB678FB2F,0.041482140580994045
CC_2B9323F514DE,0.7007024820290619
CC_2B95530025EA,0.07257333287322262
CC_2B982EF342D7,0.1029480201998763
CC_2B9D37CCC4A6,0.13675028949748916
CC_2B9E78B781FF,0.14661121749867267
CC_2B9FD0393AE7,0.06520699574032592
CC_2BA1F3132F60,0.7582522971407993
CC_2BA28074A216,0.12195588397830226
CC_2BA37A841F0D,0.11976528860447369
CC_2BA4E43FF0A9,0.10171486992212582
CC_2BAC77456C47,0.42762836356924555
CC_2BAC838269F8,0.12236840562545788
CC_2BAE9FEF5B33,0.262965231773099
CC_2BAEC4A0FB49,0.10547479927626861
CC_2BB79F6D76CC,0.14760699743636663
CC_2BB949053BE3,0.17342693107202756
CC_2BB95B546AF6,0.09594790966687784
CC_2BBFB2C48799,0.060781408456243045
CC_2BC1B37107E9,0.20598095417251616
CC_2BC310967765,0.10595245320061897
CC_2BC6EC8D4F9E,0.21934196749362625
CC_2BC8C9C298A2,0.0545843243826884
CC_2BCD6FF59BE2,0.28439073435155127
CC_2BCF9E8C997E,0.1458714297960763
CC_2BD75023B1A6,0.1313593685085944
CC_2BDC0842BA07,0.09877885838711317
CC_2BDCDBD851D6,0.6779321038721883
CC_2BE021580D7C,0.2891047902177764
CC_2BE33278E984,0.058037964289898845
CC_2BE5F40E628D,0.13349099945245352
CC_2BEA8C342901,0.05288316110109433
CC_2BEDDE6600E5,0.10123223809995593
CC_2BEE24B3ACDC,0.19723230264119718
CC_2BF47ADAAF9A,0.06932989728441312
CC_2BF47CB84E8B,0.13791997238039716
CC_2BF511C3C8EF,0.5638755227869037
CC_2BFA01F25CEC,0.07698998376572588
CC_2BFAD18C1064,0.7831262310190686
CC_2BFBBC8761BC,0.0475981719814624
CC_2BFC09551190,0.15726160980263879
CC_2C0004622D2C,0.5195022044004611
CC_2C01C91DB4E6,0.059545873757283665
CC_2C01D2143635,0.6784727127805532
CC_2C03757A27C5,0.1120828419263887
CC_2C0678C593CA,0.07392251105476433
CC_2C0D37AD3EEE,0.73333449495367
CC_2C11E7778DD6,0.6881471121060393
CC_2C16E8264E5A,0.24910775575896485
CC_2C190797A685,0.18832288624826893
CC_2C1EE4B879D6,0.5051145045936468
CC_2C20168D9109,0.11551086079076597
CC_2C242724B1A0,0.19459112333660564
CC_2C258C82AC92,0.1018413698033602
CC_2C278D596D65,0.15627948308545614
CC_2C2942E423D5,0.22803782232583975
CC_2C2D3613EF03,0.11147498243596562
CC_2C2E54C2D7E2,0.035590339540936884
CC_2C2EE8D82A22,0.10993071955521425
CC_2C30D4DD1254,0.19398459436356577
CC_2C328DE998E0,0.05644646957471529
CC_2C3314A9D4CE,0.0749483296515693
CC_2C3683BF63A5,0.041700318481134216
CC_2C38E6E12236,0.10581853951130175
CC_2C3BFEC0645F,0.34935619763587983
CC_2C3C8308D986,0.3896577363700814
CC_2C3DA51EB238,0.07470491274642958
CC_2C45C58CE822,0.20061150169001557
CC_2C49C3A27A57,0.21273614117865808
CC_2C4D184AB761,0.05566403130576143
CC_2C4ED13A4801,0.06252387368572182
CC_2C51344B19A3,0.14260062946130506
CC_2C527F461F50,0.30531432905767864
CC_2C5D797C03EA,0.18236806253560633
CC_2C5FB4EEF945,0.15276858808801821
CC_2C612363DC5F,0.06166560907435612
CC_2C657F02A545,0.15881661737855055
CC_2C67021F9D88,0.3954838512665543
CC_2C693F3A3023,0.044086445952298686
CC_2C6A83979DC4,0.2075065193933498
CC_2C6E37C011A1,0.8105395074009245
CC_2C7403D8B7E1,0.13741464905036374
CC_2C746C074609,0.05079359538477788
CC_2C7825D7B256,0.3571136760024852
CC_2C79E82452E9,0.10428770629816679
CC_2C7C20162846,0.18748108971385152
CC_2C7ECAA06932,0.07852548479464207
CC_2C7EFDC81D44,0.6803998662578602
CC_2C80938DFA7B,0.0658101590511411
CC_2C84F4B234A4,0.12527938855416448
CC_2C86D0B6EA06,0.1065085134689936
CC_2C87C4F6BAA7,0.09047310532255712
CC_2C87E31CA8C3,0.13789550112758348
CC_2C8A9A111BC4,0.0467338741154836
CC_2C8DFB421006,0.060022617618013904
CC_2C90F790C84D,0.05966132059837901
CC_2C921CEC3EA9,0.07960812877321048
CC_2C93FA55D33A,0.058249763961816026
CC_2C954FCC0FC1,0.07608908478971635
CC_2C9717AF64CD,0.11484729273482411
CC_2CA1CDBD64F6,0.07320267520120398
CC_2CA4C59676BE,0.1941459620128572
CC_2CAF1C83A38B,0.07514910642572714
CC_2CB73602991A,0.22142203198123625
CC_2CB975354F27,0.07969454929559808
CC_2CBA80629B52,0.21107260927486404
CC_2CC03BFD4452,0.0628000795565094
CC_2CC108594B96,0.04793390539512109
CC_2CC173384605,0.45618950407475084
CC_2CC225D6E637,0.3972249056240784
CC_2CC79A01F56A,0.1167268512584341
CC_2CC9859F761E,0.06183855461316632
CC_2CC99D3623BC,0.23996530570794566
CC_2CCAF30EB2E0,0.5620112072601468
CC_2CCBE8D58D76,0.07663566314540313
CC_2CD064F79DE7,0.08147894314001412
CC_2CD127564FB3,0.25950209944071617
CC_2CD309BF0597,0.16940396666744373
CC_2CD38B95592C,0.598124500207055
CC_2CD3B74CA144,0.13303505648851374
CC_2CD499505A0A,0.18655380673847857
CC_2CD4E0713EB4,0.13274182339772014
CC_2CD92C78B5C0,0.6331552623712952
CC_2CDD4C16C8CE,0.33240880359244895
CC_2CDD9EB83A8C,0.08937127674467221
CC_2CDEE415E376,0.1374874543414091
CC_2CE6BA5339F4,0.772209505525102
CC_2CE6C1908ECD,0.16900598609464654
CC_2CE8371BAD6A,0.1374542168616864
CC_2CEBA10E5F5A,0.13484173134316568
CC_2CF098FCC43C,0.11900665436851551
CC_2CF16590D2B3,0.08707814576817716
CC_2CF239B06EF8,0.3822813965069908
CC_2CF2D65C5644,0.747119663396653
CC_2CF75D4AF06E,0.24569830394639564
CC_2CF92625649F,0.29647650688123395
CC_2CFA418D4DD9,0.23555297811353954
CC_2D00DD444AD5,0.09451156130415378
CC_2D08C5363AAF,0.12719622039952938
CC_2D0B32B5B569,0.191480219943945
CC_2D0BE664E7D3,0.20356829008473798
CC_2D0D8B6F5D11,0.1706215062780209
CC_2D12B08BE908,0.6540037086622784
CC_2D13224B403C,0.08667933976653965
CC_2D1815393DBF,0.06045487486533015
CC_2D1B85E04FB8,0.6814225602461308
CC_2D1BCA2CA783,0.3878627277567994
CC_2D20FA0A7B3A,0.11348151333364345
CC_2D21ECF5FF2A,0.0823670335217295
CC_2D25FD8EB5A8,0.7373290418851084
CC_2D3017E5AEBD,0.17330472818349799
CC_2D306C4C9E00,0.10078322846500398
CC_2D3396DF4087,0.03469455937626193
CC_2D38C6E7B1C3,0.26256524684083954
CC_2D38E94C3590,0.1037663061488229
CC_2D3BCF7FBBC0,0.19596783467022463
CC_2D444F8B975E,0.0721882682625301
CC_2D4546FD4087,0.09900152186402839
CC_2D46153D829A,0.07076964777417069
CC_2D4BD54A487E,0.09777229952146996
CC_2D4D6B898329,0.6164150814780962
CC_2D5295025C74,0.324587097939072
CC_2D58565A81EE,0.13215440766567713
CC_2D5BFAC25208,0.07493114772520262
CC_2D5C35DDCE45,0.06968395213751727
CC_2D5D7012994C,0.1491245792107198
CC_2D5FA21AE5AB,0.2586307914812794
CC_2D5FAF78541A,0.09354939016229682
CC_2D632944D6DF,0.10812282010345872
CC_2D642E3BF053,0.17460327336818465
CC_2D6540B99C53,0.17732243036227416
CC_2D66878D5798,0.11877531879267358
CC_2D67F294405C,0.6420016974297758
CC_2D691B073531,0.1750546502644597
CC_2D6AEEF9F3E9,0.16431259877877274
CC_2D6B98DB8DE6,0.10579121319854286
CC_2D6B9A5F8987,0.09667551355244638
CC_2D6DF1670672,0.16236285141749643
CC_2D6F273914FD,0.06019617174971738
CC_2D721F717432,0.1664119758132267
CC_2D7242991DFC,0.05845845202412797
CC_2D73932FD82C,0.16517440632865868
CC_2D778357ED85,0.07713727794841181
CC_2D78791260A4,0.18415347373077778
CC_2D78D2DA287A,0.16800290686143932
CC_2D79A857E244,0.14805586727332712
CC_2D7BAA42E57D,0.09237106621766847
CC_2D7C9538050D,0.08499960336818826
CC_2D82D146A401,0.16004813957073089
CC_2D831386A5C5,0.20287810106988804
CC_2D84D93901B6,0.3267235233487403
CC_2D854C4C03D7,0.15940775656256662
CC_2D88250B2326,0.12303446213844674
CC_2D8A9FD65361,0.15870971067581902
CC_2D8E33263E8E,0.1369853050938173
CC_2D91333BB7BF,0.22563512442648714
CC_2D93D7400BF8,0.060756991069422964
CC_2D946EF3791D,0.08655063623988937
CC_2D94930029D7,0.045158268785001524
CC_2D955026F1F4,0.14191668483144312
CC_2D9746485999,0.18612902105951784
CC_2D998CFCABDE,0.09919225877387904
CC_2D99C6598072,0.32687711497210536
CC_2D9F1235E061,0.056370205982097764
CC_2D9F28BE8674,0.10849140980483982
CC_2DA6193DE53C,0.22374165372937288
CC_2DA6BA71F10D,0.16572069011437637
CC_2DA88800EB36,0.06663953458477949
CC_2DAE7AA7097B,0.14542082393476236
CC_2DAECF779A51,0.4316976905962363
CC_2DB0391E428E,0.17197883852853257
CC_2DB05C999570,0.16452540301924823
CC_2DB2993E34EF,0.06780283905889542
CC_2DB2C026EEEF,0.13490107098284146
CC_2DB90BDBAABD,0.16587999800164027
CC_2DBAC547CBC3,0.1194934923461995
CC_2DBF419A09C0,0.05747286520313594
CC_2DC3C76969E7,0.669857892363301
CC_2DC6BDC4890C,0.06409666522333582
CC_2DC9FE08E704,0.10246861008185752
CC_2DCDF3560118,0.2812082620615212
CC_2DCFB2A4246D,0.48764188248119034
CC_2DD1F2CC3007,0.15204104804588528
CC_2DD1FCB21212,0.7409116101777588
CC_2DD33FA725DB,0.18002119084534285
CC_2DD4DB088467,0.12144410827034993
CC_2DD5EEC161CC,0.367260167359175
CC_2DD63D92892E,0.187398529059145
CC_2DE1DDDC4CBB,0.16418440745062832
CC_2DE503EC1CC4,0.3493283837099933
CC_2DE61872456D,0.1848052100150106
CC_2DE872EE7506,0.6087836201896476
CC_2DEBC2A150C5,0.07401198458583283
CC_2DF1342EE3E9,0.08521994178298983
CC_2DF2C9888F88,0.05331386231651751
CC_2DF47E34AE28,0.1646519521874778
CC_2DF9AF8A8B95,0.2186563800019413
CC_2E000E335FD8,0.12731624454281612
CC_2E04253A48F0,0.22359192649945864
CC_2E04B760DF9B,0.08023594979949863
CC_2E13711D67BC,0.09085746945713488
CC_2E1D3CF2DB08,0.09631543477283995
CC_2E1D5964770D,0.33406571784921757
CC_2E1F6982F0CC,0.0675607154133191
CC_2E208C8F8870,0.7449960898417716
CC_2E20DC8464C8,0.1448744888774802
CC_2E22BEBE78F8,0.26428647980790376
CC_2E256D5D842A,0.14965123081902898
CC_2E2657109B1F,0.049562701588682354
CC_2E290095B659,0.05570971428159679
CC_2E31CC93F4A8,0.12897797274031314
CC_2E33C61B82A3,0.10768382344088108
CC_2E39578A665F,0.043090042867958825
CC_2E3A0FA9E38C,0.5585939523367378
CC_2E3AA4971393,0.20318409000759668
CC_2E3C191DB6AF,0.20412869734477418
CC_2E3DDB548FFD,0.642373495446979
CC_2E3EC93FF914,0.26312241122496804
CC_2E431B24495D,0.0712700892269341
CC_2E44F6F08938,0.2048854830137267
CC_2E4539A9B744,0.0760023458488536
CC_2E5262054502,0.17447171561817998
CC_2E54A8C4A3B6,0.09062379275038106
CC_2E57CC3E159D,0.13577046614093485
CC_2E593C08CB03,0.20026919612683583
CC_2E59A8E296AD,0.4043917884981966
CC_2E5B360FB5F8,0.12276929188082142
CC_2E5E4933EDA4,0.05179104244418529
CC_2E6547232192,0.046866506076435874
CC_2E68006F8F9B,0.20977855600979955
CC_2E69A6CFEB80,0.3247049418233874
CC_2E6B214CEFD7,0.07548401133099628
CC_2E6E6B420C77,0.18243981689652022
CC_2E730952591A,0.045938224058764146
CC_2E7449607209,0.04322912852583959
CC_2E74535AD4D2,0.19681303381747586
CC_2E79EA5C6D58,0.1430056694807174
CC_2E7A347ABE12,0.050791542665786026
CC_2E7E38443246,0.12714731194613743
CC_2E7E6B6FFA13,0.2250755352028047
CC_2E84171801AF,0.3147309385936444
CC_2E8A3D1E1897,0.07838780995862746
CC_2E8E2E271A67,0.6451136243836064
CC_2E8F5B64ED91,0.05111351417226885
CC_2E90EA86D135,0.13895278736567016
CC_2E9918F1C76B,0.16826581196308563
CC_2E9933664A13,0.14526642344227175
CC_2E99361595B1,0.0791338461936282
CC_2E99D48B372A,0.12671676509157345
CC_2E9CF4AAAF99,0.14905514848077284
CC_2EA87F09556B,0.09940730060964528
CC_2EB290D7FF89,0.12792730895946294
CC_2EB906496266,0.03979244167779417
CC_2EBE85F769CD,0.16909753953555734
CC_2EBE98029D3E,0.04562133150539841
CC_2EC8FAE6E3A2,0.2954554440939845
CC_2EC94019CFFB,0.2809128216792115
CC_2ECA0DD5038B,0.05634331083113364
CC_2ECE3EAC2E6C,0.08707633405785371
CC_2ECF6AB075B5,0.7033550781177458
CC_2ED03C9CB409,0.056800784252737865
CC_2ED22778FC7E,0.7479252685540455
CC_2ED6A45A1D69,0.21090660918826515
CC_2ED6F5F99ED3,0.05800565609499749
CC_2ED845AFF0D2,0.0642931733770877
CC_2ED9D02F8E87,0.07226605355395169
CC_2EDAA5ECF6A4,0.12485201994979225
CC_2EDC42887989,0.2589436792259605
CC_2EDD75E45FAF,0.21011931492767685
CC_2EDE398239A0,0.11200399313098175
CC_2EE08F42D91F,0.49755862350149266
CC_2EE1972ED27F,0.09678574586541652
CC_2EE583D3EF44,0.3050474873128991
CC_2EE5C3B85AA5,0.10788630972980588
CC_2EE87E5B7E2F,0.17632412564038735
CC_2EEB916E20CA,0.12058509003473752
CC_2EF30C1CEB91,0.21261061748535232
CC_2EF7182E2BF9,0.08395195203827353
CC_2EF95A9978C3,0.1269604281222923
CC_2EFAB98EDE2B,0.15157993417842855
CC_2EFB42294929,0.1445791362281835
CC_2EFD90CE7B0E,0.174895225180816
CC_2EFDCB6FC7ED,0.0746123562504347
CC_2EFF75420010,0.0648898903049454
CC_2F02BEEB9775,0.43025274684754766
CC_2F043E78A406,0.10627171933854654
CC_2F089640D83E,0.11896203450186689
CC_2F08AD35C4FB,0.12608531003634324
CC_2F099FBB60F8,0.17844502510513777
CC_2F113A04B642,0.1492234878726812
CC_2F1176C371C9,0.16277595245487556
CC_2F144FCB5E23,0.1675554453258228
CC_2F18DD78E5BA,0.1803674636879398
CC_2F25812A06EA,0.14578238569891833
CC_2F2B15F192C3,0.270901761019419
CC_2F2D0C450F85,0.06850810186000764
CC_2F2E6C2D77A7,0.14646020855444392
CC_2F2FAE950154,0.16261781703373598
CC_2F31C111DB2E,0.07295294694100402
CC_2F3A2BB45E66,0.10160557696214582
CC_2F3C75196B8D,0.07065138724275523
CC_2F40BC5DB112,0.10679092187985628
CC_2F44A9B2379C,0.6120840436274879
CC_2F4B10D3427B,0.5219336735317095
CC_2F504B6DFD32,0.6422332951173104
CC_2F53C9AD59E2,0.7526046475250244
CC_2F555E4BA882,0.058941595376024114
CC_2F5B18CDF78A,0.1257407513257722
CC_2F5C97404761,0.31876220193054305
CC_2F5EAA49FD38,0.2945478649619857
CC_2F602EF38556,0.7495654946782032
CC_2F612BAC4F08,0.06406737468190826
CC_2F69A306B58E,0.08868556067581332
CC_2F6C3939ED89,0.036714193203353375
CC_2F6DECFB8D76,0.1599644944026595
CC_2F79ABE6BC6B,0.49758811992033236
CC_2F7BC3D82FD1,0.1349416351838928
CC_2F7D8E78302D,0.09211522109374241
CC_2F89396E862E,0.12474409684345233
CC_2F8C373C6081,0.1067784207729269
CC_2F8DF69B5B6F,0.1018696385562815
CC_2F9037DDD23F,0.1444294520369174
CC_2F97DCA53BF3,0.24145337568775638
CC_2F9968E03D54,0.6362168589177294
CC_2F99B69B3F49,0.5304606216262965
CC_2FA4167ABC19,0.3589833065456256
CC_2FA486737C14,0.050770782328995887
CC_2FA7FA864E38,0.1296229916277299
CC_2FA80E799A66,0.08778273231660769
CC_2FA86C317391,0.11001636363231679
CC_2FAA444CE574,0.18932792079103616
CC_2FAAEAD1E33B,0.19078787214763773
CC_2FAB1F780BC7,0.05605219016349801
CC_2FABB6EE39C9,0.2032884212416704
CC_2FAF4A7467D9,0.06592776700135407
CC_2FB290AE55E0,0.41204052968803107
CC_2FB312DAFC44,0.7470448658343495
CC_2FB32A3743B1,0.05747272054191562
CC_2FB69C916E38,0.13484609062160427
CC_2FB88553E208,0.12942265247934753
CC_2FB98FF179AC,0.09727942590293576
CC_2FB9F42747D2,0.22763238198684657
CC_2FBB635A2D87,0.17748228321833834
CC_2FBD6BF2D95D,0.5973361695379926
CC_2FBFA0666C04,0.13652335473112287
CC_2FC59A5CF27D,0.06932682432951563
CC_2FC842A9C2AB,0.09844138002245
CC_2FC8449DDFD0,0.05307310617223132
CC_2FC984759B8D,0.1638432510633083
CC_2FCAC10C92F2,0.037717281073398064
CC_2FCE1A5D8D59,0.3625781163056968
CC_2FD0DF441175,0.21280602989935513
CC_2FD3A335F753,0.663021714657664
CC_2FD88A851C60,0.41317116270288234
CC_2FD8F3461DF0,0.06558726143431678
CC_2FDC0028F67F,0.2141707363569126
CC_2FE151CFE170,0.11299927438613848
CC_2FE1B3B96CFC,0.4223913489664075
CC_2FE3F5290050,0.1682458544884838
CC_2FE86034B4B0,0.09461540454803055
CC_2FF14670F36F,0.043172128813709264
CC_2FF5C17609E3,0.21660146259884408
CC_2FF93B142970,0.054368894772008666
CC_2FF9933D2EC9,0.07464961006143214
CC_3002D186CF64,0.48100540771088574
CC_30089430A812,0.41740027558532644
CC_300C90D79FDE,0.7427382587174076
CC_300D3D4EAE5B,0.24328858533738193
CC_3011A49D8F46,0.2019976773889912
CC_301558E72CC8,0.15441297302717388
CC_3015E8E8502C,0.1621229133029038
CC_30187B6CBBFB,0.06893854880422665
CC_301AF08C6D6D,0.6273519326378151
CC_301B934F5063,0.7037490040173104
CC_301E9FBF5EE7,0.04462431805718019
CC_3021DAAD0406,0.054580392829061394
CC_30225D5A1283,0.1110685048096863
CC_30250C44C9E9,0.0690733295422564
CC_3026D0E47D6B,0.4996980063970593
CC_30276B4736B1,0.06218664179289894
CC_302C74EC1CCB,0.07515436162712577
CC_302EDCDB3AB5,0.3981089311944615
CC_3036511C57F9,0.14437055966537202
CC_303683C15916,0.07739131869100996
CC_3038119DF154,0.2359146116829113
CC_303960822BB4,0.7613983569159912
CC_3039996D5E01,0.31784666089252367
CC_303D03F16949,0.164743567609763
CC_303DCE7967DB,0.7096011733157337
CC_30427F5A6323,0.16089834555901578
CC_3048ECC6A1D8,0.0926368908306101
CC_3049B6510798,0.06361477572292495
CC_304A38A7F24D,0.1006019418115732
CC_304B1B877282,0.23050194688412268
CC_304D2E6B41DB,0.038433475460007624
CC_304FE609229B,0.45159610884772833
CC_3050B810A807,0.13102517019919308
CC_305316671265,0.3646263754217568
CC_3053A571FF7E,0.11225782335986075
CC_305E70BA7C13,0.11016297792601278
CC_305F6A86F1B2,0.17870429523919862
CC_305F6EE0CF51,0.11856599386996562
CC_30601EE5A5D8,0.13285928019188728
CC_3062DF827DC0,0.23843096154137097
CC_30664214960C,0.37611965984312123
CC_30686A756335,0.1329197646278791
CC_3068DE4E9268,0.07980682174165278
CC_306929E45492,0.30110457404729185
CC_3069852D1966,0.5143381589713132
CC_3072DCBA094E,0.22166487804722473
CC_30767547CE99,0.04905726915694282
CC_3078FBC5B6A8,0.12604764180592315
CC_307B0C37BFA1,0.2488865712901262
CC_30851ED6085D,0.4061721487242864
CC_3085785DB82B,0.11959731066022336
CC_3085E2603C30,0.13039693400717545
CC_3085F968D52D,0.10628591944041746
CC_308797A88E47,0.1268127461050193
CC_308DF23FAD21,0.10798882939754298
CC_308E030D193D,0.09330680960143131
CC_3091A2176290,0.13796504473036758
CC_3093DE4E4D56,0.1602735530506893
CC_3094529729A8,0.1081256533267256
CC_30962431A610,0.1246515222385981
CC_3098644FA268,0.04850362276310626
CC_30A211030FDF,0.07300900446346639
CC_30A444AD767F,0.19689987006161205
CC_30B0B774B8AA,0.07689712457000038
CC_30B2E0270E37,0.1955581043253821
CC_30B770F35DAC,0.13874619218587472
CC_30B7ECDE07D0,0.15708449707219566
CC_30B97F22AAE7,0.669269483103607
CC_30BD9FD0C87D,0.07023964526632012
CC_30C15194B7AE,0.05236977337383604
CC_30C6EA27CDAC,0.19004532789678408
CC_30C9E92A25F0,0.07385255009172474
CC_30CB8ABEE42C,0.16860853938973538
CC_30CD1B9D0C7E,0.06971232237707661
CC_30CDA9CB4D05,0.04772646232060437
CC_30D5BE9E8652,0.547920925481022
CC_30D67095E918,0.3576999701889863
CC_30DA11D35043,0.06714248099120879
CC_30E0338EC333,0.054746104212240285
CC_30E6D12BE19B,0.15240166965967944
CC_30E6E919AEC5,0.11621648960748314
CC_30EA871F367B,0.11600254037700779
CC_30EB9878FB4C,0.3235218039829657
CC_30ECCAEE0F0D,0.060685043408000225
CC_30ECE8892C31,0.08233280970458902
CC_30EDDEBA2BD2,0.047782034032475794
CC_30EFC45102AB,0.0729638029299866
CC_30F12BBB0452,0.5878861183768611
CC_30FB470CC524,0.1657243089201642
CC_30FBDB04821A,0.2544956486399221
CC_30FF1A8EA15A,0.09073958160482981
CC_30FFE264A690,0.12003544768243465
CC_31031864F9C4,0.1597165921993101
CC_3109BD787651,0.18061844209239414
CC_3109D06DD185,0.12927252830214245
CC_310ADD4EFBDA,0.33898347903414117
CC_310D869C6696,0.07688290243961142
CC_310F76745BC3,0.7602671457571533
CC_31105C8BD1C8,0.0759183364892958
CC_3111BCA7BCEE,0.18894073070125242
CC_31148413CF8F,0.07671920547145031
CC_311DA4368876,0.11183279371049201
CC_3123CF015F76,0.11599970813797147
CC_3124941A45C4,0.7367524355636925
CC_31252D578834,0.5756767026675427
CC_31283EF4480C,0.4617711048979964
CC_312DD976F63E,0.47040575848785443
CC_31329ED18379,0.286534189035934
CC_31370C746AC4,0.1073853460445405
CC_31421F6B91F1,0.12965306942330704
CC_31422EF66BDD,0.158255532421421
CC_31427A1343A5,0.6764464048716945
CC_31431C911EE5,0.39007685147893795
CC_3144BECD6CBC,0.6920712464020427
CC_3146B3A91B9B,0.09221928338415206
CC_314EE2A14721,0.07857655352676149
CC_31518250CB98,0.0645210949732366
CC_31530486F0F3,0.5069523144213821
CC_31596CFB1EC2,0.3728165734741758
CC_315A944CF632,0.7176783820733876
CC_315C315CAD62,0.14291836382283796
CC_3167FE241E1D,0.11884044845336998
CC_3171E08D6616,0.07662193387823883
CC_3172629C6277,0.0758587464805103
CC_317423FE101D,0.46424599475087014
CC_31750349421C,0.09742033958768337
CC_3175920B9AA6,0.18099835171104212
CC_3176195B68F7,0.060107326289660354
CC_31771B6CA092,0.32603310399079655
CC_317D9897E502,0.09877190388219523
CC_317ED8B5B0F4,0.15157803761188465
CC_3180003CE691,0.11888502887603145
CC_3181B58BAB86,0.5113321066637865
CC_31820568B5E4,0.159463147934851
CC_31885F01F804,0.08107313883673328
CC_31903AB7A058,0.10727492006475754
CC_3195D8A9F7E7,0.7412430215871619
CC_319646E9BF1A,0.2569710068113886
CC_3196B140C845,0.2335283219653494
CC_3197630E0190,0.18298797250922472
CC_319765D38893,0.17765096507001382
CC_319C4619E111,0.16605425917320585
CC_31A0F4D11C1E,0.6953705403318444
CC_31A521803204,0.07195441871951619
CC_31A796219C5C,0.0888597236135269
CC_31A84FAD3326,0.21478840126967497
CC_31AC3F7F532C,0.38351789059452585
CC_31AE73EAA21B,0.08982061770004508
CC_31B22CBBB5D9,0.17407047562928496
CC_31B31D66D6B5,0.16878756442180262
CC_31BC0F05669D,0.10634336176831564
CC_31BF0630D0F6,0.22784560461923037
CC_31C73750529D,0.1346789026837298
CC_31C74DB3E553,0.1489969540461349
CC_31C8A5FE5ABF,0.7162022768808686
CC_31C936FA6F7C,0.1457247104644473
CC_31C9894FDA7E,0.4300689807144229
CC_31D4B3CD9CE5,0.08610230978399915
CC_31DB286EED01,0.06949756811880073
CC_31DBCF532798,0.17719034347512203
CC_31DCB58CF8EB,0.6170173996344616
CC_31DE284B7633,0.15978383627474624
CC_31E04C7A5782,0.045968511920149877
CC_31E84D4BF5C6,0.21582736173247338
CC_31EBB193B68A,0.15299470692050976
CC_31EF82DB48FD,0.5687918017368223
CC_31F30D9DB99A,0.09474827771544848
CC_31F37B08A5C2,0.12320248258042026
CC_31F4949195C2,0.08244223332296335
CC_31F546795669,0.09483314754997804
CC_31F70041B654,0.04055864382853514
CC_31F73F35EFBE,0.06999180076661424
CC_31F9234BEAC3,0.11584038610990058
CC_31FA9D656547,0.05696114424948813
CC_31FC6FA913CD,0.048654376518503385
CC_31FD0A0F8E47,0.08483410324788025
CC_3202CFACD598,0.7483064121664642
CC_3206E1AA4187,0.04435135287016692
CC_32078AF802C7,0.15876914788847962
CC_320828540413,0.18543761915186546
CC_3208CAA07C8C,0.0674191672549522
CC_3208E72F7AFC,0.10465519412661797
CC_320B7D8A811D,0.041926250724491756
CC_320F5AFC26D3,0.6280330302456484
CC_320FF6099EEC,0.11947028178497347
CC_3218D98BE40E,0.14563655524982416
CC_32199B877A9B,0.0865866529041197
CC_321AB2B57ACC,0.14392369176358916
CC_3222E26640A7,0.19002895001055578
CC_3223669816E1,0.5245347882619632
CC_3223A9333DE8,0.39447632936618454
CC_3228457876FA,0.20339812170000204
CC_322D9FB78146,0.346256623473307
CC_322EF0BBDA71,0.21848431258599618
CC_322F15DE53FD,0.10330672501590987
CC_32311E094DDC,0.06532343659946101
CC_32397691C738,0.06645414538840047
CC_3241CCF65635,0.12521336958000234
CC_32448B202D73,0.25121352728277735
CC_32467BC53843,0.34970866929587163
CC_3246FE4CC4B2,0.0930782812728268
CC_3248DED1F983,0.20508368633844182
CC_324B2ACE8374,0.137158402772384
CC_32518CC25E28,0.08632881361707131
CC_325311FE672A,0.15569269656336537
CC_3254AF1B2FC6,0.17400208676046044
CC_325556272813,0.24208610275204595
CC_325D18BBB733,0.07128819904335135
CC_325D8695FB1C,0.19780340993697038
CC_32621AD8E195,0.08958682229092056
CC_3263026C57E3,0.09032152596465728
CC_32645ACD28D9,0.05963873341600488
CC_326B49BE3BA0,0.18185921071408442
CC_326BC9BCEABD,0.08324240585765602
CC_326C0F7A5060,0.5460607824480879
CC_326EA5883D87,0.12228622668166433
CC_326F0018D707,0.5153023055728555
CC_327384EAB544,0.06273557136850691
CC_327475DF847E,0.16805060379021136
CC_327518E6508B,0.09979463257257881
CC_327B9345E789,0.23345721529671737
CC_327DA000919A,0.08567562457709371
CC_327F80D4EB5B,0.43693717779838603
CC_327FB9CAB049,0.15368470915058208
CC_32803827EEF8,0.2518701910721242
CC_3284B0538C9B,0.12493845723308865
CC_3286FA567F95,0.722022684160245
CC_328714732378,0.31587249721060523
CC_32876202CFD9,0.1418179790119868
CC_32876FE63F58,0.11157452865732347
CC_32899868EFFD,0.1392412812114466
CC_3289C0E69AE5,0.19577672815520883
CC_328DCADAA10C,0.09037574134405604
CC_328E23F443F6,0.073769293499044
CC_32925B204FD4,0.5875621286609286
CC_32955270159F,0.6253237784296048
CC_32959DE9762F,0.39227706304073984
CC_3295D854CD34,0.05370995706707517
CC_329993E9196E,0.092605882176073
CC_329AE0372642,0.26949952576103964
CC_329AE0C2EAC7,0.4357535798209347
CC_329DDD379D8F,0.1332349235449232
CC_32A53BC0E9D9,0.15447046261529068
CC_32A55EB660DA,0.17513357048608708
CC_32A66A08A4F3,0.07516748474527575
CC_32A79E0765C0,0.43211787179037486
CC_32A7F9F5D94A,0.38228676672489836
CC_32ABBEC0E349,0.5815582038400311
CC_32B30963B9BE,0.5215344057816347
CC_32B39527ABFC,0.35247316750560204
CC_32B7BBBFF3D3,0.6550295043638943
CC_32C2CDAE2FBC,0.16528447846619815
CC_32C38C068A1C,0.1132166032578638
CC_32C53C15599B,0.2936688581893136
CC_32C814285D57,0.3843597374288135
CC_32C86F8262EE,0.1594079515521498
CC_32CB14D852D3,0.13176813226555398
CC_32CBF79A0BCF,0.13995926628987565
CC_32CC81EDA9CE,0.22568274453326803
CC_32D05B93B952,0.22165996267105506
CC_32D4B2BB94B2,0.07882949044024602
CC_32DC6577BC04,0.0877632683843695
CC_32DE6036FB04,0.16873168540441247
CC_32DF6D3FE6C9,0.6012180011546194
CC_32E2858F9CE9,0.15556704379498787
CC_32E31418F328,0.6563962222067403
CC_32E78ECF8FBE,0.12183527992775885
CC_32E872638DFE,0.12607295507623978
CC_32E898C00242,0.18655382604998247
CC_32EE045C403F,0.11057804640470004
CC_32EEAB665612,0.05286185005055265
CC_32F7B2C11C99,0.3603569260244172
CC_32F9EB31A8BB,0.171974718489257
CC_32FD250F5D76,0.04979310031414543
CC_32FDACA4D56C,0.20920290834436014
CC_33023075B02B,0.04508207974939475
CC_330876B820DA,0.09499729331817194
CC_3308F59BA9EB,0.08993214753884089
CC_331094A6CDE1,0.12438752805157163
CC_3313F092D5B6,0.11928275675075584
CC_3315085EBF37,0.7208615307667332
CC_331AADDFDE06,0.2520243145965291
CC_332540747C9D,0.04417823038637
CC_3328934D3ED0,0.10249225469908216
CC_332B4AA5CEF4,0.7569411249962603
CC_332BF19A2D71,0.21755109211196846
CC_332C450218E9,0.1039427499818237
CC_332E266FDDA0,0.21446166013894455
CC_33332E49E1BB,0.06283395846340267
CC_33391B5FBF24,0.39561509732505834
CC_334A47399A2D,0.06081546349305452
CC_334D608B90DA,0.2762817921259976
CC_334DE0E39314,0.09501752821923805
CC_3352898DE878,0.09987780856417522
CC_33542B16C504,0.5803754542164669
CC_335C040063B1,0.0855593213174755
CC_335CC6AC1E43,0.12495380743590301
CC_3367F590A328,0.14136899701465375
CC_3368E5622465,0.06350770280364756
CC_336DA9E5F038,0.05678996746570325
CC_337087C31962,0.17441901612528868
CC_3370940BE984,0.07470041732109885
CC_3375753645FF,0.17220036283515766
CC_337830C6EDC6,0.19701053637569288
CC_337857EAD5CC,0.10553059569763838
CC_337863E76B3F,0.11465143432112246
CC_3378A03A24A8,0.3001004237012395
CC_33799F9A52C1,0.16771579746969306
CC_3379E92DDAE6,0.27967975924402155
CC_337AAE7EA967,0.0967149058773811
CC_337BD3903520,0.04984462138034361
CC_337D8A86F4B9,0.24984158993039904
CC_337E2F6C623A,0.20682185543188902
CC_33808A09956C,0.2054682942564257
CC_3383C4B36D42,0.689137920035143
CC_338506A3E9D6,0.21923357109727287
CC_338700DDFCB2,0.2535104875559354
CC_338F0AB84D2C,0.622226847018685
CC_3397C647F272,0.7379778258031876
CC_3398286DB808,0.36215771489323717
CC_339E87F9EE65,0.10823553958019032
CC_33A25484EF15,0.19270579098763452
CC_33A28D6AFB13,0.1940217987512362
CC_33A2FB867172,0.24860576509912624
CC_33A7B5F7B93C,0.11217047693618405
CC_33AA441C619D,0.2996909558952114
CC_33AA5AA7FCDA,0.11133832861997812
CC_33ACCB17E845,0.20138350872649008
CC_33B51FB8628F,0.0979498614285223
CC_33BA99AC904D,0.1633494537389633
CC_33BE34E6D6EF,0.7279236996389085
CC_33BFD8084A11,0.07577941517729843
CC_33C500CFCFCF,0.09890150305600305
CC_33C8F03530AD,0.22000198971050758
CC_33C8F2B61422,0.28444318813318725
CC_33CB15D7AE6A,0.11140883834518944
CC_33D0AE884AEB,0.20507592341875552
CC_33D2656A7D64,0.20897125606821682
CC_33D6966EADEE,0.0938425630825643
CC_33D840D2BB45,0.143116641345517
CC_33DA3463ACB6,0.12716406698363597
CC_33DBBD8AA5CF,0.12486974435645985
CC_33E06E659CF6,0.11052571606063484
CC_33E2AB2276B7,0.43551950830044134
CC_33E31B37CD5D,0.3389895820880059
CC_33E353C45163,0.04146731731639215
CC_33E7BFDE8896,0.11504556618582393
CC_33E8E53E6653,0.06865459499825628
CC_33ECAE64AE33,0.13194639983468032
CC_33F0B7C3B50B,0.1595312846578294
CC_33F34CD65799,0.1539606147652146
CC_33F8D6A9FE77,0.16319622249646296
CC_34029724A049,0.05852822734164768
CC_340299EFBF98,0.13689808510400897
CC_3406EA201ADB,0.13473944530676488
CC_340BB9F39956,0.7103254536103595
CC_340F2209AD41,0.11440648590884202
CC_340F48C1FBB4,0.1698061266830074
CC_3414176F6060,0.18344743625932908
CC_3417E5ED6747,0.1599732455390081
CC_341AC28E1BB4,0.11649766298268557
CC_341CC8C960F6,0.7849595654414527
CC_3420AB0104B2,0.14225614911970338
CC_3420AC653C11,0.2324697485913691
CC_34270E2857B2,0.1780081793057675
CC_3428A4DDA006,0.1034837861227151
CC_342C2DF98DCC,0.17972541877347026
CC_342CA890711C,0.09592324757465029
CC_342CF45CFCBA,0.1032138535063433
CC_342DC03163FF,0.6496701929449198
CC_342E047D9240,0.13830143534228329
CC_342F51753436,0.19281298807475059
CC_343111D676AE,0.10689191798974931
CC_3435ABF83867,0.17590680421484917
CC_3438BA8308A0,0.5044258957231758
CC_343A710815B0,0.6687843667281628
CC_343D2EFE4852,0.070630043451025
CC_3442F95FACA8,0.10277566327627741
CC_34454ADAB50C,0.09321020920588591
CC_344776D2C24C,0.15052912200837928
CC_344BA6BC1E86,0.13658353510653204
CC_344E2F829C3B,0.15269775511453024
CC_344F3695920C,0.18733193883812077
CC_3450AB7DF352,0.11505281808909817
CC_3454BA11979A,0.049909943084433785
CC_34566836A067,0.1641396486495164
CC_3458964E10A9,0.05430766927612775
CC_345B5EF04127,0.21867795433162418
CC_345C692DE002,0.6204039527507179
CC_346089F4455D,0.11400791755476716
CC_3464A2A1D353,0.057518560525913844
CC_346FE80329BA,0.1595572340505293
CC_3475D933E003,0.21257781904840845
CC_347F97D35539,0.11170299831160084
CC_34835A300DDD,0.13854264830531485
CC_348E17972F0C,0.2545290863864612
CC_34921386E00A,0.06311837173958709
CC_3493F8EC0771,0.19227433079947193
CC_34A1CF339FF8,0.14688752865319107
CC_34A2FE23BCDC,0.058190965259762216
CC_34A342D8194C,0.31115969422402534
CC_34A519961DE5,0.6840705466475058
CC_34A663701169,0.163089080213405
CC_34AC414A6721,0.07162881937729706
CC_34AD788F537D,0.7161078582669699
CC_34AE2E59FEB7,0.1307585844358659
CC_34B449B04CF0,0.712219089897206
CC_34B4D80F670E,0.2001877963256557
CC_34B5DD9E5BAF,0.2515751964207441
CC_34BA7C3617A4,0.7817850807268022
CC_34C017698A96,0.28587975136665833
CC_34C0AB20D32D,0.37769264178067563
CC_34C2962C77C2,0.18669748475376954
CC_34C6BA8BEF62,0.09513293843361502
CC_34C79226EFE2,0.11653418345723551
CC_34CBBD792EF8,0.08482769379310254
CC_34CBE262ED45,0.22918975059795277
CC_34CE7677B7AA,0.1475059950737188
CC_34D1BA35290E,0.07134260711528564
CC_34D47BFC3585,0.3216447584124333
CC_34DB5DAC39CA,0.07059814227884184
CC_34DD16EDC0C9,0.37295041783909366
CC_34E3D4D4A7B4,0.21087511937202524
CC_34E7B5F2D2D5,0.6654736978318948
CC_34E7BEF1CB10,0.532407113646299
CC_34E82F236AC8,0.4045447138035705
CC_34EBE420D07F,0.17334016625188023
CC_34F1B3C54B32,0.17174421575913373
CC_34F94F840893,0.1382034548819877
CC_34FE8BACF725,0.1488154024577563
CC_34FE90DF910D,0.10018313309036828
CC_34FFECF388D6,0.7050845029153148
CC_3500519E2522,0.05035306188372805
CC_35009A2C8786,0.07020579580259975
CC_3508EA37227A,0.1526133660625648
CC_350A49A0CCE7,0.2238719043879322
CC_350AFDB3E4A4,0.07094541326621462
CC_350D75A96ED2,0.06773903822302854
CC_350E7FF8EBE7,0.618185686894537
CC_350F3B6E5EE7,0.08070108692330329
CC_35108FFDF38F,0.5338004403766652
CC_3512CF52CA97,0.06244844839301279
CC_351329975577,0.5626397484876913
CC_351783D185D5,0.26173064277999425
CC_3517BB418592,0.09461828567144097
CC_352101D49FA3,0.14615750476655975
CC_352348332285,0.06877521248199794
CC_3524B5FE500C,0.13144165321690104
CC_352B14E96C32,0.05840947831674269
CC_352D1F645A53,0.1209459397731532
CC_353169CA9A17,0.04006722672570769
CC_3531880AF405,0.5024803925096044
CC_353200CCB698,0.07148207382931611
CC_3535B47DBEAA,0.38680932078412383
CC_353816E7D9E2,0.18117899257105094
CC_353985FE06D4,0.06882564043786801
CC_353D51AE7F22,0.11142615199214753
CC_353D5DEB25F0,0.0552180113662467
CC_353EF85D5356,0.10157855790812984
CC_354D93B51452,0.07877449320986801
CC_3552FA56C730,0.34114344170359245
CC_3555A8B600CC,0.22317722465061096
CC_35574F651B0C,0.23147900641603086
CC_35577D0EFCA3,0.10759429103808602
CC_3557E8A59F9A,0.1814923827258216
CC_3557F469E5E1,0.16802354403689407
CC_355BEFEA0F51,0.1211845670197725
CC_355C31BC86BA,0.17062054904817398
CC_355E2F99F167,0.7490170005732163
CC_355EC5CEE281,0.28824462552812946
CC_3562B902ED01,0.25760089818898274
CC_356456DC01EF,0.08912349969746917
CC_35663E7412DA,0.3422358311484652
CC_356999CCA605,0.08889068249782325
CC_356C7FCD01DC,0.17103138489804612
CC_356CBE9A1547,0.09761336020220333
CC_356D13587AC8,0.07797225253776062
CC_357386140C1C,0.7485371529920924
CC_3573F8851211,0.19813509199545476
CC_3576D2B9250A,0.5262207763431507
CC_357B92E8140E,0.5591065239512667
CC_357CAF9CA0FA,0.6603918805273263
CC_357D7F2B3302,0.09979334941353397
CC_35800751E14C,0.18551911695593182
CC_35855FF36F34,0.5585098472840728
CC_35869AA38991,0.6928061737517748
CC_358C78688BD6,0.20541523754988975
CC_358D1F733AFB,0.58648143502783
CC_3590FF05862E,0.1709453684735629
CC_359662924B7E,0.16107996370937513
CC_359A0F5E139F,0.0437847959320339
CC_35AC38003B44,0.11137707728399462
CC_35AEAD4B6A34,0.04280664352478365
CC_35B421A476C4,0.14825964906776654
CC_35B4912CD6D4,0.27613134761392105
CC_35BA3D319A09,0.19880017976471126
CC_35BB8B2EE990,0.7283657887798511
CC_35BBD88A6D7F,0.162368843920764
CC_35BC16ADAFF4,0.0942230404561169
CC_35C021D92589,0.04298521048307912
CC_35C2BDC8ACED,0.7605703815262486
CC_35C6D9E254F6,0.24337502216418233
CC_35D121A08242,0.16252129920857866
CC_35D6106E8E97,0.055322848026690116
CC_35D722A16A46,0.049098633879369
CC_35DB2119FAC9,0.11705071824365251
CC_35E1B85105D0,0.08133809743141969
CC_35E3227EFA16,0.2159273308215494
CC_35E3E4C4ECF2,0.2627091631250166
CC_35E58EF02126,0.05941825349216734
CC_35EB917133A5,0.17368426438251813
CC_35F4BBD71FDD,0.20934437715349966
CC_35F61E1B8898,0.07174391151090202
CC_35F6F2A80F70,0.15031262797346992
CC_35FE42A77B08,0.2281748378319129
CC_3601B4F9A89D,0.27634199606248755
CC_360823DCCD45,0.09414293026724325
CC_361621ACEAB6,0.1525533604925271
CC_36175EFD218F,0.28786879354573586
CC_3617C8435722,0.2457380257437068
CC_361861C3C63C,0.08249921460266117
CC_361BEAE735FD,0.07770459275572694
CC_361CD397896F,0.39547208007123447
CC_361CE8DFB8F2,0.09604776457110584
CC_361E9CEE844E,0.12502566058547393
CC_3623208152AF,0.04766125119939159
CC_3629729C93EE,0.24099705679307046
CC_362B922B63D4,0.10772659224795189
CC_3632CF9A9FC7,0.5643095113580555
CC_3637709B8467,0.22299462521448535
CC_363B528ACE26,0.08077097116165406
CC_363BEA2F53BF,0.7637708639553304
CC_363E30C490EF,0.45827543937698945
CC_3640106494AF,0.3144225127567565
CC_3640A2DB9AF8,0.05653660102095731
CC_3641B3E9DD92,0.19370751710322343
CC_3644D19BE162,0.06791240374257528
CC_364A8036A1D9,0.7015664731933482
CC_364F837E4154,0.0852824051814082
CC_365306B2E2FB,0.1479513858974827
CC_3653C392691F,0.3453790092417937
CC_3654C8CF49F8,0.18779030444431133
CC_36569AC99717,0.542286481311589
CC_365789E96DA6,0.1456172013622925
CC_365977F1908B,0.13663600696247227
CC_365A8E1A2AE8,0.05216408459162279
CC_365B28C61768,0.30178619311868166
CC_366165139784,0.054560697524456456
CC_366312F32D5E,0.15826757364747332
CC_3664A1C47C7D,0.11980515342217705
CC_36658978DF48,0.06386582484818978
CC_3667A2750871,0.345891636955778
CC_36688B1EF976,0.0653951956669642
CC_3669155DC607,0.21053199279321025
CC_366BD3E346F5,0.07259695680227854
CC_366CFB3521AD,0.3702341532799303
CC_366D9E4A33E0,0.3287586106872726
CC_366F2212A730,0.056306614642188765
CC_36723AB4299F,0.14495418210137673
CC_3679F2799D53,0.12657787893799793
CC_367D3A611951,0.1287461233427916
CC_367EC8786186,0.7438749091467736
CC_36822E370AAE,0.5259416687677385
CC_36824A274886,0.05158254005495253
CC_36832B6653E7,0.1615129907209271
CC_3683D62EB70A,0.13664189774689844
CC_36844EA3868D,0.6436898135265834
CC_3684966D4A76,0.20173319937757098
CC_36856EF07C34,0.4059659603821582
CC_368C76E78D3A,0.5917220372589875
CC_368E147BEAFB,0.6497767516469111
CC_368EC61A3BD5,0.17310503166848776
CC_368F0DA6E3C7,0.1082276699517984
CC_368F4FB6DC33,0.6590500039407707
CC_3690724B9F42,0.6598969248602707
CC_36940D7F7E8F,0.06335226623084811
CC_3699F2C372E4,0.2698654888148991
CC_369D619165B0,0.7537412484106064
CC_36A391452CA1,0.054337986260750995
CC_36A92E638415,0.08685412612185411
CC_36AAFC0BDA2F,0.20109057363159896
CC_36AF942D1617,0.07975901441836045
CC_36B3AAB98DBE,0.14750091216078637
CC_36B834261002,0.664668465371189
CC_36BADE5D5F77,0.7378236878050191
CC_36BB14731B86,0.1273500897133302
CC_36BBF85BB423,0.17809157445843948
CC_36BD8BF45150,0.6752220850222139
CC_36BDF839C97A,0.07642198507899656
CC_36BF8517FFA0,0.09547099920178163
CC_36BFEA0A349F,0.41713363194186137
CC_36C148E678C7,0.13625235974846484
CC_36C25F6E64CC,0.1648362201994396
CC_36C3A88E39E6,0.5386302637726851
CC_36C580A99CA3,0.3853051559566466
CC_36C64D34F51E,0.1461347501659183
CC_36CD868E6B56,0.07583443114191676
CC_36CE0D376B2F,0.06276783814425635
CC_36D318E5AC0E,0.6034149028452902
CC_36D3A05B0CE7,0.12361150899737047
CC_36D558EA171C,0.04756913690402089
CC_36D9AC453BC2,0.05061193510574761
CC_36DD23FFA04C,0.17662580828637703
CC_36DFE7B297BE,0.09855341024885869
CC_36E11C3B7C40,0.20010716713218524
CC_36E236CA43E0,0.10096670295417902
CC_36E5A7F57F32,0.1932524260824758
CC_36E907FC2C5F,0.36131548127003404
CC_36E956F2B879,0.29823457295913297
CC_36EA972A994F,0.29820223137335666
CC_36ECAD497115,0.052512042718319885
CC_36EE8B3712E2,0.14696599383746933
CC_36EF3CB9D558,0.04706300644344582
CC_36F03DDC7EAC,0.08428366273067697
CC_36F0667A6FDE,0.14035201772808154
CC_36F48FD278D5,0.13640646321217695
CC_36FF34ECB262,0.06801236198356128
CC_370111102209,0.7442639934144564
CC_3701598458C8,0.3828104766173199
CC_370F42DA1D53,0.11506014269978607
CC_371280C119F1,0.166536227290131
CC_37178822CCA3,0.3375911253067963
CC_3718FEABD892,0.6695683974418618
CC_371D57969C23,0.13595003759882726
CC_371F3AB7A077,0.19672298434931695
CC_371F5C0F693A,0.3246787691580819
CC_372324064B14,0.09610731182853759
CC_3723AD008C9B,0.10999402949379995
CC_3727794DD8B6,0.04802090713693426
CC_372DA829DDB5,0.7184316066983707
CC_372EAF4554E7,0.06340898318225288
CC_3731475350E1,0.6520524239949549
CC_3734A2975C24,0.08705229427514767
CC_373A58E3B60B,0.13650375785148477
CC_373B5F29ADCE,0.2609298860983115
CC_373B652D08FD,0.21223171407839625
CC_373C67E639DC,0.11441732426940261
CC_373CBA62B6BC,0.0941778824421123
CC_373CFE6D075A,0.38254416740822383
CC_374440C69DE7,0.08709122931048982
CC_3744500021F4,0.5364405953022622
CC_3744FDA30D56,0.07218998100069708
CC_374621359005,0.21456303475359464
CC_3749054688F9,0.18833533537242844
CC_374A3DBF546F,0.7038644690332029
CC_374D1158BF5A,0.08066531157617898
CC_374F2567B96C,0.06914003394818449
CC_37502F0871FC,0.15125238141873903
CC_37505D4BBC5D,0.6141610598120424
CC_37543CBC6452,0.06523809125861911
CC_375554505BD6,0.7782326637607536
CC_375A1A65F74F,0.06092386786808514
CC_375A75D73FD8,0.6007093885705627
CC_375BB868D7AE,0.3563720749697205
CC_375CFD34507B,0.685012736421077
CC_375E4DAA38E1,0.13068425063881628
CC_375EDD794E17,0.772640017515142
CC_376348B568EB,0.28132035372920544
CC_376505F333C1,0.16068579430747193
CC_37684FC3D9E4,0.5934918958646918
CC_376CEB00C1BC,0.14841984572166936
CC_376D949399AA,0.050548470156024414
CC_376DEFB0A3EA,0.1696115778488691
CC_3772713D2B7B,0.13057225661671862
CC_377411AF4E68,0.07187031369409895
CC_377B30E92007,0.11243689910369628
CC_377D723D01D9,0.20764917007265743
CC_37833BA5191A,0.7127656674953122
CC_3784C09C70E0,0.10068760662324341
CC_3789812B3416,0.11498507886908285
CC_378BB2746900,0.07658687943076216
CC_378EB18643BB,0.10635600916913095
CC_37933E52C71F,0.5541125145133006
CC_37936DF180B9,0.08083201302101552
CC_37942F4E7B8F,0.12731086649395607
CC_379892085817,0.13541855892795898
CC_37A4B3F97F69,0.22243886354336895
CC_37A52199A176,0.05784861174457177
CC_37AA8228356E,0.06976076148990187
CC_37AA9C80C01F,0.0734506825419206
CC_37AB566399EC,0.04805690736737598
CC_37AE39620FAD,0.049143755091509256
CC_37AF76639F75,0.04602457769850326
CC_37AFA6A57226,0.40366139875582546
CC_37B27405710A,0.04900995873244394
CC_37B28F8573EC,0.1941766883727251
CC_37B463F68BEF,0.2071431225453301
CC_37B8653E92E0,0.16251260933809214
CC_37B94B4DA8E3,0.22487631902452562
CC_37B9A2C6D054,0.16566152035204085
CC_37BA87388D17,0.09858396857684174
CC_37C40AA2E44F,0.17718067997009818
CC_37CCBC27A220,0.18710011392608084
CC_37D0C55CE9CE,0.06595341305464134
CC_37D28222E186,0.5623870239481198
CC_37D46977FDCB,0.4849294167995447
CC_37DBB31C2D42,0.44495748482275327
CC_37DBC68F0DC6,0.8446613284556216
CC_37DE4FA7C35E,0.17145729925526404
CC_37E3AD9E30DA,0.5533069319456039
CC_37E3D7E057E4,0.08680851771948116
CC_37E4EFF37AFA,0.2334025102173422
CC_37E5DA525091,0.11638540902793129
CC_37E6B35D0FB8,0.2813484945152552
CC_37E8496A58E8,0.12013181063506288
CC_37E8BF89E4FC,0.197299296532385
CC_37F97709F300,0.22248163821026673
CC_37F97C4ED049,0.376524522805987
CC_37F9D963E601,0.6719624395257278
CC_37FCFC4DEBBF,0.19122496821034712
CC_37FE1D7DEA3B,0.12620286186656166
CC_37FE82C4635B,0.11938502672769899
CC_37FEB765EEC2,0.22277706467468156
CC_37FF7D5890E1,0.06776228974886846
CC_3801CE554CFF,0.25432279898822685
CC_38030720DE1F,0.14423898554446027
CC_3804795A8851,0.2502214976306938
CC_380AC07ADC0E,0.10452724892227908
CC_380AC17591E9,0.39720192159410117
CC_380C2437052E,0.43783071513817917
CC_380C47FAB6EA,0.07111008541739332
CC_380E21C16482,0.33934270871835454
CC_380E63F572DD,0.06254088539825056
CC_38112B255ED3,0.0835164075918362
CC_3812F4714301,0.7087612371991815
CC_3813013D85D3,0.06969796536642861
CC_381955360877,0.19985055901057885
CC_381A391C2B60,0.16479629524107536
CC_381B7721B351,0.11033143313144533
CC_381CC09CBB48,0.16731010648838404
CC_381D194F3E28,0.2217976415247076
CC_381D9A6889BA,0.21452890609849273
CC_38226179F35B,0.0889100264217018
CC_3824A9AF5157,0.13289491149810345
CC_382AEA92217D,0.12544757791584446
CC_382E641B71EC,0.03990529755413813
CC_382EFE89D791,0.13794446930229812
CC_3830E4804B48,0.2756631346276093
CC_38312AD4CA81,0.398915309804014
CC_38318320185A,0.0764875576875503
CC_3836DFAC7C05,0.18236969204007275
CC_383AED574A68,0.07419931173127224
CC_383C27DFCA70,0.10820909314177048
CC_383D85EC9DC2,0.14018728935521282
CC_384057120EF3,0.37342442678269816
CC_38450F29704A,0.3689601069248291
CC_38499E07965A,0.1374286313727403
CC_384AB9E97F0E,0.15977871160735582
CC_384BAE6D0E87,0.2664009932918945
CC_384CBC18C024,0.4685273107550743
CC_384F88173FE5,0.05219754597631095
CC_38530AF3F11D,0.21652079406622998
CC_38587F8E7AED,0.7864951081667508
CC_386242547F54,0.14378034394789566
CC_38665E0BB297,0.11709760246267578
CC_386A2052BB00,0.2589415747244228
CC_386C975C5E8B,0.4797906805711339
CC_386FAA775389,0.15639300173182244
CC_3877AE156174,0.2027806958762494
CC_387B9CC8A094,0.2276586381102812
CC_387E2CD94281,0.23046760198276678
CC_387EEF294D89,0.09005263261735294
CC_388092B0E9E3,0.7199865620972847
CC_3883852FF0FC,0.5188075857370188
CC_388FA220F01D,0.5062061171882515
CC_389108557C51,0.18399294854294693
CC_3893A9AA36A5,0.06999473871391042
CC_3895C013F0D7,0.2192831893759338
CC_38994CFF3345,0.20743703306119188
CC_38A2E5262229,0.34545514077758965
CC_38AA438C3FC0,0.23466821710506652
CC_38AF5D65E5E3,0.08146189320512776
CC_38AFE3099E27,0.2473654600215956
CC_38B0F2F5AED9,0.07687595013534423
CC_38B39B0A0BEE,0.5327797081945255
CC_38B56ADED1D4,0.4410632809090629
CC_38B7082105F4,0.09757593382610066
CC_38B7C4A6E73B,0.10980304184167715
CC_38BDE40E5AF3,0.20726279121215813
CC_38BEE9574343,0.08497591842562194
CC_38C4D123E7EB,0.25937866286108946
CC_38C7C2052E46,0.2840515239396896
CC_38CAF23EA967,0.1295572672465911
CC_38CD59D6A932,0.06395824030194812
CC_38CF80C20655,0.06979276639639047
CC_38D06E8B710B,0.10600520680277296
CC_38D093163E63,0.08792476694352641
CC_38D39CA4586C,0.7532706879898923
CC_38D5DC355118,0.10971151007247681
CC_38D82840DEFB,0.05488244514984118
CC_38D95970543D,0.06484569880554139
CC_38DCADD16036,0.1659742198201613
CC_38DD0C3EC26D,0.16663099327816494
CC_38E6624B3690,0.09496844420620296
CC_38EB2594A8C1,0.07845396621059615
CC_38EE03D11848,0.19332548341361905
CC_38F590F035E4,0.18051457817547864
CC_38F637ADB5CC,0.07976194119424711
CC_38F90E72A334,0.11560618827319802
CC_38FB3BDEC0D7,0.6509186705536381
CC_38FB690EA814,0.07101015014468894
CC_38FFDF3361D1,0.16136506346370633
CC_39032ED5E227,0.08790173235044128
CC_390482931835,0.06446743299389347
CC_3905F365FAA2,0.05187683084018513
CC_390A3CC45F91,0.21354507517142193
CC_390FE015C71C,0.10937683115953571
CC_3911C15C97A8,0.14556118179986088
CC_39124F06ED4C,0.417512002074775
CC_3913D50C654D,0.19829067348016732
CC_3917FC1C9CC9,0.45000681144732757
CC_3919CB7DFDE9,0.20744723491824552
CC_391B1F8B2575,0.17246399280446936
CC_391BA47C054E,0.04486441923394067
CC_391D435D4213,0.2929112460013927
CC_391DBBBE225E,0.17096448834011063
CC_391F8BED0FF5,0.1084074111621813
CC_392EC945C913,0.05476750000562909
CC_3931855BC454,0.0651345839683631
CC_3931CCD872AE,0.13843935348668432
CC_393775287417,0.06165781400951163
CC_393A3771824D,0.161628273829392
CC_393AEC792433,0.05824893483762579
CC_393E438698C9,0.5904412831278607
CC_393EC39B07E4,0.19319194509097182
CC_3942421E954A,0.2783111280733114
CC_3943378D25D1,0.10865376265538615
CC_3944995A3EEA,0.2940013559844641
CC_3946FF1B423E,0.1676532271005316
CC_39470FAC35B2,0.39531291866869456
CC_39482BFA0146,0.10849043985401766
CC_394831222419,0.15334290016527036
CC_3949832275E0,0.08210704205047822
CC_394C5B8E299E,0.1654633666004009
CC_394C7688168B,0.13217974653542325
CC_394DB4929B70,0.2053320765008909
CC_3950B81E32DD,0.5452179452314533
CC_395169B6D2F0,0.11830296304793894
CC_395174A791E8,0.08412589952414078
CC_3954B69A9886,0.0787277502861734
CC_395B67DB2BDF,0.22304395278580716
CC_395E5683CCAD,0.11201723124819081
CC_395FA3E9216F,0.05697320454811715
CC_39607517BE45,0.6796114009292096
CC_3961AA5CBCC0,0.7649673381993869
CC_3963EFED24C4,0.041334016749107264
CC_3965B6388138,0.08558126725484798
CC_3965DC0CB4B0,0.19509875989963404
CC_3965DEE671E3,0.14906664177909668
CC_39665357E830,0.6768553388072324
CC_39665D503C35,0.1400984584402918
CC_3969B6445BC9,0.0939148705859544
CC_396B4DCE1577,0.14983522574942748
CC_396BA76854B5,0.3205627789461235
CC_396E96D06BD8,0.16925245871513525
CC_397D1EFF9804,0.1494082947975799
CC_398239227C73,0.1302782701091035
CC_398540817B9A,0.07235366207721672
CC_3988538496D6,0.059417606489560584
CC_3989D0A8E6F6,0.09975531860750322
CC_398D9B42AE19,0.04886603547395218
CC_399091019354,0.5077811050313829
CC_3994E0F42B4F,0.07244801741501959
CC_3996C59A2DB1,0.1225608570802426
CC_39973DFA8F5D,0.04415664905315357
CC_399810409346,0.5082817550572969
CC_399CBD33439C,0.047851237076207705
CC_399FF2373B07,0.7005274914334148
CC_39A30431BAE1,0.08990817975058167
CC_39AD84441A5E,0.18238434891715544
CC_39AF2F877FE8,0.1296343374657278
CC_39AFE5418356,0.358074951689173
CC_39B4E84B09C6,0.2521685941887594
CC_39B53110B5D6,0.12420746278469179
CC_39B6A3F8BAF1,0.1440121120399582
CC_39B6EA65CAC1,0.14235109451560662
CC_39B97E6CFAAB,0.11244057712167983
CC_39BC0068E1DF,0.21204985650191524
CC_39BDE49F8A63,0.565208671427256
CC_39BE6AC6CDA2,0.16620518819106928
CC_39BEE5B965BD,0.1615446740623725
CC_39BFE88F03EE,0.06839594738528217
CC_39C01F52CA23,0.24242755574445024
CC_39C88627D75F,0.6759123586071383
CC_39CF45DC0860,0.3594691107531212
CC_39CF5A27992E,0.2990777162303291
CC_39D0E9D3E36F,0.13330850385891685
CC_39D2F98E76B9,0.11831174048053543
CC_39D3648DFDFE,0.43579140478968686
CC_39D8A88723F9,0.22220697710894446
CC_39D978A902B9,0.12915085991930858
CC_39DD7C53658B,0.15548563836807927
CC_39DFD06C13BD,0.08838952139189525
CC_39E02E046BC4,0.5336453611902849
CC_39E3014D7D6D,0.13212845968221687
CC_39E48ACD32B0,0.1342313084477072
CC_39E78B84B31B,0.043483070215879424
CC_39ED3D82BE30,0.31750272441658484
CC_39EEB4B03E86,0.24088114146041434
CC_39EEB9FD81D4,0.23774536989470021
CC_39EFCD51C268,0.11973731644920331
CC_39F0BC56EDA3,0.15390423974150924
CC_39F1B8F85E6C,0.6763125840382972
CC_39F8359009EE,0.10888521577363733
CC_39FD2DEC44B6,0.08629488939258054
CC_39FF9B8BBD3E,0.04073839600755805
CC_3A0031EF4290,0.0633490290583099
CC_3A01BD085BD6,0.6860176490575437
CC_3A0339C1C30A,0.3667400268069232
CC_3A0396483842,0.04835465441892324
CC_3A052490B5EE,0.5025439409045946
CC_3A094D444EDA,0.0498293009321517
CC_3A0E47EBA31C,0.16606782495912736
CC_3A0E5951A686,0.5315737236808933
CC_3A0EEADC58C2,0.06758231318608864
CC_3A10C883241B,0.042617589455021934
CC_3A15FC4ADAF5,0.24354621528772538
CC_3A17BFE96EC0,0.6397140302839387
CC_3A1E504A4C97,0.6576762955672049
CC_3A209949ABAB,0.23312187293080697
CC_3A26344D077A,0.18333052423458301
CC_3A26BAC21E9F,0.05651589777340876
CC_3A272053424C,0.10571120593479955
CC_3A2A8378C27C,0.06316270463967702
CC_3A2B5B2C795D,0.6338679881288399
CC_3A2C14A237EC,0.07685916503769416
CC_3A2C60976B89,0.16285263104097203
CC_3A352EDA79E3,0.4495079624747283
CC_3A363A56493B,0.05137864424833005
CC_3A399F4B6157,0.41301242464596877
CC_3A3C61774326,0.18886397722596854
CC_3A3E56C12C87,0.31376928005287785
CC_3A448D9775D3,0.07437179051094164
CC_3A452172BD13,0.12041050760385223
CC_3A46C9968938,0.711607307974261
CC_3A48DA420C0C,0.33639795007426937
CC_3A496644E274,0.29436480483618394
CC_3A4DA98DB4A7,0.11585781893796762
CC_3A514B84B21B,0.07628886225505437
CC_3A5D5DF5EBC2,0.08162602326786209
CC_3A60EC89C95D,0.06618929897898587
CC_3A64223C2B4D,0.16102528193702675
CC_3A69224B84DA,0.1726432575605753
CC_3A6E66153D6D,0.15169394558647764
CC_3A6F7E9C4913,0.1562014036606012
CC_3A70E33B7EFD,0.10809016078503979
CC_3A711EC5834E,0.30724533554470046
CC_3A728F367626,0.06734796249145017
CC_3A7420292840,0.05908663376271678
CC_3A7500FBCC7A,0.09187068835861369
CC_3A766DFF6D01,0.17674455454729843
CC_3A77AF851B98,0.16584338335124443
CC_3A792195D7F8,0.1844264277756233
CC_3A7A31B08B92,0.1048167454098804
CC_3A7A45326813,0.44339428604603254
CC_3A7C6780ED15,0.6208904548544683
CC_3A8252B32B02,0.5809243077913838
CC_3A82F8560045,0.075510622410496
CC_3A84484140CD,0.0632454567943152
CC_3A85C6F8E65C,0.22403816099799032
CC_3A8811EDF7D3,0.14693759233079534
CC_3A895891F84A,0.08711938048233905
CC_3A899667C894,0.1200756021251935
CC_3A8C6A4DA416,0.181284681283914
CC_3A8CB749FD94,0.08070415760986674
CC_3A8E03CA0A81,0.05623300899510848
CC_3A8E3105F0C7,0.41890285821574674
CC_3A8FFA15D825,0.19103009463422743
CC_3A9639918B6A,0.16677723779403614
CC_3A97C989CBDB,0.13275983267503888
CC_3A9C81F3A9B0,0.06406542600365728
CC_3A9DEB791779,0.15767860539582332
CC_3AA19E5B364C,0.16766651565986185
CC_3AA310152CA0,0.07089735594629643
CC_3AA69825CF08,0.31189207217390147
CC_3AA71E080F15,0.7575833046421065
CC_3AA7F321BF3C,0.0877295220020212
CC_3AA8543C99B9,0.6210926654072912
CC_3AA8AFC5BA87,0.1661388772457301
CC_3AAA6E3CB4C6,0.20947801386923182
CC_3AAA8A83AD7E,0.07115364945562078
CC_3AAB228BB75B,0.05102823116945029
CC_3AAB2424DC88,0.4773930080446198
CC_3AABC112FDC8,0.1616920873890725
CC_3AAEF36B940E,0.7778699679577044
CC_3AB49A2F3A48,0.0438067431942287
CC_3AB5EA0F869A,0.15968832405096484
CC_3AB63696C18A,0.06905090161117679
CC_3AB665FA5173,0.13001757883146584
CC_3AB906FC8660,0.10526658243562118
CC_3ABAEC188E9F,0.1598499355962954
CC_3ABBBDBB6E24,0.15472445433949877
CC_3ABEAE73EB5A,0.20026103340388804
CC_3ABEDE89961B,0.10458159677181911
CC_3ABF4843B284,0.06038973939211597
CC_3AC29347F53D,0.39477863397023577
CC_3AC6A5798481,0.04619443350364488
CC_3AC9C0DCFF29,0.03976847017861704
CC_3AD360C982BE,0.0608386040961972
CC_3AD9C3DDD439,0.7014511967486745
CC_3AD9EA670652,0.6119558727820273
CC_3ADA3448916E,0.2577995600908437
CC_3ADD1661A452,0.0465766468720678
CC_3ADD8637F104,0.1567379709548507
CC_3AE31ABD98D8,0.6442264296279407
CC_3AE92A94EAC6,0.14468000542917184
CC_3AEA6ADD617F,0.11880835563998651
CC_3AEE1E864BD0,0.15482062022039442
CC_3AEE73094665,0.2212595829887336
CC_3AF6CD41B043,0.26071036721118934
CC_3AF6F980B0F6,0.8012510438225506
CC_3AF75CC04B07,0.6936773071096796
CC_3AF7E268C1AA,0.04989541886219697
CC_3AFA187FA76B,0.14679918497541972
CC_3AFE1D2FB01E,0.6998800689064248
CC_3B073523C9CA,0.17463566837701164
CC_3B087F12BD5D,0.04146036606484609
CC_3B181C2E831D,0.40252019153431046
CC_3B1A3CBE1F8B,0.08343993442324091
CC_3B1B9CD8CA89,0.5835477459598406
CC_3B1CDB11CB01,0.18901132105340848
CC_3B1D37C1329D,0.0635577189951794
CC_3B1D3E73EC31,0.7348693077022675
CC_3B207C78BAAC,0.2340495413010641
CC_3B29B4B1D51C,0.1703038889399662
CC_3B2B3BFAE147,0.0707077513832026
CC_3B2B71CABBD7,0.26055775194128883
CC_3B2E07982ADB,0.21823810643726285
CC_3B2E5175CC91,0.05023111170637532
CC_3B2F64263D1E,0.05785803394113674
CC_3B32111D0238,0.22331807957542144
CC_3B34044FE7B6,0.2214117709959619
CC_3B357875AE56,0.16638083685277966
CC_3B3A61379FE7,0.7231128241705383
CC_3B3A74344AB4,0.20980419033020406
CC_3B3C18BD33F2,0.19473631427620197
CC_3B3C5F749881,0.09701178573398601
CC_3B3D4FE715C9,0.3564124549895933
CC_3B3F48549E9B,0.1337946425670763
CC_3B4112EBDA80,0.6477405865882009
CC_3B41C1DF6A39,0.7498391626061063
CC_3B445784457C,0.08555110544876357
CC_3B4684DFE291,0.29767893020127234
CC_3B4C9EF6EA1D,0.0772802943077201
CC_3B504D47E2DF,0.13276347758255247
CC_3B54707CECFE,0.10121422353692414
CC_3B54E84B3C2F,0.10520032857192305
CC_3B55363A622A,0.1521443982218017
CC_3B56A6F5BD61,0.5864868364647233
CC_3B58C15A2F8D,0.519073316012496
CC_3B5AF70E7CB8,0.38034997017120525
CC_3B5C94EDF75A,0.09413833920016178
CC_3B60D6A443E2,0.7117339860381983
CC_3B63C655D10F,0.6235612075310328
CC_3B642FC35B3D,0.18048895161416273
CC_3B6465826490,0.07152793455532228
CC_3B68E280D3A2,0.07206243488100486
CC_3B6919AC98AC,0.7358592467278164
CC_3B692A655479,0.05902554620075552
CC_3B6C741E805D,0.11011950924481131
CC_3B6C7E38569F,0.04377812712732162
CC_3B6C9A793A30,0.039788378917187325
CC_3B6E964DBAF5,0.08060371155520812
CC_3B740C8D1A2A,0.39579964693426206
CC_3B74E60A19FD,0.17859926470973542
CC_3B78458A6F65,0.07792032621726783
CC_3B7BFDA01197,0.10386883987846304
CC_3B7C142C76B0,0.20940203918542516
CC_3B822CA7187C,0.0670188358797944
CC_3B84C66F2015,0.1296260611358478
CC_3B8574246B84,0.157651283212529
CC_3B8B52DE5677,0.15343056237479213
CC_3B8D37228FC7,0.09955578306070635
CC_3B8E8B6801D7,0.05550664745069851
CC_3B8FA79E4D52,0.051105230559344315
CC_3B942A285C50,0.20293777889911063
CC_3B94EBA9E759,0.11364980216899867
CC_3B962D19ABA1,0.17936058064029053
CC_3B9653D1AA15,0.15201545851859824
CC_3B99C72A3D6A,0.1570905636006207
CC_3B9B190783B6,0.20715631625515352
CC_3B9C0704B2D1,0.11695266542681662
CC_3B9EE9713354,0.5397654698394997
CC_3BA700BE1C83,0.14769466704937315
CC_3BAA9003C5F7,0.362338619341959
CC_3BABC7EF1741,0.6034050527814842
CC_3BABD4B5D3E1,0.664166410869276
CC_3BB12EAD40FD,0.11535112742694717
CC_3BB1FF844347,0.23829404173867869
CC_3BB2C2215780,0.3224070478488124
CC_3BB60BFDD79D,0.09393892268220207
CC_3BB732424FBA,0.10474149882692321
CC_3BB7ECAD8586,0.12791595838893594
CC_3BC403BAF7DD,0.6637730510253989
CC_3BC51C5CCEE3,0.1064176660713488
CC_3BC592F9C7DA,0.16705539038216125
CC_3BC67758C64E,0.05420510261989947
CC_3BC881196FDB,0.2907729680537957
CC_3BCC88B79918,0.09801398113407359
CC_3BD01511D073,0.12690597833700473
CC_3BD2C1C1F04A,0.5654954934427531
CC_3BD5B08D4144,0.37206778267776325
CC_3BD8EABC4AE7,0.06380451054884219
CC_3BDD99872776,0.3230220731855912
CC_3BDFBE0B6338,0.12026725361439325
CC_3BE0295484C8,0.13752738710749207
CC_3BE132F19245,0.0648117964572562
CC_3BE284D2CA82,0.05877170461685384
CC_3BE82CAC967E,0.1959396340476822
CC_3BEB7D682C01,0.08381712979360459
CC_3BED7335FA27,0.2406665637929774
CC_3BF014CADA6E,0.06182965846213588
CC_3BF2422DB97A,0.08874938494412961
CC_3BF2EE361611,0.08238703557030683
CC_3BF3C403F586,0.264523473700006
CC_3C010566DC3A,0.27917483323660575
CC_3C0427B48CF1,0.5418502586732129
CC_3C056CEDAE4A,0.05263851676792949
CC_3C060F80B680,0.11884788760505505
CC_3C06219D6E24,0.06837441801226764
CC_3C0C0B93B903,0.5169690533758589
CC_3C0C4B25A7BC,0.1354265375853928
CC_3C0CFDF70B8D,0.1323556728522968
CC_3C1005EE2A85,0.19139017525687024
CC_3C16937A5013,0.12163344493110599
CC_3C18B4010A3D,0.13427742902164622
CC_3C20F0767923,0.3877707486906116
CC_3C22AC75AB68,0.19690184249649545
CC_3C24A574EE64,0.20794813536094497
CC_3C26C857EF41,0.11517992643409336
CC_3C27CC8D53EE,0.16306813121729724
CC_3C2861BFF1C6,0.13939641616787654
CC_3C29787E94F8,0.22560271978927204
CC_3C2AB6F95649,0.22282589323247604
CC_3C2C43DB375A,0.09362577082622717
CC_3C2D820E6949,0.6560847009165651
CC_3C30903FBF8E,0.08491609872762297
CC_3C310A33218F,0.11549020552469184
CC_3C3633839213,0.17153380508506277
CC_3C36BE6B6DAA,0.1901246951933302
CC_3C38098D8A60,0.1508536256275309
CC_3C3E98477CD3,0.08388674692254644
CC_3C42640A5119,0.08258318520082011
CC_3C44EEBACEA5,0.05852513457741741
CC_3C474F8244AA,0.6551412650993382
CC_3C4D53C6CF39,0.08612343635672921
CC_3C4D65771E4E,0.071651960092948
CC_3C5020076EA6,0.14996143862868355
CC_3C523AC6B930,0.10120791572030682
CC_3C5286050B40,0.7860514706747144
CC_3C534B13F32A,0.09228150204579644
CC_3C53B6F4705C,0.11625721906430837
CC_3C53CDEE3807,0.15401292666658675
CC_3C546182B16B,0.1542493094785648
CC_3C54B0946163,0.06541158387383196
CC_3C55B6CEF2AE,0.11974191133515082
CC_3C5B0C8C49AB,0.6875131182776354
CC_3C5DE6B1A96C,0.07885230411339235
CC_3C60E514A8FC,0.07429441158373137
CC_3C6280FDE8C1,0.7748122832976405
CC_3C696AA50DB7,0.06915091213098482
CC_3C6B946BABCC,0.25121172098015665
CC_3C6DC47C6498,0.199829881872085
CC_3C6E538A9ACA,0.09525861851651726
CC_3C708DCBE0F1,0.03922905113956885
CC_3C75962E9701,0.12494647059185704
CC_3C7597143E27,0.15572848860454794
CC_3C79F7501356,0.15783997459029186
CC_3C7E24463383,0.07695739506386065
CC_3C7FC2969633,0.4466877512961366
CC_3C8088390BAF,0.15589475429918478
CC_3C81FE6D0007,0.04956569708950888
CC_3C840CEDAD97,0.07093725701207607
CC_3C890C376EF1,0.20731776017987213
CC_3C899D2279F3,0.044552549581477016
CC_3C8B30469B57,0.28992476428807634
CC_3C90A2DA38C8,0.0675496925393971
CC_3C9C3136D06D,0.07629822740650352
CC_3C9D32C59A0C,0.11499263095072473
CC_3CA02FE99C15,0.1532792840724429
CC_3CA06864D933,0.7271651759210045
CC_3CA2C557E464,0.25354001428099304
CC_3CB84D9CAA6C,0.1704342474756314
CC_3CBD15C385A4,0.07452322087802461
CC_3CC1B87C85C3,0.10770117861709776
CC_3CCCBEA5E377,0.24100672424415254
CC_3CD0869B655A,0.1493763208474471
CC_3CD4FDD7BDAD,0.13022152527016126
CC_3CD84B850BCB,0.16430344368823552
CC_3CDCF20B097F,0.11194636944447289
CC_3CE1CBA88910,0.12293717919477228
CC_3CE4365CD2DD,0.0883217397732022
CC_3CE47E406710,0.7940909050561422
CC_3CE4A01492F7,0.10919306775309198
CC_3CE596B7A5AD,0.09603082321874815
CC_3CE64EA7491E,0.1714436404598743
CC_3CEBC183D074,0.2148066306505832
CC_3CF5D6F9A23B,0.19380068129437844
CC_3CF9A43AC0A8,0.051066511720083904
CC_3CFCF1205340,0.1554535450865711
CC_3CFEA7F22BF9,0.08229922454049345
CC_3CFF111B7CB6,0.34261629484414313
CC_3CFFAD5AEBBE,0.13633346579181924
CC_3D0B5F4670F4,0.34174432975284696
CC_3D0CEED1B216,0.12081353551402396
CC_3D1B2ECDBAD8,0.07626558619560957
CC_3D2129E6FD3E,0.23686049310306787
CC_3D2405185DD0,0.10411107059499225
CC_3D2438152C87,0.054312427335870786
CC_3D29125DF048,0.04761296782063376
CC_3D2962D5D88E,0.11517435444811237
CC_3D2DBCF8B9DA,0.11153708715673494
CC_3D2F359615F1,0.1424916606672766
CC_3D302D6A88FA,0.2435495212531582
CC_3D342BF9643D,0.10032624091876226
CC_3D3883F0BE25,0.15145586652891774
CC_3D3BD2C60F4A,0.09859456047178908
CC_3D3BF61CC289,0.189563330526008
CC_3D3F56B369CF,0.1253621421999364
CC_3D40CA123D5C,0.07514807403705658
CC_3D46245C3DF7,0.12129553407466295
CC_3D4897F8F8AC,0.09021109720049297
CC_3D48D0F32F6E,0.39576169398447725
CC_3D499758BB25,0.07063870869240285
CC_3D4A90158C9D,0.2104869458129091
CC_3D5120D9BE27,0.3275807670849663
CC_3D51B1ED0D7B,0.12406956129604685
CC_3D537478DA21,0.10705784587534035
CC_3D5A279700AC,0.7871997296029223
CC_3D5BCA76331D,0.08406342068964777
CC_3D5C422D60FF,0.6499554783302826
CC_3D5E654E556F,0.11748243382466257
CC_3D60DE266E24,0.11154288889122888
CC_3D6787A48841,0.04904506319920869
CC_3D681452408F,0.12318732726187856
CC_3D69277C64D4,0.12367465410880296
CC_3D701F464FA4,0.12349592099849487
CC_3D77CE8D4582,0.12713710219862384
CC_3D78E201F0FE,0.30267380678162753
CC_3D79338EDF65,0.04765424486644084
CC_3D7A5C1DD937,0.2581691507690312
CC_3D7B531A7B5E,0.19381790489439976
CC_3D7B615F5ABF,0.06185796875365801
CC_3D7CB19276A8,0.22813197628808002
CC_3D7E8F3AD41B,0.6158174236237457
CC_3D8071473E97,0.3146874226517876
CC_3D828DA55CFE,0.11378382853000801
CC_3D84947B2DE1,0.15189606989539367
CC_3D8529C65CC3,0.06913465016259636
CC_3D8765A64ADD,0.06215673963267785
CC_3D87C20F655B,0.33816674261916535
CC_3D8AF9A80D39,0.11918904979809922
CC_3D8D2700831C,0.5800430167973718
CC_3D90FB465A2A,0.039454897870554013
CC_3D92C820F074,0.08719959234368926
CC_3D92F98F3CF7,0.12008845112140484
CC_3D94EF283AE0,0.23556551082791785
CC_3D94F6CBF514,0.0800335788436483
CC_3DA0218FCD5A,0.04227974561904789
CC_3DA461704105,0.15584140128529494
CC_3DA5189D28E3,0.08111730410983352
CC_3DA96EBC7F68,0.11388514578652376
CC_3DAE730039C5,0.07078503134777234
CC_3DAF250821B6,0.0823371052902193
CC_3DB0D7527A9B,0.1611884776459804
CC_3DB1BEB70942,0.6132832276495926
CC_3DB81711067D,0.09577731561409676
CC_3DBA2BC5D75D,0.6677098579942576
CC_3DBE204CDCDB,0.20603294388030124
CC_3DC1E33F23A7,0.06987464788157259
CC_3DC29FC60E03,0.304407225709095
CC_3DC3590C4A89,0.0710224298891755
CC_3DC5FC13E35A,0.04608540827005812
CC_3DC966CEC8C3,0.1584992822237233
CC_3DC9C2B9A96B,0.058181338518654216
CC_3DCAEBDDE96F,0.0758977222364578
CC_3DCCCEE778D7,0.1589480409035966
CC_3DCCF69AF014,0.08732927783101706
CC_3DD17FD406B5,0.09492558813291829
CC_3DD63B15603E,0.10942228134020335
CC_3DD775128F1F,0.05809049037328562
CC_3DD8B0EE27FE,0.13146811223357152
CC_3DDCE5D30A45,0.11488153997416217
CC_3DDD0E9E4F2E,0.4645055023812009
CC_3DDD84F1F87A,0.058690016889459865
CC_3DE094D40FB9,0.12459184296606755
CC_3DE099D96A3B,0.05288366624543508
CC_3DE2717A7A9C,0.08938828714541819
CC_3DE6BBCDBF64,0.09486750911161103
CC_3DEA1F5EA5C5,0.06927141137116069
CC_3DEB2F5772B3,0.14872945131622256
CC_3DEBC84983B7,0.11937616773221585
CC_3DEC8E2C7816,0.17376767376296554
CC_3DED20632960,0.3278092770388364
CC_3DF0ACC88BE7,0.4822077300605712
CC_3DF9BE9A3D2F,0.09311182586121682
CC_3E01906BACFE,0.16434121392264328
CC_3E020EC73C89,0.2732882613826425
CC_3E0481E07EC5,0.11566227939095883
CC_3E04E62A383E,0.26951958430828526
CC_3E05132424DA,0.059115536300094654
CC_3E05C4E3EB77,0.21009168670129869
CC_3E091008047A,0.6827863927961737
CC_3E0A4A91DADE,0.21909643745019375
CC_3E0A83C46C8A,0.12684364139319032
CC_3E0B4A133FB3,0.3692845561313059
CC_3E111946922F,0.18694733616356732
CC_3E177AAE4663,0.09887477411241109
CC_3E185FC131A3,0.15651794207474357
CC_3E1860AAA22C,0.3382695924722758
CC_3E207B4FEA4B,0.3521951851094379
CC_3E20D62A610D,0.16604992724744155
CC_3E20E37C9856,0.10383508892760082
CC_3E222D5DC74B,0.5560054396584906
CC_3E25BFDF0BAE,0.7740005998728173
CC_3E271D5108AD,0.49109211161009536
CC_3E2B0F9975BD,0.09433560916633509
CC_3E2C0F6176A5,0.3265274700197105
CC_3E331091F306,0.07785678407880922
CC_3E3781FDC886,0.23467652250821355
CC_3E39D227ACFD,0.0602418494874871
CC_3E3BA44CE4B8,0.11568164847325017
CC_3E40E3D021CA,0.09985183050986143
CC_3E41002AFB2D,0.09316616293047024
CC_3E430D2DF335,0.1962352279114685
CC_3E4BD48BD904,0.039438043079004226
CC_3E4EAF3857B3,0.05578755855651515
CC_3E527EAA0EF6,0.05765518385324887
CC_3E5702613DFC,0.29842607766118634
CC_3E571E8D904E,0.08029942261820079
CC_3E5B7FFD9D60,0.19357988085467387
CC_3E5E0D5F4AB0,0.7311330260523125
CC_3E63C2D05E82,0.2676954720548759
CC_3E64CFD46480,0.13174233816733677
CC_3E68EE37773C,0.6662278405507142
CC_3E6BDB18F2E6,0.04941813237201517
CC_3E6BFACD9B83,0.30137936151214345
CC_3E7294AAF75B,0.13272841521202666
CC_3E72B0424BFB,0.35561694030921454
CC_3E72B8E72CB5,0.05164944853985731
CC_3E72EDFC9423,0.07909857208667506
CC_3E74592E779B,0.18995954058084513
CC_3E7839C32D07,0.3266158509648466
CC_3E7BE9F3B972,0.12960769414328105
CC_3E841A80542A,0.12993448659360934
CC_3E89360ADF4A,0.09046987349744917
CC_3E8BEDB8B21C,0.20039822652673162
CC_3E90A4A329A2,0.13394512435843692
CC_3E9C0DF411F8,0.1930338368453664
CC_3EA298FFEDC0,0.13120291282138047
CC_3EA6D8D4103E,0.32853354773159416
CC_3EA740C732FB,0.47672792603232655
CC_3EA9B61341BA,0.09725733300127644
CC_3EAD27D084DF,0.1507451285459615
CC_3EB121261FA3,0.06368926063948935
CC_3EB2DAAEF167,0.13732307013203773
CC_3EB3BB604B74,0.10650368070799547
CC_3EB4077895F4,0.16175518946479206
CC_3EB514DECC39,0.15518717193108889
CC_3EB7C1406423,0.17558520500572622
CC_3EBBF5A17EC9,0.14307959593888347
CC_3EC5D9E0190B,0.05302781278030607
CC_3EC99DA4EDAB,0.3434568492728059
CC_3ECA364B6839,0.3553876857510245
CC_3ECA4C07FB2E,0.10286939447184369
CC_3ECB993A1B9F,0.06058244450795801
CC_3ECBE13A570E,0.0802623031111028
CC_3ECBEA7B9724,0.10436791312075833
CC_3ECD9D611263,0.07163655458553146
CC_3ECE79F884F2,0.13550723861309283
CC_3ED62061FD0A,0.06790829068209749
CC_3EDB5A009919,0.14641553003859387
CC_3EDCCB52DAD1,0.1500013465750232
CC_3EDDD8FD77D5,0.05120113488220844
CC_3EDF3F850072,0.17948569069860462
CC_3EDF7C0D88FA,0.12678095280041507
CC_3EE0259C796C,0.1876996252144422
CC_3EE6590D1DCF,0.06737662166850869
CC_3EE72F6A6B14,0.19004584997864676
CC_3EE7E5AED7CC,0.06579686426526857
CC_3EEBAE854322,0.05873349389553241
CC_3EECAB624618,0.6533291887695608
CC_3EEF909B9A5F,0.08692124029443632
CC_3EF3B72149E9,0.04925724378017282
CC_3EF60003FFDC,0.1160902431209195
CC_3EF717E79E1C,0.16301549449340313
CC_3EF7B37C86B9,0.07288924979281677
CC_3EF8E4918310,0.04987492755412983
CC_3EF99E8C672A,0.04686374454568144
CC_3EFA7EC29967,0.5650075740802326
CC_3EFBAFF547DB,0.1654075167564179
CC_3EFDA7C0739D,0.3869148575337228
CC_3EFDC455D933,0.28847144313563133
CC_3F00B30478CD,0.1418842652795988
CC_3F0105511ADF,0.26978463514243795
CC_3F0922D8C363,0.07889393724334705
CC_3F0A0F0EBE8E,0.07063583824285577
CC_3F0BDD02DA88,0.2034858955919845
CC_3F0E2DDF03D0,0.7666358217723717
CC_3F0E99D90143,0.13386637921399908
CC_3F0EFC657C35,0.19741127089528207
CC_3F122D86D6D0,0.16992852352606325
CC_3F13D7C1238E,0.08535461140377738
CC_3F1429DD9A7A,0.07974434873356072
CC_3F1648D44D30,0.488349866501241
CC_3F167B4C0A82,0.2389873388535903
CC_3F1989C1D543,0.1239780314956779
CC_3F1CA5CEE668,0.07607499889711568
CC_3F22C802852B,0.35250750221758126
CC_3F235ED79F96,0.23778661213698604
CC_3F2408F723F3,0.650021754167001
CC_3F252215B39B,0.7294732481144763
CC_3F2659DACD6C,0.15351585063487255
CC_3F2BE334EA31,0.29501226518091517
CC_3F2C8271AEE2,0.08691598813137977
CC_3F2F6C4ABCF5,0.10299739368706869
CC_3F2FB28666EB,0.2137469216650573
CC_3F35F5F4C2FA,0.701041880312004
CC_3F3988E27EC2,0.09468219981891846
CC_3F3ED329D5DB,0.10305777082670357
CC_3F401EB14F80,0.10648331626728103
CC_3F408F04181B,0.2264151176542064
CC_3F41ECC9F1C2,0.03803793554582273
CC_3F44CC2DFD78,0.09186556128660234
CC_3F450331B6CF,0.07456908376239342
CC_3F5192293092,0.04338320345360934
CC_3F55C40132A8,0.054452623290261924
CC_3F5DBD4D4A47,0.6950680011580233
CC_3F621093E2F1,0.18232378853603154
CC_3F68E5D775AA,0.6529255486334316
CC_3F699ED6F7B9,0.11872423821811098
CC_3F6EA74A594E,0.1594516368547846
CC_3F6FA882CC59,0.17642760379447853
CC_3F750097A7A0,0.06997579016480193
CC_3F779B84D1F1,0.21934431868626691
CC_3F77F1635867,0.24378749789710996
CC_3F79D1436DFD,0.10425970990896338
CC_3F8AB71C93A9,0.7807178253310235
CC_3F8C7F71E278,0.29578891442232913
CC_3F8D2797E48C,0.18460802068399657
CC_3F8F5AD00087,0.2709977254248629
CC_3F8FC3D942D6,0.14414790590841228
CC_3F93F1B198A1,0.08124310208515337
CC_3F94A908F900,0.12499147234160465
CC_3F962652602B,0.34793040460544405
CC_3F9F6FB54861,0.10336982666154726
CC_3FA28488BAAB,0.06406593125443086
CC_3FAB6C114FCA,0.1998538276642253
CC_3FAB70F3A36F,0.17737441907930332
CC_3FB1234DD833,0.3193506534944669
CC_3FBC317AAC6B,0.19006491795074965
CC_3FBE14FE6576,0.3775576308082008
CC_3FC25B02D868,0.2663829731167562
CC_3FC60086C0F4,0.08101264444167249
CC_3FC6DCBECCF1,0.21634859377727725
CC_3FC868F74AC4,0.05714696217239077
CC_3FCA7A15E705,0.09168751818328093
CC_3FCB58D3AD76,0.21729073300622265
CC_3FD1B51CA1B6,0.30311880786441264
CC_3FD283315901,0.0871894037007415
CC_3FD343BD0077,0.26778321512566483
CC_3FD46020B97C,0.08667821947401114
CC_3FD6AFE77B65,0.163214313254923
CC_3FD93D017BA0,0.16726353200143684
CC_3FD95A689331,0.3345485911380178
CC_3FDAEBE5E784,0.05856414077509177
CC_3FDB19879CDF,0.277156351629813
CC_3FDB90C44C99,0.17460471338911387
CC_3FDC4474DCF5,0.05297494158047768
CC_3FDEDACF74C7,0.058279542375274704
CC_3FE2E4038FD2,0.3091271592675803
CC_3FE546EC4525,0.04736813555971446
CC_3FE8D2D0E78F,0.06473717456128013
CC_3FEAA7F8C881,0.12921858258972485
CC_3FEC509A601D,0.1267344397771564
CC_3FF0FABCF28D,0.061594070298510564
CC_3FF4E22691BE,0.09906573866157889
CC_3FF553948C36,0.32729258020781093
CC_3FFA49A60C69,0.7829783748647432
CC_3FFAC6AB3AD4,0.10352061583156727
CC_3FFAC9ED48F9,0.7282430652675661
CC_40015F2081F7,0.052017400740318596
CC_400229F22A15,0.7375187960021877
CC_4003B02C578A,0.13890292181035552
CC_4003B9378085,0.15591865571026356
CC_40053F6E98EC,0.7686646957661515
CC_40077BEDA8E4,0.044724363672950664
CC_400BEF434359,0.184606183255262
CC_401177227A56,0.4048727499846535
CC_4012FCCBCC30,0.17398419346593713
CC_401739F10247,0.09596909743876211
CC_40185096F055,0.05929615068515957
CC_401F0B39B640,0.09026439835302205
CC_4022717DF84B,0.04660497110974422
CC_4027B5DB02A3,0.05258375116786934
CC_4029B2C0E56A,0.2249262678387438
CC_402B3A294DE7,0.049743212847305755
CC_402C49460BAB,0.10672750639646804
CC_402DB4CCECC7,0.3546292694142869
CC_403192450938,0.7773122483193007
CC_4031C0E0B5BB,0.13910779385126112
CC_40339FFF01E6,0.11119487428204027
CC_4033DA65DB79,0.15222905795827396
CC_403960EDEB6C,0.04216290516439174
CC_403C5A79090D,0.04364882899223756
CC_403FBEE7D76B,0.05399594382670477
CC_404071DCC85C,0.3707697149983771
CC_404421E85F2A,0.22332632210982198
CC_4049E18FAE5A,0.21269853086856688
CC_404B499235B9,0.3054104834053415
CC_404E2B3BDC8B,0.29344829649311505
CC_405445038DD9,0.15345253251776592
CC_405817BD633B,0.2036531214760573
CC_405842AD24CD,0.05514049461083827
CC_405AD30D0D9D,0.10819877025072992
CC_405E9C93AF56,0.18450269467589234
CC_405F8F9903C8,0.12104152525198371
CC_405FB682CEB5,0.10133464185657719
CC_406274429092,0.15025947540528564
CC_406E1D48AE7B,0.07166845322272727
CC_40700426109B,0.12350574765100901
CC_4070CEB09033,0.41814162619381756
CC_4073752BF49D,0.15454780130191606
CC_4073E6AC0746,0.15292143905218475
CC_4074323420AA,0.5104842839505352
CC_4074FE6E32F0,0.11812556939463714
CC_407F2185317B,0.3713924984398112
CC_4081B4648A8E,0.34360669637187347
CC_4083D696E2E9,0.16642725726141624
CC_4087FBC11DD7,0.11569369572416391
CC_40908139F23E,0.10679839225367671
CC_4090BA93E481,0.08223187008898852
CC_4092C5315210,0.18495986399441833
CC_409630D3CBF8,0.23784631107579562
CC_409CB4179908,0.08070725925589431
CC_409CDD53DAD7,0.055143870469552846
CC_40A07239F028,0.11854449867099266
CC_40A077379511,0.1520354908070235
CC_40A4BCDBAF23,0.16881758546983372
CC_40A795285E9B,0.18081486284142986
CC_40A93E7AC1BD,0.04874286719938089
CC_40A984160A63,0.24710512100195725
CC_40AC31452BE3,0.18068948585325473
CC_40ACBAF19765,0.11132878588866461
CC_40B0A64A55B0,0.12339519897012623
CC_40B52C13B1F1,0.16004128439038726
CC_40B65F5F4F82,0.2839169390328687
CC_40B685374EDB,0.2538180986987473
CC_40BFC5E1AA64,0.1340027417298123
CC_40C14D4F9BCC,0.14719653992670814
CC_40C45F950125,0.13071998588857517
CC_40C57936EC38,0.08056565986093918
CC_40C62D092C58,0.1623499030683332
CC_40D1F44D96F6,0.40630443230622226
CC_40D39739DF41,0.13163748464971484
CC_40D7D9CE4151,0.6363451378292135
CC_40E08DDA223F,0.36037150895335796
CC_40E150EB586F,0.12229499594777526
CC_40E1D8F1C712,0.05208369898773302
CC_40E2DAF2A327,0.33779178307839464
CC_40E577F029AF,0.08426389015403347
CC_40E75C02AA11,0.06595196585787189
CC_40E9173DE04A,0.10226783163430364
CC_40E9985F7DAA,0.08867974076495255
CC_40F194D93E19,0.13882187301041302
CC_40F3CF82792B,0.16357416522779475
CC_40F43FB24806,0.17134985846846837
CC_40F6E7575287,0.2197480608969086
CC_40FBAA6A07D2,0.10184402016517931
CC_40FC6940345C,0.09400929408771745
CC_41029997614F,0.0622572215405547
CC_41037BFBED54,0.09903254012479996
CC_410BFA181D19,0.2608451933822816
CC_410FAE4AE488,0.0677436198527088
CC_41124066FC71,0.2598460630873591
CC_4113A2BEBA44,0.6356607168747506
CC_4115783708CF,0.7784002568694596
CC_4117A188C359,0.12606214611294037
CC_4119A9BA6373,0.6059349103493443
CC_411E266DB07E,0.14517596630783824
CC_4126806BA789,0.6552397641231406
CC_4127E4624989,0.593014605950372
CC_41284414C225,0.1982958778786597
CC_4129C6306A6D,0.16453582135097738
CC_41321DCDCCB2,0.49100134671361334
CC_4133AB0BEEED,0.0698085436227231
CC_4134E1AB2AC5,0.6776501392610036
CC_413708D7FE91,0.07997588414554287
CC_413A1B273EB7,0.1913279258605421
CC_413D09A6C2F2,0.0751929612082632
CC_413D8D82F470,0.05498412893261637
CC_413EC0C28442,0.4432993032874715
CC_414302BEE57F,0.16344133729491334
CC_41438B5CE3B3,0.09478402995669204
CC_4146ED5F8A23,0.12478209539884841
CC_414896AD4734,0.2870427107005321
CC_414911941DD4,0.16335117264593313
CC_414D2097D93D,0.48890870812246323
CC_414E2B2BFC88,0.13633306152469632
CC_414F030D3BE8,0.08472745414660306
CC_41569A7A2B7F,0.08309401775165012
CC_4156D68D39A7,0.07784240680095997
CC_415935002A0D,0.3179737938237799
CC_415AF4AE7BEF,0.11216712712216584
CC_415D703F3871,0.2490592143211532
CC_4165D5A66698,0.17932950369909656
CC_416747FA0552,0.3429310778144559
CC_41698C5605BA,0.04424009667778951
CC_416C9273E5BD,0.18789860198229347
CC_416CB705CF9D,0.09883737103920559
CC_416EDC157A29,0.7378894159020781
CC_416FB64C901C,0.13018852131159905
CC_41737E7E2518,0.10328619176114004
CC_41796D6483A6,0.084017944079054
CC_417CA4DA42ED,0.1017711082108929
CC_417E5EB96C92,0.7467223349296792
CC_418128C77562,0.7137776473446661
CC_41868F81B8F8,0.15094627348575343
CC_418EC2AA03E1,0.13421029750535396
CC_41919E23C3C2,0.20326791291366447
CC_41927D16734F,0.07244869822015833
CC_419441371154,0.1490324221071427
CC_4195037D0008,0.5400552733265996
CC_4199B489CA9B,0.048274269854288857
CC_419AE1FCE1B2,0.0462879487923046
CC_419D767E5D68,0.6601354510168977
CC_419ED6D73D10,0.1571606509116643
CC_41A06A20F7A5,0.09079483878110459
CC_41A37E7DA567,0.065681421015965
CC_41A3C3BC05E5,0.08275588445840074
CC_41A465212303,0.14841551603888856
CC_41A57CBE2790,0.1405293473520526
CC_41A85461647F,0.2103137456841127
CC_41AC7D608BA1,0.21901710678830733
CC_41AEFB73599F,0.11688294993902133
CC_41B1C7743C55,0.29228633054213715
CC_41B2EB8E2659,0.2597119070177759
CC_41B340FF98D6,0.4586210437425917
CC_41B61081F593,0.04244617131852327
CC_41BF0265C091,0.08919240037668899
CC_41C0EFD1789E,0.27987301089109534
CC_41C4FDFFD933,0.6358695769248575
CC_41C54F7F9250,0.19132640294235398
CC_41CB8C4BF3A4,0.06244516599654887
CC_41CC41C6A2B2,0.2038654773136798
CC_41CFB483DF9D,0.10157943412312098
CC_41D2C0067563,0.13682700094986563
CC_41D37C661042,0.0730725464649678
CC_41D3AA2FE538,0.08896031985716162
CC_41D6466213EB,0.1275368271790431
CC_41D6FDB0F7FE,0.15265359499217426
CC_41D794AA3A35,0.08851659042159217
CC_41D8D3CCD5F1,0.40893844820478675
CC_41DA2F798E72,0.10330876954736672
CC_41DB0F437DAA,0.05751738419656275
CC_41DB77A9CEFD,0.1672479146675841
CC_41DBFD8C8341,0.039585472657134996
CC_41DDB3612367,0.07309855398028432
CC_41E0ABF1D19C,0.2022021892776126
CC_41E0E26BD8AB,0.32566929205680234
CC_41EE7557C963,0.08799272485368521
CC_41F0587DAEA5,0.12320055337693685
CC_41F1843BBFCE,0.1682096997897115
CC_41FA3C9B98C5,0.6770374482809995
CC_41FA97A64F7D,0.10598921289504468
CC_41FB8258BE6A,0.34669934197759594
CC_41FE0D9DF961,0.21075551116270846
CC_41FFB8C07A2B,0.3790098894087074
CC_41FFE972E3BC,0.16118848411716696
CC_4200DD12E32C,0.14898391736833966
CC_4207A5BBB7AD,0.07913717660589979
CC_4208A63558BD,0.12037598144418624
CC_420914CCEDC6,0.2322512510846594
CC_420A182EDB4B,0.09059636922525406
CC_420AB659CCB5,0.1598052436833001
CC_420B2553A531,0.5285997749534586
CC_420C95626165,0.0861786522454722
CC_4211999A0BB1,0.06358662923507537
CC_4211E70ABD07,0.18870210260320003
CC_42123CF7B916,0.19883915791163648
CC_421A5FE4ED02,0.22117949371327636
CC_421C6A0D76DF,0.15599287650347152
CC_421EE95E8E36,0.3298168122786232
CC_4220768354B8,0.04900186258440089
CC_4222C36D9742,0.24902451410087006
CC_422396E4107E,0.12321831114265344
CC_4223D9C3318D,0.1296185141783971
CC_4225094B713D,0.1760094968054564
CC_422546AC2B7B,0.0658212676993982
CC_4227147D1773,0.08136426753842799
CC_422852B18B83,0.0877398852626089
CC_422A6CA5BC01,0.7576586267544918
CC_422D0668EE0D,0.20656639603170554
CC_422FA64DE48D,0.4621640267360779
CC_423211849F73,0.0992304960938831
CC_423384940EBE,0.7256451006933546
CC_42365DAA4781,0.0535262827744825
CC_42377923897B,0.7430052263984546
CC_4237EC62AF7B,0.6958781001330939
CC_4241EBB6BBD2,0.07299276076172827
CC_4242B327BF96,0.5318096034148565
CC_4242DC81AA5B,0.20611561916074236
CC_424B146EA560,0.42544520291932936
CC_424CD3500BB5,0.11014922325928807
CC_4250627A58BE,0.21523561910697833
CC_4251D73CE4FF,0.3304600775007912
CC_4251E058B136,0.4933663989439824
CC_425261A65BD4,0.17737065345194292
CC_4253A4007C54,0.31446069054353243
CC_42542BBE02F6,0.15376565501299405
CC_42557B3BC851,0.12653585167312506
CC_425A30333FDC,0.21076192871721244
CC_425A9848790B,0.2557274948460563
CC_425EAA7394BD,0.10711517970023329
CC_425F037A860D,0.1561441328374902
CC_42658453D6F9,0.09549026752590467
CC_426B6C5D5400,0.039403613413102515
CC_426CB4C16C1D,0.18128848981398066
CC_426E721B947C,0.4051730154101154
CC_42746FA0B436,0.04212787238826608
CC_4274E29A7693,0.15282069201571674
CC_427718F12DE0,0.18479678991044873
CC_427C32633329,0.28536825953707423
CC_427C635A1630,0.41017544660956273
CC_428186D7EEF6,0.1384884454629109
CC_4285ECE790FB,0.10314073743675216
CC_42930B4AC70A,0.7203576225776148
CC_42936DB52A2C,0.23596409628149315
CC_4294615CB2AE,0.10418958492319337
CC_429610FC7676,0.042892650976590556
CC_4296E9F938BA,0.6432370741063406
CC_4297B63957C4,0.14155564649408414
CC_4298BD38B748,0.18547019137758403
CC_4299118E1554,0.12006650187746404
CC_429967589DE5,0.18656385033259432
CC_429D7F13D2DE,0.15483781802490992
CC_42A3E4D79AAC,0.2162527912455153
CC_42A46CA1B89F,0.18077654320612654
CC_42A766D4CBF4,0.5001560529461881
CC_42A8DDC1412B,0.11241650443600784
CC_42AAC0B5EF9F,0.17412649559717258
CC_42ABA8713C64,0.693513313378135
CC_42AD69133E5E,0.06220631015893422
CC_42B56C4B2A3B,0.08725045527598764
CC_42BBF05C0C6F,0.108762741462137
CC_42BE7FE5BA43,0.24727949930990745
CC_42C0A73944DC,0.05551692649650771
CC_42C580E5A3D6,0.44385482530314924
CC_42C7617C94BA,0.666406550088623
CC_42C88CDF019C,0.2695021158896904
CC_42CB516FA52C,0.25013003305245307
CC_42CBA5FB2D31,0.04568579907777614
CC_42CE1628F9AF,0.08395438108541278
CC_42D0D89EBD20,0.08301796123777797
CC_42DAC7E0F8C1,0.12624549106317934
CC_42DADBB83589,0.1667968086259744
CC_42DB8056722A,0.18673492478251
CC_42DBE71A9E27,0.08588530348507338
CC_42E0FF38FD75,0.546088710720938
CC_42E1FC3BC7DD,0.22246569241949055
CC_42E7276F6427,0.05073981574127051
CC_42E72956B6E1,0.15918092164471906
CC_42E7421EF8C5,0.13434275749056457
CC_42F64F0CC224,0.07577791736550767
CC_42F8E79B025D,0.12524109112658013
CC_42F9B3D1A244,0.06701519745727076
CC_42FF488FAF29,0.045663624560657104
CC_42FF8A489F18,0.17853236373504439
CC_430126E7F09C,0.15920457304184416
CC_430572814667,0.12092586518587992
CC_4305D108204E,0.06884394967186241
CC_430699446954,0.08441737690455295
CC_4306D0CB4769,0.21908650358653864
CC_430B2C05AD09,0.042443311481861326
CC_430F8196C9E0,0.061530350910588213
CC_431043B15B67,0.451390132026302
CC_431071FBEFE7,0.21800702832641958
CC_431784865E89,0.26919728840740526
CC_431920BBB8C2,0.22476703948313434
CC_431BFF248C14,0.25061272836349857
CC_4323EF537C39,0.11076210738588979
CC_432426452B61,0.09777754636387895
CC_4324AF0F53BC,0.17262660692478016
CC_43285A005349,0.0682590950109111
CC_432AEDB49044,0.06429568310312044
CC_432E94102B9E,0.5526906394502972
CC_4337C856CD50,0.6125668298717154
CC_43380333E564,0.09114810594912644
CC_4338106E1CA0,0.10801933982988876
CC_433878E446B4,0.11866474896333587
CC_433B8AA2DE86,0.1574892636761523
CC_433CE18515CE,0.19340428802176687
CC_43409889229C,0.23188010922966124
CC_434145FD6ABB,0.25808561280958486
CC_43424C9F7EAF,0.3161244456108994
CC_43458BCF6B0E,0.05585565405557928
CC_434B173E601D,0.7795499080611318
CC_434BC18464CD,0.052963853518124084
CC_434E0B7B4EB1,0.34191158877014416
CC_43545C27256A,0.7730961843224738
CC_43558B2937A8,0.16744195151856028
CC_4357077327D0,0.05691374424046268
CC_43582DFAB81B,0.3000264743286737
CC_435A2989D1D5,0.308651517773524
CC_435B9BBD1AD7,0.2715098393485526
CC_435C9BE05E1B,0.11780552687359473
CC_435D1AC5A912,0.17406473115821033
CC_43636ED1C143,0.645884621440534
CC_4366614DB803,0.08193660051330214
CC_43675D2A7A1D,0.22331655664323224
CC_43688AD78EFD,0.2794616951573014
CC_43689A7B08C6,0.27888142889983336
CC_43699B5B88C5,0.24291794300335107
CC_436B59428846,0.1337161282977018
CC_436C69DB0207,0.14542791839345662
CC_436DEE989E83,0.062121161207169026
CC_436E34099BAC,0.14269881740207618
CC_436E988E229E,0.16222333297807373
CC_436EE336B5DA,0.15227265137418056
CC_436F60CDF958,0.13824467526982182
CC_4370F7BCBC45,0.09820499512017665
CC_43736FCA06B7,0.05660891970343861
CC_43744B763A28,0.28771157533312663
CC_4375E68D1E98,0.10643616226817923
CC_43777902E478,0.06198063605288958
CC_437B19ED157C,0.1805615953550798
CC_437BB2879F51,0.15631732011409066
CC_437C44C456A4,0.30929210640670124
CC_4380FFA10D97,0.3164554814907651
CC_4382FB7AA68F,0.09379198030103632
CC_4387A867941F,0.11166982837099755
CC_43895D559E3D,0.08131524039888911
CC_4389643298BD,0.1485035457469163
CC_438E33396772,0.23583706754206615
CC_438EFEA811FF,0.12004598130438196
CC_43902D280795,0.08286533644578917
CC_43939B196311,0.038557731002647776
CC_43971820B5D6,0.1123181109083909
CC_43985E989BDE,0.11305465486930713
CC_439BAD131C92,0.19087266121115803
CC_43A3BF230240,0.11410448961957276
CC_43A42A1568DD,0.49371146933792714
CC_43A431D009FA,0.22444304949225158
CC_43A47466238F,0.5089004237554875
CC_43A6F1DD28C4,0.08252198774402966
CC_43B0E1F99155,0.08557163533859194
CC_43B1F7CFA952,0.0764893415902369
CC_43B2E3FF0A25,0.040432980950625766
CC_43B310818603,0.26920068995170576
CC_43BE8F986A8E,0.7103725146132672
CC_43C30ABB6D9E,0.35639727911564756
CC_43C58011A334,0.16347874275997487
CC_43C5F47EADBF,0.10203852048114177
CC_43C6AB731BE7,0.7050401094236364
CC_43CC264F102F,0.6403732804511321
CC_43CCB6631EA7,0.08759945113845771
CC_43CF880CDD8E,0.1899843051431311
CC_43DBC149E108,0.1405260602993325
CC_43DE4AC9FCA2,0.2164695932099902
CC_43E1AE11945A,0.09712600447640174
CC_43E33E6FA39A,0.1369831120136598
CC_43E438F412EB,0.07432931229304814
CC_43EA99797CD9,0.04928370233909485
CC_43EB4CB08477,0.058467014481504695
CC_43EDD8D1966E,0.1764099111315796
CC_43F3CBB92ECE,0.16399976720174236
CC_43F3D2B64101,0.6758487875817836
CC_43F85EBD859E,0.03918153966658047
CC_43FACC50996C,0.06014234372208669
CC_43FB9BA5130D,0.30402056192314053
CC_43FC4B364A30,0.3203539976308422
CC_44040C0C2049,0.15010692375008144
CC_44071E65A598,0.13269425054272557
CC_440AE3F56868,0.07041140133960329
CC_440C37F70FA9,0.5083223816256508
CC_440F03F3FA26,0.19438097100675628
CC_4411D495D9B0,0.09281482579073301
CC_4413D01672F4,0.16667226552733985
CC_441413B56FD0,0.10073821424324399
CC_4418F18B3431,0.11572940751175564
CC_441C312D57BB,0.5761685846331523
CC_442089BFA0C1,0.6268264409274671
CC_4422678FD916,0.17331369895451038
CC_44261A6F3323,0.10397334910376907
CC_442745423DBD,0.09582866769322747
CC_442C021C5F37,0.15928148347765692
CC_44375D6FE843,0.0852906853566973
CC_443CF4A547AD,0.2090893935039677
CC_443D3F807FEA,0.33164805943751474
CC_4448EED695F4,0.7691282488593354
CC_444A2205C808,0.07318948649871758
CC_444A5B9D0F8C,0.06596049757288616
CC_444B7199CDEC,0.048501037407920514
CC_444ED9048449,0.052462926847668845
CC_4450006A6D69,0.06551478128452501
CC_445636F1E503,0.1777991056027709
CC_4456C47CD886,0.17202403663610685
CC_4457FCEC1A97,0.20458940649000854
CC_445E6A078C78,0.11193832775984372
CC_4467FDE622DF,0.05438073941177305
CC_4469A94EED2A,0.2930360283100947
CC_446AF9015667,0.17833995794189997
CC_446B76C72462,0.5724568924764042
CC_446B87E8B7E3,0.05039684165987597
CC_446BF3389710,0.13289796907958448
CC_446FCC3AB71A,0.22902464917554463
CC_4471DB329F18,0.04810139362084423
CC_447270CE2E14,0.060582325369345026
CC_447336575346,0.10243807812756225
CC_447534C99933,0.06978481840687824
CC_44803D0915AC,0.05425804457198289
CC_4487D5F49539,0.373036038224802
CC_448866011A1C,0.11428626995847777
CC_4489C803703E,0.19771026040881384
CC_44923BD3DA82,0.7741348652910824
CC_449657256DE9,0.1325043912304849
CC_44976760675D,0.09898670034326842
CC_449A34FA53D1,0.3261858492869768
CC_449C5EA3CD5A,0.09890142822749834
CC_449C81E589F2,0.05876260555805006
CC_44A2831C338A,0.11408425040329184
CC_44A29856A3FC,0.1288828002964047
CC_44A559A63CFA,0.13691428120957908
CC_44A882B1CEA4,0.061951660397305076
CC_44A97E5B4EAC,0.07131679237453206
CC_44A9BD377278,0.1404855923663078
CC_44B0DDAA0BE9,0.16302860419524107
CC_44B30E3624DF,0.24386743880554912
CC_44B3485BC55A,0.1503822196247138
CC_44B7416D13D9,0.22553229948343984
CC_44B885EE03E1,0.06279776077624821
CC_44BC9653B7E5,0.7090220396350102
CC_44BD97B8F986,0.09067727700754155
CC_44BF9F95FC62,0.26071982436108154
CC_44C0A9B1C62F,0.23463726348074632
CC_44C0E6D2D8F3,0.07022047573943023
CC_44C448B9EF01,0.11924439496749847
CC_44C5BC4F1CE9,0.06686796132086527
CC_44C87C6D2CAE,0.1847937657879696
CC_44CD3A5EC9D1,0.13100341351614483
CC_44CEB872DF33,0.09765249145637904
CC_44D07744A4DB,0.7278947475445653
CC_44D2CE366C9C,0.09614092463335341
CC_44D774899403,0.0622199794759327
CC_44D8CF1075C9,0.4018724464150896
CC_44DA866EE074,0.07719428742928625
CC_44DE926B0CEE,0.07448038874288118
CC_44E9B5719709,0.11472333491809499
CC_44ED5F997005,0.11046258253956154
CC_44EE2913C6B4,0.3246923746487962
CC_44EE7EF5F63F,0.3712438140301395
CC_44EF388D5D1E,0.16222115111735383
CC_44F4C7238C0C,0.3324260025616393
CC_44F7DB9DDD28,0.06459632212713953
CC_450397CC9154,0.08146411895349973
CC_450506685FC2,0.22523930677026235
CC_4507B75B061A,0.04082058047769644
CC_450B638DC72A,0.6579392934333355
CC_450EA54951B1,0.1686939728367295
CC_451557B7B8C9,0.04652437516784491
CC_45167B5BC77D,0.05203372707109196
CC_4518126195D7,0.3934455389694048
CC_451A340657BC,0.17493489426801043
CC_451D681A1322,0.11184205220537224
CC_451F9184776D,0.3809927708529127
CC_451FA8DDF661,0.0600158970996536
CC_451FFCE6B6B5,0.05042642925034537
CC_4520E5A355FA,0.05976255169065194
CC_452302E725F0,0.11822733251283904
CC_4524B74B457D,0.2520694749741411
CC_452E0356FA3B,0.11152737946887323
CC_45307FD2F4DF,0.23916002556927346
CC_45325AB325F7,0.13143760283022948
CC_45328F4A30AA,0.04593253666218179
CC_4532BAA9196E,0.6731225257934439
CC_4533D862DAAB,0.07078639745237172
CC_4534B94FE01C,0.18579538589929112
CC_4534BCE5A5A0,0.6681996085998122
CC_45397ED0AEF4,0.19262135138060532
CC_453C71565029,0.07784106794282097
CC_453D3BD08384,0.08151347015895541
CC_454095CACACF,0.1921800686903393
CC_45411E0B79F6,0.3054386218380662
CC_4545F52CB694,0.04274028416498098
CC_45495F54590D,0.053389251714432595
CC_454A5D4F117A,0.3926231938836358
CC_454B05069E1D,0.06834434029222566
CC_454DF7556487,0.1659321350066757
CC_45546C236751,0.27539052216208953
CC_4556F09AB706,0.5252471640289178
CC_455859BB9678,0.1477513421578762
CC_455A14250141,0.11347848972336012
CC_45605443FB13,0.6479694246003223
CC_4561C6DCB6AE,0.7213502598796382
CC_4565137E5296,0.20021229438971275
CC_4566F46C66D1,0.04706327629705172
CC_456888E99F95,0.14286431039391895
CC_456ABECAFCF9,0.09857145390746644
CC_456AC6310801,0.04418503228729516
CC_456EC94186EB,0.0906710874618955
CC_456EFF689C22,0.09184807843841003
CC_45727BF71CA6,0.6979895447014836
CC_457515CFDA95,0.13212625904560588
CC_4579275FA64B,0.052356783898982226
CC_457ECF54518D,0.09622551802837676
CC_457F077077DA,0.1696547903967258
CC_4586428C59CD,0.14523666339657296
CC_45866409D70B,0.29321372219442043
CC_458DDF58D7BC,0.11386432911076114
CC_459367EDB260,0.40521688256767413
CC_45955DE6ED87,0.11608843937129505
CC_45984DCD47EB,0.17512632857609378
CC_4598A9C479AB,0.09050439023742929
CC_459912751A66,0.1823922656308204
CC_4599EDC6A8C9,0.41493222100023675
CC_459B411A1BE9,0.7423435509819376
CC_45A0D02BC257,0.7228362778084849
CC_45A0E0FF48E6,0.21455064648738137
CC_45A203BCD017,0.11821250232254381
CC_45A99544F768,0.053816916659272115
CC_45AB74C49190,0.16872139042224105
CC_45ABBADE9975,0.30744226376912576
CC_45AC6F28C7DF,0.04639484936969388
CC_45AC947F1DFB,0.05493779915319806
CC_45AD4466894E,0.3347817588748382
CC_45AE94D8FD07,0.5560727517967526
CC_45B35E5FD8D9,0.07560670843350248
CC_45BA31E0BD9E,0.6017983593734766
CC_45C886C0B039,0.05780163829748989
CC_45CAC6B1AC70,0.0989757377169185
CC_45CC04222CF8,0.3236597134832316
CC_45CEB9F25E03,0.06013830336885338
CC_45D6B6D47776,0.7343858444837142
CC_45D87984C8A2,0.6145666551568227
CC_45D8AADD879B,0.4675807195237412
CC_45DCAF79BACF,0.08435836598036062
CC_45DE739E4DA2,0.07466867614816106
CC_45E4BD6E1094,0.2816723044075828
CC_45E712973069,0.13325155645083592
CC_45E91CA43887,0.09339718612184499
CC_45EB85E07B89,0.10549510288548944
CC_45F4916D5858,0.06338912603236321
CC_45FA0F483C56,0.14598994365432444
CC_45FD076CF204,0.10324348908890843
CC_45FD53835E85,0.6454319244191675
CC_45FE8C40C802,0.15015378776615332
CC_460048F97582,0.4458173668443818
CC_4601561CE56A,0.17344541694272356
CC_460397821533,0.0973199309901051
CC_4606024C6CCC,0.12428285048843543
CC_4609D9C70486,0.5943095479479557
CC_460CD8FC70C6,0.186314758940558
CC_460D42D6A0B3,0.13688452729384687
CC_46104605333A,0.11040811221629705
CC_4610AFBBC841,0.10116369700411307
CC_46121D15BBDF,0.332880725752443
CC_4613D4C45566,0.2192385672701192
CC_4614CED895F3,0.1033808043904649
CC_4614D2C66070,0.08241255898058862
CC_4616636C9CEC,0.1785690249465864
CC_46195DEAB79E,0.1384814530903634
CC_461A54F25C51,0.6616811617069416
CC_4624DA1E3E3F,0.050777360817492734
CC_462B19C6E598,0.03889525153736957
CC_46322A3D4B5B,0.22105856748652558
CC_46349B7E2E14,0.09089403529426122
CC_4638DF96481D,0.44715248402188285
CC_463990FBF2EA,0.2461181380351
CC_463B779A313C,0.2166706965568692
CC_463D5ADB78B1,0.21142984473963938
CC_464082944A66,0.20383665707120335
CC_4642FA758A95,0.06081860323602937
CC_4643A97ABD42,0.18798564799241496
CC_4645504B8F71,0.11757645329765554
CC_464A3460F393,0.05855363274947204
CC_464A48ABCF15,0.22898874437400676
CC_464B82313AF1,0.44224905616865345
CC_464C477F02C2,0.2057556643568727
CC_464DF7DF54CD,0.12445536396108817
CC_46509B4A4E95,0.0848285896856296
CC_46534DAEBDB2,0.06038769458348049
CC_465959DF8190,0.12010153124622058
CC_465A7EBE17B8,0.11139294781285566
CC_465BB6D3B15D,0.6712700290546596
CC_465EE0A8EB33,0.6973021992737722
CC_46625AA5044E,0.11896987517372007
CC_466357181FC6,0.11469531456886477
CC_46690B70B232,0.3254322289264396
CC_466932E039C0,0.24077213315449913
CC_466C5B52D2E9,0.19383635180239822
CC_466C8AB02EFF,0.12155410249295491
CC_467467CE2DBA,0.046282192167814054
CC_4676561DF442,0.15135797395227119
CC_4681FC6611BD,0.6561520902112493
CC_4687803E0613,0.13565185437834532
CC_46886DC4A5B0,0.052032684527659266
CC_468908A79D29,0.4185704419182102
CC_46899F027259,0.054534930940066784
CC_468B9311EF92,0.11778652073656
CC_468FFEC3561D,0.3275135184020978
CC_4691DB7F2D85,0.11532463976090698
CC_469460D11FF7,0.05919842352609872
CC_4694B67B6BD5,0.07315986691398368
CC_46957AE413C7,0.08054230084107276
CC_4695EE740B22,0.051349150527044383
CC_46A73BEAE24E,0.7057553788225424
CC_46AB0ED2AFA4,0.0822303177900651
CC_46ABC62EB886,0.04590837828751594
CC_46ADEAEA3587,0.4100602514867254
CC_46AE119A9FA3,0.15641436768753186
CC_46B06994BA99,0.07092181016453766
CC_46B0C49DE87C,0.12616291034327903
CC_46B347211F67,0.06495696096336671
CC_46B3E6F2FA32,0.05546031174739922
CC_46B7CED4868D,0.15965383618987236
CC_46BAB604F8AE,0.17850397221085743
CC_46BC4D93EFEB,0.23097928912841642
CC_46BC807B7833,0.07818769082411475
CC_46BD7EFA9CC3,0.04987990446225319
CC_46BEB1C23BCB,0.139868443267904
CC_46C1C56C3CC9,0.42502244004867934
CC_46C73ED43BA2,0.19913922654871502
CC_46D1225E0DFF,0.14648129326441423
CC_46D1C996EAD4,0.07390276104650169
CC_46D72E86BA2C,0.07502333754903145
CC_46DCBCB7A5C8,0.22222438396777894
CC_46DCDE8E7BA1,0.7672061431808326
CC_46E42892DBEB,0.11910649846862317
CC_46E91F9ACAC9,0.07647431554176215
CC_46E9AB73D073,0.043816838382475076
CC_46EA74776C44,0.2801290374884806
CC_46F0982AE749,0.06342740329395133
CC_46F2D1E5F829,0.24537967317979473
CC_46F77756B0FE,0.22085054879054847
CC_47001D4BA82F,0.16680856017438778
CC_47004AFBFFB9,0.07221596809515804
CC_47013B67CF3B,0.08449200033285661
CC_4701677F164E,0.05778759173335375
CC_470368FE8ACD,0.06515517144384413
CC_470A86347F2E,0.6906781946954408
CC_470F846CC1A0,0.20942474269327463
CC_470FB77410C5,0.675780134818278
CC_4710CA53210D,0.5534501049714186
CC_4710F5A5F882,0.19589473647783054
CC_4713087780CF,0.07393099184888298
CC_4714786065FA,0.06012040742478625
CC_471519FC2DFD,0.19234590319507303
CC_4715210BDB62,0.5559611349875053
CC_4715379BF72B,0.03927441643514428
CC_4718AC9F7130,0.10026377380165005
CC_471A4F4C1A90,0.11309607815574871
CC_471B198AA785,0.17157630425381876
CC_471FE7A6EE34,0.06424408054196791
CC_472151DBE6BF,0.2253828412426287
CC_4722092DD03B,0.11402515187700135
CC_47260FED9801,0.09767405665794904
CC_4726ECC59776,0.07378648347074726
CC_4727E9DD8659,0.37889300672753545
CC_472CE66282E0,0.08653060253924294
CC_472DCDAEC516,0.34553780142521695
CC_472F98C4EA92,0.059984786937587645
CC_4734BFB4B19C,0.1499917888187983
CC_47355B14FD1A,0.32479329272570306
CC_473A59A00048,0.15252233750194316
CC_473B38873A1F,0.10222840298895075
CC_4740F0807C36,0.05005499206461696
CC_474296808950,0.09157302107584656
CC_47441AD8CCB8,0.0447633524510363
CC_47443605C0D3,0.03704893198701786
CC_474849E9A838,0.08745599008073207
CC_47491839DA73,0.17397692167270246
CC_474BAE81C090,0.04867208477667267
CC_47503F8AAD1C,0.03980785644886799
CC_475322B78A21,0.4863166364614102
CC_47580CBBB71A,0.08506338261972121
CC_47593F1D6A2B,0.33436220201712513
CC_475D5FCC0EED,0.18250372979147134
CC_4763424844B6,0.1629733045068183
CC_476419D7304F,0.21799466427525113
CC_476422D1F086,0.15200052174015424
CC_4765AFC8FAF8,0.1542124710407657
CC_476B4C8E94B3,0.7011243454679532
CC_476D7DE58C17,0.7815556183028363
CC_477149D712E4,0.10276339150043215
CC_47738DE77885,0.09052539903894245
CC_4773FF037745,0.7612014627254979
CC_4774704C8838,0.05217280198998646
CC_4775F2ED11A6,0.23122356764783483
CC_477C09AA7AF3,0.06871778119726295
CC_477E393ACE01,0.10093359949752975
CC_4782128A0B66,0.0935508651137993
CC_47830F3EFCDD,0.23576353447396473
CC_478374A5DCB6,0.5637786871255706
CC_4783C4B8E7EA,0.11728467473235278
CC_4784B5D55438,0.7002199145174905
CC_478687139B5D,0.038765192948924734
CC_47874F2B1CB6,0.0936884481776354
CC_4798D5F05845,0.14168202670765684
CC_479BA8F00ACF,0.09597972799796756
CC_479C79D992A3,0.0815714601542652
CC_479CC6C767B6,0.11005777967587287
CC_479FE699FC78,0.13035528872066302
CC_47A4E9477E0E,0.05129503310877683
CC_47A5F2A917FF,0.07481384699704449
CC_47A993EA9DD8,0.3007976920183362
CC_47ADD0B61A41,0.13661444964914676
CC_47AF154BBB93,0.07647393020873641
CC_47B3C0D6CF8D,0.09089649725937052
CC_47B3C332B17F,0.06949592980278971
CC_47B59D77EBA6,0.1816251800521717
CC_47B5C25CC595,0.13454006330486518
CC_47B5CBDD933E,0.41254704893359506
CC_47C16EA9CABB,0.06273630170441884
CC_47C2AC33A70A,0.3269385958062195
CC_47C5BA360BE4,0.11069267858957081
CC_47C6FA8A22AC,0.5127000815833208
CC_47C822552196,0.21534282214477485
CC_47C948AE020C,0.09368172607681907
CC_47C9E3938A19,0.054021830217984027
CC_47CFD0BE6EEC,0.5971492925443208
CC_47D0D927CCC7,0.18807752582936646
CC_47D11008CD1D,0.07082133026974555
CC_47D236FA5591,0.04161778742756679
CC_47D2786FC984,0.7138013470964658
CC_47D396043FCB,0.04744828201162298
CC_47D5158F4754,0.26325508380720425
CC_47D87663B9D1,0.5112608166899223
CC_47DA5A892A38,0.08051219140160165
CC_47DAE6B6CAF5,0.04522904999140549
CC_47DF4358A232,0.13716809753939951
CC_47DF8F1BF262,0.062444496125207936
CC_47E7C95F8BB0,0.0667755118146961
CC_47E80FD8804C,0.7377521721111141
CC_47EBA041F2DB,0.16316611788047128
CC_47ECC0A541F4,0.32521659802621566
CC_47EE0C873D6A,0.05242488863233889
CC_47EE665A2848,0.0875584347453423
CC_47EF2FA5B5F5,0.11804158431602296
CC_47EFCA22FABD,0.06861488578101661
CC_47F254E08768,0.04809298120718191
CC_47F273F26B3C,0.21893519348458573
CC_47F3CAF06084,0.19522848402445414
CC_47F3D6429025,0.10638997265734136
CC_47F50D878391,0.09222516938525871
CC_47F5A98FDBD8,0.10373297973047577
CC_47F85FE42410,0.07663213571195593
CC_47FA2BED03EB,0.3864095928076019
CC_4802257CE7AE,0.08985739529347575
CC_4805463A72BD,0.10040397263289744
CC_480AAB1AF717,0.08256211132918989
CC_480DEAC19880,0.3165326449157585
CC_480EB9CA1E1B,0.09390767004731013
CC_480F43D3CE20,0.5863149570350447
CC_4810ED61C01B,0.1745641004155531
CC_48156ACD2C54,0.4853010916621597
CC_4815756AF08F,0.1672998339499096
CC_48174701006F,0.6026136523717588
CC_481764442E6A,0.4012623482380485
CC_481C7F5734B6,0.046031005468551524
CC_481CD48F67A1,0.07396165311841593
CC_48225A375699,0.046477184468675756
CC_482B1DB21BB9,0.29626122403637484
CC_482BE33CF01C,0.18822028480896608
CC_482E6D557914,0.122696573984338
CC_4833A4BD4441,0.4281339258202187
CC_48347087DD52,0.1967577978312549
CC_483575A64B3E,0.696744419580491
CC_4836D49684EA,0.27783676306034216
CC_4838890A371A,0.4645506584734564
CC_48391F2A1BC7,0.08312419203493701
CC_483B70F397F7,0.6772103212848836
CC_483CC1947804,0.1425978262075808
CC_483E8F2D84AE,0.2145535941155856
CC_48461C112BF8,0.057084561839677514
CC_484635772962,0.3393309205833944
CC_48475C52156C,0.09165977662680527
CC_48478DDAC576,0.03663655601108292
CC_4847BCADDC3B,0.24276564353353525
CC_48484C22A51D,0.26787302267334495
CC_484DCB5BD6F6,0.09893095141592101
CC_484FF76D73F3,0.777607971419289
CC_4850BE6657B9,0.06425093923127255
CC_4850D3A76C73,0.12629857853823948
CC_48576537AED8,0.16217282298688135
CC_485A8027573D,0.05103431045530564
CC_485C00FFA64C,0.10147103656863514
CC_485E1D5546AB,0.1380434483838417
CC_48615F1C7CFA,0.1323890628251219
CC_486462438A48,0.3892895200786316
CC_486507204214,0.2666914955165493
CC_4865274BB24B,0.13813382771491292
CC_4868D434B15F,0.09508243509768757
CC_4868E473C8F2,0.0647982493440743
CC_486C3C11AC8F,0.053478885762879166
CC_486C7AE97A43,0.1639870645303348
CC_486EE9D16088,0.5131072552721713
CC_487413DC0E78,0.09511550814466745
CC_4875A994566C,0.3346558483887856
CC_487A84A18689,0.057008178238737994
CC_487A90322CC7,0.5573496208207863
CC_487B4DCB738C,0.13502946293958457
CC_487BF6377958,0.5035706180165114
CC_487E09766AAF,0.5089216794594893
CC_487E6E51639C,0.40243583134970073
CC_488129D14577,0.07351823804422468
CC_488153F12B5E,0.03660405258300757
CC_4881EED70D7F,0.42860868334022423
CC_488301D5E399,0.046794460192396296
CC_48832C80B48D,0.08612993621321259
CC_48845A53F311,0.2039636909167597
CC_48872BA8341E,0.20489718445537036
CC_4888D4E2BA7D,0.6548975248911267
CC_488B08F39346,0.05379699367363783
CC_48901C0FEEB1,0.5156296400927245
CC_48902C116541,0.7147644225224898
CC_4894E632B583,0.16610411920533757
CC_4895FB6E3B79,0.03988828886173249
CC_4896A4A7908C,0.11152270782609108
CC_4898D0FFE44D,0.6446439172655392
CC_489AD8F8C071,0.24366224838987924
CC_489EFB3FBC71,0.6466250715329307
CC_48A32D5AA56A,0.3103895283720878
CC_48A369C692CC,0.14380903589550842
CC_48A7D3CC02C3,0.5542375544340692
CC_48B5B4E37596,0.6696728266130023
CC_48B5C0FA23BF,0.21618176618422189
CC_48B68CC29EDD,0.13706779378498163
CC_48B9AA29812C,0.48632413934299434
CC_48BE9A49A6F7,0.04582997943601577
CC_48BF25DAB002,0.12105498596509985
CC_48C356851F6E,0.32914342878002945
CC_48C6F2BDD748,0.11984873462508369
CC_48C729598E4B,0.43125430183840024
CC_48C7998F2DB3,0.2884044942927974
CC_48CE5B835688,0.06958178683549192
CC_48CF6E7D958A,0.05099402793533464
CC_48D022D7BCE6,0.7695876527905325
CC_48D09748AA47,0.22975455596728694
CC_48D23D80EFB1,0.6627556894735027
CC_48D5958C164B,0.04301315657168666
CC_48D6C42C7273,0.130666527796723
CC_48DA23558B4E,0.21106664734526698
CC_48DB3532BA27,0.157638881051738
CC_48DCE04AB80E,0.08302156332608576
CC_48DE1AFAA76C,0.13483322804408987
CC_48E22E3F96EB,0.3818878388265825
CC_48E3AE641911,0.12440016831842926
CC_48E4C6A3B977,0.5801710986079408
CC_48E887FA2EA2,0.45254490142953985
CC_48EA7A528752,0.19677666827030627
CC_48EB91853E21,0.10754624699184401
CC_48ECF0DD05CB,0.766850303956172
CC_48F2B60CC5E3,0.085857402689663
CC_48F2FF808B37,0.1439397816453815
CC_48F9EF5BC4E5,0.06499658877711431
CC_48FDAC542476,0.11298998351244774
CC_48FE1FC9A24A,0.19183343695661553
CC_48FE4806F9A0,0.06166966624610211
CC_48FE90DB75C1,0.1730804151720181
CC_48FEE0F45D6D,0.08626484624340947
CC_48FEF28D3FA2,0.06306435012770403
CC_4903FE5D289F,0.09714297593212602
CC_490456209F19,0.1234146485449269
CC_4905043287C9,0.25516611187509364
CC_490597F75EF8,0.12717682167744748
CC_490601E44F41,0.08806782604985085
CC_490789E1D7FA,0.04822063962687776
CC_490B6F2BAEBF,0.17632410251423372
CC_4911D13E65EF,0.13671204969381517
CC_4916148BBA23,0.04062972796736262
CC_49164D809240,0.44891389354854666
CC_4916AF8F3BC0,0.13933737232738802
CC_491AFC3A2638,0.10925222030716755
CC_492050768FAE,0.13052902168546532
CC_4920EF67148A,0.12356310076148672
CC_49229557C7D1,0.10628430944097611
CC_492A2AA1F0BE,0.6965366618837462
CC_492D62827EA5,0.12349942544101329
CC_492E61DB477B,0.7437577451475061
CC_49328ED1904D,0.34094220895738736
CC_4932B9E39192,0.10515205502927791
CC_4932E88A339A,0.12633520148924274
CC_493499AF238B,0.15398863538812552
CC_493536B719A8,0.1639538782073801
CC_4937C06CA9CE,0.07172298333107932
CC_49396C092B9B,0.11223614723271982
CC_493994B742F9,0.24722581583816067
CC_493A3BC61AC1,0.15036244727469233
CC_493CB2532966,0.10551520900877495
CC_49418FE12E60,0.15771450249012015
CC_4942FA52B376,0.03607028073365581
CC_4943FE5248D6,0.21708174722191073
CC_49446A31030A,0.12620384619337427
CC_4944F6DE20D8,0.10876038499890699
CC_494983AD0EB6,0.64622203917317
CC_494CAE5CF417,0.12257907183545416
CC_494CEC057A30,0.37470527795973396
CC_494EE3F3FCF4,0.11819848169828155
CC_495065CCD010,0.20874842871440075
CC_4950D395DC4A,0.33077088159809487
CC_49515AD74902,0.08915786696560007
CC_4953B85A21E1,0.04151272277089239
CC_4957D2F2E955,0.06934779396556737
CC_4959F81FD35D,0.062458662351277075
CC_495B8930C049,0.12605320951929833
CC_495B98BAF894,0.10714757975436617
CC_495FFC4554C6,0.08962767744231619
CC_496110F2214E,0.09543579714509233
CC_4961DC090B93,0.26979204775289356
CC_4961E26417E7,0.053084151211990914
CC_49633E6BFFD5,0.06370670452965348
CC_49642B031E89,0.05811885589145969
CC_496465F43458,0.06970811654845319
CC_49664725AA99,0.18444606118354756
CC_4968DC6B7B27,0.589691605483638
CC_4968E706CA30,0.0520362892848187
CC_4969539F8744,0.09655102901518144
CC_4969C78ECE50,0.18562231467229134
CC_496B7E7A9DC4,0.14343897485185425
CC_496D80951E49,0.25630785985598764
CC_49711861D565,0.11897053755012779
CC_4974EF96378A,0.2201336985732792
CC_4975614112D9,0.16172092034058722
CC_4976525DF0A0,0.2228166918182719
CC_4977EDB6987D,0.3837515883325774
CC_497921304894,0.11318248922133076
CC_497A8A96D7F6,0.4577410774404772
CC_497B9EDB85D7,0.04923452191350583
CC_497D1094312F,0.22414808195380492
CC_49841C4D4097,0.1884482476639195
CC_4984A4D65A9D,0.3220077171972132
CC_49852F75260A,0.7357026878711773
CC_4989CAC4E7C9,0.29983140051288387
CC_4989DACE4C14,0.7397884599983398
CC_498AF2830A36,0.2337204139384867
CC_498BD0582859,0.11900906061691843
CC_498C2B0484FF,0.22120139005663778
CC_498C55A8A5D3,0.046169488609420925
CC_4991F72B0B8B,0.8000953779733836
CC_499267A39D6A,0.5396073604491193
CC_4994B6D2B088,0.0568122306455493
CC_499609CF9BA1,0.06819950943830873
CC_49969C4A507A,0.17812374927113048
CC_4999CFC6BA9D,0.7648018417480602
CC_499A2C1AABF8,0.15288466211034135
CC_499B8626AC67,0.13644249024780924
CC_499CC4C2B960,0.04739075580386208
CC_499E7CCE82C1,0.29999757381323083
CC_499F25D982C5,0.6105539092462372
CC_49A20A9487B5,0.0863236730294991
CC_49A4DB22186D,0.2785396476734047
CC_49A781E71D3D,0.26000638506516527
CC_49AB5EB57819,0.08383348510355448
CC_49AB6744E350,0.6505525368157068
CC_49ADBC80B386,0.09019917578322982
CC_49B04114B38F,0.3638260280886187
CC_49B4D9A6A142,0.09948900910823506
CC_49B5FA847F6C,0.0879147088157337
CC_49B86F33EF6C,0.05123087810399214
CC_49B92FECAC21,0.27080028925133764
CC_49BE4BCE8C1E,0.5735275359599629
CC_49BF9E7DA2DC,0.6166737559004545
CC_49C07FAE57DD,0.03476182885233668
CC_49C3812EF404,0.10280805604288404
CC_49C431F7A40A,0.06277795484620748
CC_49C52F671584,0.14373273117622007
CC_49C782090DA3,0.06733409218800657
CC_49CFAA4F09E7,0.4113032826530591
CC_49D06D18EDFB,0.696735714932555
CC_49D1CA79B830,0.3950470245144472
CC_49D247575C5C,0.20676195864906158
CC_49D2FD4CF028,0.07383315417789311
CC_49DE2A951740,0.739822779810696
CC_49DEB72CBA57,0.17285786027308814
CC_49E2E6B258E4,0.07434396542292374
CC_49E593027867,0.07198372974860537
CC_49E6182DA88D,0.1990075972958831
CC_49E73D101D18,0.0753295759966717
CC_49E79051EAE3,0.0551143388759453
CC_49E8535A3284,0.1548755625093803
CC_49E9274E395B,0.6301818200114592
CC_49EC66EA6D52,0.2095051609710087
CC_49EFDEC315D9,0.4367034482020561
CC_49F10A8853FE,0.10754883426501852
CC_49F2EC8B7D9E,0.6854981233162017
CC_49F5EFC494B6,0.23194792935128375
CC_49F806424398,0.09037784760937555
CC_49FA7A42BE6D,0.4224090751373395
CC_49FAAED440CA,0.07201112816088358
CC_49FCBC4ADF52,0.0927813098930145
CC_4A00282E7A85,0.09672895052245804
CC_4A059309E582,0.06147237018629327
CC_4A0755BABAB2,0.7656223229878505
CC_4A08B9FE6115,0.05481024560874019
CC_4A0BC97EADE9,0.3415348708586763
CC_4A0EF488F687,0.23726109369035378
CC_4A10375DAD00,0.06389214603351222
CC_4A1037D8A94E,0.12436445837191508
CC_4A108D4995F5,0.12151761673291532
CC_4A15B948EDBF,0.5889764412094054
CC_4A17B34F73FF,0.1702005529832128
CC_4A17C09DD036,0.16552966129820504
CC_4A19EADCD52A,0.5249975123152365
CC_4A1A31CA8E09,0.4260657011838904
CC_4A1CBBC34AEF,0.7722133368310049
CC_4A22256E787B,0.678535510150831
CC_4A23B6765748,0.09732365875419476
CC_4A2493C1FB7E,0.2059094442679959
CC_4A24A4015D67,0.12990490247834002
CC_4A25CD6DFE49,0.3975542463852805
CC_4A267360BEA4,0.19961569799859918
CC_4A29CDD76757,0.7790870143735028
CC_4A2B3149F818,0.06900598970339464
CC_4A3330293269,0.16315575991850698
CC_4A36D9EB08FB,0.15254480215472585
CC_4A39ADB4A469,0.16250797565474212
CC_4A3ED3D5270A,0.27703171482704564
CC_4A46A34B0286,0.6430240447619157
CC_4A48612AA6F1,0.2373258048739734
CC_4A4A58F58721,0.061393952069775895
CC_4A4ABA3F61AE,0.04433568055284119
CC_4A4CCA794598,0.06156021056282155
CC_4A4D1A781C10,0.21400829865305218
CC_4A4F3CEE7F68,0.1504778774187264
CC_4A51EA15DD3E,0.09056091618950715
CC_4A5252D0318D,0.0861656300405581
CC_4A543D3DEA84,0.18502797176154456
CC_4A5AEE960334,0.09100800795034321
CC_4A5DC924D662,0.10933031289177031
CC_4A6275C86729,0.6676180820593969
CC_4A65F9AF952D,0.34012838754806735
CC_4A662975EB11,0.07704807431322246
CC_4A6C6B3206D7,0.5949036516587164
CC_4A6D10ABA22F,0.12862847896672938
CC_4A74262166E1,0.09572970455036692
CC_4A79254B756D,0.2555042601035739
CC_4A796D720F0D,0.7637196053555094
CC_4A7D6DF3E09C,0.12254990532125362
CC_4A8197463B68,0.062157052746155114
CC_4A81C5D75C6E,0.05354557453595706
CC_4A8204D2A892,0.08455042169093605
CC_4A8308DAA0A2,0.07767769592685661
CC_4A83B084BF6F,0.7373248536422385
CC_4A84EF4CBF39,0.46926353877366606
CC_4A8AED912D81,0.04614902348974782
CC_4A8AFAD0420E,0.18726816905715307
CC_4A8B293033AD,0.09934969749606995
CC_4A90166BA504,0.3283375497095551
CC_4A941F05F366,0.13024996442327041
CC_4A954600AA9D,0.13102603169676738
CC_4A9A403CF392,0.0455010363032178
CC_4A9D869C2564,0.28323213214736154
CC_4A9E5FA62EAA,0.748928154867481
CC_4A9F549804C8,0.37932176984301
CC_4AA1454DB1BD,0.07325063662066336
CC_4AA2A5F4513B,0.35413674486018537
CC_4AA5F584A62E,0.36338098071747665
CC_4AA6BA507211,0.17797554276332317
CC_4AA76FFC05D8,0.05199426604232975
CC_4AAFF03DB5BC,0.06294944329522675
CC_4AB61BB7CACB,0.6010233417434537
CC_4AB70778BF68,0.08824452972592316
CC_4ABA0785C267,0.26071663115677574
CC_4ABC078575DF,0.6824353716250567
CC_4ABD62F268E0,0.6526946163434292
CC_4ABF16BB8365,0.39157150324800327
CC_4ABFB496BAA1,0.25995432813523023
CC_4AC49D75672B,0.6861527428557181
CC_4ACFC91213E0,0.12696563111777517
CC_4AD0DB740322,0.39779147542786514
CC_4AD19A89D26D,0.33385889993463397
CC_4AD24CEDF04B,0.13261100075309915
CC_4ADB26964D43,0.1561749886721554
CC_4ADDD817D67E,0.18749545183539454
CC_4AE20FD028B6,0.3038327979030078
CC_4AE3DDE309D1,0.20627872528054975
CC_4AE4F26A7E44,0.16430188890065084
CC_4AE5A2C1A3A9,0.29770985281199797
CC_4AEE17CB1E32,0.04726495968832441
CC_4AEEFAA61C23,0.22119701224246682
CC_4AF0C17AF2D1,0.24705971131533094
CC_4AF65B965DE3,0.11120646978507664
CC_4AF9C6855C82,0.6372466859517641
CC_4AFB2FE624FD,0.07709529745931018
CC_4AFC0117879F,0.19317095635697107
CC_4AFCAE442916,0.25337934921159627
CC_4AFD37BA6419,0.13144360653319703
CC_4B01531F3668,0.36734622371982406
CC_4B0418552431,0.05810290824468296
CC_4B07DEE3980D,0.09941846837640397
CC_4B0E16972D2C,0.09502679651867521
CC_4B0FC11D9784,0.08316964728135028
CC_4B167957E054,0.05718650358707068
CC_4B1B1AC32F9D,0.09946357990073812
CC_4B1EEC6BB6F5,0.05404005871005019
CC_4B24028C74BE,0.16336371067701433
CC_4B24284211CE,0.15615167984331946
CC_4B272CB87A55,0.11598136141189481
CC_4B278BAF79E6,0.09363532927879645
CC_4B2CDCB80A85,0.12942274767338122
CC_4B2F5031FA75,0.1546102266027995
CC_4B314F6A1536,0.1745677873427603
CC_4B34BF1A3C04,0.0864306576910022
CC_4B3ADF0E1BC7,0.6425799700803265
CC_4B3DCE915488,0.0931214444928482
CC_4B3E7689516F,0.6522962453167465
CC_4B3F7A4E7D6B,0.4138122192442351
CC_4B409C43809E,0.6143752220505687
CC_4B40F81D006C,0.07680218959563855
CC_4B4158D80004,0.31901114809990666
CC_4B43C14A71EB,0.0412151366874678
CC_4B45A4D1E183,0.1503826787056867
CC_4B46D0D62567,0.5512443693866835
CC_4B4711519FE3,0.6469553760368433
CC_4B494B5906DB,0.5817277129015518
CC_4B4AA5651651,0.7129205879214965
CC_4B4B6A1D246C,0.36522605135506553
CC_4B4BD66CC7C7,0.25245536132756285
CC_4B4F8F478917,0.04164485723108092
CC_4B4FCB5D63AF,0.3012867122926736
CC_4B527733ACAE,0.1960467476777672
CC_4B5277E53172,0.5617585798286392
CC_4B52B5659990,0.24907325425805701
CC_4B5617A505F9,0.2752047433671301
CC_4B59F176DC30,0.4620923398968434
CC_4B5E54542C12,0.11274130557327314
CC_4B6157B79E82,0.10039178412779022
CC_4B618DC26522,0.0486785212603067
CC_4B63BFB32898,0.6202154438056283
CC_4B645748E2D5,0.06164935351950188
CC_4B66B13E21C9,0.5950678988033906
CC_4B691ABA1D24,0.05416267568849183
CC_4B6C0C1EAA62,0.36948236468454143
CC_4B6C4AE5BBDB,0.13533755280530874
CC_4B6C8C1F1D67,0.126577885113569
CC_4B6DEDD32C70,0.07418094558262912
CC_4B7B94AE5822,0.07182876609936971
CC_4B7BD4272628,0.17420206621380324
CC_4B80028A3E0C,0.09886839671399508
CC_4B82E7CCFFA5,0.11547873954052038
CC_4B8355DFCB16,0.13048736615280723
CC_4B83F3197362,0.7788364052898482
CC_4B84C2FD2609,0.26547699570485067
CC_4B84FB7D7E38,0.10596409206562127
CC_4B861BEE6C40,0.11375531591942759
CC_4B8694AC0053,0.49767737563517694
CC_4B8FEB61A1D2,0.06866985580383564
CC_4B8FED4FEA62,0.194062646417833
CC_4B9440FB5987,0.06669640859420127
CC_4B9F37CCF202,0.05662465757858082
CC_4BA3EBAED458,0.058658422309769
CC_4BA44F97889F,0.1178800029953968
CC_4BA537FE8C22,0.13293383616307525
CC_4BA6244A64AE,0.47127215722761173
CC_4BAAACC927CF,0.06317719991585972
CC_4BAAB7D364DF,0.6438485976919611
CC_4BAD8A7672CC,0.11713739292435046
CC_4BB18A117A98,0.5147318627395904
CC_4BB2A9C679A2,0.09264158623180346
CC_4BB658F1171A,0.12097317232028174
CC_4BB829ABB14C,0.09590750419932505
CC_4BB90F2EE162,0.24414542620778149
CC_4BBB36A38030,0.27109998220295095
CC_4BBDBECA6B92,0.09167382877821077
CC_4BBE01391430,0.06306748071535424
CC_4BBF455291CD,0.08241360960372308
CC_4BCA99FA8CFC,0.24058879973334096
CC_4BCDD3257CFD,0.12909663184727432
CC_4BCF87EAE128,0.12190240196138627
CC_4BD0115CF3D7,0.14394679580699737
CC_4BD4DF84AE78,0.03891356302376584
CC_4BD67048880E,0.7744461810620162
CC_4BD73BDAD5C3,0.13862651842191806
CC_4BD75A1DEC3B,0.04923435839922043
CC_4BDC71D958B4,0.07381506725868421
CC_4BE1C8C3D33A,0.0761196521049158
CC_4BE4CE0A5BCE,0.29486683823633475
CC_4BE670B379B8,0.04539768246750513
CC_4BE701760E45,0.26409330265478503
CC_4BE7B351DF1F,0.12208612105731706
CC_4BE7EC2064C1,0.21395468830215264
CC_4BE8B6EFCA38,0.23234139979398155
CC_4BEAE979CB03,0.05100452984917884
CC_4BED9943694A,0.09200544850712891
CC_4BEE70F31D51,0.18273468111076213
CC_4BEE98FC7693,0.09438886456597825
CC_4BF1ECB0BEF5,0.7511903114589542
CC_4BF26C431C99,0.6579328609324648
CC_4BF46A708ED2,0.13878745205302756
CC_4BF57AC7E2A0,0.6255846549272894
CC_4BF9E1EA7152,0.08516118414322957
CC_4BFAA0AF3E37,0.7627607864682078
CC_4BFB3828F194,0.5587450321432581
CC_4BFC209A3A61,0.09097369053540663
CC_4BFD2A4D267E,0.1630351627280976
CC_4BFF5737C1DF,0.7710808623760842
CC_4C03458D480A,0.16500927650425717
CC_4C03D5A035E8,0.12942432807792445
CC_4C03FC980A4F,0.23660885108972995
CC_4C053C1F91B3,0.1353617159230825
CC_4C073C61B152,0.32437144602260337
CC_4C0771BEEBF8,0.09044079790942401
CC_4C0B8A0347BD,0.08719178428421268
CC_4C0C8D73D1AF,0.23131386334306855
CC_4C1043519BFC,0.20968777704166822
CC_4C1141472F7C,0.22895371613818347
CC_4C12EE3074C7,0.6468822332725035
CC_4C132ACB2BDD,0.7372268773651055
CC_4C159FEE64BC,0.05217882369861064
CC_4C1F14C69FCA,0.1714061371522564
CC_4C1FACA95212,0.40757579585469417
CC_4C2ABBECD50E,0.528987515628612
CC_4C2AFCC53232,0.04356552867354413
CC_4C2BB5560854,0.35809348983076217
CC_4C2F65B66BEC,0.04119381351510072
CC_4C372E086622,0.05415074550940049
CC_4C373D9044C0,0.11656094296815014
CC_4C3754DAC336,0.5620660250100769
CC_4C3A7B3F1A9A,0.09439957285021236
CC_4C3E30E2617E,0.20167163224074863
CC_4C3E69111DE2,0.12979975159457205
CC_4C40435152E6,0.051382214308135235
CC_4C414641A1FC,0.37554143086382785
CC_4C4578FC5A3E,0.22334603755846424
CC_4C46D78852D0,0.13894618952450805
CC_4C48EF67D2EF,0.2577543337682586
CC_4C49477B4CD3,0.09582351143672971
CC_4C4CC3DB34CC,0.1383840754367315
CC_4C4D2E9BE4D7,0.5298104615933733
CC_4C5317AAF263,0.09451096516289074
CC_4C550D441CE6,0.1576760363394484
CC_4C57C273E92E,0.6729730330456958
CC_4C5913D71BE2,0.04864035640722038
CC_4C5E13FD6C6D,0.12858079988427995
CC_4C635A41DCE6,0.15741736950251137
CC_4C664B08CED4,0.2847479542692736
CC_4C6857B5FF4F,0.18834997853238286
CC_4C699BE3FC5B,0.045585395859365246
CC_4C6A85287861,0.13106265435699377
CC_4C72046DBD0D,0.1828517272087279
CC_4C73C562A0D5,0.24537846594901444
CC_4C756CCA904B,0.10627026936744781
CC_4C75E89B3590,0.7098611812942204
CC_4C7623DA3B2E,0.08098399537781728
CC_4C7772E3B9CE,0.4089516807449113
CC_4C7BE83ACDB3,0.07707031473052742
CC_4C7C01F4AD10,0.7178624641054844
CC_4C894F07D805,0.5371890080287036
CC_4C8AAD47C69A,0.16352230098392426
CC_4C8B57B3E8E3,0.1922217903076871
CC_4C8F2562BED2,0.24795347637163587
CC_4C96193D8DCF,0.19938396358571037
CC_4C9776BA782D,0.06614453746548646
CC_4C99B45BD74A,0.22492895875901925
CC_4C9DB550996B,0.1362362956515407
CC_4C9EB219A02F,0.0831991251855454
CC_4CA0D6441AE2,0.08564039885898059
CC_4CA220FC98D3,0.19788627044708576
CC_4CA29858AACA,0.04825640583019118
CC_4CA3A0724B0C,0.08389840133462408
CC_4CA95BBD2A42,0.23724519223268042
CC_4CA9CAFDCE38,0.05381497767644219
CC_4CABC2AB0096,0.14892395734539254
CC_4CABC8D89536,0.05268513809131037
CC_4CAD9A0D70E7,0.27872723636052427
CC_4CADA6D5146C,0.1673540758885932
CC_4CAF86C1742C,0.0670394906099683
CC_4CB13078E4D4,0.4983521822021899
CC_4CB16D4817CF,0.05558139352959046
CC_4CB1D168D957,0.04888503383244918
CC_4CB61AF6DAC6,0.37854839112385213
CC_4CB673878C3C,0.16930117185475665
CC_4CB69BAEFF4F,0.07943902693324477
CC_4CBBAE2615D7,0.42490028415529546
CC_4CBBCD88E337,0.31048031044568414
CC_4CBBEDE3A711,0.12548720511065853
CC_4CBE92B3F4D0,0.0827747878649841
CC_4CC02A85EF03,0.14440940911077602
CC_4CC19B17FCF7,0.09620068657270815
CC_4CCA026AF958,0.04021490359150291
CC_4CCA1C3169C7,0.06433832739610743
CC_4CCAFC66DA21,0.11531645579943155
CC_4CCE0359644B,0.05164529859028778
CC_4CD125B615C7,0.1093091374850872
CC_4CD3CFDA2AD3,0.652193426162909
CC_4CD94218B6F4,0.22405365624092938
CC_4CDA203083AB,0.18228107519884323
CC_4CDFBEF485CE,0.1256303672498305
CC_4CE50C7B8B4A,0.23812195922925591
CC_4CE565B7FBD4,0.03759489115758222
CC_4CED5B5D2FA8,0.726138714167788
CC_4CED623EF2C2,0.07039594239854453
CC_4CF0C13EECF1,0.19925781304803253
CC_4CF1199966EA,0.08252453724064002
CC_4CF164C1B3A9,0.3068832481557172
CC_4CF1C38559CB,0.039475351085883306
CC_4CF25A4B948A,0.1204550855060758
CC_4CF3711083D7,0.08134613051116876
CC_4CF6F725CD3C,0.03553808146024744
CC_4CF8CA7D2B76,0.6637405654984831
CC_4CFB12EDF2B9,0.18400680070539846
CC_4CFEBD328FCA,0.11634124431795054
CC_4D000AF7CD7A,0.2542538535729774
CC_4D02889CB8B6,0.13925649470988205
CC_4D045E94ACFA,0.07671920656709927
CC_4D04AFE296E7,0.10235462507302007
CC_4D0A6779887C,0.06239641074502097
CC_4D0AA3107ED5,0.08172748858155597
CC_4D0B94DD160D,0.06895909428524667
CC_4D0EAF975B09,0.17792128560341658
CC_4D0ECAC0C600,0.05050508124842166
CC_4D1074498B5F,0.09634475702905908
CC_4D15CC7B9B9B,0.6552844459559024
CC_4D1619B52E96,0.1076704259970747
CC_4D1BA80A3660,0.08381963060641702
CC_4D1D3F744B30,0.271881994351025
CC_4D1FA8241837,0.04710239570112889
CC_4D22CD51858C,0.7348421867140106
CC_4D2495F29F3C,0.6094862497777744
CC_4D2497BEF8C8,0.12154919636991923
CC_4D2602AB8BBC,0.18194295182352888
CC_4D2BD84362A1,0.2287662985245451
CC_4D2D07DAB1C8,0.5158771575892336
CC_4D2D5FD47228,0.5396990779155129
CC_4D2FEF26C873,0.14624985086468623
CC_4D310573427F,0.11737381829019145
CC_4D33C92AA4D5,0.2965198987497296
CC_4D3752ABB8A0,0.562884439453369
CC_4D389ED6A864,0.07642171248073103
CC_4D3A0418187B,0.07143547397818642
CC_4D3AE6B905A7,0.2205903233761055
CC_4D3B7EFFF9B5,0.1360644247938496
CC_4D47ECFEAE6E,0.23431221236384023
CC_4D4F67A80992,0.6947816359975204
CC_4D50523113EA,0.7290602606631946
CC_4D50B976A469,0.11375830986510757
CC_4D53A8465E88,0.07293788207147636
CC_4D5483AB50A3,0.0896499604606038
CC_4D54C6496460,0.12955214831151446
CC_4D576B4C0E19,0.7319076585361523
CC_4D59642E15FF,0.08164848054453328
CC_4D5A21A688C3,0.10311023425677783
CC_4D5B017B60B2,0.14028198026481836
CC_4D5E71EA5E46,0.6052158781255093
CC_4D6064EB1024,0.12198561915908039
CC_4D61BF1A39EA,0.15533791276223158
CC_4D684AA6F3D4,0.15157557192471918
CC_4D6E7F9D3AE1,0.10735242929533359
CC_4D6F260B24F8,0.2974312455176795
CC_4D73F1C6CA14,0.07522362751262879
CC_4D75466E0777,0.6542395408168499
CC_4D7AA18CFB45,0.33410004464971543
CC_4D7B8721025A,0.11901144737333044
CC_4D7D7D211264,0.19026659239947008
CC_4D7F903D83CC,0.06916808059254952
CC_4D823A978796,0.13052369385591175
CC_4D893BD85D67,0.1479408503236474
CC_4D8B1C84D407,0.21546437531706308
CC_4D8CD723639C,0.5089206262547654
CC_4D8DD1B7E3B3,0.13143415178570067
CC_4D9358D8208E,0.24278434995164414
CC_4D95BDBC08C9,0.08706565346540518
CC_4D9665E12610,0.050256509532484374
CC_4D96A03BA6FD,0.561924405947644
CC_4D96F8671D56,0.05406864650637877
CC_4D971A37036C,0.08086862595923969
CC_4D99D599A6CE,0.12177344567656616
CC_4D9BFF25A12E,0.11754984284355226
CC_4D9E9CFED472,0.5109832637827215
CC_4D9F2C99CDC2,0.12417542433312637
CC_4DA096EB8A81,0.23101103858216035
CC_4DA36AE64079,0.6870576664163719
CC_4DA8296CCDD1,0.13909514023831962
CC_4DAA85CBDBAF,0.19736585870844997
CC_4DAB9A2108F5,0.23994920458780503
CC_4DACD1A282B2,0.07760148357702099
CC_4DB328211298,0.286159698732425
CC_4DB4E6901CFE,0.7090337360117405
CC_4DB53B1CF49B,0.12317947219996742
CC_4DB6E10B964B,0.18091976022717055
CC_4DB7B024E3EE,0.29673940386378855
CC_4DB7F11FEF36,0.16189953567168483
CC_4DB9630BF41D,0.07854409003999632
CC_4DB9B7398143,0.12721573385024207
CC_4DBCF386EDD5,0.13069882588349846
CC_4DC5F67C7C97,0.18707894653105112
CC_4DC6176CD69E,0.6563093476283127
CC_4DCFB3C06E91,0.13216978386422157
CC_4DD05B6E174D,0.09740869880652661
CC_4DD410D1FA0C,0.10835439651552463
CC_4DD7176987B1,0.1314617701567084
CC_4DDB6A2CB800,0.15760216358308207
CC_4DE44D8A0D59,0.0717300869965292
CC_4DE4B7BEDDF0,0.08248897559800564
CC_4DEAFDBCA396,0.37183054045815445
CC_4DF2369A1F58,0.05959035269047269
CC_4DF437055D5D,0.0453945477968362
CC_4DF65EA5D11E,0.13022836834238705
CC_4DFA0D097984,0.1313448733377957
CC_4DFD1F8906A5,0.6665977390298214
CC_4DFE5A7C11CB,0.06276511236228663
CC_4E00AA6A0AF2,0.1557319738971482
CC_4E0462B912E1,0.14288455871287292
CC_4E050BB7D5AD,0.3822763079351159
CC_4E0C8BC2265C,0.7501881975873387
CC_4E10428F5D96,0.2025913773542861
CC_4E12C5814F2C,0.18566134252024535
CC_4E155B8A4DA6,0.07053545596157416
CC_4E16D974628D,0.07504377827828493
CC_4E195C0B41B1,0.07284967741149487
CC_4E20EBC838B6,0.07270929818599638
CC_4E212AC7E98B,0.06599680817802997
CC_4E22998A15A6,0.21846689426738303
CC_4E264BFD9ACC,0.13414083097260251
CC_4E279F423148,0.13390942702687003
CC_4E3012A4A840,0.16062427614581018
CC_4E3518ED5FC7,0.08522510840512335
CC_4E3708860A47,0.13955734949625503
CC_4E394A58F55D,0.035725409867995904
CC_4E3F8F8E5642,0.0924817665399729
CC_4E444636EA4F,0.2835020483609568
CC_4E4C0DBC4537,0.6935454589679634
CC_4E4CD7A9B7E6,0.11806076019682707
CC_4E4E74608BE0,0.14232388501697113
CC_4E51CADA0933,0.07128691496869768
CC_4E53FA273C3C,0.6697148091900189
CC_4E54B9291F03,0.17078903775905027
CC_4E5AEAC18136,0.37916397501167054
CC_4E5BDEA45701,0.06495013403398213
CC_4E6231977B7F,0.2808270641025754
CC_4E679A6A93F3,0.16671651358355585
CC_4E67BD78DA67,0.10404194384702722
CC_4E67D0F93876,0.10850507296172648
CC_4E69D2B0984A,0.6891499566291464
CC_4E6CE8F6BEE5,0.16166422656540025
CC_4E6ECC2C3B7E,0.329448119113956
CC_4E72D2A811AD,0.18366568256776444
CC_4E7C0644E78F,0.055836014063528686
CC_4E7D3A3E43AB,0.10466646533563854
CC_4E7ED4F086D9,0.04545939946268703
CC_4E7FD48A778E,0.26527241186770506
CC_4E8106443FCC,0.063563119898033
CC_4E8457EE884E,0.3140968011138652
CC_4E8A4BC52007,0.19140591106324853
CC_4E8CE560B12E,0.624347096908456
CC_4E8D3C32314C,0.06266623350354972
CC_4E8DD1679F73,0.03856340972026927
CC_4E8EB450D4C0,0.6830918120743803
CC_4E92D1511EE4,0.4610452834987261
CC_4E92FF787EF2,0.09818036444181422
CC_4E96D8E58012,0.06137513747085836
CC_4E9859EEC95D,0.10495201726984235
CC_4E9985ADE51B,0.3578098821816156
CC_4E9ABAE0C000,0.08287671995426536
CC_4E9DEAC398EF,0.6904742867882455
CC_4EA43E05D811,0.1851972840083059
CC_4EABB47F1E93,0.16624065090807802
CC_4EADAEC9C9AB,0.07287167774802675
CC_4EAE98094230,0.271584398540908
CC_4EAF8D440BA7,0.4755732883478153
CC_4EBEA9F7196A,0.09216990723012262
CC_4EBFBB266BDD,0.13908620916577039
CC_4EC08B53025D,0.41595703732732375
CC_4EC3308A7F25,0.042959285548670144
CC_4EC525F8395A,0.1213974012352957
CC_4EC75942298C,0.18623269734687242
CC_4EC9DAF6A478,0.40797778282057084
CC_4ECF4D022499,0.04141976001024278
CC_4ECFF6EB7ABE,0.059411217347204295
CC_4ED2246F5800,0.19955527038559856
CC_4ED290B51A2B,0.6421919835650111
CC_4ED4CC475BF0,0.7829803952482913
CC_4ED57EA78AB9,0.1050642501808052
CC_4EDDA9D0DF90,0.08667166141870268
CC_4EDE2F123C6D,0.08018543532540409
CC_4EE47017E485,0.10266902272330461
CC_4EE49191FC57,0.1927806861120981
CC_4EE6DEAFD3AF,0.22450008995389262
CC_4EE724AD3D64,0.1703839149648702
CC_4EEAF18F1BFD,0.14512921409973806
CC_4EEBDE4A773F,0.04920862685102011
CC_4EED610633C6,0.09100774430733165
CC_4EF34E92E9E7,0.17304423075188438
CC_4EF41AF69045,0.5537091092776998
CC_4EF441306C68,0.24317309536087803
CC_4EF497F1C0F4,0.8035163436713402
CC_4EF5D7BA74DB,0.3613470778193827
CC_4EF7C774829C,0.16596270221250523
CC_4EF80C4BAB79,0.1155107513279104
CC_4EF8B24337EB,0.037273938268443815
CC_4EF8BAA87A89,0.08545087698557399
CC_4EFA5B8BAAEB,0.17786623458367742
CC_4EFD0599D000,0.3306884798653136
CC_4EFD794CAC49,0.7698996625484689
CC_4EFE80A4D699,0.05425630338172995
CC_4F0038E70D42,0.22053495884499216
CC_4F024CBA2D9D,0.15069946469850146
CC_4F030A4E0D3A,0.1478847701272313
CC_4F123E1ECCD8,0.1272646165088064
CC_4F1418F9159A,0.12329729704547568
CC_4F152DF7EB60,0.5071298482866349
CC_4F1847E21846,0.05532321176569007
CC_4F194DB11C93,0.053603618556359076
CC_4F1A799EAB30,0.09578882437608151
CC_4F1E35B362B5,0.2752567119523704
CC_4F2125563F5E,0.1370468970476788
CC_4F293AB79F11,0.08169283833116245
CC_4F2A8429FBBF,0.20558924186953006
CC_4F2ACB7F5EE2,0.1880271340743911
CC_4F2F5B98E42E,0.10758340563172479
CC_4F31C8B2FE19,0.10835102946483695
CC_4F326CDF0C00,0.15212851470769645
CC_4F34A273AA7C,0.08949338625612172
CC_4F37A9C524AB,0.18758609911165774
CC_4F3E63937F93,0.1330698632739726
CC_4F40890B14DC,0.2670629755684277
CC_4F43684E26D2,0.0699843201285589
CC_4F43E2334DF1,0.06445939479329862
CC_4F4575C9B8F9,0.16365563718725182
CC_4F46D5184A2F,0.04394767395300486
CC_4F499AFF8C9A,0.12157563083457139
CC_4F4C312B8AA6,0.6786155820011655
CC_4F4CA8CE966C,0.1400517624608913
CC_4F4E4653DF79,0.08420180283302792
CC_4F50BF818987,0.12890252572806063
CC_4F520A27C024,0.05245274351530259
CC_4F54773E37C2,0.2007965737098083
CC_4F58425D6ED3,0.03585541208911057
CC_4F58EB88F235,0.04849840835555055
CC_4F59D743C642,0.21234472208410898
CC_4F5C4BD504A9,0.1190717284669428
CC_4F5C552A62FE,0.05240445771614617
CC_4F628A092E01,0.1984190528087165
CC_4F630C7D5661,0.3686654142570336
CC_4F68314323DA,0.15982522054318024
CC_4F77C971C1AB,0.39815604069101856
CC_4F7A0153E342,0.5842039364746039
CC_4F7A086FFD00,0.20061731342925843
CC_4F7A85BA5E6E,0.22554178935778615
CC_4F7ED0F38817,0.22692037966423592
CC_4F805A7B189D,0.5164886847816086
CC_4F829C21AEBF,0.09957955638545833
CC_4F83B18A2B49,0.12391042587380408
CC_4F8559E0678D,0.06023219904399089
CC_4F8B9A179867,0.11908234758314254
CC_4F91EBE098A7,0.1269747887605365
CC_4F958B1CC931,0.13116691297120572
CC_4F98969ABB54,0.1272547194488345
CC_4F99120AEEEC,0.3001808375702862
CC_4FA028490A87,0.5813114897916946
CC_4FA2907E6A83,0.3263280475464655
CC_4FA5C6EEA20A,0.07691946735697662
CC_4FAC8FAEDAF0,0.710725892948854
CC_4FB01BC4095D,0.6469425606394583
CC_4FB1A9D38374,0.14170110860177232
CC_4FB267729D76,0.14591228972375797
CC_4FB335A05E89,0.06952082825577302
CC_4FB363A7D3B2,0.05325060478073308
CC_4FC1E83251B0,0.15738940516572056
CC_4FC209A1C0BA,0.19274827162483452
CC_4FC3F4CEA203,0.060093803998760666
CC_4FC898091C7B,0.49710362763904914
CC_4FCA1B68D521,0.6381139291781157
CC_4FCB1881DF86,0.08260805105750842
CC_4FCE09FD2FA2,0.10056677729398222
CC_4FD235CBD145,0.1002789864478503
CC_4FD500301E49,0.060867090488698726
CC_4FDBDACEB0F4,0.11713052398566352
CC_4FE4CB3D49DB,0.19355123764384105
CC_4FE784020293,0.20169258613996863
CC_4FE984FF9EAF,0.48936459716080594
CC_4FF218ED2525,0.19734104549124973
CC_4FF377E43C28,0.6270561779984203
CC_4FFBD9862C75,0.22190000818115382
CC_4FFDAC0AAA76,0.08097728446001064
CC_4FFE2BD686B3,0.5315914345848618
CC_50033818781D,0.6725731207716308
CC_5003D171E70A,0.05465908196479152
CC_50086256D28E,0.3455917494260588
CC_50086BB73A33,0.3495417745234732
CC_5012E8B48612,0.07397098825757863
CC_50164A0AE844,0.20203244379940388
CC_50172A2AC4A0,0.047962680070481004
CC_50179C8EE160,0.04303983834173977
CC_50193CE06AA6,0.17273313556492567
CC_501E323B4027,0.2122708880039123
CC_502025761646,0.22423050828423857
CC_50206F8E0F2A,0.6084950224984687
CC_5021F475EC58,0.1552016010156757
CC_502290F1D391,0.771148731101597
CC_502339A711CE,0.3786992989563013
CC_5023AA63C7CC,0.11144051357702481
CC_502860331BCF,0.2571217691863822
CC_50286D3547A9,0.13957136404474774
CC_502E427E3439,0.10638016421968802
CC_502EC7D7B3A5,0.13467359412883945
CC_502EF3D12E7E,0.32488637520596414
CC_50348DB17154,0.22044687404299465
CC_503655670F77,0.05890526121933605
CC_503BB8B62477,0.2820302888225493
CC_50403F4AF548,0.19758912845318954
CC_504198EE42E8,0.06293458985654936
CC_5043A8F9868A,0.2024638970815126
CC_504413C91980,0.0877113667030542
CC_5044DC27BC74,0.6886415793130193
CC_504E3E547D5B,0.08520262060741175
CC_504E5446318A,0.0729603900126993
CC_50536F37593E,0.26720203056667546
CC_50552FAEFD54,0.21750174496886676
CC_5058FCA259B9,0.045943388621638784
CC_505C0A3CCF4A,0.1962536636221977
CC_505D3BEEEF6A,0.5021709003555438
CC_505E402F7A24,0.03773405671811362
CC_505F2410ADE3,0.21178750795956494
CC_50617EA5E42D,0.15443252494742918
CC_50683B4EBD23,0.2551346839630749
CC_506BA9608F16,0.05830427078183319
CC_507778B86071,0.3791254952247963
CC_50786150E605,0.05685632519594852
CC_507B63A7C425,0.06575633927467872
CC_507C74CC98C5,0.05064526444698416
CC_507C9C567D59,0.3187706064170546
CC_507FA8AF2DC4,0.20985771745221596
CC_5081BCADAA8D,0.2070410984859694
CC_50862678EA50,0.21287310710106916
CC_508719E22DF8,0.11405211140110119
CC_50879E664D39,0.5404028409124475
CC_508AF08A46BF,0.2620908443864254
CC_508B05701D0A,0.14094841583442314
CC_508CA1AC2439,0.14930651145563406
CC_5093F64B2007,0.13152006108308648
CC_509732CD5AFF,0.13253573670561564
CC_50A079AB026E,0.25743738450773807
CC_50A221311DB4,0.18679611317883751
CC_50A30F52E331,0.7231508699765363
CC_50A36347382A,0.07865947871736383
CC_50A760F9F4F1,0.6664319148985262
CC_50A94EECAA87,0.7356278802833479
CC_50A951D9AB8A,0.698059698413851
CC_50AA3CA2D731,0.21729575205972568
CC_50AFBBA16B8E,0.11053744285501213
CC_50B0D297ED85,0.6638526380305466
CC_50B2022FE108,0.041779365415188015
CC_50B43220EC1D,0.5253370468346661
CC_50B7CB887A96,0.6098707135698752
CC_50B88BDF7F70,0.08742345335690085
CC_50BA38C2991E,0.4889677982058577
CC_50BB5C856CB3,0.31184226064313997
CC_50BCF68BDD4A,0.25647430657028764
CC_50BD11534CE0,0.11354975706937194
CC_50BD42FE35FB,0.3477873954243113
CC_50C0010EA9AC,0.6795693960565663
CC_50C02DD8B191,0.03909470851053894
CC_50C3AFEBD111,0.07422695115601036
CC_50C58A46D40A,0.2529683175698787
CC_50C61E7A51C4,0.12825499219606476
CC_50CB61F549DB,0.06469394158350747
CC_50CB75F4F210,0.04147179596962951
CC_50CC7E7240B7,0.5821634529037328
CC_50CCE8995CB5,0.1620385771095872
CC_50CEBAA3A354,0.0961039460140178
CC_50CF803FA7C1,0.039869991272407646
CC_50CFB3FE6E9A,0.2438297488055849
CC_50D16D8F2D20,0.14755237186953407
CC_50DACCA702F2,0.20211587119053437
CC_50DBC7EAA767,0.10494124177085484
CC_50E3DB89BECA,0.07664905958700173
CC_50E3EAF83960,0.04856606223951758
CC_50EEB38F435B,0.11144710830471238
CC_50F07795597A,0.2040033318821941
CC_50F17658839A,0.1014871559452557
CC_50F1C3176FFD,0.7533545799590732
CC_50F315C75BCA,0.07233412932469174
CC_50F3B146281B,0.057803594792851035
CC_50F41F4B7F97,0.059861329791963167
CC_50F51108E1CC,0.09604892612627522
CC_50F6A4471505,0.13379667295685266
CC_50FAB9823465,0.12669194226171301
CC_50FD80E661BF,0.0590085482565317
CC_51018E91E234,0.36414827875594585
CC_510246CFC244,0.07342488120089716
CC_5102B46A273B,0.13466734715694278
CC_5106172E3D20,0.056130825669520726
CC_51067B3B1DAF,0.13235187462943815
CC_5107C4B45B1A,0.5944529364271103
CC_510DC9422837,0.24803955698466118
CC_5110B263C241,0.3779377357650418
CC_5111C6B42712,0.08981094248191542
CC_5114BF07A3A6,0.05350713855509219
CC_5119E289E487,0.10048857223458914
CC_511DCE56082F,0.7611449821351743
CC_51249B803402,0.1092156191076411
CC_512716BAA3EC,0.21500794387214306
CC_512AAEC789F7,0.5730153213752076
CC_512BFD4AA0B3,0.18729576817418797
CC_512CD034605B,0.38039724662177266
CC_512E3529DDD2,0.3193901394196253
CC_512E4690CC94,0.051568871988254786
CC_51315E97C552,0.13349160976202945
CC_5131B31A7812,0.6605143275934239
CC_513424FF435B,0.15156934798698204
CC_513D91A7D1E0,0.18410231980595235
CC_513E6FAC5A37,0.22446725098120188
CC_513F2D27AEE7,0.3556999147032678
CC_513FF6FBC586,0.08691641747451324
CC_51442A2D7045,0.08841137589573075
CC_51446FAFE152,0.6309067809215619
CC_5145058D0206,0.17011945364647357
CC_51454FCC713E,0.14343322987210788
CC_5146859241DF,0.15792670116313487
CC_5148CAE77A51,0.14990885238554724
CC_5149281FC5EF,0.05910930292276635
CC_51493A971C9E,0.0731281618864874
CC_51494880833C,0.09891367947199689
CC_514B19E6CE79,0.11982196902574423
CC_514E15147061,0.26468964849371235
CC_514EA537CBFB,0.7923469685552698
CC_51502056D14E,0.26131978990701893
CC_515473EC05FA,0.24937448050278405
CC_5154AE1CAD8C,0.09610971688038425
CC_51559C80ED89,0.1350651601257419
CC_515966A07267,0.12109155996746705
CC_515AC7446164,0.14708885748417247
CC_516161B37B12,0.12435865079426149
CC_51625BA86EF3,0.07944601700132567
CC_5164647BC2BC,0.6669370392229916
CC_516491E197E4,0.2711947722215436
CC_5164F7783E8B,0.2688920392409126
CC_516D668EEEAE,0.10041994104329292
CC_516ED548EFA9,0.2234815068270747
CC_517708A3A113,0.13574332114347543
CC_517941031880,0.056146353052290564
CC_517AE2B3CE7B,0.3673450622510161
CC_517D11F3CDC4,0.0702570055932166
CC_517E41A83BB7,0.08585674623823486
CC_517F7F112921,0.17009280363381432
CC_51802E19C502,0.046963578231510275
CC_5182AE0496E7,0.1857800802258631
CC_5182F96B1011,0.05094074496282134
CC_51850D4AC10F,0.12356241895605664
CC_518BB348E586,0.1933172752145004
CC_518DBAE6F871,0.213605649333432
CC_51921CE3555E,0.1797652073954044
CC_5192BB97D2D9,0.1556491429857824
CC_519352AF145B,0.10315994009945781
CC_51951E6BFFC1,0.5974427862199498
CC_5195E164C97E,0.04900251575001725
CC_519AD7FC0AE1,0.11627773273362688
CC_519BB7689E6E,0.13217881160896422
CC_519ED1BC69BB,0.15755645475637028
CC_51A4A7AAF055,0.2399488094892727
CC_51A9BA9E6DC2,0.06556520930351109
CC_51AE35F516EF,0.16644470770274472
CC_51AE64A9E05C,0.06413408376552784
CC_51AEEDCC4CEE,0.20021912302498251
CC_51AFBA9FD09A,0.08032202567354385
CC_51B37F0A8C28,0.39438159267258116
CC_51B49D1CF25F,0.09226034971132821
CC_51B82DF384F5,0.2187560465880219
CC_51BBDA0FB260,0.06728952324578029
CC_51C253BE4FA2,0.3676780288082955
CC_51C2A076013B,0.45210321216822325
CC_51C2F2335CB3,0.2622560493259217
CC_51C5FE9BAA71,0.29565274732533264
CC_51C7C9DF800B,0.5996936903347105
CC_51CD4C83CA42,0.378786491337979
CC_51D0DA4B2D6E,0.18376873481556966
CC_51D29DBF738B,0.09332206583946648
CC_51D32DEDC55A,0.7012055391361504
CC_51D565F77B4B,0.1262228823685229
CC_51D6549D3AB5,0.23669186315324123
CC_51D87FF81BF1,0.10423390787134694
CC_51E041168B7E,0.11232869344892198
CC_51E45DF863C8,0.13429003655059985
CC_51E46F92A290,0.13485053531771019
CC_51E492E8F6FC,0.14561688525781252
CC_51E5A1BE306B,0.12269278615801618
CC_51E685A9D2FF,0.12207404935658861
CC_51ECA4FD0097,0.11594555540088351
CC_51F112EA7EAC,0.7347372813301554
CC_51F4C9A824A9,0.1319828339570937
CC_51F4D78C1A22,0.425868829990918
CC_51F9A2F446C5,0.06660957193149829
CC_51FEC975D6CE,0.45578699851526816
CC_5205E67F2F4A,0.1575683707727204
CC_520697FAB09E,0.23023051906446224
CC_52074362F80F,0.21865676662426942
CC_520955B23C06,0.2559854181463136
CC_520D7DBDBC96,0.060184796167368805
CC_520EEA191200,0.5391639972584168
CC_5211100E8C98,0.07824694542419379
CC_52119B8913B0,0.11412437905989428
CC_52179C30B2A6,0.22815067665757183
CC_5217DBD1C516,0.1979782298702669
CC_52189D809638,0.49480934005290766
CC_521F26C83117,0.09242741279434291
CC_5226061A321B,0.41950409302444963
CC_522ADEF6970D,0.16391989854155523
CC_522D8C6D04EF,0.1580951848201111
CC_522DEE30B2FA,0.11840106089882847
CC_522E6EFCCB96,0.7507772709010411
CC_522E7E5B30DF,0.09503952653811326
CC_52348EB33F67,0.24434874293784
CC_523524C93DD2,0.14081999261287076
CC_5235E86519E2,0.12813557207037055
CC_523790A0EDE4,0.14940622579148433
CC_523FAD00E1B8,0.3936150550508539
CC_524242992152,0.05932610966086101
CC_5249753F2118,0.045034699295769434
CC_524997011381,0.037117794234607204
CC_5249EF1D9C54,0.1305623069984283
CC_524B259F30B7,0.2507784524218519
CC_524F2362BA0C,0.22789962879424125
CC_525841E35FC4,0.07864861686579701
CC_52599869399F,0.09494180836289001
CC_525DE54AAF0C,0.5194033134273034
CC_525F44A9BC23,0.1379145091753492
CC_5261E4230012,0.08163019225788574
CC_526806FB1089,0.30739981463793564
CC_5268A26DF7E6,0.175697788420108
CC_526AEAD032C1,0.11099784535921975
CC_526B2C6CDA2E,0.1294594675883955
CC_526FFA27CA00,0.0554387847434956
CC_52718609C6B4,0.22285886132015142
CC_5275F401BFE2,0.12211059050003478
CC_52799ACC9FCD,0.09061237156847998
CC_527A92CED04B,0.039836430741521496
CC_527B4E189936,0.1516766006119604
CC_527FA5BB2528,0.13589574166149312
CC_528545CCBEB6,0.08639699382586749
CC_528678AFD80A,0.8166977407461646
CC_5289264F148C,0.12791942755942437
CC_528E7A879039,0.14097103455855428
CC_528FEDCE89E4,0.05040519046466106
CC_5291DD6970C7,0.2027709694220175
CC_529222C65CC4,0.051345226368255927
CC_52934D37B95D,0.07834683440614916
CC_529760FC6CAC,0.053101750103512556
CC_5299D93AAA75,0.23384495626716711
CC_529F1068DD66,0.45853484228168373
CC_52ACA593E714,0.16474403227288537
CC_52B10A33347D,0.10376029869539963
CC_52B303EC10ED,0.05105863431107706
CC_52B828AA0B5F,0.08792902913428813
CC_52B82D36D77F,0.09760713350904882
CC_52B8E92A9540,0.3514618830485729
CC_52BA24EF8D7C,0.06738611737324977
CC_52BCCAF4CF9A,0.04541456339474771
CC_52BEE2DC9A96,0.1440077441374721
CC_52BF111CD5F4,0.45418022628125226
CC_52BFD75F43E8,0.1328103193634231
CC_52C3C6F51CF1,0.15954999745578408
CC_52C511062C95,0.10928423836606786
CC_52C76330C94D,0.09446367059324147
CC_52CA3061BCC7,0.2912234388458357
CC_52CB8CAC0324,0.23361951854013369
CC_52CF1712E225,0.07018637134849336
CC_52D2D43B540B,0.05533575708699349
CC_52D338ADF1F1,0.8038518722572119
CC_52D40BFC2627,0.34739573607972835
CC_52D432339A3F,0.23679717865580932
CC_52D595F54A38,0.0883334370179954
CC_52D9070F050F,0.1046753467967108
CC_52D9D9035527,0.04245434918284001
CC_52DBF46FC2E8,0.20125783587876128
CC_52DD4118CADC,0.2688344484240927
CC_52DFD0F1CA3D,0.14821970128737533
CC_52E18755EB51,0.07869785840103535
CC_52E36F0B63A6,0.21835345901092212
CC_52E54CE28FE3,0.06086282573495572
CC_52E5BB6C5C96,0.20901862520502995
CC_52F86FB44A02,0.11772763926818837
CC_52F8C5372EEE,0.21636365209049271
CC_52FCF88C1403,0.03796052615689808
CC_52FEA5BC3CF5,0.10477318626049985
CC_5308D3D0083B,0.7682378792530258
CC_530DE7ED6C94,0.05060399806623371
CC_530F623DE0B2,0.18111567519001304
CC_530FA5955672,0.3392027529311535
CC_531F9DD592A2,0.6774827379983328
CC_53227A51E492,0.12779006686636946
CC_5328AE44B14F,0.09069906881494903
CC_5328F8040F20,0.17023268850218032
CC_53290F387736,0.09171610151865912
CC_532CBD0B50C2,0.12689608382065543
CC_532DAE6C1707,0.6487139512180781
CC_53345B4AF3FE,0.5871268691179743
CC_533547B47BAB,0.03880711384754987
CC_533D31AC0F6B,0.05378408541471469
CC_533D5FFA0FF9,0.1868815807452862
CC_5347928DE670,0.11089604449391646
CC_534855615C02,0.0950463523767554
CC_534A6C4FF783,0.1163114215581283
CC_534C041DAA08,0.25338290735980523
CC_534C34E9CE85,0.09568036846855783
CC_534FDDF7B954,0.3906987967337611
CC_535083BEF944,0.6672820931266755
CC_5352CFCF939C,0.10852575165584086
CC_53536E9D2FB5,0.22313212137390942
CC_53546D720BD6,0.055959496125374375
CC_5354B0D209B7,0.4595953650718424
CC_535544DB81B7,0.6630645506313922
CC_53612F5E8BD6,0.698798675856186
CC_53618EE78A97,0.4496992731033503
CC_5361CDF13DD4,0.08428553414106323
CC_5364D9FA666A,0.16336750025957708
CC_5365051097B0,0.2301187537161975
CC_5366A7AADC7C,0.05311298121101767
CC_5366F331A847,0.0799904067364349
CC_53671DC856B3,0.4665574080738872
CC_536725007606,0.3091235295735742
CC_53682850B448,0.16409239015609592
CC_53693EF069F6,0.7542881397139467
CC_536D631D2AE9,0.14605414702637617
CC_5371777947C8,0.06639957457902249
CC_537A206043F7,0.347577088810075
CC_537C74E15784,0.3229876950598129
CC_538747082B4B,0.07422150559393556
CC_538890E74744,0.050647567732331554
CC_538F068BFF88,0.09224839496673198
CC_538F52B6CD62,0.23305423093872052
CC_539EC292E8D7,0.2835488505852255
CC_53A2BFC45E6D,0.22062095115398236
CC_53A4CB9E9F4F,0.23167119202639888
CC_53A6E42A6C44,0.15652842170711972
CC_53ACE46E94AB,0.32986961652322966
CC_53AD4AD1EDB1,0.0446729526422999
CC_53AE0812192D,0.0794465261208049
CC_53B056495720,0.15035363731061507
CC_53B44260F4ED,0.08123946842227875
CC_53B455360BBE,0.0894714572374288
CC_53B7E56836F8,0.08395863095950966
CC_53BA0BF9F647,0.15753732367506132
CC_53BAF38D7246,0.30085804811515154
CC_53BBAC5C5220,0.16476986238225116
CC_53BBE48B90B7,0.7433681155360841
CC_53BD00103BAE,0.09517311612593894
CC_53BD98CFEBEE,0.06538945580828828
CC_53BDF1283909,0.1375356793663287
CC_53C013705B92,0.061225091227659664
CC_53C460413C51,0.18396051527385188
CC_53C7990E5CF3,0.3115126367446877
CC_53C7EAD542B0,0.4502971145940718
CC_53C81D92BC43,0.7694487170710959
CC_53CA12C23B96,0.1530742262912953
CC_53CCDB82C65C,0.13821342755779017
CC_53CDB5C3FFA2,0.7548756014946949
CC_53CF6B1366FC,0.6875538908249558
CC_53CF8729AF6C,0.06224708580758773
CC_53D1F1B39F65,0.4534138309665903
CC_53D2AF41D185,0.11943298840104113
CC_53D36F6384C1,0.7669801805576201
CC_53D4AF5ECF1A,0.0917650461809881
CC_53D7700D767D,0.058572825709001984
CC_53D84CB8B388,0.09666119830149345
CC_53D897663573,0.3461602176970756
CC_53DBE8A27D1E,0.1407864628199726
CC_53DD769058DB,0.049685977772787514
CC_53E2924DF91F,0.3247588625969814
CC_53E5EEECDDD0,0.1456732023976385
CC_53E8CCD20897,0.05662100077747578
CC_53EC5AE193DF,0.10430685171004095
CC_53EFB50C13DB,0.10978426736155873
CC_53F4FE971A89,0.1315163746594599
CC_53FBEF397F28,0.5387805221356192
CC_5400DDE810E3,0.2008341996068325
CC_5404CC504B3D,0.16939351158475188
CC_54087F3E5F5F,0.17950636396948513
CC_54090F416C26,0.17341709057965074
CC_541082E0B2F5,0.09943600404267197
CC_5411DBBA3AF6,0.13158140830628973
CC_5413B3D25841,0.10016257143133625
CC_5417CCD9EC43,0.2817328430654088
CC_5418E7090CEA,0.05148021673478713
CC_541A775A6C25,0.6936930486316291
CC_541C0F442291,0.07583681293410569
CC_5420717F549A,0.15901332130364032
CC_5422BAF41A0F,0.7473087486379293
CC_542715A544BD,0.06922913326950217
CC_542B3CA177BC,0.17660023489406873
CC_542B859767C7,0.08429250133713886
CC_542CFB4E9D35,0.16693795433788278
CC_542F9EF8092C,0.0707101685702421
CC_54315DCA69D3,0.14770710772184997
CC_5432002BC146,0.17582052454211133
CC_54333A2DFE1F,0.5353046838649532
CC_5435BE08D9F8,0.08399181474057665
CC_5438EA76F6DF,0.1070493437688339
CC_543DC8FEA9C8,0.04432070265335246
CC_5443D94B038E,0.19588831300796214
CC_5443E14A2E4B,0.3240827326671473
CC_54485F5251F1,0.16666982252049917
CC_544B4470BC3C,0.41355323815815465
CC_544CD04EEEDE,0.07097234590741205
CC_5450CED3F1DC,0.3344243576917395
CC_545432B07FB7,0.07366735209946244
CC_54549EC067BB,0.08567428823927739
CC_5455C27D6578,0.16364652845677613
CC_545720912789,0.12367681918518006
CC_545741596F9A,0.18705231058411825
CC_545E2784ACE1,0.12020758570729777
CC_54621BA34F1D,0.10262987693261531
CC_546234D56722,0.1536198203307391
CC_5467A0818F63,0.046446009440749794
CC_5469922A8289,0.13314951511392972
CC_546A396B33B8,0.43907311203187105
CC_546AD79E05FC,0.34429728253603364
CC_546D57213C5E,0.17366553661674622
CC_547ACDD9539D,0.14641735027423286
CC_547ADCB02F2E,0.23907177466703827
CC_547D6344B932,0.7839378864007311
CC_547F762C345A,0.110332626661344
CC_548442290E7E,0.1743007254092334
CC_5484A217C5F2,0.2721676159932346
CC_5484D2C9E9CF,0.3973557613131561
CC_5485C54631EF,0.09098856600612681
CC_548883A976C8,0.24051547576330473
CC_548BAF6862D4,0.1142900562010037
CC_548C6D17F6CF,0.14582397475614056
CC_548D53834FE1,0.42744472026056685
CC_5491F17F6777,0.18349349721402688
CC_5491FB974210,0.04420404249536326
CC_5493684ED7A6,0.08329245309827314
CC_549D5EC443C9,0.3515678412340154
CC_549D5FD638D0,0.0781033690914423
CC_549ED3D2D408,0.17555138285753294
CC_54A22FC72438,0.12699813942428406
CC_54A3A7F4996C,0.07824626938761642
CC_54A61CE6053B,0.06224134860988072
CC_54A629EC6083,0.05004918089220327
CC_54A78F338B06,0.17730345460674218
CC_54A8BECC56A1,0.19766392494634644
CC_54A999C44A41,0.1643649519054597
CC_54B8E5CA8992,0.11972959617242374
CC_54BD450690FD,0.18181309862331557
CC_54C540122853,0.09879222918611265
CC_54C622E3B8AD,0.20097846873183878
CC_54C6BD74CB14,0.20320223240560162
CC_54C735F51FC6,0.08031929100454283
CC_54C7CBC27D54,0.05371613430998688
CC_54C9802B9A4D,0.13297215695053502
CC_54CD890AE441,0.09750584345916384
CC_54D1A4CF00CD,0.053275232299397415
CC_54D1BA63E168,0.10992794011056387
CC_54D4D9CFA966,0.29114992153060804
CC_54D9E6D2A561,0.12545142412017715
CC_54DA52B7D46D,0.16436209248244882
CC_54DA7F2E7E7F,0.1457628965885036
CC_54DB1519F492,0.2586972649384538
CC_54DC6B6C4A1E,0.2263124706214143
CC_54DD5BF78A3A,0.6863041898138192
CC_54DDBAC9A429,0.07809519934059787
CC_54E2FEC7FC39,0.19374044989257358
CC_54E3480D8900,0.04634579090853137
CC_54E414DF3E84,0.0370152192836415
CC_54E42EDE0CA6,0.108543620245768
CC_54E588DF7575,0.19198781722913238
CC_54E6280E19AA,0.19487455558957972
CC_54E82A23F37F,0.20037056356315727
CC_54E839C14CD3,0.4006888264645164
CC_54F0A02371C9,0.10028366472175147
CC_54F46186410D,0.7046658221186293
CC_54F4AB6178D2,0.773492469602792
CC_54F52046F7A5,0.10781557863251709
CC_54F77E1412C2,0.10383838369486462
CC_54F9867C6A5A,0.4498543750841336
CC_54FA12E54D06,0.2601865745005089
CC_54FC900316A8,0.7412223157362209
CC_54FDFFD3E338,0.3896869448365935
CC_5500452915DC,0.04348147272723475
CC_55013CDEF9BE,0.10939732634515245
CC_550462476657,0.1934357762401487
CC_55047E38C5F4,0.12799645554514352
CC_5504BB68425F,0.1784174666582498
CC_5505A6A98078,0.11278654062574411
CC_5505B3F96453,0.3259415324488419
CC_550837440A9B,0.08715579514896243
CC_5511DDD1A9E7,0.12376349451840167
CC_55146E6B47AA,0.07497413336084116
CC_5517CE2F262C,0.1814069809133274
CC_551872CA8789,0.2595854628878129
CC_5519304A3010,0.09968139085769609
CC_551F3CAD69BD,0.22496315125454186
CC_5521CD69E00D,0.525381324475679
CC_5521F8014D83,0.19613715328361772
CC_552290D721CB,0.14655842428056984
CC_552B0B6A0154,0.08332842396457278
CC_552C7D68F9FC,0.07280698854363261
CC_552E6D46AD46,0.1567845919635454
CC_55335E6605F7,0.6247726492483063
CC_5534CAECD276,0.3543275836137841
CC_5534CCE26E1E,0.3767165860079276
CC_553967B0B074,0.06406390955979271
CC_553D40400205,0.16018484650027145
CC_553F2092A2ED,0.2856029621772043
CC_553F3ED5381A,0.12895296128104786
CC_554143DA79D1,0.11131634210748047
CC_5545B1C48F83,0.3175728958018784
CC_554BA9A7CECD,0.07608995560124553
CC_554BCE69A5DA,0.2885302154779284
CC_55535F8AD62A,0.09859065720445961
CC_5557FB7E41F8,0.36673180568178687
CC_555E35CC12BD,0.7744585334715888
CC_555F4DDCAE5D,0.09133377265026761
CC_5560AEB07F46,0.06250784338211919
CC_55630F0BEBAF,0.6407962384498207
CC_5563968B410B,0.7551233848568624
CC_5563FA7B041C,0.35591670243730733
CC_55640597B667,0.5170025015880606
CC_5565C567DBB5,0.19934073682502748
CC_5569B91E6EFA,0.13765981358649815
CC_556AD180A809,0.35911534783508586
CC_557B6913F9AA,0.47529977821906566
CC_557DFB602DCD,0.2091457067356673
CC_5583836C698A,0.13399116199114572
CC_5583CA31D3CF,0.09662006944201165
CC_558421DD4439,0.11528798608402627
CC_5587C335EFFE,0.18083452217942075
CC_5594ACB500D2,0.11446417913526404
CC_559570C9DBD0,0.09856990456676898
CC_55A082311C12,0.13074044969634682
CC_55A5FCFDE8E8,0.4725465064146908
CC_55A801704217,0.4528747207452402
CC_55A9D1918259,0.16693256740751108
CC_55AA53CBE65E,0.15545590383268426
CC_55AB249FA94A,0.05957581616995378
CC_55AED2052954,0.22504433773861315
CC_55B1438D301B,0.11954952658830235
CC_55B23BE7CE4F,0.17147111684378533
CC_55B51D4E3F02,0.10367126345364097
CC_55B9391CBDD0,0.32351347010005055
CC_55B95428280E,0.33205359464205386
CC_55B9CBB1ECB2,0.10675799972889252
CC_55BAA139E339,0.05624410305938855
CC_55BADEC1F0E0,0.1751031581034598
CC_55BCB73ADF58,0.09881444495279769
CC_55C4A86DC416,0.22455640753489053
CC_55C4F4CCFE64,0.04295907561857715
CC_55C6A2971CE9,0.14417775145308961
CC_55C6ACE776F0,0.19551957207461856
CC_55C93BBB1F24,0.0661188851062686
CC_55C9BC649903,0.08778368759734737
CC_55CA24F9EDCA,0.6482524015495013
CC_55CDF231ABBF,0.10272117838240233
CC_55CE4FE850E4,0.22405958462446418
CC_55D4252535D7,0.1295121294466407
CC_55D58B3C3AB3,0.1178571300153873
CC_55D6E3C32895,0.12123737165518814
CC_55D8CB1A441F,0.31263060324817504
CC_55DA7718BA11,0.23928612146939524
CC_55DBB69B28CC,0.2770516960136853
CC_55DBD38484BA,0.1233351820222817
CC_55DCCD2781F7,0.6724901244030399
CC_55DF667AA522,0.2688054239289901
CC_55DFD6738715,0.31169727340853354
CC_55E5EAAB0CE8,0.08663670756991919
CC_55E761BC7083,0.4507256409331573
CC_55EC441C46B3,0.5107022170363791
CC_55EE69A045DF,0.11471643113962796
CC_55F08C992148,0.09942412869413383
CC_55F1E12BBBF5,0.06891182639003919
CC_55F5FD744E0E,0.406256079572738
CC_55F765825511,0.2102673544069856
CC_55FCF498CF57,0.19788934251830728
CC_55FDB0DEC0CF,0.21429550093672206
CC_55FEC892B2AD,0.18100721607280446
CC_5604CD337BEF,0.7883674133890219
CC_5605997177BE,0.19443545217837527
CC_5606550FA20F,0.08095185800255934
CC_5609F1368243,0.05849397307074618
CC_560D117192C3,0.20891876641549775
CC_560DE3219D00,0.16053686756905589
CC_56107EC5DCD1,0.19202440205844604
CC_5610E3AAF253,0.04894957311948633
CC_56110F3FE3F6,0.11169233604717947
CC_56123E68C1C3,0.23150734697842612
CC_561A1DED284D,0.19834107814054225
CC_561C96C9B80F,0.6851009104015862
CC_561DE9DA7204,0.1849896819548123
CC_561FBF36794A,0.5364031879708034
CC_562561AF5569,0.1198258825112816
CC_562B7D70C055,0.1712376277105272
CC_562F79F6405B,0.13216602445683912
CC_5630805757EF,0.2736868995809137
CC_5631D9B678AA,0.11779070357689159
CC_563599C7C0BC,0.05943621531015815
CC_5635D4906451,0.5198115785345053
CC_563874AFDBD8,0.06889299940224151
CC_563EFEB79464,0.463455974101037
CC_5642D4E04ED8,0.15151149448634627
CC_56480401B816,0.04998545244025353
CC_564896BE8B0C,0.06352143593521171
CC_564CE4229C7A,0.2275955519206529
CC_564D7F1E2FD7,0.2994092102804082
CC_564ED67BD892,0.2588183367843803
CC_565130EB4512,0.6192476312242654
CC_56525C936BB0,0.2395116199915764
CC_565A3E852B84,0.05907449466651704
CC_56669D97DB12,0.7329437390042344
CC_566745D8628B,0.11272108083211614
CC_566921509E53,0.16913528517082638
CC_566E0436722B,0.09068008963723106
CC_56768A4461E0,0.6805900654889305
CC_56778B68B2D0,0.06412368548684269
CC_56781BFFB083,0.12570074764227324
CC_567BD9746B97,0.11718492682182369
CC_567D52DBFB3B,0.06172930119538964
CC_567F525F48E9,0.39011145321294
CC_567F6360EC65,0.1388914985459791
CC_5681F1081587,0.3355393722932467
CC_5687FC8E5342,0.2445560969708418
CC_5688794FB341,0.12456621451128211
CC_568BCC73EE38,0.08181123381787635
CC_568C7A880CB1,0.04661840999586016
CC_56917BBD0FB1,0.060880689369325225
CC_5695FA9507B9,0.11331474784390119
CC_56988C3A6668,0.127231581567111
CC_569937F52AF3,0.1921591758003245
CC_569EF611FB63,0.04688754159467144
CC_56A6D11717AC,0.03714540222461144
CC_56A778A6DD01,0.07700002888889121
CC_56A88D81324B,0.06848265980813109
CC_56B97C1B1C38,0.09314484203753104
CC_56BA6DB49EEA,0.06379853256875709
CC_56BF600C4312,0.09708914937535643
CC_56C027EED273,0.7300016252253747
CC_56C8E55575AF,0.7672788704332228
CC_56CA219EBB06,0.4972932720147889
CC_56CBE62B803A,0.1025673654009837
CC_56CC23BAAAA3,0.1701399971412118
CC_56D272B6C508,0.5593879357488013
CC_56D2F11462B8,0.05608474070298971
CC_56D9B8307142,0.4034595039879519
CC_56DBB5004ED4,0.33011246385661164
CC_56E751672A5E,0.10269214786363137
CC_56E97BB95CBE,0.7634853753761162
CC_56EFAD53614A,0.7795832821727381
CC_56F4824B7590,0.18111266174951007
CC_56F5252F5C16,0.1409044460153824
CC_56F7071B06BC,0.032581481980037054
CC_56F82F2290B2,0.11412945177950004
CC_56F8779BE919,0.15788874815184933
CC_56FBE78EC967,0.19332835323053393
CC_57002C320C96,0.37454089724056755
CC_5701029A02E0,0.14120828818948541
CC_57047EF3803A,0.5375489541790033
CC_57078204962B,0.7389248830826057
CC_570922042A88,0.0951906770194838
CC_570D7FE36B3D,0.3820511469172146
CC_57115B2BFE17,0.10414754720808557
CC_571607A0AE1A,0.1688067606937967
CC_5716A455B822,0.3890590355786972
CC_571925946DFB,0.10967841858433722
CC_5719A71BA47D,0.13276973326313896
CC_571BDEC53A17,0.15489901459896932
CC_571D283BBCFE,0.16854389586088664
CC_571F55A9552E,0.04912484630521189
CC_57215A40996B,0.20136680584499173
CC_5721C798C996,0.131411636008038
CC_57237413B9EF,0.22744766576799638
CC_572448AD9046,0.22806637205377184
CC_5728B49F4564,0.147865109110402
CC_5729599F26BE,0.3143771178867011
CC_5729813D19D2,0.08481784889948327
CC_572995869383,0.057386681746664656
CC_5729E71E16E1,0.6513116188768576
CC_57336E600FC8,0.662590865951669
CC_57342A8AB7B1,0.0362823369323524
CC_573480AF426E,0.5894734298122216
CC_57368A6D48DB,0.05710481224277571
CC_5736948ED15E,0.07829737930969374
CC_573AA931727F,0.243413974915298
CC_573AFD818446,0.16232655817562208
CC_573D28944056,0.43634229093393123
CC_57404B0D8FAA,0.05006231075087836
CC_574170466BA9,0.25179254295225856
CC_5741D872BF63,0.10387024773609199
CC_57439E75082E,0.12023869746583375
CC_574502DD5BF9,0.11786562191776764
CC_574AC21A10CB,0.2527308287576725
CC_5750F7977F9B,0.04722825757801079
CC_5751D6A33332,0.556393815683051
CC_5754317083C5,0.08711276922355385
CC_57575474E4B7,0.22638771790663498
CC_575F3DCC3810,0.1607225146917278
CC_57606EB3294C,0.5502011988898718
CC_5760AAC4C8AC,0.1915816478247581
CC_5761FD7C3306,0.2063982835896673
CC_576229CB68C1,0.06491151218802103
CC_576344B49AB9,0.046967261696413486
CC_57677F2B1A35,0.060314830867310834
CC_576846C272DD,0.6495529157547087
CC_576C5F5180A0,0.12308949196319426
CC_576CD68BCCCA,0.21943395279555075
CC_577247B8D748,0.07237440744690815
CC_577621627C82,0.19097478965674156
CC_577AC7A06E10,0.7335644229420876
CC_577C7B6449FA,0.13770987855896288
CC_577DCB522259,0.07801964308662127
CC_577DD48184FC,0.06792146112352579
CC_577F6FCFE8BB,0.09566600575408327
CC_5780EB20018A,0.15276243175640086
CC_578161358EAA,0.09301868170816993
CC_5781724D28AE,0.0804897130616524
CC_578194927C80,0.16254313311762497
CC_5781FC88F2AD,0.2848379123101564
CC_578520D4F055,0.3950087665133644
CC_57875CC2F400,0.1496252688319995
CC_5787F014FB04,0.1619238352984877
CC_5789715CACBD,0.7139437194480935
CC_578A95316ABF,0.6581954755893223
CC_578B17E8FBCC,0.09627962402440458
CC_578DD14F82FD,0.11278115509027549
CC_578DD2320ACA,0.14528585469769348
CC_5791F3F9E9FD,0.0897607977617844
CC_5796C9F03371,0.18407147768891774
CC_57A1F681AD68,0.686839498770939
CC_57A467B9A500,0.03912491483032098
CC_57A4690C5814,0.07529956833682575
CC_57A4F8A3A82D,0.14427380475475926
CC_57A775902BC2,0.7350214405582245
CC_57ABE4EEDB91,0.0771442591052354
CC_57B02E2FA906,0.14882155545756728
CC_57B6C0E7B766,0.4948006999491711
CC_57BD3AB57D65,0.1704736877927036
CC_57C00E89DD92,0.7130728227663605
CC_57C0B39268EC,0.056559636433837476
CC_57C2A410959E,0.17952143600628323
CC_57CA8492DF37,0.102278641862295
CC_57CB489AF151,0.10840080636688479
CC_57CE144C095E,0.08527699373634481
CC_57D36988CFEF,0.16041214555456895
CC_57D37B348807,0.14822694095015274
CC_57D6C3D00CD7,0.4183561405348176
CC_57E67826FAA4,0.06882102875070431
CC_57E6DE93D701,0.122871694652679
CC_57E6EB0DFDB8,0.29874086477800055
CC_57E708EF3F7C,0.07622255527409821
CC_57EB9594ED3B,0.05228047674685911
CC_57F3977E73C2,0.35552101646683176
CC_57F752ED44F4,0.581315704990089
CC_57F7D4863BA6,0.07468371354487852
CC_57F936E1093A,0.6668754941521537
CC_57FA0AEE0A88,0.06327730973889628
CC_57FD84AC569D,0.050166728524716195
CC_5802E49908BD,0.21611520042069227
CC_5804F2DF5B4B,0.17801395561684857
CC_580517120DF3,0.2350566732090425
CC_58071EED583C,0.6596041160932679
CC_58088521D48F,0.04738653931623895
CC_580B4EE7C1B6,0.23129280793370496
CC_58122CC93D3A,0.7586637390988736
CC_581432BF43DD,0.6506183846282468
CC_5820351A4D3B,0.3029426708751656
CC_5823A40DF6C3,0.7357771632767263
CC_5823C727EAB2,0.081349507097042
CC_5824B0571BDA,0.13955782804993275
CC_5826968E74FC,0.07755857943148302
CC_582894552069,0.6492251352620596
CC_582A2C839597,0.1005767692496639
CC_582E3FDC7E03,0.2159318585775562
CC_58333942E713,0.03529247582643387
CC_5835D3BC4641,0.20232420736879156
CC_583654CE63B3,0.18853715291474687
CC_58379D089A68,0.1764704503196171
CC_584100BD5DBF,0.060633765692522004
CC_58440C7D861B,0.4805160295407127
CC_584655290ED4,0.09311548185272212
CC_58469FD0244D,0.4076888253249825
CC_584BFFC83C5A,0.04668983416734657
CC_584FB8D54CF5,0.0701176043365516
CC_584FF77EEB27,0.3980057768865031
CC_5852ABDFE9F4,0.18845497638791028
CC_585402F3DB8B,0.2465974299778718
CC_585423039E59,0.235934498094444
CC_5856EE2A3145,0.06069514684219772
CC_5857848D1B1B,0.1140933366646842
CC_585D6D7400EC,0.6082614885466291
CC_585DF1F20D97,0.055265882144434175
CC_58645AFF4CAD,0.10610776854280564
CC_5868B8B7A8FC,0.07712365463451078
CC_586AA422D12F,0.4473334462636509
CC_586DBDC85DE7,0.6947799577490751
CC_586E8B823ED2,0.2731993393497736
CC_586F2B3AA5A1,0.6731446839596698
CC_587AAA4C8E7B,0.27945783480794045
CC_587D6724F48A,0.133787493135826
CC_587DA51DB167,0.2292474067530046
CC_5882E01FB9B2,0.7630601044578603
CC_5882F91F29B3,0.4656161885580364
CC_5883422CA960,0.15699736211420587
CC_5883B6CBE37C,0.20486194092964954
CC_5884EEC8B2D0,0.13112222986556094
CC_588794152C6D,0.12945104529085327
CC_588822899083,0.4635567464537601
CC_5888DB6A27BA,0.10535627237314486
CC_588ADE419EF3,0.6894361257865808
CC_5890B3E57E4E,0.09448770852999876
CC_5894CDDE2E51,0.19340822627001625
CC_5896595E278E,0.1464661375057845
CC_589817F23CFE,0.053098871239999415
CC_589844A52ACB,0.043410934307157964
CC_589847195F1A,0.12423870974003
CC_5898AB7CCA04,0.17901281593061658
CC_589D798BA40A,0.24783249092303267
CC_58A03B3ACF58,0.11585284701538749
CC_58A1D9E0131D,0.26142018811214246
CC_58A9776D8FD8,0.27004841344869446
CC_58AAB22B1226,0.06281681614338451
CC_58ACE911C029,0.047437798681116534
CC_58AF464C9AB6,0.051003246284531865
CC_58B1245E766F,0.11587400355125137
CC_58B299FE2444,0.06779171379623268
CC_58B5158A2CDF,0.6594755330707383
CC_58B61BDF331B,0.23001951743681115
CC_58B7FB042D82,0.06207366483302641
CC_58C9DA7AE891,0.19468309391829214
CC_58CD308C8ED8,0.0985663934584167
CC_58CD88CC25FC,0.4642326322380216
CC_58CDC5BDBBA9,0.3550611662203848
CC_58CE713913A3,0.06726807829478966
CC_58CEF8C45010,0.06113274350134734
CC_58CF7FB744C5,0.15814751387579107
CC_58D232DD083D,0.10127222369912174
CC_58D2409F7978,0.1173600563631088
CC_58D3D8369F18,0.10104088225320225
CC_58D49AC23ABE,0.5898186094010965
CC_58D96FA01F21,0.09740392316732042
CC_58DA887D5A88,0.2055617323020079
CC_58DAE4A33A08,0.3387978500026739
CC_58DC700A7682,0.16728595703927604
CC_58E07273A266,0.26038367382909866
CC_58E4F311CF66,0.2545362597773429
CC_58EB19C62750,0.5023186328085937
CC_58EEF30FEAA2,0.7873908922674158
CC_58F087C47C19,0.23530139153421498
CC_58F1EEA5B6CC,0.05730794777928462
CC_58F5620D0130,0.18605725012249766
CC_58F84E9040DA,0.22367889525318035
CC_58FB0A8682EB,0.09191820484510975
CC_5900B5F3D57F,0.36388494096508606
CC_5908FFF02CD1,0.37072370784333586
CC_590BA63FE80B,0.23012315538706485
CC_590BF9561936,0.1348036855417659
CC_59114A0440CC,0.6733085766712238
CC_59130793832A,0.08651603380457897
CC_59157904E34F,0.26141252320252295
CC_592124FBDC07,0.7621265016799484
CC_592220A1C8E3,0.1311088656585845
CC_5923A8B4A8DC,0.13630629034261504
CC_5923B882788D,0.1193854303801359
CC_592484E7BB5A,0.6375504791121199
CC_592700B83437,0.45497539255252245
CC_592938F6781A,0.11497619374025388
CC_592B5A0405A7,0.16335472521084834
CC_592E4C049C88,0.07435000832423114
CC_592F81CB56FF,0.07213649469134867
CC_593117BD4B3B,0.12858589107471777
CC_5932D3AE3ECF,0.2280092245634501
CC_59365DA3A112,0.2849656360583799
CC_593979F32C27,0.4089472310032648
CC_593DBF92E343,0.15925452878226104
CC_5941865FE802,0.10992931453046806
CC_5944C9222134,0.14703963722432387
CC_594AB44222D9,0.04526041047142297
CC_594E9A7C988B,0.08349675403264996
CC_59558FB3F6CD,0.13023157928037524
CC_595720F4AE9A,0.14379353495581051
CC_595DD9352D1A,0.10697459027042819
CC_59605A740FEA,0.18179482254148985
CC_5961FA0A97ED,0.03595804442046223
CC_59620FD3713F,0.19119331801626677
CC_59628D797949,0.40178321606646134
CC_5966AAB8330A,0.7452211306923773
CC_596C001B0828,0.053421963283279514
CC_596E8E230877,0.056286377338817896
CC_5971EF075BF0,0.23012431190060484
CC_59783D3A62FC,0.21096695524344317
CC_59797E676623,0.07575954463863496
CC_597A3975BA20,0.27027531184818687
CC_597D2050AC07,0.06063890523632644
CC_5981145C6288,0.1795080134046136
CC_5981D60B6F66,0.10868747713996482
CC_5985084B4858,0.15193252262781484
CC_598591E3E589,0.09069876605887126
CC_599256E05A0B,0.08452052638792665
CC_5992FDA6B3F0,0.15124837047856987
CC_599462E87CCF,0.0889758234642366
CC_5996F214A014,0.07494085041441542
CC_5999674FD3A6,0.3201637218383911
CC_5999A18D6688,0.08236510417780728
CC_5999CAD4E859,0.3616838131076592
CC_599A2C545F05,0.20692748920674595
CC_59ADBC0765F7,0.04250348269832493
CC_59AE1ED18EE5,0.041071422353503376
CC_59AED9C57185,0.3435184416725424
CC_59AFAABC619C,0.16878813809891505
CC_59B3E5922AED,0.21913142992145124
CC_59B40016503B,0.34463335556086294
CC_59B4D47E53D5,0.5462566010395248
CC_59B52E03A2DD,0.409578166033106
CC_59BD370A7A56,0.045242479143168465
CC_59BD8594EFA8,0.08787303626655027
CC_59BEA0024DCE,0.2578905332988601
CC_59C04BE99C59,0.158444254668624
CC_59C562681EAA,0.08119164887815011
CC_59C5A653C200,0.17187862049296804
CC_59C6631D3F5D,0.09013306028128858
CC_59CE67E07837,0.04293991631296252
CC_59CF26DE0916,0.16865886162904709
CC_59D2D98951F7,0.1750605050363277
CC_59D2EC8B28A3,0.6398442746436018
CC_59E456FAAA54,0.5541138458962696
CC_59E6ACEDC7B5,0.16625276614149087
CC_59E7B8727FF8,0.20897962146582777
CC_59ED20E6529B,0.12290830621665635
CC_59F406619831,0.5006218381788311
CC_59FB4385703F,0.19777907502123182
CC_59FFFD0F57B9,0.1449619734909
CC_5A013CB43F65,0.1124634084205132
CC_5A0339AC2651,0.22409089070485674
CC_5A03BCF9550E,0.09625125025281003
CC_5A04BC8EB3C7,0.10038244422749212
CC_5A076EFF11BF,0.09434924077460176
CC_5A08C2022BE5,0.22433686984209072
CC_5A0AF639240C,0.09503738870503481
CC_5A0F0547321D,0.1442963932297578
CC_5A12A6C81144,0.3097006525847564
CC_5A142F4CEF76,0.2768538487741813
CC_5A15269194A4,0.2144636933820434
CC_5A15457FAF7B,0.1959733848771204
CC_5A154F5F054E,0.052845571176741414
CC_5A163F467726,0.14847544459073428
CC_5A16CB731879,0.1330870589399839
CC_5A176AAA3069,0.5384081073166413
CC_5A1996EFFED3,0.11352626436084337
CC_5A1B8FD9D64F,0.17117534816939026
CC_5A1E5E3D1C9C,0.11713442886553142
CC_5A1E990E2B1E,0.19117624713886144
CC_5A20001063C9,0.07088943751195705
CC_5A23FB5B2E1C,0.6355521864919108
CC_5A24DE065436,0.13528771957894453
CC_5A286536F2A5,0.05588107782670759
CC_5A2F49A569FA,0.18896379836423996
CC_5A325901B64D,0.12286782460069487
CC_5A348D51A7B2,0.05811639556759144
CC_5A34A9B1E1CB,0.09336211093491527
CC_5A373A5207AF,0.10852217313855927
CC_5A37EC2D820F,0.06554137891923681
CC_5A39DB502062,0.7613119419421799
CC_5A3E351ABF54,0.2533176940978112
CC_5A49178E08A2,0.20477569058857997
CC_5A4B37559FBB,0.7077995124070393
CC_5A4BAF53AC62,0.19767996453485784
CC_5A55ECB92CE6,0.1566168212103745
CC_5A57C040113A,0.15241080014815797
CC_5A595524D8FD,0.07670673770764416
CC_5A5A56574DFF,0.09160641220105847
CC_5A5C08953FF9,0.365152838167241
CC_5A5C3F778D36,0.15193507516116425
CC_5A5C8434C5D5,0.05894494774676
CC_5A5E93C6F4B6,0.5609951328030074
CC_5A5F1C1F7905,0.18224471441777867
CC_5A6308822D47,0.40878736927989034
CC_5A6328755008,0.7169526576852314
CC_5A64FCA23152,0.1017498325505233
CC_5A6829EE9022,0.6552052110866857
CC_5A685DF58C92,0.11297846058726493
CC_5A6FF2EB1FB4,0.05740908201541608
CC_5A72971F070B,0.07504536325325989
CC_5A7527137CA0,0.06618206914953509
CC_5A75D981E7EA,0.6506667571547768
CC_5A8034E0BF87,0.15331515636001028
CC_5A817C6BF339,0.07824887888694493
CC_5A83E62880C7,0.0869514741910065
CC_5A868AAEC96F,0.13586523271762063
CC_5A8A56929FCC,0.21362807650258345
CC_5A8B5A192355,0.6066733459286604
CC_5A8B5D66B70A,0.053717414921144443
CC_5A8B83CCF918,0.11435564472521369
CC_5A8CA07E4060,0.18330954243389824
CC_5A8D5ABC0BAD,0.11689394159435647
CC_5A8EE1A345A0,0.4001921511587422
CC_5A8F8A4826E6,0.050387655241950845
CC_5A8FCB3BD9A8,0.32642440574366816
CC_5A95288103D2,0.11487326978044947
CC_5A9662EA2300,0.0849446337751551
CC_5A9A5BBD5CF1,0.1726635489332776
CC_5AA00D592A24,0.34855778316743913
CC_5AA31ACE2332,0.038152776681636406
CC_5AA45B599FFD,0.12493005776339206
CC_5AA6A0FA7E65,0.10509583850436863
CC_5AA711CA5FC8,0.680635778646205
CC_5AA7778DA9DA,0.06520708780581122
CC_5AA7F5C04668,0.11875214493187629
CC_5AAA6C1A1622,0.08159634417617954
CC_5AAAC9C03C17,0.7131854397141412
CC_5AAB972054B0,0.7642477808996866
CC_5AACCAEFC895,0.09900929500276122
CC_5AB12E5BC79E,0.07613912235388001
CC_5AB175CB4372,0.15608830861350378
CC_5AB226B6C59A,0.20098235539491452
CC_5AB243D0F844,0.05843934679145459
CC_5AB5C0E3C42B,0.2559270002330182
CC_5AB73E728978,0.5555790775946813
CC_5AB83BF50C80,0.19176224144931536
CC_5AB94738B2C2,0.2989518535547349
CC_5ABDA2B7C93F,0.1394051547549662
CC_5ABE0879FE8C,0.09635338614035588
CC_5ABEA15B5CC5,0.04019544552029331
CC_5ABF14322ED2,0.6617192120967887
CC_5AC23189FB34,0.10445993472446138
CC_5AC23D140081,0.1878341292012657
CC_5AC7586E4E6F,0.19476448818147746
CC_5AC77388ED13,0.1867376519667569
CC_5AC865E71599,0.09817256358875184
CC_5AC9707D7537,0.6294230557663058
CC_5ACF8EA85E56,0.14145194059327784
CC_5AD2546163C0,0.3659073281263411
CC_5AD50914D294,0.09251187479524554
CC_5AD55E10E239,0.3183789427825779
CC_5AD7F12D1D22,0.11713778388650145
CC_5AD8FE1989CB,0.13820605084792578
CC_5AD9338E7F37,0.22604992428660542
CC_5AE27B88549B,0.05433050802277909
CC_5AE4CDC380A1,0.713120109086694
CC_5AE6F64CFDB5,0.2783414983313649
CC_5AE736DE11AC,0.4656584152020831
CC_5AF0BAF709D0,0.2118524581024988
CC_5AF2E2D5946A,0.15355758762745733
CC_5AF4CC9631C0,0.6311045611058753
CC_5AF508D5CAEC,0.03925362958059741
CC_5AF60F813344,0.06508669812233062
CC_5AF932FFDCDB,0.1916985379098165
CC_5AF94ED5611A,0.09802782737237513
CC_5AF9BAF31FEB,0.07868212561833272
CC_5AFA0C04BC94,0.26816955508540896
CC_5AFAB8A64F35,0.12971243130935972
CC_5AFC1261EB93,0.2400039206940713
CC_5AFE5DF7AF95,0.16895622931067772
CC_5B0195BA39EE,0.11143565549274374
CC_5B026017070C,0.3060862874613054
CC_5B0404833850,0.04597102390937701
CC_5B04A9399C65,0.06570080465030886
CC_5B0507769BB6,0.05061133953133738
CC_5B0807571581,0.1940274600136272
CC_5B0A9D311BEE,0.14065931090838396
CC_5B0E9706A537,0.2206225402508831
CC_5B0F40C0E1CB,0.5523183274077907
CC_5B1245524940,0.1969411744740765
CC_5B13FDA05B61,0.06617379532072644
CC_5B14FAB82984,0.11580615995683632
CC_5B176732FBCE,0.06220817218684114
CC_5B23092E7BB2,0.08892162453725101
CC_5B23CA791DF0,0.3224140678028934
CC_5B2E241BBCDC,0.07026748255734272
CC_5B2E9C1C079A,0.1799995635452165
CC_5B2F80EB5A5E,0.11014125362023122
CC_5B2FD478D867,0.18131267230892076
CC_5B3336343694,0.29708699472393496
CC_5B341E3A6C32,0.7536691932813371
CC_5B380570454D,0.24107739112953674
CC_5B3A879E3664,0.7782428412864694
CC_5B47219287FA,0.04626178093714649
CC_5B4A365E3F47,0.06864735465408792
CC_5B4F89D9EB61,0.24107772354847903
CC_5B5206396D60,0.18215151832895327
CC_5B534A342317,0.14611551024170605
CC_5B54612A98D6,0.13211276951638035
CC_5B5711F842EE,0.08526167207511166
CC_5B5B6AAF96C0,0.18433398542646925
CC_5B5C2F4A96D5,0.1401421105009333
CC_5B5DE032454E,0.08267156766750575
CC_5B643C5EB4C3,0.11132154285584044
CC_5B6F725BD2B8,0.3085601590166623
CC_5B77AB677EB6,0.40738088861332145
CC_5B794ECEC735,0.07393999815968552
CC_5B7975BD5165,0.06155294259630158
CC_5B7AFB39BC79,0.18227933044182656
CC_5B7C6876A878,0.2905383147359769
CC_5B7D4A522B9A,0.747964662210277
CC_5B81AB4FE5D6,0.16430620585921424
CC_5B81CC5219C7,0.03964050232635581
CC_5B826E2BDCB1,0.06305508140864906
CC_5B8CF69570A7,0.14959000320849053
CC_5B943E99D363,0.05206206461355158
CC_5B95668CAEEE,0.3257025828989301
CC_5B96F6F9E12B,0.6684542323137733
CC_5B985FF12590,0.6517011535902919
CC_5B99A61F9BEC,0.09059644291700347
CC_5B9BA65EEDDE,0.062340527135392676
CC_5B9C2D63BD82,0.11747938003570808
CC_5BA10AB47E93,0.3164256534767699
CC_5BA1B065C54F,0.0525856939813254
CC_5BA67C7C142C,0.2082027817962026
CC_5BA9DAF61609,0.11837601129709485
CC_5BAC82095106,0.2140982732575102
CC_5BAF4779FCFF,0.5639622581719348
CC_5BB35F83900C,0.1312827009815981
CC_5BB5EF6A67F4,0.05197287882916636
CC_5BB9DF8AD50E,0.04897939802987257
CC_5BBD34998419,0.20199276349883846
CC_5BBEAC610014,0.14394141870541338
CC_5BC33A2851E1,0.29215584061155137
CC_5BC7E75A8ECE,0.14456595131595845
CC_5BC9D20125BA,0.20218343688973514
CC_5BCBB8067717,0.8342710436208719
CC_5BCE3F3C3A44,0.08375342176086117
CC_5BCEE77C9666,0.4960269151948896
CC_5BD9F156D4D1,0.12840486810005441
CC_5BDB5A10668E,0.09121878375450658
CC_5BDE39E4EC88,0.04525661184937583
CC_5BE077E6D969,0.6649835258994262
CC_5BE1FAA48CB2,0.09183055413220631
CC_5BE23895CBBA,0.0647886548689151
CC_5BE396B6D08D,0.13349864598370667
CC_5BE4D4502607,0.06149997258999551
CC_5BEDB8A6CF7D,0.18116074422085177
CC_5BEE1177A0FF,0.09334103395772057
CC_5BF1307A7F59,0.1300822282909722
CC_5BF3E0C71712,0.36297742945815115
CC_5BF468725EE5,0.07434702753066533
CC_5BF6BB3DD54C,0.07524194227784527
CC_5BF7318B86BE,0.08472224427243832
CC_5BF7422D0E05,0.07655289825097576
CC_5BFE20440559,0.10574606625102319
CC_5BFEEAD87024,0.0615500847400024
CC_5C0019CA0253,0.060991505021288625
CC_5C0362270FBC,0.17168149243831685
CC_5C06DCFBCD08,0.17759836462707318
CC_5C072D2EB4A4,0.06296261353267343
CC_5C0BDC4C766C,0.28695823002509013
CC_5C0C3BE3FBBB,0.07516334994126248
CC_5C0E60EEF98F,0.13301278172550993
CC_5C0F0E4CB1E1,0.07548368480228852
CC_5C0F448526CB,0.05762342613867457
CC_5C132B8C9743,0.6063110001640333
CC_5C16A4120DE8,0.6911708216755436
CC_5C18971A9B33,0.5831378829433824
CC_5C1926C3E99F,0.08270208860573408
CC_5C1A4FB9D9E6,0.8298003370271051
CC_5C23A07D8C1F,0.1436243595404043
CC_5C26CF126E7D,0.03943815704980301
CC_5C290BBFF8AE,0.3815315185789467
CC_5C293CDAE97F,0.08262460125413541
CC_5C296B48A610,0.18770120778860364
CC_5C298CD9EE0F,0.03758292214266045
CC_5C29B0BF7A46,0.39807212085804494
CC_5C2B402F9C5E,0.06112754283237896
CC_5C2B9A1B45F1,0.08347586704866694
CC_5C2BC3B2FED6,0.20708072668193506
CC_5C2F04DB89B0,0.1226837119564774
CC_5C3010524162,0.14873277434021626
CC_5C34E33B048C,0.15990254168502338
CC_5C37520DF4A0,0.19967329837197284
CC_5C376E472146,0.05185536174941321
CC_5C3A694E5AFF,0.13653502237912649
CC_5C3A81F8243E,0.6833606060102009
CC_5C3AF119C7C4,0.08840708261637506
CC_5C41AA1FB124,0.3214111009520429
CC_5C41FE749450,0.08685924237239327
CC_5C44F9B51B15,0.07860812421414662
CC_5C46C165D942,0.1647116290625374
CC_5C46CFF1EE93,0.1327674230566724
CC_5C477BB76B50,0.08212697527618726
CC_5C485C3DA5A2,0.05745039163910569
CC_5C516C1148AE,0.16512284726645482
CC_5C51F8276A09,0.21207437889001574
CC_5C5617ECA2C1,0.745015131212119
CC_5C580B327945,0.04849248460761502
CC_5C663668AEAC,0.09013960687618298
CC_5C667B5EEEDD,0.095115009101285
CC_5C66F7AEC29F,0.2993670176415028
CC_5C69819D7461,0.1338239137275627
CC_5C6F6F2284FD,0.17650252363958818
CC_5C744FF98F4F,0.07702662010566375
CC_5C770EBB3461,0.12684994330451238
CC_5C7F06684789,0.09975206756074845
CC_5C84A8D32615,0.7349557811470827
CC_5C858310418F,0.23175126994542689
CC_5C862C8893FC,0.12714356156178455
CC_5C884D5AE0D1,0.06687918320104633
CC_5C8BF72EE97C,0.3371446442412359
CC_5C8D2E2570B7,0.2405172457098843
CC_5C92441E4873,0.15469361339433055
CC_5C94AFD90D8F,0.1465592336287932
CC_5C9A3A5972D2,0.35246819331076906
CC_5CA39EB0D4BB,0.06869280249716873
CC_5CA622E85D86,0.2888109344731848
CC_5CA6B98B4D1D,0.10199614006790678
CC_5CA7779A4DC3,0.045713840392154134
CC_5CA86661E034,0.38660057456484226
CC_5CA8D72C31B3,0.7382530122870767
CC_5CA96B6ABDE9,0.19509252788644665
CC_5CAF4EE6F709,0.0693015008948452
CC_5CB0235932CD,0.09682621820523363
CC_5CB4416E3F3E,0.08818664908677551
CC_5CB51A71FC54,0.0865941664964397
CC_5CB95D3BDABA,0.7762497292163103
CC_5CBEB5A028DA,0.09281684498444029
CC_5CC2F1284079,0.15313149645040075
CC_5CC532F130D3,0.09063485054724421
CC_5CC637E6BB84,0.265004845709247
CC_5CC659C18E07,0.11783255008158373
CC_5CCCAEFE921D,0.7531304061518201
CC_5CCD14D6A09C,0.2623862285179005
CC_5CCE36EBE90D,0.07197019202748609
CC_5CCF357F22F3,0.1305690738368508
CC_5CD363DD397D,0.5711404362160755
CC_5CD695656E50,0.07220591084733272
CC_5CD9F6C42400,0.7039489970720914
CC_5CD9F7929A94,0.06399593008533791
CC_5CDD82609046,0.49973917832354287
CC_5CDE83909CA3,0.2640730284675487
CC_5CE0209928C3,0.10463392097906546
CC_5CE1F5EF25C1,0.11006285691779835
CC_5CE38FB1FC14,0.04858005969078802
CC_5CEAAE5E9F46,0.15071672881943315
CC_5CEBC021F126,0.17990263353039182
CC_5CF5768AAF0A,0.09174393311624947
CC_5CF7EBCE6347,0.0673580972060995
CC_5CF91901487C,0.13660813621130852
CC_5CF9C109AD5B,0.26943764424816974
CC_5CFA5D49672D,0.14091201872835854
CC_5CFBD438A9E7,0.07015963566612257
CC_5D00634357DD,0.12353153099327958
CC_5D00C4D5A1D6,0.10968788747154883
CC_5D01A320B2B0,0.17669959638314753
CC_5D01CF7EF458,0.13722168311444435
CC_5D01E1B3E69B,0.15324256149845222
CC_5D07AA646FC2,0.2616961744723388
CC_5D07BD529B9D,0.23045642303158664
CC_5D08443DC98C,0.14875996200143785
CC_5D0981460B48,0.25147330975921
CC_5D0BA107CCCC,0.08163438672736148
CC_5D0DFDB2AEBA,0.1993898492654949
CC_5D105FB14122,0.09401860040357969
CC_5D1507277E09,0.23331995068281702
CC_5D181CAEDB3F,0.20769155682912355
CC_5D198F5A1180,0.11608382072101589
CC_5D1F9C5DBD70,0.6938059805072136
CC_5D2163C060DF,0.055748373217444344
CC_5D21CBB7067F,0.24391107547695765
CC_5D21D056205D,0.06634861707663395
CC_5D232B046F4E,0.04939604103368091
CC_5D242E21B70B,0.2651388253902043
CC_5D27DEF780D1,0.1883160923275421
CC_5D27FCD94B14,0.7332438386689055
CC_5D283EC78B09,0.07723974079069124
CC_5D293D15F2B6,0.15456709729636947
CC_5D2D017AF1D6,0.09630715312663023
CC_5D350A871E79,0.0741147977235583
CC_5D358E8C178D,0.09174739440936057
CC_5D38D84E8D8A,0.16844817709765297
CC_5D3F7518D7C9,0.09742948429268164
CC_5D45F1965198,0.7572486747067886
CC_5D5EFDC391D3,0.044453726568279395
CC_5D5FA7F8B4B1,0.07178713434054902
CC_5D63F45D2D8B,0.16016648530856067
CC_5D65DAD9AD02,0.6927118425265989
CC_5D6808135562,0.12880507939902744
CC_5D6A1F1B4074,0.172551687013997
CC_5D6AE381D455,0.1335726488929299
CC_5D6B6FBEE669,0.08668554528287134
CC_5D6C5793DAB9,0.17214764678858827
CC_5D6F6F62B809,0.6987924113464893
CC_5D71AA649B07,0.23164814986738178
CC_5D7289D1BDF0,0.07821541558864223
CC_5D7B4BA1B14B,0.4447375168090943
CC_5D7DBFFA54C5,0.11302170602853959
CC_5D7FE1565CC1,0.6696758001312552
CC_5D82002E7CDB,0.7802800975549217
CC_5D83ED3C3B37,0.21380421862059523
CC_5D8897786E61,0.1452494182636132
CC_5D89F71AD5DB,0.10829100797754834
CC_5D8E8294AF15,0.08549736549382937
CC_5D9194CFC6C1,0.1512782744418607
CC_5D925BFC4F1B,0.3583401847051472
CC_5D93B25F7F37,0.08783106083432932
CC_5D94C757E368,0.2971546347148598
CC_5D9515D31969,0.1226212789240722
CC_5D95465C3024,0.1166676093810188
CC_5D9685C82529,0.09088781538460189
CC_5D98DB000C5B,0.16009901921319636
CC_5D9A64B839FC,0.21754268223261528
CC_5D9F5514282C,0.13241114777746266
CC_5DA022E7E265,0.16134610474893113
CC_5DA054D56100,0.15931104879957786
CC_5DA23FDDA040,0.12461787649065151
CC_5DA306818774,0.043338645102878895
CC_5DA42C2CB592,0.3282658994095307
CC_5DA50F130465,0.5514372933763866
CC_5DA5F089CCEB,0.1114856991181082
CC_5DA970C83BFE,0.18405847290761296
CC_5DAD4AA04AED,0.6399801751697084
CC_5DADEE0F5194,0.4163946348788047
CC_5DAF36F4602D,0.10182842231913336
CC_5DB07ABD2D05,0.11099369417698543
CC_5DB377396A07,0.4077875538244185
CC_5DB4B96543F0,0.08977243995002634
CC_5DB91F6D3101,0.14529355386501355
CC_5DB95E21D5C5,0.2689851202372984
CC_5DB9B1DA19CB,0.15277861050646144
CC_5DB9FD593665,0.25454167035933856
CC_5DBBA9662E78,0.35368479603680864
CC_5DC10582A9E1,0.08009455115165096
CC_5DC4901D6B92,0.2405163200021216
CC_5DCAB9B2C00C,0.520103556751011
CC_5DCCF7760702,0.10222202750054872
CC_5DCF17F1BBB2,0.2562116433306282
CC_5DCF723EF0D4,0.10508670519295135
CC_5DD01D0A73E1,0.09527246879562118
CC_5DD69CED90C9,0.16820034804171652
CC_5DD958933BD9,0.043708920935876125
CC_5DDC279E7767,0.18203949828356158
CC_5DE5DD373A92,0.0880408780363103
CC_5DE72B43679E,0.061048019662755984
CC_5DE7D1C5DBAD,0.045880702903636404
CC_5DECF885896B,0.05776799993644233
CC_5DF02B9F4833,0.2217670050834199
CC_5DF09228F9D8,0.4144090250291351
CC_5DF4883C4779,0.17546427017254387
CC_5DF78D304F25,0.05660835762732301
CC_5DF8B6DD67F5,0.07612895012882984
CC_5DFB33C455A7,0.07591285322340623
CC_5DFC6BF23093,0.11815728701803321
CC_5DFD9451C5F8,0.049689700965637504
CC_5E00BBA5763A,0.33847609421939234
CC_5E02A6D17A06,0.15143764767294082
CC_5E058C787204,0.6437466736271193
CC_5E06A3BD160F,0.07608458177541397
CC_5E06B7A2EBC6,0.4908703579955115
CC_5E086E76EB1D,0.15834847342649447
CC_5E160D13CA23,0.4326033017027574
CC_5E174FA7A70A,0.12442744667954686
CC_5E190CE28A23,0.09438066658990428
CC_5E1DE48881FB,0.2016965528076847
CC_5E21938FBACC,0.28529567677875317
CC_5E277DAA4280,0.6370849032591667
CC_5E2BCAB017F1,0.0976246562141642
CC_5E2FF9AF864B,0.06279127187098818
CC_5E3216E8D190,0.03481686710954936
CC_5E37EF2502A1,0.08215073000077003
CC_5E3917AF48CF,0.15135612083653455
CC_5E3A3981313F,0.22497828994200963
CC_5E3B691FC7E8,0.07209939133751024
CC_5E3D30A3346E,0.06288978722432358
CC_5E3E70296436,0.1771761726589213
CC_5E42511AA8D4,0.6729059050932447
CC_5E4297E83E8D,0.246301858291088
CC_5E443C87A993,0.05896143210172886
CC_5E4841DF72EA,0.1470668459856786
CC_5E48A37DC71C,0.09352253259563945
CC_5E4916EFED10,0.7080937425382039
CC_5E4A6AC389DF,0.13190861556131844
CC_5E4C3E73299E,0.20956772791336378
CC_5E4E183A2EEC,0.0744038673358848
CC_5E52A653854E,0.08283866725570696
CC_5E555B42B6A9,0.05933676778800613
CC_5E5570D4CF86,0.30075551987256555
CC_5E558D667BC3,0.13830470744500686
CC_5E5727A702B7,0.07750166457847427
CC_5E5C6DCFD183,0.05191300119460372
CC_5E5EC05EC6DD,0.7615486775172184
CC_5E628C8E295D,0.7699579388996438
CC_5E656C83B511,0.13796123171342203
CC_5E6682619020,0.21237246438567667
CC_5E6686C7B301,0.10124765945492056
CC_5E6A2C166D3C,0.6180840283327691
CC_5E6DB7B436AE,0.11356819602215067
CC_5E6F9BAE46D4,0.1283689588544128
CC_5E7633B995E0,0.6597915608381308
CC_5E7DFD9E6725,0.6016717524224631
CC_5E82E1E40509,0.3170500895471199
CC_5E8310B30EB1,0.10808650951625629
CC_5E83D33953A3,0.19740963218396196
CC_5E8789F1F9AD,0.7582453052461252
CC_5E8B1CFAA738,0.07272801179469945
CC_5E8C54BDF98C,0.07146747511227133
CC_5E9118F96223,0.04982170789870851
CC_5E919227DBDA,0.12923164145976768
CC_5E960547EF48,0.5709336189082648
CC_5E9BF43B2D38,0.13586997909269807
CC_5E9CC2CFD36D,0.2549218365312301
CC_5E9D62853571,0.06817587720107282
CC_5EA4BBE734B9,0.060682089690449345
CC_5EA515954990,0.05006725350157375
CC_5EA688CCF647,0.11073770014071967
CC_5EA690673CB8,0.6264676182077865
CC_5EA7A4CCA4D1,0.0911527614907359
CC_5EA8B94D289A,0.24230781655352543
CC_5EA9FE2236D1,0.09045059489282017
CC_5EAC0F0F5807,0.15404049157070704
CC_5EAF6204A1A7,0.09975864530220688
CC_5EB3569C7CC3,0.10167285667309689
CC_5EB68AE3EC7F,0.3324489385066041
CC_5EB690454F4A,0.0992744683340804
CC_5EBD699BBF9A,0.07322251428500773
CC_5EBE30A90DDF,0.12149522946061268
CC_5EBE3FBA744F,0.7284277568384501
CC_5EBF31D6F583,0.09558522238167468
CC_5EC255BF564D,0.09780884197474528
CC_5EC5BFBF00F2,0.1937935790975219
CC_5EC6FBE9D852,0.13115973903888162
CC_5EC91635BC11,0.1487816485719482
CC_5EC96E53702B,0.08217785698610792
CC_5ECBDB18CC6B,0.0799880139117036
CC_5ECCAB9B7B87,0.20815474959888958
CC_5ED363408294,0.13924265563434268
CC_5ED41C88E281,0.09650052343492191
CC_5ED96BBB90A5,0.08430133736480319
CC_5EDF8768EDFE,0.05511736714267311
CC_5EE14DCE51FE,0.11808162367102057
CC_5EE53BDECDD1,0.15118153389408012
CC_5EE581E6B41A,0.6362157256732283
CC_5EEA417426F2,0.26034222533016826
CC_5EEB94C361DC,0.07921943925094342
CC_5EEC42D71C9D,0.10318251657798885
CC_5EEDD57388CA,0.061733929527389916
CC_5EF3E852D5F1,0.22287403390055133
CC_5EF40C00FC43,0.13509817533942964
CC_5EF559CBB186,0.20051263447538945
CC_5EF90A44E763,0.10297771386030423
CC_5EF9CFA900D6,0.21400124124569886
CC_5EFCC77C342D,0.09631052129984369
CC_5F03C10F15CE,0.05891728101246522
CC_5F046FFA86A0,0.05108876559055227
CC_5F0536576CED,0.30422125782777654
CC_5F062700F25F,0.058498939863344715
CC_5F0935413F35,0.19300271609640468
CC_5F0B3CFCDE51,0.286882382536837
CC_5F0C31786014,0.05102126503755242
CC_5F0F8FDC65B2,0.19181469112460423
CC_5F165E4915B1,0.08675007863452766
CC_5F16ED0F56EB,0.07372245381940898
CC_5F1C33254C43,0.05860091694647714
CC_5F257A47AC95,0.12255834714394173
CC_5F260ECF635B,0.13402471676930122
CC_5F287E798DA4,0.3943621967120346
CC_5F2C9AFF0C31,0.13761319993959836
CC_5F2F99236F7E,0.3180117730634789
CC_5F32A8E95857,0.2086471314016613
CC_5F39E48A6EDB,0.278941013979173
CC_5F3DA05C7152,0.4210448401333483
CC_5F3EA31142CA,0.0458419483209837
CC_5F3F8046E54C,0.07502727697991493
CC_5F3FFF11DA12,0.13007356226130978
CC_5F4D01CA9E25,0.04577742197665049
CC_5F4FEDC32DBC,0.23102238212699625
CC_5F55030C9729,0.14815181987084308
CC_5F55B448763F,0.5484249675862287
CC_5F5915F1709B,0.06839976330676513
CC_5F63045FB439,0.2429105256097614
CC_5F63113CA34D,0.262520133407847
CC_5F6693CD7407,0.03844962574861149
CC_5F67094E79B6,0.18772131654246432
CC_5F686C2CDCC7,0.062012285613964754
CC_5F6B737660D5,0.05305059593646873
CC_5F6E5D33DC52,0.11039774950196397
CC_5F6E7E7536A9,0.48399073620636257
CC_5F6FB62A8293,0.13945418272787008
CC_5F7640EC737D,0.05049559052960366
CC_5F77F0D3C4C6,0.121021998501962
CC_5F79651C72F9,0.21434907338808093
CC_5F7B197549CC,0.32823057926229526
CC_5F81B91A3C11,0.08924197226847076
CC_5F823AC0BBFB,0.12409256582296324
CC_5F8284BDF4F6,0.16879491911335603
CC_5F8510F80BF6,0.0995627778941525
CC_5F86C7BBB540,0.2511646643594049
CC_5F88050340AE,0.15833351685627434
CC_5F8B72C21483,0.6762415968359039
CC_5F8C006EA439,0.0779156153569327
CC_5F8D41280BAA,0.198113070013203
CC_5F9059C6B90E,0.5134893382695902
CC_5F908445BEA9,0.113854431939351
CC_5F92ADF6D9E8,0.07416479960089842
CC_5F93816598FE,0.31641759537649794
CC_5F96DA4A0910,0.19535097421341513
CC_5FA00A194F62,0.09584138489174507
CC_5FA35A39E5C5,0.15608104968582898
CC_5FA710CAE099,0.1287849921381016
CC_5FAA42301A7E,0.23282998623878778
CC_5FABB81EE16B,0.16804898439876192
CC_5FAC26D11A7A,0.1413148514227503
CC_5FB240B6E24F,0.12061846147903062
CC_5FB394EFBE00,0.14020359345707428
CC_5FB57A14C62A,0.13910107933408974
CC_5FB5BC194DB2,0.31046006258201675
CC_5FBACA7F45F7,0.2472786106668968
CC_5FBAEDE75B8F,0.07962243356692673
CC_5FBF4AE91118,0.10855518695453895
CC_5FC087CA6A66,0.05746554961922775
CC_5FC0BD09D0BC,0.07373645510914982
CC_5FC5F264F115,0.19548320423227117
CC_5FC89B822190,0.3025805421150312
CC_5FCD35577769,0.6322527882439544
CC_5FCD7E88E5E9,0.04245316499890933
CC_5FD6369B65DE,0.6867646287069923
CC_5FD9AAEDB6AD,0.09758107945225716
CC_5FE98B946015,0.2751009138539081
CC_5FE9D2A58F1C,0.6161912470587134
CC_5FEBBA41A756,0.6086239813975564
CC_5FEC80143324,0.1605205390335375
CC_5FF19A49A1AA,0.04442564329314373
CC_5FF2518E9ECE,0.2599989113137152
CC_5FF3BC563935,0.1521755094428273
CC_5FF63EDAEFC7,0.06181328804452292
CC_5FFD3F514961,0.17555344784757831
CC_60011886B18D,0.09106981972226555
CC_60029C11BB31,0.12460333600018933
CC_6009B225BD4C,0.13727061701437787
CC_600C61B5434C,0.19745328601584272
CC_601C9DE2DDFB,0.22055083007454074
CC_601DD98C7995,0.10229154409783225
CC_6020E07CBE4F,0.06068830034226388
CC_602128E29F3E,0.13899270061076335
CC_602703C173C9,0.2008523708719566
CC_60283C805DC8,0.3848255265823794
CC_602D13BE194A,0.11988037840370289
CC_602D22FF9B90,0.4785177498518019
CC_602FDAE430CB,0.20294312396570335
CC_6030FAC6D779,0.18717106372887513
CC_603388F075F7,0.18293339784127716
CC_60376A8920BC,0.12035033826458175
CC_603A5F17571E,0.35897445594696226
CC_604002684874,0.40417323399485927
CC_6041A80E0759,0.06816890770732212
CC_6042573740CE,0.17572594220118723
CC_6044D44E0C41,0.18167624074213284
CC_6046BF850936,0.7060592400676705
CC_604A516F77ED,0.050967418697959545
CC_604C11E16B1B,0.06605724823126004
CC_604F471816AA,0.20663496258672578
CC_604F77EC7832,0.17759444469791272
CC_6052E7EA9070,0.18876693384186835
CC_60575B31C16B,0.06913354102558257
CC_605963A1D8D6,0.0713394902363668
CC_6059CB778E95,0.04861729671875234
CC_605B09C3CBA4,0.20200555127030695
CC_605B760C80FD,0.7106289767490414
CC_605ED147BEF2,0.1424907563864351
CC_605F5C926875,0.10490403797758241
CC_6064FBCD4095,0.0981235569390175
CC_60674897B248,0.12830740668219212
CC_606977217704,0.570718183144925
CC_606D66F88AD6,0.041612567685875776
CC_606F1F918A72,0.05237819752660646
CC_606F374ED436,0.7215455931837894
CC_6071A9625DCF,0.7366133020141279
CC_6073863E8915,0.05611523150529746
CC_60761F2762D7,0.279249066219924
CC_607878304942,0.29508984575669045
CC_60788A418952,0.04640265014133317
CC_6079C534A9D1,0.10959987647126102
CC_607A1C301E47,0.12612463067493412
CC_607ED94D671E,0.057542382712687246
CC_608580335870,0.04334614541955882
CC_6085F311526E,0.06973396473435309
CC_608AB553667B,0.07047772494062425
CC_6090AA35A3B8,0.10587885680862934
CC_6092617B069E,0.708846135215994
CC_609459082614,0.2859813367429066
CC_6096B142B1E2,0.39517803931511736
CC_609703576DFA,0.23580587753891571
CC_60971DC45872,0.22728835877455733
CC_60998D5A29E3,0.05156027599353016
CC_609F9D794C70,0.24902640708816368
CC_60A05F8F1482,0.285446791895223
CC_60A3420FF02E,0.1508547783529985
CC_60A4E94F0764,0.1282125329849642
CC_60A52D1FF3C5,0.7728392145910434
CC_60A7824A13A6,0.6889635456442224
CC_60AA6C659516,0.08454927388643681
CC_60ACF2FBCD5F,0.1234172060286803
CC_60AD71AC1C1B,0.05156906276721779
CC_60AEA1F73E71,0.038925798537524356
CC_60B08AFF7B2B,0.21853410227677844
CC_60B1C9D28605,0.14592777076304014
CC_60B4B03A9535,0.18617107931752092
CC_60B7F81357C9,0.6128044864572645
CC_60B81EE374B7,0.15909908342224038
CC_60BA0D6846D2,0.6530416312919998
CC_60C05AEFD1CB,0.06648885762030413
CC_60C498112E99,0.26594692720724705
CC_60C4C35DB3CB,0.052407625683587554
CC_60C643AB1FE1,0.5275956049636057
CC_60C9946B65E7,0.2542011767274899
CC_60CC681BA68F,0.5786303344554733
CC_60CD88CA20AA,0.35659097939240253
CC_60D09A6226CF,0.24467962978869545
CC_60D187C49A4D,0.11602547356571513
CC_60D555D44603,0.18544623953085942
CC_60DF28C07E2E,0.12326850561391342
CC_60E34B2EBBDD,0.2881719119605187
CC_60E3C5858095,0.05132693948113145
CC_60E436F164B4,0.13424821488167266
CC_60E68F7AF367,0.10692925365636241
CC_60EF0DB49CD5,0.14504539337061245
CC_60F03570608F,0.32915188677177637
CC_60F1031D47AD,0.2401746878713898
CC_60F1AEDA015B,0.20428233334878249
CC_60F2B82989FB,0.11921585406208128
CC_60F781520041,0.31976746383809196
CC_60FC218827D9,0.22794861453526982
CC_61000758BD8C,0.1733810705143789
CC_61010C992C0A,0.6712629275082549
CC_6101798A8245,0.13812716436849473
CC_61023172E7F4,0.08192112095791423
CC_61090C7C5EE7,0.05751083414449888
CC_61093F3D8676,0.5797305517855204
CC_6109D89BC155,0.0783592929194729
CC_610BC8339FB6,0.18383773790836946
CC_610FB78752DA,0.10958554609876311
CC_6113FCAAE1EF,0.08887042575713264
CC_611FC470A7EF,0.05809155789424421
CC_612073F1E9F0,0.05711629194384793
CC_6121D533F3BD,0.05912717727189972
CC_612286E3EB1F,0.05204474005711994
CC_6124ECE0820B,0.09164002963334103
CC_61256FE29999,0.051356986331876166
CC_6129896E07F1,0.34407108122874935
CC_612AD26AB030,0.15012051682521996
CC_612C22592825,0.10812808942647487
CC_612D82D53287,0.38420873978047776
CC_612FF340B1E6,0.3034667844202636
CC_6131274895B5,0.11581487081069555
CC_6133953D7210,0.14554803033181946
CC_6133AFADBCD1,0.13849449718394263
CC_6135926E46E1,0.12441446392044517
CC_613A503E0941,0.1260181841851809
CC_613B546BDB4D,0.17725520100106812
CC_613CF1EC1E43,0.3095226226013227
CC_614021684547,0.10355926437065614
CC_6147FCD5A15E,0.1018233805979178
CC_61495114B408,0.12110131510228088
CC_614C04C88F69,0.0769556588457474
CC_614D3E1159DA,0.11404257185510117
CC_615288A88E7B,0.11672635190926565
CC_615464811440,0.1472076439926432
CC_615C10F60DEC,0.12894578336672574
CC_615DE73BFCC4,0.13726681936735266
CC_615E08467F56,0.21832416218844547
CC_615EA8D2C93D,0.1329748877099432
CC_615EC3CADF8B,0.07161390230667103
CC_615F83779A48,0.08670992997612041
CC_6167B1898866,0.13322944093964897
CC_616A119D9795,0.1706518148631509
CC_616D418B38B3,0.13448767092466463
CC_616EF9719CA9,0.03755001988202276
CC_6172674DF945,0.08268662232386097
CC_617A4D01F055,0.2419430707354245
CC_6181D6D9D1DF,0.07462635188075104
CC_61850FB039A4,0.21440777758624704
CC_618B4F0FE660,0.12029265519075802
CC_619209DCE38B,0.47680426025813205
CC_61980A11C43F,0.4939795220356185
CC_619989735632,0.07918969530347171
CC_619D1FE26800,0.14267588202071216
CC_619F90F60778,0.10593258026923413
CC_619FA8EDDE2C,0.04725642196555889
CC_619FCFAD4011,0.521605043646544
CC_61A1857C4FC6,0.105755068033351
CC_61A30FCAFC1D,0.14500491323184408
CC_61A330EC8D44,0.16641791783796434
CC_61A38D97007D,0.10395095932932166
CC_61A5692AA650,0.20656540185589858
CC_61A63BA9C63F,0.23725657262359837
CC_61A682FE9FCA,0.7318861345076174
CC_61A72F992ADC,0.18229416147903274
CC_61A9FFAE9470,0.13941976447258095
CC_61ABF44DCF1B,0.2375751236099135
CC_61B4E7C3A876,0.06598562752231532
CC_61B530CD33B7,0.06857844804892951
CC_61BB9A22D678,0.11788535588626081
CC_61BF6485310B,0.12498124567122104
CC_61BFBC5D3D29,0.4797146976256528
CC_61C1F71FEC20,0.27345507462630925
CC_61C278587396,0.17516937636962743
CC_61C4A48F60C0,0.24686183178262136
CC_61C724A27D66,0.049081207402794993
CC_61CA81CA495E,0.31645294936807966
CC_61CBEAC71844,0.32538944156377314
CC_61CD0AB80E4E,0.045209704275467666
CC_61CF32B74A00,0.2331937891546282
CC_61DC930A9BDC,0.16106653160254542
CC_61DDF50F4293,0.10435443266861599
CC_61DF4D34EC9B,0.12983385740423187
CC_61E04FE5D349,0.5145022675632248
CC_61E93A9F25EC,0.25072918466263927
CC_61EE07C127EB,0.5618493668123324
CC_61EE3C33DE24,0.15766212861836185
CC_61EE503A3388,0.07040707057084608
CC_61EE895A926F,0.10666631158935172
CC_61F047CE0DAE,0.06310044632265988
CC_61F386A73926,0.1465049602964245
CC_61F4D3B5C233,0.061317487057324246
CC_61F5CC077AE1,0.1385698135373433
CC_61F5F26C3E46,0.2428263621951514
CC_61F7B219A3B1,0.048144466347735046
CC_61F91759D81D,0.5301677001680603
CC_61FD2EC9C2DD,0.2499040016491493
CC_6201A0297C0C,0.4813114542125948
CC_6202E4782501,0.7651977467723179
CC_62033D8F0EB5,0.1077135440249148
CC_6210E9ED6E3D,0.2258791139548164
CC_621238FE3B79,0.06511077123410097
CC_62183B2D5AB7,0.05785634398553628
CC_621869BD42B3,0.07652420457427812
CC_6219A7B37E44,0.15648717225329842
CC_621C3FDED659,0.3312596825521331
CC_621D3A06B544,0.12321025653325916
CC_6220B11E59EC,0.049922403948425606
CC_6221C4CEE5E7,0.1386273667989047
CC_62225BCECE98,0.252820804148574
CC_62261DF9AF77,0.09465022659956218
CC_622945AA63AF,0.2385802834937199
CC_622A575BB937,0.5285822086954662
CC_622B70F0EAF6,0.23022370836964692
CC_622FE65463B1,0.1527121216472092
CC_623015D7FA69,0.03961750262906506
CC_6238A097CBA3,0.5861520843309487
CC_623B5CF8761E,0.08095532049029373
CC_623C71EC3835,0.3238534393669883
CC_623ECE90F97B,0.12868934663340756
CC_623F394742BB,0.09030518775696487
CC_62401CE4D5BA,0.12554980696816753
CC_62411E9C9F1F,0.12661034720459258
CC_6244D7BE3069,0.08919690549132361
CC_62477D8ED8C6,0.1869257194423619
CC_624AD49F5039,0.09932905473330875
CC_624C697F8FFE,0.13685686557578294
CC_624CD89D6412,0.10724785788231692
CC_624E27490179,0.5118731784861565
CC_6251084C5028,0.057724500217811656
CC_62575D28F444,0.39167377742928255
CC_625765750873,0.4750661060658154
CC_6257B327DF7C,0.1633325250148671
CC_62589B1BC045,0.24175843365952696
CC_625A629E8237,0.18410105383560452
CC_625DD3FD82F4,0.12438536462628162
CC_626298EB88E6,0.4696906033682072
CC_626406407709,0.06953095824680976
CC_626644AD00BF,0.04579120566276425
CC_62672F50686D,0.3296705407420196
CC_6269A628DAC8,0.8149028965717561
CC_626D648928BE,0.10800254070591572
CC_626F69FD6818,0.22829650264562185
CC_627EF4807864,0.0882034436760024
CC_6284803FF4AB,0.11002510246828741
CC_62866610BC9D,0.18950743554780147
CC_628A8FF4E6D2,0.13273294038285438
CC_628ABDB50E9E,0.16287878278321363
CC_628AD2B813F5,0.05392073419776936
CC_628B24765A40,0.1958173686103221
CC_628C4F280031,0.06652168311735215
CC_628CD11886B4,0.5152452081350937
CC_629062C995B9,0.7525185594741985
CC_62942040AE91,0.07354852752587553
CC_629478DBA13B,0.2020075913349988
CC_6295C8A1A453,0.07271565506038795
CC_6296A9282A2B,0.04801768770139988
CC_629752CF5894,0.13214359017698524
CC_6298E7345317,0.13205314604237467
CC_629C7144A086,0.058836484322438785
CC_629C91E4C5AE,0.48988961430515837
CC_629D0A01DB73,0.15992806273253418
CC_629EC2C1AD3F,0.17496533415426524
CC_62A535235562,0.12140585047307126
CC_62AF63EFC5EA,0.7459686375332342
CC_62B32FFE805E,0.20839694453484742
CC_62B35E72FD93,0.12128089181142206
CC_62B42BB84850,0.2164055224719066
CC_62B68A5E3BEC,0.09881027668927114
CC_62B6CE7C5586,0.03922093690841467
CC_62B796AEE645,0.12930439704005733
CC_62B8555A0BEB,0.1625267328076311
CC_62B9E92ADD0B,0.16435723254645854
CC_62BD1788DE86,0.6918068891779721
CC_62BD9CD530AD,0.7804512220666001
CC_62BDF11655F6,0.15098014581950897
CC_62BEF6EDF3BB,0.04198269392214882
CC_62BF999F860E,0.04866147579854776
CC_62C95DADF27D,0.6038842997247642
CC_62CBBE5529C7,0.07494312202938513
CC_62CDB0BE4148,0.17068691295637645
CC_62D10BE07C84,0.23725028082272964
CC_62D719CE817F,0.0967047196012979
CC_62D84FA3C5C8,0.6794223973117308
CC_62DCA8358995,0.07958660353078009
CC_62E33499B1CF,0.21477632920644973
CC_62EA86503043,0.7084069222713258
CC_62EC25DB659E,0.14453989329760436
CC_62F03A013FCA,0.05391997523803095
CC_62F17284D37A,0.18125995214019588
CC_62F56A426FC9,0.6672327244433267
CC_62F81D5F4E7D,0.07576620806920793
CC_62F82E6F4A53,0.06919249186009152
CC_62F90F96E72D,0.6719441609201071
CC_62FCA13D1F3F,0.7166394923239858
CC_630023881ACB,0.12628795475127247
CC_63022EFC1995,0.06172092758648819
CC_6302909DACFF,0.07325322432052231
CC_6302C5FEB27B,0.04747277176256488
CC_6304E5CBCCAC,0.07402182640673444
CC_6307387814FD,0.6548742067197211
CC_63085C7D29C5,0.21986269742310838
CC_63096DA6A37A,0.10685405318950261
CC_630A56D73FCA,0.09388626362685297
CC_630BA25A56E5,0.2816202698660824
CC_6312AD0559D4,0.0752404756647938
CC_6312F3F37C5C,0.19240494079829623
CC_63141CBD6FC2,0.7005699408174579
CC_6315863515D1,0.21199368387712497
CC_6315D34FDC19,0.24420166503492585
CC_6319C2E46071,0.14950878504493054
CC_631C7D55088B,0.8234194060234495
CC_631FE32C30FB,0.05089090679599069
CC_63200D1ACD51,0.1239693556148388
CC_6323123A2626,0.21514853632456193
CC_6323A55116F1,0.12631076464563715
CC_6324CC2A1688,0.04468842263827356
CC_6324D56D2CCA,0.2200344333544154
CC_632AFA2154CB,0.7563820174461859
CC_6330AF3C51B2,0.06527176497759905
CC_63311745DECA,0.09167802217435336
CC_63315A3ED86F,0.040635168256615346
CC_6333D4B3F705,0.1950807171313025
CC_6334662BD0DE,0.0966697170349007
CC_6337D5ABA3DD,0.089122175435671
CC_6344C7BEFCCC,0.09478337170832782
CC_63455B6BF379,0.19330923030174568
CC_63468B4B2F66,0.15161831526345887
CC_634774D61E5B,0.19703727144899577
CC_634FAE670492,0.08094294545382516
CC_634FEDD72039,0.20830058971687282
CC_63503D078B3D,0.15434064483593818
CC_6352C930E78C,0.056656968937174215
CC_635542F23896,0.24185847323670617
CC_63567A92295D,0.7177269876597977
CC_6357FF155364,0.05894940013042345
CC_635A05142AA8,0.12343221134104967
CC_635FBB564661,0.6599009815155175
CC_63610577E7CF,0.311652969935355
CC_6361DFB16AB0,0.32737387992470846
CC_6362B6E5E289,0.21940783482484677
CC_636630045385,0.25612723212755667
CC_6366B6A08E67,0.6459663968229172
CC_636A3AD7E6AF,0.33240596653551086
CC_636DFECF5742,0.17242852697601435
CC_63715477AC58,0.10982193980784549
CC_63722928B97F,0.11105084604212712
CC_63722950D0A9,0.267565147781516
CC_637473924111,0.09383196119078524
CC_6374A1C335F7,0.6772172060818968
CC_637935C9270C,0.06063615987435359
CC_637B1CB29E82,0.07385040883613818
CC_637EE0EFB31E,0.11319792406524183
CC_638613D9902F,0.716903223502512
CC_638A699C5229,0.13837278702131048
CC_6393DD5AAFDC,0.25553274655308855
CC_63964B01A92E,0.22845642971487945
CC_639B00920868,0.3742025720492538
CC_639B58127BBF,0.0843179034495719
CC_63A4A3AC8395,0.46680728372295943
CC_63AB9E51C085,0.1768518464776604
CC_63ABFA861C36,0.6495371550051907
CC_63ACAD487D97,0.08011231058791411
CC_63ADBF969BAC,0.03975675508982661
CC_63B33F3229C4,0.07452327011420998
CC_63B5BF219125,0.5752801692936217
CC_63C43321A9B6,0.2918611510538233
CC_63C745DD780B,0.032203822862394274
CC_63CCB151B20F,0.4767354874522483
CC_63D488E02EA6,0.11347797050351367
CC_63DCAFDBEC41,0.05767378847420489
CC_63DFA40012C1,0.1814645452512158
CC_63DFEB6735DA,0.1451584261156263
CC_63E4E44048C1,0.2828214349811184
CC_63E886099AAC,0.17777920929885058
CC_63E972A4955B,0.047269834698690415
CC_63EC059DF8F3,0.17921520276742925
CC_63EE271E1021,0.05840005118373805
CC_63EFED94FCF7,0.2545874824982431
CC_63F25BF3EAAC,0.6576466233932858
CC_63F558F740D3,0.06366039205208954
CC_63F5F93AF4ED,0.3027624353107663
CC_63F8EF30F9ED,0.28748388356867305
CC_63FB6F43CE66,0.2990343742023408
CC_63FBC6AA1592,0.18983854753188065
CC_63FC9D0B4E9E,0.14434801871907438
CC_63FE4F48DD24,0.05475044753779036
CC_6401198D2933,0.08932194194409258
CC_64018F3B66CA,0.2659438976673484
CC_6402B248D851,0.335060096144035
CC_64032402162F,0.2908574978569886
CC_640793060DCF,0.0643154062576374
CC_6408E54EDAFE,0.6433358641889495
CC_641849D9265B,0.12059886799663791
CC_6418CDA17FEA,0.14154118386854886
CC_641AE5C02708,0.16386829515100265
CC_641BBFEF7FC1,0.3244367920835541
CC_6420BC28F63B,0.2653241977616593
CC_64216406C7DB,0.5776659453127959
CC_6421D66532DE,0.17778628607043376
CC_6424165DD30B,0.2708406610824605
CC_64241D80DB11,0.4880360347520411
CC_64283517D896,0.149558866442098
CC_642A86ADEB68,0.05417905053399874
CC_642DC6501DFA,0.07706884487464546
CC_642FB473974B,0.06209408943912651
CC_6437166A2EF6,0.15712231462093024
CC_6437A97B2202,0.07707921379029481
CC_643C69A90D24,0.11712728241993346
CC_643CDB07B55C,0.17903236773182837
CC_643D24009571,0.3169939053986245
CC_643E80426955,0.6477988766004289
CC_64410CF07EB3,0.20336764078740477
CC_6443F834372F,0.05383455276534832
CC_644A39C1772E,0.13961819193421202
CC_64521B6F7560,0.22959888615407179
CC_6452323DB518,0.08239829485738707
CC_645424FA8551,0.12833392706603458
CC_6458E3EB862B,0.31256446570644614
CC_645D241A15E9,0.3920890157892828
CC_64643C202222,0.14574981049411198
CC_64685DDF2A10,0.12109456977669442
CC_6468A5D85023,0.14702346222906953
CC_6469FEE3ABEB,0.598586782910306
CC_646AC5A1C138,0.12627064343100836
CC_646BF97A9A73,0.2827560940095874
CC_646F53B55EA3,0.7746905644383945
CC_646FCB423C23,0.7287777116448473
CC_64700B18C878,0.15515252008528782
CC_64707467FF3D,0.1084657129004809
CC_6470B1561E5F,0.1670623374619314
CC_64715BCF201C,0.392564690565508
CC_6473CB6CB17E,0.6851811076195516
CC_647479336549,0.32349507970237357
CC_647697E6E5FB,0.19769371300160432
CC_647DCC61FCDC,0.13579258071263162
CC_647F6420A6A4,0.14944347144425268
CC_64883BBF2290,0.14819209259631252
CC_648B7696CBA0,0.09597979726734386
CC_648B8BD684A7,0.13697944521174027
CC_648C2B2DA3DF,0.7478204264062183
CC_64912329ACF3,0.1035625787385928
CC_64938A66D1D6,0.16564415729425358
CC_649455879D59,0.6689038258057619
CC_64947E996543,0.6927439679678027
CC_6495A8365EF4,0.09300487665926563
CC_649694CB191A,0.09526662517294002
CC_649716555C7C,0.22039174877150458
CC_64979C732365,0.052498682200494626
CC_64996DBFFA99,0.07097649081293994
CC_64AC8B69B624,0.05228344709648856
CC_64ADBF6B2091,0.7362113817298217
CC_64B12CF3CCC0,0.19907454079823145
CC_64B3EEB7A836,0.4776817266535655
CC_64B4C3D7B1BA,0.11569093962927987
CC_64B5DD24DCEC,0.1707554758865965
CC_64B66CE28968,0.14275909781266866
CC_64B6B1685785,0.7404079748551284
CC_64B7A1E8551E,0.30150677969351236
CC_64B81E700EE2,0.15109561510357225
CC_64BC28CFC089,0.22943483328678965
CC_64C43C2CA5B4,0.15662705676729335
CC_64C4ADCBD9AF,0.11142782384660921
CC_64C6791DE88C,0.7898040841953496
CC_64CB0D42D881,0.6239531901605521
CC_64CB5A85F20D,0.16696177158351933
CC_64CBC2ECA307,0.04550711160009487
CC_64CDCC31215E,0.2136855267665986
CC_64D042AA3A98,0.06876330429528613
CC_64D377F85B5D,0.0448607137934141
CC_64D400D257B7,0.11255657993268095
CC_64D428F67A07,0.27037808978741323
CC_64D8390E01A5,0.22008875803199301
CC_64D94729469F,0.06992237515105418
CC_64DB7DE22B3F,0.06818451033090209
CC_64DE220E2B3F,0.7474032062220883
CC_64DE5B10D69A,0.15053752855317998
CC_64E78E632762,0.054012617380585326
CC_64E8CA77A9D8,0.15631453795879136
CC_64EA1782419C,0.0897683937899432
CC_64ED78299A30,0.036993779317630274
CC_64F0684AE2E0,0.36463483127526325
CC_64F1B593A628,0.21440209504010072
CC_64F1E384C3D6,0.4445045863885346
CC_64F358BD635A,0.19788490666143904
CC_64F4B9320680,0.6121790451803383
CC_64F518D35568,0.1340005436922299
CC_64F838BD8176,0.7307683470012167
CC_64F875F16D4E,0.1667029541875357
CC_64FD63E84B98,0.11406452971014361
CC_64FEB56A236C,0.1542232186020019
CC_65057E040ABB,0.16263275344104397
CC_6506AE958EB0,0.18378682730878582
CC_6508A0DFA047,0.1682183177187398
CC_650A34C1F02D,0.0575113335400648
CC_651846AFC668,0.6978757554932351
CC_651A41C9BA80,0.20415397857505044
CC_651E1C885465,0.1279017904488334
CC_65210372E9E7,0.24951325713238676
CC_65212CFFCC55,0.17546746183707684
CC_652EEFF2A39E,0.13620831648447387
CC_6531180BE590,0.1232033686146456
CC_6531E3C35674,0.1037845945181582
CC_6531EEFD7586,0.17043944506561698
CC_6536B6234662,0.043883298656128625
CC_653BE665DD58,0.3634135295337318
CC_653CB16A14CE,0.20630408235816816
CC_653F3B34CE66,0.13745735266645498
CC_654138F52651,0.31792689882338837
CC_6543C10A8793,0.6904921284184189
CC_65493A8C43B0,0.386476714688903
CC_654FDAE35315,0.2153209547224638
CC_65535066810F,0.08776638948453194
CC_655B02A2967B,0.192144495926564
CC_655BA62F4F61,0.13180182023769796
CC_655D484C94B8,0.159338646593479
CC_655D937D8015,0.1331212940517264
CC_6560982B1463,0.2530364419206984
CC_65629D5BDD53,0.4818023645544504
CC_65643A7468E4,0.1018926330438206
CC_65654A161207,0.36310059778455156
CC_65681C2F6D53,0.0934664246219748
CC_656CF961AAA2,0.6314565214389439
CC_657003D1AFA8,0.485295970781978
CC_65787E61B4B8,0.1606726435002604
CC_657C00542E81,0.18416803444161553
CC_657E93154D6C,0.1372380713528236
CC_657EA4BC4367,0.09259668369971111
CC_6582056FA5A0,0.0935614347252119
CC_6584CC094F0B,0.324572760998892
CC_65861BAB3725,0.07394908555396389
CC_65880CA58C96,0.1595743417516174
CC_6588A5C5308D,0.11622139889299828
CC_658E20E5E1C7,0.1828517124485896
CC_6591EF98C8D9,0.7490581404401708
CC_659684C73C10,0.290263312920903
CC_659A8E672431,0.3664194922080918
CC_659E67F3AFE6,0.1048362611714555
CC_65A6095D2BB5,0.11038464298440949
CC_65A9A023FBBE,0.33128678756282437
CC_65AB13517959,0.21089678481459143
CC_65AC322F9CD3,0.3420458003088722
CC_65ADF71D26C5,0.2282688446854672
CC_65AED0DFC85E,0.46813756590677746
CC_65AF1525F44C,0.04333728518759759
CC_65B9B4D2BBD9,0.21517122882648887
CC_65BCD8EEBF52,0.7928131090122268
CC_65C1E1F9119C,0.07594124320349747
CC_65C1F0F5CB50,0.14261268231527838
CC_65C32C0A5E4B,0.18237371236886313
CC_65C48C8D8294,0.6824007017263123
CC_65D385EFBBA2,0.7944666061571696
CC_65D4B881617E,0.11726504358410383
CC_65D4F2B2B7DD,0.07098036118328115
CC_65D535957842,0.17124336101291676
CC_65D62649F769,0.09397728360818527
CC_65DAB955631B,0.26962596230645525
CC_65DFF6AD3C56,0.04986427411114244
CC_65E2C45F00DF,0.10987188918724425
CC_65E4063C0FA8,0.32107586139346456
CC_65E6C9E7C2BE,0.16551636193112776
CC_65E931EB9637,0.13458165182802606
CC_65E94F723B3A,0.08732608227644464
CC_65EBB27554F2,0.14423374836384176
CC_65ECCF5C087B,0.2157809332463992
CC_65ED5632B51F,0.09167496862619286
CC_65EEE4D6685C,0.08201010634265796
CC_65F11504FD99,0.07900011285593712
CC_65F20619372B,0.14553612673812627
CC_65F2A27A2C71,0.12510368518594844
CC_65F61AA5B35E,0.2420241141483293
CC_65F62689F342,0.6730104013884336
CC_65F74692710F,0.639947332397613
CC_65FCB2B8736F,0.2511142079451779
CC_65FDBEDE47AF,0.07922864718552464
CC_65FE2D69BFBC,0.4430461718825917
CC_66000D4B6371,0.043603368901100475
CC_6602F0A1C8E4,0.6450560754920972
CC_6603B1397AFE,0.22471891928074217
CC_660540F9B05D,0.045665498449193334
CC_6605A95C0FA1,0.05565540373062865
CC_660B34C8BEA7,0.22615467571916287
CC_6611BA680DD3,0.1687107888404163
CC_6619ADFCE20C,0.6651026026852722
CC_661E788B18EA,0.7229932332119811
CC_661ED70EA2FF,0.1853867820200857
CC_661EEE1B87F4,0.06506973983971348
CC_661F0AFA690D,0.03673035436436838
CC_661F67324987,0.08826288211401341
CC_662442868A14,0.7538858939453188
CC_662C37A0A39F,0.6710779431705391
CC_662CEB5EF582,0.6918487695117854
CC_662D8CBDCE44,0.7719231269599647
CC_663138730B8A,0.08382978702878342
CC_66387DFE06F9,0.7797529335980711
CC_6638CB984238,0.125331415860016
CC_66391FE8F900,0.1077682647490121
CC_663BC23423F2,0.19369396253966115
CC_663C29B9CBC0,0.327196715821619
CC_663E308761AF,0.3027070863755172
CC_663F65570861,0.07727743441504986
CC_6641FB3D1973,0.11467409218283771
CC_66443E07C339,0.27546258771676824
CC_664A9C9CEE31,0.21898982123859967
CC_664AFA1C747F,0.055077538950552465
CC_664EB4E7D43B,0.23006364629094586
CC_6652E9A9EB4F,0.05846697291387661
CC_66546F618907,0.1502520864668309
CC_6654D096AF8A,0.10829066868991574
CC_6659BD09090A,0.11373901210536771
CC_665ABEB839F3,0.2116574561154089
CC_665F5A0435EA,0.08680384153148704
CC_666300E15AB9,0.08512915042184224
CC_66646CEE1B27,0.19094850846470401
CC_66670B0A806B,0.08611028515016995
CC_6667AEE2434B,0.08271543190473943
CC_666B9B49E2FE,0.12488429899402032
CC_666FF40CC03D,0.0735278424292503
CC_66702E769C10,0.6560367287894254
CC_6671D8B1A11B,0.062029264975152675
CC_6674D4FBB74A,0.053886389417916195
CC_667804E1DAE2,0.43894796575046824
CC_6678E38AF7B8,0.13112432962708753
CC_667C13B7CA2A,0.5095309134971645
CC_667F4F324AB2,0.5706342613815721
CC_668139E78028,0.18033972745381519
CC_66872746124B,0.36102576413671844
CC_668930507CEB,0.06687181857846652
CC_668C0A60DD9C,0.15970137815818752
CC_668CC8F2265C,0.3202022580088835
CC_6695639CD663,0.6999512007989483
CC_66965430FE66,0.08644242749910228
CC_669BCE78FC43,0.11800815810163642
CC_669FAD541B40,0.22550046683405472
CC_66A1E0F6800E,0.05057656136703
CC_66A306B4CE9E,0.12118314870149154
CC_66A48672D574,0.23824939876207699
CC_66AAC0860357,0.16363176911869923
CC_66AB225359DB,0.18208291045141356
CC_66AD619251DD,0.18098980464183217
CC_66B09936DABC,0.043092627508513476
CC_66B37C9DDC3A,0.6647851989219757
CC_66B724079738,0.1835255676817386
CC_66BF18D91E45,0.09060302918445283
CC_66C78801823B,0.15208201098057778
CC_66C9334085A3,0.041546915138917735
CC_66CA261790FA,0.10825012079362391
CC_66CAD118194F,0.060580846376508915
CC_66CE1FEC6CA8,0.6905570042597496
CC_66DDAE066923,0.708967637365806
CC_66DE9C3B6689,0.060329929764344536
CC_66E26A77AC68,0.09283272814443057
CC_66E90798BF24,0.3645918482571292
CC_66EA801670CE,0.06338143344980038
CC_66EF49F1F6CF,0.6107778295614302
CC_66F19DAB6417,0.21827920638620898
CC_66F505D54F71,0.72044128933483
CC_66FA222A056F,0.14564967271832205
CC_66FA54E8B3D3,0.043270184137893804
CC_66FE6C45C6F4,0.09413495200324287
CC_67016E46A61F,0.07053788018749486
CC_670458DF7918,0.5692676709004437
CC_670556720BDB,0.04684536924022904
CC_6707B68A4774,0.6497383077135551
CC_670999DB5A1E,0.14794078310527548
CC_67232143508F,0.4145781533539455
CC_67246B4ED7B3,0.08988488368116083
CC_672BC5712B93,0.3550550802755551
CC_672C5FE5666A,0.08890111742056571
CC_672CE82F984C,0.09039195856492029
CC_672E6FF02B79,0.08494510169039467
CC_672F08B35608,0.18198341686097158
CC_673F09D8B541,0.15446597474823803
CC_674024202AA1,0.04126092498062467
CC_67450C7E7B6A,0.13025909761625915
CC_67466E16A16F,0.09125981946773838
CC_6747DCEC0AE3,0.6549839067514533
CC_674AE1C0023F,0.40406157972526113
CC_674BA24E77B6,0.1940582264794461
CC_6750DE77FBD4,0.0623127499692475
CC_675379CAA2A7,0.16144774576634519
CC_6753C5556922,0.04720290023170383
CC_675509BA0BE4,0.16264995482482286
CC_675572D4E506,0.14975467314862922
CC_675A43EF2993,0.2660999759707047
CC_675EBCA976AB,0.10777747809824127
CC_6767F72D9180,0.520587739329479
CC_676B165DAE74,0.6746246138404308
CC_676CE1A21AA8,0.08703430505559308
CC_676D79D64486,0.623859646520146
CC_677B2907D328,0.2557049701603884
CC_6780098C459A,0.45585505948897503
CC_6781E42C1EF8,0.04783902823828309
CC_678407AE22AF,0.09025363174455334
CC_67894871B242,0.16952448001018636
CC_678ABD3B112E,0.10261831995467305
CC_678B02C37B1B,0.09563387192585378
CC_678BF1851E70,0.08949183808714353
CC_678BFEC8C384,0.04998637980850977
CC_67933515F7BF,0.08749721188888496
CC_679BC21319EF,0.08902434711424545
CC_679C9EEFA91B,0.13509277134568692
CC_67A3FB218182,0.8479147413728059
CC_67A65C2E3D91,0.10145625125780366
CC_67AABDFBDCB3,0.13486094328426684
CC_67AD2013EB3F,0.17022630498847965
CC_67AD8FC139ED,0.08207594066157405
CC_67AFFBD44509,0.5071479353149969
CC_67B1189A3913,0.09454345035848513
CC_67B1BE13BB47,0.21411015228180474
CC_67B1C7C433F6,0.4128086776832317
CC_67B33C21BC0A,0.07298231677915998
CC_67B568E5D485,0.057228123445064026
CC_67B6CA2DA7EC,0.06861258046259068
CC_67BAB47232A4,0.14285444623392943
CC_67BED50A9C94,0.09226872544250127
CC_67C367B1D794,0.0897012925348121
CC_67CA635EE77F,0.10800277750773028
CC_67CAEEB3FC0C,0.1826611347366015
CC_67CC77F868CC,0.3605316631639382
CC_67D238646559,0.12763158633329444
CC_67D47A2617D9,0.168347068595883
CC_67D480F0697A,0.2537182908059992
CC_67D87C9585C0,0.08684431798223625
CC_67D906DB251B,0.1569677157534715
CC_67D9D038EDF1,0.08181471217328186
CC_67DD96D6A45F,0.18609169425106725
CC_67E0E0EE74B7,0.08682358660921662
CC_67E8F57A6D75,0.07104898276813146
CC_67EA5D2E0BC1,0.09916630420981913
CC_67F32FA6B3A8,0.14951864345077298
CC_67F3B67612CC,0.5137077297900563
CC_67F430F40919,0.19772386117951068
CC_67F44AF126E7,0.4139165829768062
CC_67FCE789C26D,0.08409426486915839
CC_6800B7EF8E7D,0.12893299326533905
CC_6804090809F4,0.7293273438019224
CC_6805BEA482DA,0.29982125187213937
CC_680FA7ADF687,0.4841767761227741
CC_6812C7B13B66,0.7761537957993647
CC_68134EFAC106,0.08322361844456988
CC_68149EEA2D25,0.3303256242524836
CC_68185556DA27,0.6882876251292245
CC_681AD64466CE,0.23069788535946664
CC_681F6AD4AE98,0.08927836859332929
CC_681FBF9521A0,0.05597638184716315
CC_6822AB43A21A,0.3076633539562686
CC_682379EFCDCA,0.10270192053873588
CC_682630946491,0.6522162968465584
CC_682681E09B45,0.15668878570729614
CC_682868E6D0CA,0.07055808121158051
CC_682BEC5D14B2,0.7518916581254372
CC_682C3858C755,0.17109156310217244
CC_682D45019B36,0.6652495479928575
CC_682E10BDB84E,0.04641592934824086
CC_68342C2CD6AF,0.06049858689123897
CC_68349820EDF9,0.7442635612880248
CC_683AEA1D74B8,0.2150586955368909
CC_683C556F3929,0.07820752425419913
CC_683DA0D65DE7,0.7507666220403723
CC_683DDA6A18C7,0.192719165014804
CC_683EB3E0E3AF,0.1764956694154111
CC_68411AE2B64E,0.23324807612124338
CC_6844B6E445D7,0.1991324929824001
CC_68468D0B3865,0.03945159268275818
CC_684EBB4538B9,0.09805680734286754
CC_684F94F5A2BF,0.3282845019637721
CC_68509ABC103C,0.10532182448532065
CC_68527890A428,0.16908390391296052
CC_6852ACD5C8B5,0.15345779591813527
CC_68541FFC06DF,0.15357456770302755
CC_6854BF0E7B3A,0.05370678988612717
CC_685595790369,0.126442471061255
CC_68562BC8108D,0.3185660717000719
CC_685EF665541F,0.6319960563998789
CC_6867B3248C01,0.5461244030696741
CC_6869BC55B2BC,0.07224763274962229
CC_686DBF96689E,0.057161961791537944
CC_686DCFCAF1AB,0.6193862420290321
CC_6875A0C7B038,0.09113262478776656
CC_68778D187B74,0.7057417418810641
CC_68783B5283D1,0.05247346764928392
CC_687D5DAD6014,0.1069867618740298
CC_687E653D5B9A,0.09512974614651312
CC_687F60B70952,0.1281274433121217
CC_6886D19D1C40,0.6555363329959649
CC_688731C529A9,0.05731401200397769
CC_688A4C98C162,0.21536477178535166
CC_688C1222A108,0.07117573850949925
CC_688CF57094A8,0.19721098532976572
CC_688DF448C1CE,0.6068866919220862
CC_6896128CFEDE,0.13293548556160556
CC_689BC1EE05A4,0.05086914259766634
CC_68A12AF63D62,0.0640921561338098
CC_68A34A27A91B,0.06854038425784756
CC_68A49C869570,0.22997376839343558
CC_68A68371D005,0.22809412514032026
CC_68ACFE419F59,0.33967201478905923
CC_68B034838BDC,0.23331152010277925
CC_68B265C9489C,0.049238894109131945
CC_68B40052A1CF,0.25021545544879775
CC_68B492696B4C,0.6645533730399104
CC_68B52515DF05,0.18456620395492424
CC_68B76CB11DC2,0.6870448318481792
CC_68B78BB06BC2,0.18087849849819665
CC_68BF0C12506C,0.07619786522333366
CC_68BF3BD32C96,0.18943800647494163
CC_68BF96B41CFE,0.1849838828391635
CC_68C0F220DBA9,0.19877757227046092
CC_68C1ACD861CD,0.24423423781406903
CC_68C7135E0AE7,0.7541619325947734
CC_68CAFC191630,0.27709013162971424
CC_68CBF57A5BC6,0.10831230728223921
CC_68CD6C4A8D09,0.15219840840133406
CC_68D03EAD1B68,0.6634989373102677
CC_68D28971FE5E,0.2932002227957068
CC_68D2BB6DF9CF,0.055998019400785415
CC_68DF3B1FDA6C,0.059669498789016936
CC_68E0146B7958,0.15467137494566982
CC_68E26BDF5B91,0.17182726355483913
CC_68E2E8ABF6CC,0.22136901129772388
CC_68E352B16B0E,0.7775411362604018
CC_68E3F21E8747,0.14796665765258382
CC_68E4A9CE65F2,0.053835539479581175
CC_68E5A38A9FDA,0.32642706382343956
CC_68E87E827989,0.10896109935307799
CC_68E9C68F43EB,0.15804252150278822
CC_68EA84632A7E,0.05119039238028963
CC_68EED2A17D2B,0.040824424551480804
CC_68F40665E2E9,0.06800865828406451
CC_68F54937BE03,0.09556135165900713
CC_68F90B4225F5,0.1925100201557099
CC_68F9E99BDA08,0.2886049925825599
CC_68FB4441B662,0.1819017278448312
CC_68FBAECEFDAA,0.3673637357104037
CC_68FE792C1436,0.1356298367837247
CC_69017C732DFF,0.25431419736176225
CC_690385DE9014,0.4704566482256329
CC_6904BFAB8102,0.16147290904558315
CC_69068E93BD7C,0.08069462254513154
CC_69070CB634E8,0.05324696476254691
CC_690B6325A4EF,0.10286559390118458
CC_690EC5DC9486,0.07645158471315353
CC_6911F8AF8FF2,0.09433351568118861
CC_6912EFFF714C,0.4959686736901233
CC_6913D2FBF143,0.22352664946596507
CC_69176ECAD8C0,0.04566821826869819
CC_69182CCD02E0,0.17948327117454488
CC_69199F77436D,0.10705307218041757
CC_691BB091F4B1,0.043819136750489915
CC_691CC5FCBAAB,0.09466861057213163
CC_6921DE0E336A,0.0459434504969072
CC_69231106E3E0,0.15821634772056342
CC_69237502A244,0.11454310659894573
CC_692471232A94,0.1570149670921998
CC_692A91971E02,0.467113837693128
CC_692C0F9A1169,0.1839179728356855
CC_692D6D406B2B,0.1738217536514361
CC_692E2E0D0BAC,0.1352770321718757
CC_692F61F36E61,0.11452143004190862
CC_693209A56143,0.12882774211362144
CC_6932F0432539,0.26777758810817043
CC_6932FEF179AE,0.10592751290655103
CC_694036FEB699,0.1037738656140137
CC_694087A29B0F,0.07082702668533451
CC_6941BBA972AF,0.1091000529006809
CC_69434AB552F0,0.057186822838990195
CC_6945F09EE995,0.04676931134439813
CC_6947D897EB7C,0.07373878438322648
CC_695011EC6CA1,0.11064372963698885
CC_6957920C6F49,0.1648159739991219
CC_695C5B845FD2,0.3043595841804339
CC_695D088A758B,0.6314081074230389
CC_695D420B9A12,0.04766691299690497
CC_695E1B82521C,0.14157374543942453
CC_696404EFD990,0.05132210279527509
CC_6965FE4706F9,0.18199708102969997
CC_696887CAA9DD,0.18012030732371306
CC_696C965A2540,0.13230775769166264
CC_696D784429CF,0.16993680678282955
CC_696F2D66A2D4,0.1760612637549625
CC_69707E33235B,0.7553233948264694
CC_6974EC6839AE,0.11327034329950036
CC_69774FF5B0B7,0.04282369219641782
CC_697EC98313DB,0.1851740671664015
CC_69821D3F613C,0.24946599357145788
CC_6984A9C1B696,0.14312935223117254
CC_69878DB176BC,0.06754512608410426
CC_6989BBF7A40F,0.09064685539644314
CC_698B24CCAC6D,0.19085495903661953
CC_698BA3F709EF,0.08828445113932351
CC_698BD67E7EE9,0.058617173803093926
CC_698D1AD18611,0.04652079288847514
CC_698DB84F8F86,0.17058377369935213
CC_698E179C5F2E,0.05813326476326841
CC_698ECFA37D54,0.25346933370611885
CC_699472340212,0.06788165656066161
CC_699A2EDDCD3B,0.11614187290976416
CC_699A58B7D87D,0.17991193047942802
CC_699B583B9C43,0.07359293380591067
CC_699C5393E3EB,0.046025968562625134
CC_699E22601934,0.4927677295463102
CC_699F59D52F5E,0.0896102951466853
CC_69A692D85387,0.10529507475995818
CC_69A74ACB984D,0.6714676395032498
CC_69A8214506D7,0.04631641810267988
CC_69A8AA95FC43,0.49315816774874993
CC_69ABAA8AEA67,0.0710824311998686
CC_69AC03EB0487,0.20446991014601096
CC_69B1173EFF47,0.15112829650107013
CC_69B54102C1AE,0.07929559694318584
CC_69B674F2D9B3,0.07937777108074222
CC_69B919991D50,0.05058648420758125
CC_69B9C694E239,0.15040615853415823
CC_69BADFCBA9D1,0.2008199506147747
CC_69BD91999FC3,0.11462623082777419
CC_69C166A4933B,0.040344255509120935
CC_69C49FE88552,0.23413814795404414
CC_69C8E2EA182E,0.2569601336984273
CC_69CBF61BA994,0.14764958158420297
CC_69CCA2FA0084,0.0832518055535349
CC_69CD58AF5F89,0.13178685157091782
CC_69CE881542E7,0.10115765446807276
CC_69CFCA78EF10,0.05927269089706431
CC_69D57DBB6494,0.08020270881446702
CC_69D6B6E71E6F,0.13055967224127235
CC_69D75D46E610,0.1738555259977609
CC_69D88406816E,0.14827834134939738
CC_69D96257B061,0.08823710787017355
CC_69DC8B86DB60,0.6800662972548658
CC_69DD0D6CB1CC,0.5164795977562952
CC_69E0D45B481B,0.19443667088480135
CC_69E13AAF0287,0.6249402373647082
CC_69E6CA4BA165,0.1755780619602992
CC_69E70B30BD80,0.0492314893109411
CC_69EFE0AB9FA4,0.5782909600225519
CC_69F1803DE0A9,0.06217551925020833
CC_69F719B0F305,0.14092279054868212
CC_69F7237CAB9F,0.1421147361169404
CC_69F7DBF6FD01,0.7250306621029032
CC_69FA57001125,0.6502019614797111
CC_69FBD8759225,0.20976842011086702
CC_69FC895E5541,0.7208724631942985
CC_6A00699842D4,0.07792166294351402
CC_6A03D74F0719,0.418344905625679
CC_6A061C46FE5B,0.23474969989242242
CC_6A080650CC48,0.15993517368946283
CC_6A08246D89F4,0.047719351091295895
CC_6A120D55B5F9,0.3862939078181037
CC_6A14095033C2,0.6656023498434642
CC_6A189A969595,0.22080321082037663
CC_6A19746C0DC4,0.36567805620115357
CC_6A19F5E9A0E5,0.7830297358077948
CC_6A1A43B543FA,0.12700036602063317
CC_6A1B223E0761,0.08988611675007069
CC_6A1E136745EE,0.15913151589497132
CC_6A20DFDB9966,0.1756613059410618
CC_6A2121E75EA0,0.24771310877364008
CC_6A2D3E0B8994,0.6832973536725946
CC_6A30D0E5AD22,0.14236266204055945
CC_6A31BF5985FA,0.6492966216585596
CC_6A34D98F8F91,0.05320642091563643
CC_6A35FB28673B,0.7451678401207755
CC_6A38B1A69BC4,0.34445156868089843
CC_6A38B7DE0CEA,0.07270770277911869
CC_6A3D027F0926,0.08730361916364313
CC_6A40BA89C9FB,0.3341364744293295
CC_6A4189969A8A,0.1330870265003439
CC_6A45D850EBFE,0.11936087521632828
CC_6A47683C0DC3,0.054341754540350416
CC_6A4CBC1735DE,0.06465395335658516
CC_6A4DB70B6846,0.7380792304395352
CC_6A51E799DACE,0.11151184757850689
CC_6A5C4D268706,0.048370257356120584
CC_6A5C5D7C6CDE,0.7443740112545811
CC_6A6036128C41,0.08427983505830594
CC_6A62D1D309AF,0.06984672483372231
CC_6A643E725866,0.3263590756334188
CC_6A65A2FDFAB6,0.13409219745200737
CC_6A661FEFB6A5,0.25811718871666084
CC_6A6C9CB2E91E,0.07254933028070215
CC_6A706D97F751,0.14314702127942147
CC_6A7232D59F1C,0.06748595071472582
CC_6A77F7E0AFAB,0.05026836583784235
CC_6A78D63C7B88,0.24481140809284668
CC_6A8668936512,0.27330020082863127
CC_6A872C1EF0B3,0.3287615990767825
CC_6A88029C385E,0.14441731984938505
CC_6A8B550A481F,0.3926350701653731
CC_6A8CF4A7C65F,0.0716199935696467
CC_6A8E4C02227B,0.14795870633647965
CC_6A9C4F55DB51,0.49374051665172775
CC_6AA454A3055C,0.08657137655995932
CC_6AA6C43174D2,0.15738813428170587
CC_6AAE950ED1DA,0.19253749529211237
CC_6AAFB4D46D66,0.13896520971498627
CC_6AB6A1FEC0C0,0.6955173455379291
CC_6AB8535E1917,0.11833869202303479
CC_6AB9FCF7993D,0.42414711588017495
CC_6ABA8380DD61,0.23316374383491284
CC_6ABB5DB4E475,0.13788506506533263
CC_6ABB8FA70605,0.65029545119332
CC_6AC66F95C550,0.23289720300211547
CC_6AC7F69E33A6,0.4438924854700338
CC_6ACAB4B6CE54,0.2467812925854977
CC_6ACBAC70F77D,0.14286346313260018
CC_6ACF08D13AC6,0.18628479351002922
CC_6ACFE1296766,0.0883838940138566
CC_6AD1B293BFC5,0.06255556068546289
CC_6AD534027B30,0.1933890947427609
CC_6AD62350E590,0.15334919170505196
CC_6ADC1CA18525,0.09938588942343922
CC_6ADC9F011F87,0.123043939423323
CC_6AE453FD268A,0.04489712456195544
CC_6AE804C71613,0.6411631482146141
CC_6AE845EE7579,0.11562561776667649
CC_6AE9D0068FD7,0.05847531795582126
CC_6AEC86D7375B,0.06856931082488159
CC_6AEE03D0B9A3,0.6657195167934014
CC_6AEF26D98312,0.14145819553431752
CC_6AF0F156FB89,0.25009497679832815
CC_6AF5F5173925,0.16032627568032354
CC_6AFADD9FFFA8,0.08116605934969842
CC_6B040C43432B,0.5254729235105013
CC_6B0623523263,0.12357216593520508
CC_6B06501B1544,0.15503601351427485
CC_6B06E38FA7D8,0.17670743078953566
CC_6B0E89069CE6,0.18769683786985558
CC_6B0FA22EB394,0.0940038318542887
CC_6B15B0520C94,0.12189595131735886
CC_6B16EBB73F1A,0.11651327972291599
CC_6B18A7A99677,0.04151759759391373
CC_6B1FC5D49048,0.615738336041003
CC_6B221E1CEDF2,0.2105747176118129
CC_6B2762A90AB2,0.4151423531863121
CC_6B2F3CAD34E1,0.09293696691142417
CC_6B2FDDD0D7FF,0.11513633738364897
CC_6B335F5747C8,0.14685594252060713
CC_6B391A38EE5C,0.06077697812974896
CC_6B48AB9FFB8E,0.13567403783064727
CC_6B49E1F42DEC,0.12232558470032102
CC_6B4EAAF8FE1E,0.22724040177158944
CC_6B51F020B477,0.16786638105761292
CC_6B5368966426,0.19942047432857732
CC_6B553898B0C2,0.20339038255530908
CC_6B592B8827BD,0.10211557484736744
CC_6B5CBDCE0927,0.12323906106029814
CC_6B5D73B32D06,0.12571651673720827
CC_6B622825525D,0.17941366238096795
CC_6B64D19754F2,0.14894674489280924
CC_6B6A36116FDF,0.13966277854537662
CC_6B70C0BC12C0,0.06562246626670445
CC_6B76927A2B17,0.11649628419269704
CC_6B7738F7F381,0.050625721593190655
CC_6B776D13A55A,0.042755330762701715
CC_6B777349CC2E,0.11263350742472644
CC_6B7D2901D7DF,0.2283106897092316
CC_6B7DFD2E96BF,0.06404640121405566
CC_6B810A71085A,0.7763921719088344
CC_6B819B2A7873,0.06872110051879933
CC_6B8387800ACA,0.23254141751505716
CC_6B840E57A9BD,0.09725785633087114
CC_6B8DC490BE3A,0.15971659246850645
CC_6B8DC861D19E,0.08825840052115527
CC_6B8E93EB69B4,0.06254852106955539
CC_6B904745C120,0.38642869262387125
CC_6B91E2BA4D8A,0.08299781929150826
CC_6B97895A9B33,0.1379439128713409
CC_6B98D3CDB2D9,0.11912805577647911
CC_6B9EF56EE88C,0.6708385385555946
CC_6BA0B35D71CC,0.5469203574519675
CC_6BA5F4BB1C36,0.05002173063194615
CC_6BA85D376EA3,0.1841520056544532
CC_6BA8FAF791E9,0.18172000104556138
CC_6BACE1E465D0,0.10243959012792991
CC_6BAF777D4CDC,0.08175673353581622
CC_6BB434F24B65,0.07929211528551157
CC_6BB4A898E048,0.14759788593989495
CC_6BB5DB7F431A,0.15386761324876258
CC_6BB62B9D3BC3,0.4303817185254709
CC_6BB9FC5315D3,0.32083186712106515
CC_6BBCC6F0325F,0.07406211509451459
CC_6BBEEED3E64F,0.26376497965414974
CC_6BC144859881,0.06367713559690831
CC_6BC36AC21F48,0.04070940073028706
CC_6BCB06C6B112,0.08155930430037536
CC_6BCB74BE94ED,0.34602119168863826
CC_6BD0AC4A160F,0.2736409991700273
CC_6BD1B1B9B064,0.4077104643759145
CC_6BD26F209C34,0.1935216737909946
CC_6BD2E853A289,0.06604124936190701
CC_6BD36A7B2F0D,0.08444284738606399
CC_6BD42003FC37,0.1421653202568073
CC_6BDB50210B5D,0.27896890611107217
CC_6BDB5CF39811,0.401914942469899
CC_6BDC0EB2386D,0.09437071533602018
CC_6BDC2C155F52,0.23248614806648735
CC_6BDD851D812F,0.19387331082776246
CC_6BE2980F780B,0.10722632550613265
CC_6BE9E964B01E,0.057495531329782024
CC_6BED2C1B62B0,0.06148990564657453
CC_6BEE01374922,0.04852267942718279
CC_6BEE6E47AF58,0.07967986976036041
CC_6BF062B294AC,0.1178242463978701
CC_6BF10C1DB435,0.07650395163748576
CC_6BF47B5A43C7,0.09083691742236708
CC_6BF4C88378D0,0.12777257049689827
CC_6BFAF634010B,0.09202030142574466
CC_6BFBE309A968,0.2688268411769886
CC_6C0321D3D47E,0.296562315036745
CC_6C0395B27B58,0.7036462232133025
CC_6C0683C38C71,0.1276157474070627
CC_6C08CBA93460,0.1441977963535272
CC_6C0D5D157D4C,0.11651091061454852
CC_6C11350A7134,0.12351577395482512
CC_6C11A4CB1719,0.20821414599185215
CC_6C14140B60A2,0.07107110814222381
CC_6C14E56AD78D,0.20323619302415102
CC_6C1A7287CA0F,0.7985046018848794
CC_6C20703AA012,0.11224680804452299
CC_6C2431507647,0.18028844202834704
CC_6C29AA0F5F1D,0.1448209153033952
CC_6C29F4D1D068,0.17210415163638842
CC_6C2AB7D1FF45,0.07648669745369804
CC_6C2B91997047,0.08098054066127479
CC_6C2F09109795,0.15450321431445418
CC_6C2FFB25BE2A,0.7117700263347673
CC_6C302F0CE13B,0.18871930245359936
CC_6C327D9208AE,0.19490730315109547
CC_6C32D3CB3100,0.17989496221133616
CC_6C34FF640DED,0.09617426555243558
CC_6C35640D5E9A,0.6569359272669593
CC_6C35F94301D3,0.14050632575214778
CC_6C3D2D058882,0.17803182034110038
CC_6C3E5AA1AC3B,0.05177619397494101
CC_6C436801274C,0.10002864842853684
CC_6C44ED518620,0.3960411871605941
CC_6C45E1B0FD68,0.6619529731087278
CC_6C4CCCCDE7EF,0.13811560236918385
CC_6C4D6820D258,0.12326457843725495
CC_6C5137B95704,0.05489231484295802
CC_6C514E72E87B,0.1832439030831217
CC_6C523A9AA694,0.15453034307935576
CC_6C53DE145D18,0.5033022024822376
CC_6C5AC579CFD1,0.19775484855323175
CC_6C5DD5D530FB,0.3645353011178919
CC_6C624859D400,0.04643268794340784
CC_6C6D321EF665,0.09744260323300227
CC_6C6D3705F652,0.08271114343758394
CC_6C6F9D117EDB,0.28613385022577076
CC_6C723182C131,0.12701767720541415
CC_6C729FA363C0,0.05990395608084611
CC_6C72C51B5B84,0.17977723982368696
CC_6C75AEAC877D,0.40414908740266114
CC_6C760954209D,0.18669703695043746
CC_6C77066F627C,0.5371226496332684
CC_6C7830F1A337,0.5664585228098795
CC_6C7F3129653C,0.208061878391419
CC_6C7FD16E66B1,0.09249791352208576
CC_6C8577483349,0.052226662202763785
CC_6C876DADE62F,0.09907732113676358
CC_6C87C0D7ED2D,0.07557163129778997
CC_6C87E6E2BC35,0.043898433306090986
CC_6C89C270BEAF,0.09112668391863872
CC_6C8E3423161A,0.08864345050656033
CC_6C8F77F8D8C6,0.05617503657962786
CC_6C9214A1DD8B,0.06362101433969054
CC_6C9FD5C95754,0.5465866116641923
CC_6CA433C0AB49,0.09392051603678653
CC_6CA473EDED32,0.06159239433702444
CC_6CA85B0A97E0,0.13646517787489856
CC_6CADF14E6490,0.2343455487272122
CC_6CB074AA615F,0.15192111465292077
CC_6CB0985AB80C,0.15170168067310252
CC_6CB0D1D0665E,0.1448181198922145
CC_6CB66B0F96A9,0.04682520673633511
CC_6CB7A2BE9A17,0.8260372757870729
CC_6CB7DEB209C3,0.14617232484890313
CC_6CB84A025863,0.06217322038068442
CC_6CBD141A4C20,0.13035336495373454
CC_6CBD5FCE0D70,0.271513157353548
CC_6CBD9A546B98,0.1069081053182293
CC_6CC1F00B55FE,0.05181922699356745
CC_6CC2568521F0,0.20517301623939313
CC_6CC2697A8F81,0.0862944133050406
CC_6CC2F849ECAB,0.2707623014489788
CC_6CC7949FE0AC,0.31193116372178464
CC_6CCB0E9FC922,0.08917220967065534
CC_6CCB1499C679,0.47418917980351
CC_6CCE085E7BDF,0.2351111467681571
CC_6CCF9B03A597,0.07298000663720584
CC_6CD21BF9564D,0.7323575570708
CC_6CD994CE0BBA,0.06412078642614402
CC_6CDD1680D5D5,0.608117423693108
CC_6CE26487B08D,0.31163860393632203
CC_6CE4408DD719,0.05469889050494213
CC_6CF4543028F2,0.680237263073165
CC_6CFAC13BECA9,0.7850591536359974
CC_6CFB229D4798,0.11087326682490924
CC_6CFCCC14E98D,0.11564769606171595
CC_6D0144C0A2A1,0.045444778684749866
CC_6D047CCD0431,0.0705243415938002
CC_6D04A83FA41C,0.15702543317784698
CC_6D0D60891DF7,0.13266464210894996
CC_6D12C5313B22,0.12511882765770674
CC_6D154DA6CFE7,0.09309277570041434
CC_6D1766FC0E2D,0.15557850008585067
CC_6D1B20FDD21C,0.7579910833241204
CC_6D1D42E6F08E,0.1192460896311561
CC_6D20E9F1AA1D,0.4602022440861874
CC_6D2B44A13FBC,0.038587125522306615
CC_6D2D11C107A1,0.029737234440137587
CC_6D2DCD2CC154,0.13080195119894297
CC_6D2E5C1E20BA,0.1335639387619293
CC_6D30E86C8176,0.116592140790582
CC_6D328B90AFC8,0.8059388369945883
CC_6D33A92F805B,0.06468800769677803
CC_6D3D0D73F405,0.5930962754931299
CC_6D3D169DF931,0.10244589237399633
CC_6D3FCBC535E1,0.06761810719875237
CC_6D426B7E0B26,0.6838145980361758
CC_6D43FFA10D55,0.08030524779989996
CC_6D4656DA87BD,0.1392734961633746
CC_6D48E64A2153,0.12403972961334961
CC_6D4CC44D737E,0.6052306085654219
CC_6D4E7B45ABE4,0.1789026356155589
CC_6D4EBEEB97E3,0.21628906991615185
CC_6D5302CBB19A,0.03634613110643757
CC_6D5357B211DB,0.07389411101284106
CC_6D54AF1CCF55,0.09968410439126162
CC_6D553E991745,0.09386799399748666
CC_6D56C46EE16C,0.049873003763598926
CC_6D56FDEF9404,0.7092352568624652
CC_6D5DA9F7A0FD,0.0647282161009278
CC_6D5F5DC2818B,0.49379508974270614
CC_6D5F7F62F168,0.2680819243649415
CC_6D60AFA34B93,0.36650017482304337
CC_6D61F92F59F1,0.09959499498739573
CC_6D683A9376AF,0.16228817865811757
CC_6D6C5D17FD9F,0.14060075142081013
CC_6D6FF8132FAE,0.10925012112591066
CC_6D73BF89386E,0.15159427015756977
CC_6D73DBF6C301,0.18273700728277825
CC_6D759B412950,0.5421572345495308
CC_6D79459F82B9,0.1844666169502729
CC_6D7C4F16959C,0.0975984852252946
CC_6D9139670225,0.14259613606226312
CC_6D969AA5ECA2,0.2239471782611228
CC_6D97F1886BB5,0.1625083970739073
CC_6D9E0A0B2C5C,0.04899460199913612
CC_6DA550291FBD,0.20715379781206017
CC_6DA9A64970C0,0.27160385749047655
CC_6DAC231470D0,0.23830634912699455
CC_6DB12FB6B6C3,0.13576234633985698
CC_6DB442B29815,0.22984169532955398
CC_6DB800D891E3,0.08378512178629391
CC_6DB8DD48754D,0.14760254087805885
CC_6DBE43F7AE91,0.047228389012905735
CC_6DBF6D74D7E1,0.11041602651158547
CC_6DC52041115A,0.2743616135218117
CC_6DCB6F04DCFD,0.5149390387753308
CC_6DCC2761B581,0.06694187183997559
CC_6DCDBF850407,0.04372322528148835
CC_6DD1EDC405B8,0.1423099188631904
CC_6DDF5C1BFC5D,0.1504248945961142
CC_6DE93AB05B38,0.4104033513102013
CC_6DEB558FE790,0.16554121111419057
CC_6DF0CCD00A36,0.09298497515713412
CC_6DF36686EA4E,0.28063871864312684
CC_6DF6310D7EEE,0.06877846728294859
CC_6DF9059A5700,0.10954902652583949
CC_6DFF90E03FA0,0.4321238305727785
CC_6E000A66D14D,0.07435176864401268
CC_6E004F76F90A,0.04299835272089851
CC_6E009178D1DC,0.17430857080437873
CC_6E00BCD9059E,0.7327958100646914
CC_6E01463B2748,0.061028094973909576
CC_6E08189EDC3A,0.15906086853812323
CC_6E0F04D7C91B,0.5238729145501029
CC_6E0F8AB7C277,0.22299769419153675
CC_6E1253819338,0.1560256832167805
CC_6E12C184F840,0.24958020813456025
CC_6E131F068F36,0.16848388495271513
CC_6E14E59BBA79,0.18101430380234973
CC_6E198580405F,0.12728433838308537
CC_6E1BC97819D8,0.12111854422425383
CC_6E1C8B96DCB3,0.6888874100225906
CC_6E1CA1A1536F,0.7904599798271271
CC_6E1D6BC405AE,0.17793052778756518
CC_6E1FF3EED0B3,0.1136716044253772
CC_6E2147F003D5,0.12670194336289836
CC_6E224EC66804,0.2111407498022399
CC_6E22C232C350,0.07859209845353696
CC_6E2430FC56CA,0.2464759044390723
CC_6E247A95E9EF,0.4869288435849404
CC_6E27534D038F,0.1329101065104908
CC_6E2A3ED14751,0.16883572584068057
CC_6E2A9DF57E52,0.1932674661984916
CC_6E2E1FE7E40C,0.17598140897868092
CC_6E2E56C5E1C5,0.24298020264052306
CC_6E3249727979,0.6038509688232347
CC_6E360D8A3349,0.21159881395017915
CC_6E3630145EE4,0.0872250698011425
CC_6E36D9EACC5E,0.13396486214156483
CC_6E39F838CD39,0.16509614059297678
CC_6E3D53767B28,0.6327383696381685
CC_6E3DA074126F,0.06017105724759432
CC_6E3E67A487AA,0.17700124727714886
CC_6E3EF35BD2E5,0.0879881692025059
CC_6E3F9D236C11,0.1676026992939568
CC_6E447971505E,0.1524508502104183
CC_6E466C975E9A,0.15071202087379723
CC_6E4985106668,0.0519835117430695
CC_6E4B30ED7CF8,0.08236603677563624
CC_6E4D296B7939,0.10800437878916998
CC_6E52863341ED,0.12188073030188043
CC_6E52C2EC1CAE,0.14463478225035353
CC_6E5BA9DA26F4,0.23138867412633016
CC_6E641C435270,0.12533657015443592
CC_6E667941AC4A,0.06367840266750538
CC_6E672636A2F3,0.07609937541071624
CC_6E6AB92AD008,0.15764896208164403
CC_6E6DF29051D0,0.24985497535457735
CC_6E7106410101,0.13779678881289759
CC_6E715BA6657D,0.15004790924960082
CC_6E71BE313C58,0.14095063346850356
CC_6E78C472A91F,0.38855585374555046
CC_6E7918E08139,0.36601039148786535
CC_6E7FFAFB2DAE,0.09146642709086383
CC_6E83E43F4297,0.45115089992486623
CC_6E87AC5CBCAB,0.4530856330131459
CC_6E89F1CC0821,0.6653190406409579
CC_6E8A58A8B22A,0.26511896091180626
CC_6E8B5E65065A,0.2860456212844359
CC_6E8C61BFCA8F,0.13230444906656907
CC_6E8C99C99E4E,0.2456567283204854
CC_6E8DF0A1F736,0.3055517977705948
CC_6E938A61F47B,0.0989273731296346
CC_6E98BCBC2549,0.12316568752126036
CC_6E9A32537693,0.05486256927154417
CC_6E9B28B6382E,0.3105113329065563
CC_6E9FA42F62B3,0.03888936030529584
CC_6EA0407AF0B4,0.10152217976005955
CC_6EA4BF9D8B43,0.058014554685690355
CC_6EA6DDEB54CE,0.29381440359927646
CC_6EA99680D50B,0.11480097004243055
CC_6EAB03D9A4A8,0.23381818967990453
CC_6EADCE71C525,0.06472230030837783
CC_6EB16BDF3C69,0.04873817916521871
CC_6EB755019E00,0.17283459761080391
CC_6EBB2E2B3BE9,0.1274370540075595
CC_6EBBF4EED0ED,0.10195903111869073
CC_6EC1EEAFC389,0.1204243673414361
CC_6EC3BCCD6C5F,0.3856647492049351
CC_6EC671937917,0.5083918778216489
CC_6EC9A666AD3F,0.36564272127145964
CC_6ECD4E11FF5C,0.6024972798304951
CC_6ED0C5D3AEDF,0.20484313204794874
CC_6ED92198F7B8,0.3776378141134588
CC_6EDB939C378C,0.6178361135339694
CC_6EDBDC0DE552,0.09525368963182321
CC_6EDC12D321DC,0.0730187541742159
CC_6EDCC6770ED7,0.10778917090403099
CC_6EDE8624307D,0.18206825006478694
CC_6EE01E672807,0.20922537376550565
CC_6EE168BDA38F,0.38473457509611914
CC_6EE2D22346C8,0.4959289521668781
CC_6EE77A2EADC0,0.0852240842462408
CC_6EE8C6B8E126,0.1805150723705048
CC_6EF2E8D6626F,0.6714315068166651
CC_6EF75FCE719E,0.36705814230338446
CC_6EFF52032822,0.1627257480429445
CC_6F01966E75A1,0.3049548002754098
CC_6F041DE9209B,0.04515294643984815
CC_6F06774F1F16,0.07533272572407725
CC_6F06B90BA110,0.5697163815003344
CC_6F0796D1794D,0.0718549497874067
CC_6F0A5A3116B1,0.5483974226729951
CC_6F0B2C33FAE3,0.24310991879825825
CC_6F0E1A92A9B1,0.26195294291147303
CC_6F0FF5AEE79D,0.13572426886988637
CC_6F12E2C02049,0.1720336870209635
CC_6F203155FC2D,0.6459071759136717
CC_6F2083495108,0.11821358320315034
CC_6F21AA1B4F32,0.1387292551953077
CC_6F2205F5E91F,0.245506750913198
CC_6F22E5DEF6E8,0.20352673095357962
CC_6F24E727F772,0.3282679469336021
CC_6F2760B199C9,0.07681283388152473
CC_6F2868388408,0.06539447311499876
CC_6F28DAB9793E,0.0718029717279685
CC_6F2972D21143,0.20065371959367048
CC_6F29EE202B8D,0.058741391362564045
CC_6F2B6E3E9440,0.05950789922124254
CC_6F2C27E67DA2,0.2387653929195071
CC_6F2F3A802ED4,0.20707220584448466
CC_6F3310501E1A,0.22314090134307704
CC_6F356772C89A,0.29189137947478716
CC_6F3940DC0BA4,0.1265632175976915
CC_6F3DB2C989CB,0.1869655829287186
CC_6F3E56A25D1C,0.22277351709963567
CC_6F40CE34D294,0.04242807491139376
CC_6F449421B0E8,0.12538702745135127
CC_6F473153196E,0.04549216973689727
CC_6F486CBFD386,0.3430194477587834
CC_6F4A9AB95952,0.11507765006390598
CC_6F4F8B475AD1,0.08254241637940837
CC_6F55DEE94996,0.6907434023580942
CC_6F580FFC99D5,0.3149180146691887
CC_6F5C53963A4C,0.20359245787681912
CC_6F5C89684419,0.37035245219588275
CC_6F5C8DB2D438,0.13940121983747428
CC_6F5D9DBA205D,0.18541752033425657
CC_6F5F59AAA68E,0.7465232669496099
CC_6F63CE03C83B,0.1160403005484441
CC_6F644BBC7DAE,0.06573675912280426
CC_6F64C2AF7BEA,0.07790689211324704
CC_6F667733B0CF,0.10015538770045881
CC_6F6AA3ADB7CE,0.06788626860675522
CC_6F6B98ABDA80,0.05612951938838421
CC_6F6D66E4E817,0.05626597557151628
CC_6F748B6381C0,0.21128835141927627
CC_6F76DF143430,0.17679869540819607
CC_6F7833427CEF,0.1615340540919319
CC_6F78D885E653,0.21107908689612503
CC_6F802591850B,0.24966911856789423
CC_6F804F449FE1,0.19109048369280907
CC_6F819642D3B0,0.03727402205881792
CC_6F81B8AAB2FC,0.04284632557381873
CC_6F838A13C8F5,0.10533314280733838
CC_6F86DC977977,0.6454433027642146
CC_6F878C919F84,0.3423373561592349
CC_6F8817FF7C5D,0.13831677418877303
CC_6F8D9A027A34,0.10303952514683996
CC_6F8E2C767F62,0.11828735808262507
CC_6F9017844300,0.33560669191429104
CC_6F91F6D4DD3A,0.7222390716492324
CC_6F92FED838F4,0.19471025176125595
CC_6F937E943111,0.05819962894966001
CC_6F93C7CFA7EB,0.6935055491195622
CC_6F96690A4E5D,0.19935774445161583
CC_6F969BB2559C,0.22911602098628286
CC_6F9B6C47D808,0.5367639079781017
CC_6FA1B9573590,0.06007389901773961
CC_6FA1FE657D98,0.2291989596293323
CC_6FA3666A932E,0.711445903575379
CC_6FA77A51DC9F,0.6015086897247561
CC_6FAADB321DC2,0.10131380564045087
CC_6FAB2BD386B2,0.06888195101842853
CC_6FADEFF9CEF8,0.12740735572153075
CC_6FAE4C784329,0.1807275229082949
CC_6FB0C90BBC75,0.35354943818572604
CC_6FB6C1F547B9,0.6730513768398806
CC_6FB7ACBA9CAE,0.08363982150019719
CC_6FB9912F8E4E,0.08219486765704224
CC_6FBB0BE37C6B,0.23240383902516387
CC_6FBE4E6CD341,0.17439014214109816
CC_6FBFD8F65951,0.11459899860029137
CC_6FC0CDA1E45F,0.4362804704321424
CC_6FC134BB8A05,0.1827592679870295
CC_6FC18F82A532,0.13986862091773059
CC_6FC32134094C,0.21904490095970525
CC_6FC3ECFCF2E0,0.3399873341120697
CC_6FC9C0CD2718,0.07341625171194087
CC_6FC9DB8CD128,0.04075804705269964
CC_6FCDB113F719,0.7617402529737993
CC_6FCEF85771A8,0.324165029244151
CC_6FCFC4CC0393,0.12060491449510236
CC_6FD3254F11F3,0.08168172467052343
CC_6FD4DA46D18F,0.09270356657627564
CC_6FD60B1552FD,0.08508120092706176
CC_6FD939ABAA06,0.18424120610424535
CC_6FD95DD593BA,0.042861416341992
CC_6FD9DB98354E,0.1426396239281177
CC_6FDB30626BCE,0.6654649381820106
CC_6FDC65C50975,0.10016547615602407
CC_6FDF03CDD4FF,0.7711373271066997
CC_6FE6C21D1E9A,0.6795539132743783
CC_6FE6E5E900CA,0.09749534091963771
CC_6FE70FA6EAA0,0.036495592977623635
CC_6FE7135BE6CE,0.16782213597493903
CC_6FE72BC2A906,0.5457162638423313
CC_6FEE1D89D55D,0.42643111760507846
CC_6FF03AF08941,0.6569722023000882
CC_6FF2190E9605,0.16321889924564933
CC_6FF64B548373,0.18256741868939547
CC_6FF6CBDA0BDE,0.049077032377545446
CC_6FF70EFADFC2,0.6904181404015403
CC_6FF848364B3F,0.09216845947929109
CC_6FFABFE2C48C,0.11931005162637398
CC_6FFCF51D0517,0.15961023951542377
CC_7001FCB0D011,0.2636553851559288
CC_70035092BB10,0.7574436623742026
CC_700D672479EB,0.1778506719430612
CC_700E0701217C,0.07851400323185001
CC_700FAA8232D3,0.1487884447142354
CC_7011D7B0851E,0.4952560476204625
CC_7013B8BA9159,0.12439369874813974
CC_701442114B87,0.10813333735813409
CC_7014577FF979,0.3641921029661871
CC_7014A84CCEF3,0.13361135955445697
CC_701624FC4B4E,0.05745534434395545
CC_7018615825CA,0.1832703946749375
CC_7018AA1DB649,0.10572964182648366
CC_701C73586F38,0.4561216901020135
CC_701CB89E3912,0.170544633706579
CC_701EFBD90203,0.11983248293559372
CC_70214EE1BBA0,0.18637886341895044
CC_70221F5E6718,0.3142737777896837
CC_7025B45A2AB4,0.06195679722734813
CC_7025DE3C1081,0.22516766777755687
CC_702A29A687F6,0.09684131742366851
CC_702D0C6DAB28,0.7544121660278786
CC_702FE2011D04,0.07175236029594746
CC_70345F02D0DC,0.19202403806273124
CC_703462C6B77A,0.1844479546917957
CC_7037AB51C352,0.44146095969102656
CC_703A69A00D63,0.07373289338102644
CC_703ED3CF3F53,0.06645769084951089
CC_704075C5A523,0.4432986969683676
CC_7040B6BE6D19,0.1088660949035817
CC_7044917378E3,0.31394043064841615
CC_70454E73F4B8,0.5137275220713904
CC_704637949F40,0.0722592746513657
CC_704659DBF12B,0.19568328196697432
CC_70491F19265C,0.4442819382324984
CC_704CCE985672,0.1828960440853534
CC_7052934EE4FD,0.3825864696640353
CC_7057916A18F7,0.18992045625367532
CC_705D946D5DD3,0.050874476288290525
CC_705EDE2EB5E9,0.11753263371821028
CC_70628F01D184,0.2252860694674302
CC_706590F87F73,0.08565231021886896
CC_70664DC3CDC0,0.2645411186377992
CC_7066DBBC8A1F,0.08313295318343705
CC_7067B7410BFD,0.17310511231770578
CC_706B0C7FA966,0.17183415876478397
CC_707FD7B1BB4C,0.1587080904938593
CC_708725ADEA94,0.1341376152118538
CC_708CFAA499FE,0.7707067878282693
CC_708D72179C87,0.21939881061778274
CC_708E44A9E203,0.20334707254548506
CC_7090EB20CADF,0.15742820513959424
CC_70930A260B94,0.12787078036131075
CC_70937720B3D3,0.11510015353599053
CC_70962C576615,0.6739432798339631
CC_709761099BF3,0.7300794739387589
CC_709B16F08328,0.6594488600926678
CC_709B656A3731,0.18396746292619315
CC_70A5031978AD,0.10176906668311927
CC_70AD212D013F,0.05214737770302026
CC_70AE2F39A0AB,0.19963751691153303
CC_70AED8B49D09,0.05454687241992825
CC_70B27966ACBF,0.7758105874395709
CC_70B8BAFB621D,0.35518987016324843
CC_70BE645B7A5C,0.0476210414343492
CC_70BEDDDEC34D,0.05137026409172625
CC_70BF2596BE09,0.672866679714114
CC_70C199A93FA2,0.0658150332848003
CC_70C68157C827,0.0880982698070705
CC_70CFDE0E2707,0.14059738232408858
CC_70D25B84FE5F,0.24053855567156654
CC_70D31F27BAB3,0.26405144381656054
CC_70D3C8AF15D2,0.10189064086550274
CC_70D57752B3DF,0.6417186864637313
CC_70E3173D948C,0.07244091822027578
CC_70E3466FBBA4,0.21886231729153532
CC_70ED82C6AFDE,0.06569645751593649
CC_70EEA83F27AD,0.10678680321841827
CC_70F0EE8D69F6,0.044961564476723656
CC_70F668032F6A,0.09165964773912874
CC_70F7C0501B92,0.41948452700844696
CC_70FBDBDDC2DA,0.1512862815670648
CC_70FD6520E48E,0.44055638345031384
CC_71058D189805,0.05674629401843626
CC_710642FFD95D,0.1923126696914749
CC_710A65A33895,0.2524377160857093
CC_710C598116B0,0.4803548595537638
CC_710F3E623A74,0.0563133081912051
CC_711042AB5534,0.19767009525161275
CC_71132DBF492F,0.20641295679671634
CC_7113F0DEE9F6,0.08732103431608278
CC_71161F8EC238,0.5488664008582054
CC_7118852483F1,0.07260851779756966
CC_711AC37F1D5A,0.06127499340974435
CC_711E2DE1D512,0.1300128889740119
CC_7120A01BA38D,0.082149966568581
CC_71252D9D5389,0.22429694221590343
CC_712A0768D512,0.37428254309870373
CC_712B09D37522,0.058215307266879415
CC_712CEF828ACD,0.13238603709031127
CC_712EFDDC8F76,0.17681992601373714
CC_7132564FFAFE,0.15257760813624627
CC_7136E77877CA,0.051460916050675674
CC_713D4E47BB94,0.05297847979262042
CC_713DE784F4EB,0.14379320256832995
CC_7140067D83C5,0.440435484099181
CC_71407E3597BD,0.07632687244890705
CC_7141A7E02150,0.14502695722085351
CC_71438B55AB64,0.05723972028915565
CC_7143C117A541,0.07338323186754706
CC_7144D344845D,0.3514251966913769
CC_71456D7BB15B,0.05668567113817182
CC_7149D13DA449,0.2888522920408843
CC_7152820721A2,0.40337361299418506
CC_71543C33E402,0.7232907650784097
CC_7155EBB065A5,0.05234366408990041
CC_71579E6A8F2A,0.09615298934919447
CC_715F9A700E90,0.07234888688165815
CC_716270439D20,0.1602489082081716
CC_7165CF007ED5,0.4626096361012267
CC_71667FFBF793,0.15782704961289476
CC_716893AAB4BB,0.1868442415864092
CC_716C1EA3AF99,0.05112296750021082
CC_71717566BFB2,0.11642997666816797
CC_7178E9DBF194,0.09504852647686975
CC_717EE6BEFDE4,0.12830175021282414
CC_717F33D0F559,0.12678980695412637
CC_718213B89BCF,0.050747376303721545
CC_71845E889975,0.05779543678656366
CC_71847482F521,0.06457940792014945
CC_7184BDC51437,0.4687591885869839
CC_71851405D596,0.16368142811002367
CC_7187D19F6EA2,0.5161178455159405
CC_7189BE364CD7,0.4926926918338504
CC_719022FBB86C,0.2751047893482915
CC_719257A082C1,0.6496082694023049
CC_719A5398F43F,0.059811441720104906
CC_719D0B95C139,0.07426983874554405
CC_719DE1B4952C,0.08545445832410523
CC_719EC7F80791,0.23249373868999174
CC_71A5E64518FA,0.06717828673898125
CC_71A7F34F8BC7,0.3216048858259998
CC_71A95B3B8879,0.07994424304505202
CC_71A9C8992534,0.09483029876078491
CC_71AE60F778E1,0.10854276740451133
CC_71B0A6BD2225,0.44226658019411486
CC_71B25CF4BEEC,0.47372183451088795
CC_71B4BBD24100,0.08077068966110323
CC_71B6B0F6F158,0.04919674696146986
CC_71B7981218C3,0.05140431460025201
CC_71B8C9B5DE24,0.6816312454985916
CC_71B97387D463,0.11334684047913095
CC_71C0AE51AF80,0.04670872190742788
CC_71C0B9E76FA4,0.17368449713331782
CC_71C2E1B7391B,0.23906009915502283
CC_71C8F520E3A9,0.047863676224398556
CC_71CCBEF2D420,0.04848022113485974
CC_71CCDD962EDD,0.20243411546268614
CC_71CEFD39AD0B,0.24718594805814606
CC_71D0743372CE,0.18399829562070302
CC_71D2B9ED7923,0.12005930538125087
CC_71D75F6FCB4D,0.3094559100540157
CC_71DA512F92DA,0.1018341431495196
CC_71E0D60FCC86,0.10830785718470252
CC_71E6A7DEBE53,0.03946210512864893
CC_71EB1484F33C,0.06870671898364085
CC_71EF5DE2015B,0.23779117865350313
CC_71F014546391,0.6034022055152158
CC_71F2D673B052,0.062391661343111846
CC_71F377A5B0E7,0.40909558132498863
CC_71F83F37BA3B,0.12744253411268286
CC_71F8634E1CCE,0.10293989222804545
CC_71F880C897A3,0.2173849252056387
CC_71F8F9570E91,0.1657737729069992
CC_71FE463377E4,0.06702840976416755
CC_7201F3E59278,0.6414393054661824
CC_720484026ED6,0.21714719551430636
CC_720636B23667,0.6624152848517931
CC_720743C9B2C6,0.08661085575842473
CC_72074CA2AF1E,0.33755509541850326
CC_720EEC7DA729,0.0420749321537789
CC_720F86670142,0.0909547043447944
CC_720FD4FE6D12,0.08904126760328326
CC_7212DAE9D48A,0.12845727548262736
CC_721378401C2C,0.32356713802214687
CC_72192CF7A8EF,0.07265929547877378
CC_721E4E7E295E,0.20820585148027618
CC_7220BDEAFE36,0.09566447827392843
CC_7220EABD2D26,0.06879507487482936
CC_722128C4B26A,0.21408056638389
CC_72220F0857D7,0.09724237127860465
CC_72250776D2BF,0.15727477805429563
CC_7227D7752768,0.3097512615757816
CC_72310A84BF95,0.6208623735077209
CC_723215556F1A,0.046431807437183184
CC_7233B3EE8C9F,0.1537454102559547
CC_723B23D721A4,0.8303059198299929
CC_723B30E93028,0.12816730025406636
CC_723BA8294C47,0.12368654635832703
CC_723DAB9D2037,0.18622532713900744
CC_723F650E0EB1,0.22059233047184454
CC_7240E8D19BCF,0.14817859276585693
CC_7248EFE3E6FE,0.07223518555393524
CC_724ECCCA1ECA,0.1827882448876008
CC_725491B2E717,0.04453451818535904
CC_7254BA25E935,0.07487521674450773
CC_72608D514A63,0.043024900544669835
CC_72627D53AD7D,0.15311379865115454
CC_7263CA86CEE0,0.07560301416607136
CC_7263D9D68CB8,0.27067262880825477
CC_72644954BD47,0.11438149563504592
CC_726453717B0D,0.6633833078073499
CC_72660AA2766F,0.25995159554847613
CC_726BABDFAD59,0.22404149648023167
CC_726BD2FCCEB1,0.03970671869414633
CC_726DA0BD446D,0.6257100200121497
CC_7272365A030C,0.542725252104932
CC_7272908DB5EE,0.16216882264630814
CC_727506DAB9ED,0.059690657393064936
CC_7275121FB49E,0.04590750994481186
CC_7275E868E5D1,0.07100385835654917
CC_727C3199073C,0.13818153940132977
CC_7284300BA410,0.53216621881152
CC_728499B6419A,0.09937214048817569
CC_728907594C2E,0.11943793364224783
CC_728BE2D4B653,0.29852665523080635
CC_728BEBECE959,0.3117694478870623
CC_72911427B140,0.05609348466092499
CC_729511DAC39D,0.11261365860769493
CC_72971B6C943E,0.12789977547951037
CC_7297304989F8,0.2541092392734128
CC_72988E7B3F1E,0.15221181050716598
CC_72990BCF575A,0.06439530144969971
CC_729C779F050C,0.2023446701864839
CC_72A17EDDFDBE,0.12334176829929588
CC_72A216E69746,0.07012109017904321
CC_72A372ABEF72,0.6647639358510671
CC_72A5DE2D95DE,0.09696049879663246
CC_72A68A9C5308,0.05172262038705152
CC_72A7338CE31A,0.1269819263152689
CC_72A8A69A836C,0.17846183131667723
CC_72A8BDF8966A,0.31497697658263585
CC_72B00FE093EE,0.2042798563069904
CC_72B04CE3905E,0.06879630237774302
CC_72B1183AA636,0.26550292736058156
CC_72C000CA77F2,0.04237345814292653
CC_72C008D593DD,0.13929378388367192
CC_72C22160AC20,0.1243945076420278
CC_72C4AB28C057,0.08057117543619799
CC_72C93D22367B,0.1766312724388826
CC_72D24852BBDA,0.11033980888547393
CC_72D2FDF8EE9E,0.15649910719232382
CC_72D8FE817E68,0.1496445063669139
CC_72D90C81B97C,0.7498164117971002
CC_72D9234A3691,0.050725955587714644
CC_72DA0C4D9F50,0.7603412119858192
CC_72DC50FAA69C,0.1004557401922223
CC_72E93409D10A,0.1757299640484984
CC_72E99BF04CB6,0.7189211992462543
CC_72E9E6F17C3C,0.7127636074353719
CC_72EB0FF655CA,0.6316679050117757
CC_72EDF54A4FDE,0.06429774182692363
CC_72EE74428267,0.12988668767399156
CC_72F5EA30A87D,0.05255196417843709
CC_72F6213280BD,0.14266153323872122
CC_72F7B4B18C6E,0.11309292843776533
CC_72F901EA4FDA,0.1122612102459355
CC_72FB87E6D3A9,0.5732139767626254
CC_72FC3AEE2704,0.06345310191722384
CC_72FEF68678DC,0.12456656408956734
CC_7303D5B9C5FB,0.3022047571146321
CC_7308D6A37A5C,0.121746070299413
CC_730ECFE46D86,0.20807518748800868
CC_730F09DC987B,0.12724029864981762
CC_7310BA3BD485,0.17818644149183566
CC_73117FE4AFB9,0.05045790748858808
CC_731302C10CD3,0.037023641002527065
CC_731460E0F3DD,0.3301505067530416
CC_7318034A8F89,0.15086032829165544
CC_7319522C28F4,0.44029997517102865
CC_731990EA0123,0.17775589086652513
CC_731A49B8BD74,0.6851172777513505
CC_731F7C539215,0.07036414116389209
CC_73204A446507,0.11274088528359008
CC_732F34B1A9AF,0.13872248006707072
CC_732FD61B5E20,0.08391746285554451
CC_7332F871673F,0.1628097689668931
CC_73348DDF3941,0.17276673792775654
CC_73350B4B782B,0.31654523839695625
CC_7336A7F85243,0.32422424557786805
CC_7338D7AEE155,0.16081183239565672
CC_733A38B437D4,0.06475772779700134
CC_733B7F16D286,0.026649328255799114
CC_733E8B9F9AE7,0.08732278417201723
CC_733F59F54A86,0.6612449391775985
CC_73440A97E746,0.09213911286202106
CC_7348FB28B71D,0.08038611065022173
CC_734973D0A1AC,0.6345590163262084
CC_734B5BC60218,0.05770724718855812
CC_735028581015,0.13223131685240402
CC_735207CB45A9,0.20170386279348418
CC_73540016DBF3,0.1886818961832582
CC_73573843EF65,0.127860539849359
CC_73575F53527D,0.42734522473069847
CC_7359CC1033E5,0.11269872974003245
CC_735BF5D70D15,0.056164156241337346
CC_735D95259F29,0.12937935776665327
CC_73617CBFC95C,0.33556247888573715
CC_7362463E3F01,0.25582899829326344
CC_7364AF94A4E0,0.37894219056441036
CC_73668048D3E9,0.03944412076354456
CC_7366D4F1C409,0.06695055447710083
CC_736BB4EAA2B0,0.15405533775464234
CC_736C5B90E7C8,0.15014895196762595
CC_736F5902A3B8,0.5293891154651748
CC_73707F79F8CA,0.11831940194869198
CC_7370B9B0009F,0.14563872729484534
CC_7370C9EA2D49,0.09701223998286092
CC_73785108A639,0.16010467690582042
CC_737868D99F09,0.12050853805628833
CC_737EBA230FDF,0.25017592729050103
CC_7380B9F41D7B,0.1956343986153343
CC_738A3FC70F3A,0.19331275807971043
CC_738B782A9BC8,0.16111811215729105
CC_738F2628C6FA,0.1613394219113009
CC_738F7422A932,0.1461913575032046
CC_73959FC1322C,0.7056820222902273
CC_7396054B7A64,0.41722396606500134
CC_7396E9A18B25,0.2395476443839389
CC_73990B309C21,0.04783085032312875
CC_739A873AC1CA,0.21086602494819448
CC_739B6D8C84B1,0.3305586867402791
CC_739B9A9B9364,0.15529001197742814
CC_739D3F67A3F8,0.2411647187406516
CC_739DC64A0A85,0.18030440042605173
CC_739FCA17D595,0.19105931254951014
CC_73A0770FD990,0.07815230832459275
CC_73A0AE1D27EC,0.15832194832198893
CC_73A3AC053841,0.13187942915132633
CC_73A7195222A4,0.7266960473569124
CC_73A83D099950,0.2918415005980342
CC_73A85D76C0F1,0.16897280156513006
CC_73AAB6C7DDD4,0.4109651457255185
CC_73AB6D3A0D44,0.7145373015851477
CC_73AD259C36C8,0.21567293092141487
CC_73B008C32E66,0.7185286695182502
CC_73B602EACE08,0.0981030243439817
CC_73B93DCE29E1,0.15079847001470922
CC_73BE0F7D2503,0.8164174149937139
CC_73C0FBFB87A4,0.2240102478685475
CC_73C31728E9F7,0.08406462950873418
CC_73C5892C10C4,0.14432242917504554
CC_73C646CAB298,0.30291509840636344
CC_73C6DE4837DE,0.11145017346403807
CC_73C833009177,0.6496796352987595
CC_73C88B74E97F,0.16454113958321884
CC_73C8BCA2C31A,0.14437452701636141
CC_73C914C1495A,0.16944545207016895
CC_73C99848AFFE,0.4792077672121587
CC_73CB1BAC1991,0.11810690699067769
CC_73CC7EF46B78,0.2691044542714308
CC_73CEE9AC086C,0.6462564383552473
CC_73CF09E82ACA,0.3334010024637062
CC_73D8CB1FC6F5,0.2541565809277355
CC_73DA243FF5DB,0.11994978481073944
CC_73DCD5C5CC95,0.12699779786223947
CC_73DE7D63A964,0.17919800948294135
CC_73DEBA8A8057,0.12741496245879796
CC_73E0E35D9524,0.7873814599967425
CC_73E2BC9DBD1C,0.14572445188064292
CC_73E59CA68C87,0.2327831358667701
CC_73ED5FF4A9AC,0.04447458243386708
CC_73EEC820F370,0.7168705164553637
CC_73EF36B5BD9B,0.15040054093900962
CC_73F073699CBF,0.1255875729023599
CC_73F2E1EDFF3F,0.18481730625544424
CC_73F3C66E3331,0.11984882531560806
CC_73F4D6C8E3EE,0.15470030650270927
CC_73F7B5A1EA5A,0.19635364268895913
CC_73F9653D5295,0.2118971745347375
CC_73FE7C590B6C,0.12870523195037015
CC_73FFD3E43959,0.2856220276337651
CC_740261687A52,0.08558880824448489
CC_7405293AC2C2,0.6313671264278551
CC_740AD2817106,0.047217606623707185
CC_740B50645099,0.05127195424369761
CC_74113163318E,0.07535076867287163
CC_74117781CD22,0.7681652347031925
CC_74124E7B9AB9,0.1268666399675786
CC_7415D0F5C976,0.36862746177238054
CC_7417D6D0E13D,0.18532880790245168
CC_741924B36949,0.12065304469326991
CC_741B787A6955,0.045826990741531196
CC_741E11EC830F,0.19969149384417778
CC_7420CCFBA5A8,0.2150642092044049
CC_7421E5DFBD85,0.18713771292394282
CC_7423774937FD,0.07523452036842515
CC_74292D2A27B9,0.04352091715548179
CC_743B4A204799,0.7850406944074684
CC_74412A3D8A53,0.05230105964044568
CC_74421A6937B9,0.31934503874166054
CC_7448501B3A27,0.428925064104261
CC_7448FB8BF8F4,0.05429531237981564
CC_74493667E33C,0.31514010421100824
CC_744A3E7741B7,0.20894321477531258
CC_744CC52AC57E,0.6019899764943826
CC_744E6A3DD063,0.741553748537697
CC_745098D07F81,0.03919614518406426
CC_7450DE5CB6BA,0.06532725982821243
CC_745169388F78,0.206315844900685
CC_7453412FCB1C,0.09791685392815053
CC_7457398EA077,0.0730595784569461
CC_745774475025,0.09057381133668777
CC_745CEA8506F5,0.09884010452673722
CC_745D694707A0,0.10499960005422308
CC_745DB0437387,0.7929067934678565
CC_7460571CFB84,0.043318728728626084
CC_74625769DFBE,0.21914550739578442
CC_74690AA4D839,0.2277318314082189
CC_746920ECEDD1,0.6802382287204379
CC_7469DA4908CC,0.075631379304995
CC_746E0C2E14CB,0.7821957983442958
CC_746FA04E0166,0.16084916672566013
CC_74701109E0AD,0.12638838076699255
CC_74720001988C,0.08300938861026866
CC_7473A9AF5AA7,0.0963547886578322
CC_747DF4989E23,0.09048533011807076
CC_7481ECFA2EB3,0.34311965561603464
CC_7482349B2827,0.6685574424547561
CC_7485234EB699,0.7472858078941523
CC_74863EFDAF6F,0.07130955011971218
CC_748C352920FC,0.5348385877233717
CC_74944226FDE7,0.050409998742217445
CC_749507553669,0.037787805898362184
CC_7496630FE47F,0.2518954706307211
CC_749706730559,0.7793546437705022
CC_74990B119896,0.08694083846822435
CC_749BE1EB5B27,0.11377474636266105
CC_749D35BEF776,0.15025435267381437
CC_749EFE5438E0,0.0674094126504961
CC_749FA145A878,0.6709897220029086
CC_74A5385993B3,0.1124102357558262
CC_74A583E5A398,0.08220099231222733
CC_74A6BD43EEAC,0.06259916930262335
CC_74A7EB40367D,0.20804163648475
CC_74AEDA3F0A2B,0.10977785809798027
CC_74B32D6E58D6,0.27550882478469524
CC_74B3FB584EFF,0.25847888112909656
CC_74B45446BF3C,0.12164275551808623
CC_74B921BCA877,0.14804593439959318
CC_74C48B2F04C3,0.3149728309479904
CC_74CE421BCC80,0.092469363333345
CC_74CE822FE0F9,0.17894934038283491
CC_74CF7DE940CC,0.08109680411419821
CC_74D56B7868AE,0.04812953256139126
CC_74E19D228329,0.11344495752739633
CC_74E1F8682D8F,0.6526320132431211
CC_74E3CC3283AB,0.11750018606754031
CC_74E61AC71DAF,0.21991224061168593
CC_74EBE81FEED9,0.06246408868885338
CC_74F1F99DB34D,0.0475636060545012
CC_74F4106869D9,0.05658647961123566
CC_74F5570A9B87,0.22873076664505199
CC_74F692443C78,0.08305331120970919
CC_74F9FE7197EF,0.16228458101765647
CC_74FC37207D3B,0.15571837623822402
CC_75013F8AE022,0.20756186902185889
CC_75041EB0E895,0.6521770843990368
CC_7506270210D8,0.11018419777810598
CC_750AED01B546,0.7349088954271162
CC_75123C22B3CC,0.16459467540109102
CC_75142008F9B5,0.05687141463204888
CC_751975A2A8AE,0.19267418561586439
CC_7522E284A13A,0.06155209538304407
CC_75238B4020E6,0.13898102851799715
CC_7527C57FF36C,0.060781799052105845
CC_752944244318,0.4682261990380325
CC_752A189E5C19,0.22455462271812285
CC_752BC0A1002C,0.5627824164242841
CC_752BDE3A989F,0.5154941967066661
CC_752EB42279FB,0.5139632355966002
CC_752EB7FA76DC,0.15996999016273372
CC_752FB43DE510,0.1056654046258243
CC_75315F9224E8,0.13996072815446653
CC_753890A49D89,0.0869419394253715
CC_753976C3E44E,0.10540373443888826
CC_753F816AFCFC,0.07411915540485975
CC_75408147363A,0.4934737482310392
CC_75436D6E484A,0.13539684216812617
CC_754694D8B58C,0.05343943373375052
CC_7546BE644D35,0.10538061630262792
CC_75503C1546BC,0.16765287484414865
CC_7554A03876CF,0.29698452180572343
CC_755686810F42,0.3380641780402258
CC_7557DED01D95,0.06269196862854379
CC_7558E930BC61,0.6908171148974316
CC_755B5B811458,0.16824035641318708
CC_7560491CB3CF,0.15453054866989085
CC_7563F65D5EF8,0.19331485227585157
CC_75643FE75B19,0.5413155911662294
CC_756B6D38C25A,0.3471009206688256
CC_756C71838329,0.0644205911009438
CC_756CD9BF9519,0.08099031905870278
CC_7571D6BC8D35,0.30083279841336225
CC_757366EB3851,0.28003281588620926
CC_757F38E0D1FF,0.230634555430486
CC_75805C66D322,0.06003789326105454
CC_7580A4C0154D,0.042421220181762316
CC_7581029AB58D,0.17839664628398472
CC_75836AA41529,0.10351094125975102
CC_758BEAE6FAAC,0.25972427561354205
CC_758C1F1E8C48,0.25155753767172023
CC_7593434EEC05,0.1102854711730901
CC_75962314F66C,0.20485483280895286
CC_759A036DEE72,0.04590380825307333
CC_759BE4F26FCB,0.2131300778635991
CC_759E668C117A,0.11489514094409989
CC_759EAD1BD1E1,0.1851640740592751
CC_75A017C6408D,0.29440874885019175
CC_75A6FD4B3CF9,0.07099833134493394
CC_75AABAF7AEA4,0.04538535912748375
CC_75B755891900,0.10503509917933615
CC_75B771EE677B,0.06029187712730429
CC_75B81DBAA1F1,0.6492134900577181
CC_75BBB0766E4D,0.09302557980105278
CC_75BD543D05F1,0.18809077853525843
CC_75BD6F075E74,0.7767056559993086
CC_75BDB6153238,0.12552672405167548
CC_75BE39D4D04D,0.13106318749969928
CC_75BE7C09AF96,0.5877412508989426
CC_75C53449D957,0.6508523674993
CC_75C562414B47,0.15508380275517064
CC_75C93950F1AE,0.05200047677320248
CC_75CCBC0DE001,0.12767311380468077
CC_75D20A8ABA7A,0.26502126570937096
CC_75DDCC22589D,0.04996495839355035
CC_75DE7BF6470E,0.07289662081657598
CC_75E01A79543C,0.10531806636366196
CC_75E21BCFFC22,0.09931159474731757
CC_75E33B027F7C,0.06640462266100661
CC_75E79BCA96A7,0.2958690379684727
CC_75E8D5971B45,0.30376905347163274
CC_75ED3B3959D3,0.44682039405867513
CC_75ED3C769A32,0.1985411713215241
CC_75F232B66237,0.08853908547423
CC_75F49E9053DA,0.06819368450215708
CC_75F800FCDB9E,0.0411864246003027
CC_75F8523D69AC,0.15266751822776425
CC_75FBFE63EC5E,0.0683345542790931
CC_75FDA73A68E9,0.08930325194632924
CC_75FE20AF1BE6,0.2254717104077899
CC_7601F194310C,0.047398328012783805
CC_7605062B0B94,0.10722618835872004
CC_76050CC6228A,0.08579877672497342
CC_7606B8BFE29C,0.2911169639998155
CC_7607DD0F714A,0.06357660201054166
CC_76087D32BBFF,0.1832053107962573
CC_760B538B6A7D,0.4458152125305957
CC_760E2D6E30E7,0.13311353478636886
CC_760E48AD6228,0.33191081055303656
CC_761098F7E57C,0.7380516901268301
CC_7611DE9C93C4,0.06918801803811889
CC_7615ADBF0A44,0.21719051540383316
CC_761DC0D49C10,0.08159090519376273
CC_761F84453931,0.15892784899187581
CC_76260D3CBEB0,0.7149213750498684
CC_7635B8F78D25,0.2477403673240124
CC_7637B6A86F32,0.8007020178739687
CC_763918ED9C7B,0.08210650850586326
CC_763C54CE7E30,0.3406889829230816
CC_763DD28FFC0D,0.10095225819261917
CC_763FCB0EB559,0.1177875488954339
CC_764018D2D96B,0.04631234664613059
CC_7640207D6E2F,0.26642237803704955
CC_7643DCE0ACA6,0.10913662835066529
CC_76475041AEB1,0.04883019344838474
CC_7649F10A6261,0.6651541839288739
CC_7652973E6EDA,0.7265623449919111
CC_76542009ED59,0.6766110249346853
CC_76551F3BD804,0.17330249757079072
CC_76568A6F635C,0.12382118819293939
CC_76584D2E330C,0.04849789348013915
CC_765B20096A61,0.21023816292752118
CC_765E07BA9969,0.19603970571409393
CC_7660185EF44D,0.18857967018931177
CC_7661C7CD14D9,0.17618031819173338
CC_766455D1D3D0,0.5253524417807738
CC_766471A171D9,0.14244176991845742
CC_766B70DE8370,0.11496210917047345
CC_76708AB37F87,0.21344707087447107
CC_76719373ADBF,0.13378169496076917
CC_76742ED9F408,0.18242340811235386
CC_767660303A7F,0.44496333461705556
CC_76790BD4207C,0.09276083998272441
CC_767DE89F76B9,0.30203649602996163
CC_7682BD98A0E3,0.0656722869903807
CC_768853FB2E53,0.1644527821564398
CC_768B74FFCFBC,0.07540830281746584
CC_768E7D1B0193,0.1630597873403951
CC_7694286E19C3,0.048782200361036976
CC_7697D9D99F00,0.05802307894257559
CC_769AE63C7B91,0.37664245738675517
CC_769AF9EA17C9,0.19085657612992796
CC_769E2EBC893B,0.6474512229558346
CC_76A0608EC3DC,0.16868781021631968
CC_76A3562F9A02,0.24428726760333905
CC_76AAD59B9B87,0.1903535791175391
CC_76AD83147C95,0.18236317997624416
CC_76AE30B6449B,0.5779496010389373
CC_76B2A39A46C1,0.04895126763104601
CC_76B41F3CCC53,0.15047095490643717
CC_76B4D26AF9AA,0.29111198318209486
CC_76B56B4EE42D,0.18783289403310222
CC_76B90C1D7082,0.16315614506885492
CC_76B9D93DB39B,0.22367842934950258
CC_76BCF55C269A,0.14613369400769147
CC_76BF199F68DE,0.10020471911619495
CC_76C30BA02BA4,0.06169193553129042
CC_76C7CAB984B3,0.28040011353305055
CC_76CBB90BA659,0.13267064515653335
CC_76D4AE81ED3F,0.07125250390110696
CC_76D5D54ED9FD,0.0909773488889895
CC_76D913979B02,0.06739893667452557
CC_76DD58892058,0.32115933542303776
CC_76E14ED571CE,0.05432795059985747
CC_76E35EC75BE7,0.24532831334695798
CC_76E73F88D60A,0.22234931827859672
CC_76EFF513326F,0.08571323255959111
CC_76F204074848,0.059807624191273744
CC_76F2A6831B65,0.22034304330501123
CC_76F559D8CF25,0.18661007569292387
CC_76F6AF008B6F,0.6774743399139606
CC_76F8D6CCD70C,0.16655415838612947
CC_76FA5ED8C0AC,0.17477794122402582
CC_76FD05C2D4E1,0.32226691556283804
CC_76FD7A1236BE,0.08420025355677876
CC_76FF46BA9696,0.13235870950036627
CC_7709F92F521A,0.16089344099277397
CC_770A0580ECC0,0.1767245954620156
CC_770BB54831E9,0.13003072820157258
CC_770BC24EFE8A,0.3419621501514825
CC_770BF659B4C2,0.11740058688599911
CC_770CA29C2CC6,0.14149342473141274
CC_770F334857BC,0.08442126391950004
CC_770F79072F81,0.6777595065720298
CC_770F852F85F1,0.20583742168925956
CC_7713A2D2E4BC,0.29737040383920105
CC_7717FD2D5AB7,0.03337200441089641
CC_77185E6B5117,0.2755237707078909
CC_771C100F7D3D,0.06767970685258187
CC_771CE5EF1CA3,0.046856421176628554
CC_771DB4C84C72,0.7885520439262519
CC_7721F80300D3,0.6447216907650132
CC_77240000C4B4,0.11144199393953161
CC_77279B69212A,0.1331769512877174
CC_772CCC0E0030,0.7160996577857065
CC_7732A6F04CF3,0.7105330536628826
CC_77339E51B205,0.7012526772585571
CC_7733A03B8E73,0.11248358302042409
CC_77348BAD853C,0.09839344044225087
CC_77375A29B8E1,0.15186817113090043
CC_773903228887,0.11310835634827557
CC_773B0904F93C,0.7095038652154307
CC_774766A0A6BD,0.13732955799801824
CC_774CCBB563C3,0.35608757536556657
CC_774DDF472B19,0.042555483536276625
CC_77534F53FBF7,0.08328799182696453
CC_775A474B0139,0.7498592933950681
CC_775D64EB7ED9,0.2569069617316921
CC_7764FE240C51,0.17257375634384733
CC_7767191FAF1E,0.14494641802663688
CC_776AD12EDA0E,0.17054511261543046
CC_776BF54223DE,0.5175247881256015
CC_776CD68A2ADA,0.6875435847431481
CC_777065F66489,0.12797297641214067
CC_7770BB184369,0.06296237541526419
CC_7770C7113315,0.12082854983433948
CC_7771621ACB9D,0.08818163652712344
CC_77751DCBFFBE,0.21235750640541964
CC_7775BD415A7B,0.0948628112521002
CC_777C994E07B8,0.07701006194064855
CC_777DCBE650D2,0.3625834833996791
CC_777F4E129651,0.6747635349339205
CC_7780812F2CDF,0.13923620712456947
CC_778332023EAF,0.052565862006353145
CC_77898C1FC099,0.3572123943060971
CC_7790BB425891,0.04654568836260457
CC_77911B19E200,0.14937533382338627
CC_77938AD61EA3,0.06518946665761038
CC_779466F6B626,0.08654575629176973
CC_779622EF85F9,0.17946838296144332
CC_779E56178E7B,0.6269284668707563
CC_77A20A8D98D8,0.1638884672606033
CC_77A28B281C31,0.06546740442048557
CC_77A29EB2E715,0.138704343689604
CC_77A2F936A9A4,0.08165238425178413
CC_77A51F9A6F4D,0.2843999338595956
CC_77A72F42BF53,0.0489769346795285
CC_77A776AD6284,0.11748351055273165
CC_77AA83A12CBD,0.21057071207166275
CC_77AB63EB23DF,0.04203610952110106
CC_77AC2350322C,0.5945926326477816
CC_77ACA8B07B45,0.13580861720710585
CC_77AD03870441,0.11335821215781886
CC_77B3504AEED8,0.0456725439222752
CC_77B6357B6A73,0.04963061435775363
CC_77BAE9AF99EC,0.4505462861141877
CC_77BB7E6BE8BB,0.03898045929835451
CC_77BF46AF3859,0.19323313050805516
CC_77BFAA0C00DB,0.05479608646607169
CC_77BFF0177A5D,0.4700040003340236
CC_77C1D0F2228B,0.36361145159964764
CC_77C39BA494B1,0.07244599909925174
CC_77C50FF98FD0,0.8130175435734301
CC_77C8AB4B72E2,0.21520224455577736
CC_77CE8111BB70,0.7689537451759916
CC_77D4FD72BA4A,0.16847664065349205
CC_77D8EBC1E325,0.1471868002211295
CC_77DCEEAEA600,0.1607230545713622
CC_77DD3F221CE0,0.11884881591689736
CC_77DDB7CC4E17,0.06032973764310945
CC_77DEAAD7675D,0.7867919313437339
CC_77DFEDB03AA7,0.20630764111759406
CC_77E14B07A8C1,0.13881735725908667
CC_77E24E11BDB5,0.7497120927390433
CC_77E9B5117FC4,0.06408351278310889
CC_77F0B575D02E,0.2771390681096464
CC_77F4CFE5D1A2,0.12224328531281399
CC_77F63A695094,0.2529353517209789
CC_77F85AF82CED,0.07001579990036724
CC_77F9BC929379,0.14504992745554715
CC_77FAE55C9677,0.06733275526286255
CC_77FB6525D80A,0.4354138349984279
CC_77FCC5A3CA13,0.7776169092272485
CC_77FE10B20E36,0.3028685075397104
CC_77FE56ACC494,0.1266966219273269
CC_77FF1DD0B75D,0.1807076596178538
CC_78010F5FFDB2,0.0800947196891545
CC_78109C2115AE,0.15171771546057347
CC_78119B4E732C,0.05383424602468395
CC_781373D123F1,0.08387756491501311
CC_78176A2F7CF5,0.04034420460031815
CC_7819EF49AB71,0.0803759683098064
CC_781A24FEFC50,0.1598467669802167
CC_781BDEB35B82,0.08212693461246293
CC_781BDF019374,0.172647366351582
CC_781F860DDD24,0.04057772895273679
CC_7830E80932B2,0.11362944226756713
CC_7833CD370245,0.12174997183705454
CC_783692068E23,0.10293606330256697
CC_78399E6B7FCA,0.15459978433928262
CC_783A0105A7E7,0.5590553748866312
CC_783C939A8A4C,0.05701381322497193
CC_78439CCEC51B,0.13304950531404652
CC_7844757EE3A0,0.7843042423755916
CC_784496FE87F9,0.2911111206474385
CC_7848D50BA0C9,0.06863706104398667
CC_7849E7EBC389,0.4255911027478427
CC_784F5C232246,0.26854546836813475
CC_7850B8814744,0.7602668387798005
CC_78510A1F493F,0.5345619096108589
CC_785213184145,0.15314356717281047
CC_785DCE2B695D,0.06112747064075352
CC_785F4C726988,0.04512972521306458
CC_7862CDD1178D,0.11188488351734069
CC_786708471B8A,0.05982656121674711
CC_78673E47CF86,0.07100433018135503
CC_786E9E47580A,0.061478402361452245
CC_7875098A2F10,0.12154059726317808
CC_78768CAF31DC,0.09287934186657734
CC_787A13F44B03,0.2545224913593994
CC_788423D7A203,0.14990372714770647
CC_788A702179CE,0.11995280764724717
CC_788BD5640D04,0.057063082751385316
CC_789686C59325,0.052009233596401326
CC_789978E89FE0,0.048069501862655975
CC_789A5A9064F6,0.1431335908314851
CC_789BD86BF11F,0.6669305356807869
CC_789E94797F0A,0.11215613363891039
CC_789F20CF4E5A,0.06536545936722502
CC_789FA66D34B4,0.0790216932261845
CC_78A34DD9924E,0.1320920491216177
CC_78A5A387F20C,0.09692819384404175
CC_78A9BAF1B72F,0.2886295069205745
CC_78B1BC3AA6FD,0.17157807045194579
CC_78B20C57F6EC,0.03401702739484942
CC_78B6483F1716,0.105530826321136
CC_78BEFEFFF92C,0.061617549476622416
CC_78C03C1DFD15,0.18371005839604831
CC_78C08678177D,0.07866427209937624
CC_78C5409B8B9D,0.11811111552117348
CC_78C6444B4D8D,0.05102933297002592
CC_78C733F222DE,0.1075261236671708
CC_78C7B1B185F8,0.1779980209168543
CC_78C80E089F55,0.17690899701366553
CC_78CBD0186A56,0.1664973064455249
CC_78CC72F7F893,0.1990377840321259
CC_78CE12CE774F,0.16138379000975106
CC_78CF1276F439,0.22488994205869733
CC_78D0072BD559,0.1379154260063871
CC_78D40B7E0001,0.04467081089415724
CC_78DA9FB2EB6B,0.0872709099882961
CC_78DC40549336,0.34048226354928557
CC_78E0C6E07478,0.12108750905827063
CC_78E5CA7C2585,0.2865277224339257
CC_78E5DA164A12,0.10874499922603045
CC_78E5DF69BDDD,0.5216841834310763
CC_78E7E719DAA6,0.13181710034977107
CC_78E811BFC652,0.05054927926367077
CC_78EA5BADD8AF,0.17190281423516066
CC_78EC1DADEF0F,0.14317701311835368
CC_78F007052963,0.08003149368606985
CC_78F1B59484BB,0.319731612355957
CC_78F3A3F11BEF,0.07263106458452355
CC_78F6DA8A6590,0.6023965898370578
CC_78F6E1930261,0.20270970794758908
CC_78FD56EADFF5,0.05616589645664941
CC_78FD8CC3D4EA,0.1286013560659071
CC_79002A7E89B1,0.5331596006974018
CC_790402E398B1,0.08729873343635614
CC_79067F7401F7,0.1290170533074771
CC_790CCAA7B0CD,0.08180947352919044
CC_790D963D77D4,0.21255920915437096
CC_7911633964AC,0.13551535180538882
CC_7914638BFD46,0.0978642761412771
CC_7916DF2ADE9F,0.1870723488867157
CC_791CA1CC32E9,0.29627229543831435
CC_791D1A5BC1DF,0.4303248514558001
CC_7920C5B69EC7,0.1420515766224349
CC_7920D6F4AC0D,0.07187321611297273
CC_79235586C7EB,0.21588652404900022
CC_793229DDD90F,0.7046626247344452
CC_793589C27E1D,0.11364940337783166
CC_793A1AF07F9A,0.794974381651064
CC_793A747B47A8,0.05506555802879731
CC_79426EA563D2,0.1624184553542299
CC_79433ED461BC,0.2117681562479607
CC_7946ADA661EE,0.054816138496495435
CC_79485D003BF5,0.6491457319029355
CC_794AE2B05025,0.07095235032270189
CC_794AF33FDF6A,0.1104594660905102
CC_794CC37E6BC7,0.1320885513796367
CC_79504A76576E,0.1981947581992261
CC_795439388051,0.2687741659269922
CC_795BF882A157,0.6173261862889416
CC_795D5FF1DA24,0.18259047643409848
CC_795E5F16B25F,0.547476737476612
CC_795EA9940909,0.2236324841379726
CC_7962BE7BA95B,0.150523831190493
CC_79652729501D,0.08542012073842246
CC_7967480F85AD,0.7177412269936531
CC_79679E2F7C0C,0.0492756067387107
CC_796B852ADF17,0.06850904565385306
CC_796D5433F03F,0.7681408483116335
CC_796D7E6832A0,0.2524712141879193
CC_797055F5A1CC,0.12051951386642952
CC_79709C41D234,0.13982303666667376
CC_797306AC9262,0.21955204015663835
CC_79733503D857,0.22465409874146972
CC_7978F00AD4E5,0.4850633733331435
CC_798223AF546A,0.12295786497633984
CC_7983E3430B99,0.11220034642768481
CC_798664E81259,0.4632601618274584
CC_79869CCA9414,0.12960315699094085
CC_798FC91284D1,0.1422071540599852
CC_799095EAADE4,0.3087735776459312
CC_799203D25EBC,0.20134561233066686
CC_7992A1BC1755,0.07571464314818223
CC_79931E4D7D8B,0.4302046703363372
CC_7993F1B2F4C9,0.26414192490441163
CC_7996C41EA22A,0.0864922326074715
CC_799B014DCC41,0.10963057507575333
CC_799BECFA2B05,0.7513544519878511
CC_799ED26CDD3F,0.41218754091487986
CC_79A158862745,0.09856974774321221
CC_79A1A4DB704F,0.4269032871238786
CC_79A6D8BD96A2,0.0590777591595242
CC_79A71A21500A,0.6631510592283341
CC_79A88097A81C,0.06910068856173661
CC_79AC7FEEAC81,0.1007225022082325
CC_79AD684316BF,0.661358476810232
CC_79B1EF3B154E,0.6663061000290218
CC_79B222892FCB,0.14726191744408051
CC_79BB9408D389,0.06844773923310751
CC_79C0C8FBA9D6,0.09429715431508238
CC_79C250C88F83,0.056378391245354376
CC_79C5046F6E7A,0.21919836216085087
CC_79C6B44005E2,0.6462259324632924
CC_79C861E35F91,0.2236741614803685
CC_79C9B3459852,0.06108634708835563
CC_79CDCAB6447C,0.12633156532600415
CC_79D22B4B36CE,0.2448304895716741
CC_79D25EFB0E2B,0.04590168372187715
CC_79D2A5E828B6,0.05062413634133391
CC_79D51B427AB2,0.29662220999585653
CC_79D77859453A,0.06095046404482163
CC_79D9CFE27A48,0.40855678715705795
CC_79DE7F658F49,0.4765965105869034
CC_79DF83F78D32,0.7353059130775765
CC_79DFB9B07A8B,0.13018053761105602
CC_79E1CF345486,0.043077899448960906
CC_79E2A6041B0B,0.12914160409223463
CC_79E33CF583C1,0.21896306856167666
CC_79E3F809CC15,0.1383777662984796
CC_79E73D8EC073,0.11182192583278146
CC_79EB6EC324CD,0.07669092407367897
CC_79ECBEE287AE,0.22386882342275932
CC_79EEE1EFBBA0,0.10523575819729789
CC_79F7D864EE33,0.5164578599935417
CC_79FA8690AFFB,0.1935438265173356
CC_7A07A033899B,0.17919852776401268
CC_7A0CFB9EA5DE,0.09704916280951251
CC_7A0DE7C21CCC,0.047664860206142114
CC_7A0E0A118FBA,0.6374811245041035
CC_7A130A86E1FE,0.1903357037621393
CC_7A139260E925,0.7216399072980393
CC_7A13B98B1394,0.32349993182261916
CC_7A164FB665FC,0.07666949925703029
CC_7A207150D67D,0.13952625831991555
CC_7A20DFD09504,0.06424829772692468
CC_7A23774E851F,0.1683138106774826
CC_7A239068F94C,0.3548220677158894
CC_7A262D1F1874,0.09243601783396752
CC_7A279DCAD395,0.06258108147300505
CC_7A2A294B33F2,0.04566112754946159
CC_7A2C8C837D15,0.06581669528850558
CC_7A32F52EF80A,0.1828192627851606
CC_7A349E5FFD12,0.13584310305271285
CC_7A3504AFB302,0.6304230970581595
CC_7A369D37D6C0,0.20167736130325017
CC_7A36F63AFB85,0.12069535329322267
CC_7A39798FA320,0.07237179174404908
CC_7A3DB02CE66A,0.2277561756624869
CC_7A3E2690A049,0.03876245622956965
CC_7A3EA5635835,0.5537651180177892
CC_7A44E01FC5C6,0.13250556856357748
CC_7A4A2A077905,0.12290638390442692
CC_7A4A31162706,0.1811731999351461
CC_7A4C8F85AFD9,0.6767318850142512
CC_7A4CB82DFCEE,0.16817004965486065
CC_7A4E72D07C98,0.05429933221144105
CC_7A518DEDA305,0.31733650961263327
CC_7A52414D8378,0.32745468630017294
CC_7A54712FC095,0.3465316038167019
CC_7A5495EAECFC,0.1376432716852982
CC_7A5F0BE711DD,0.4331844688179885
CC_7A60F36D8D1B,0.6358218241865449
CC_7A62079FDCB0,0.13043470370913618
CC_7A666B208A59,0.10973952056032503
CC_7A6ABFD973DF,0.05011045066458658
CC_7A6C03E1A70C,0.13952349640643819
CC_7A6E605CB25A,0.6531027276812267
CC_7A6F7F029618,0.051851560846269094
CC_7A6FD388748C,0.5706765878436764
CC_7A7212BF92F3,0.10375122978766667
CC_7A73FFC7A94D,0.24587791951314086
CC_7A769E1502EA,0.0885588572147373
CC_7A793BB816E3,0.17580372944377448
CC_7A7A4EE08469,0.12785187904694598
CC_7A7A94D65411,0.07223440100975366
CC_7A8094094E48,0.7335263412938354
CC_7A81AA7EFF91,0.2233723379386685
CC_7A8A1CA36F79,0.7668967010977523
CC_7A8F9323180A,0.16950948600518267
CC_7A91CCE0D106,0.04832862498051953
CC_7A9211892C37,0.6503180328579392
CC_7A94AEFDF7FB,0.3655417914321349
CC_7A94CDFEEBF3,0.07670643785348248
CC_7A98838E9D2C,0.0484597215239093
CC_7A9B173ACB9E,0.06255529343628696
CC_7A9CDB1FC516,0.13169465993065427
CC_7A9F4E52D720,0.07144250242606581
CC_7AA027D2E854,0.11443586363141005
CC_7AA7DD0778AD,0.05848617043493291
CC_7AB3EE4002B8,0.2338555488456655
CC_7ABA77780139,0.09278226813184695
CC_7ABA7AFA948A,0.04486955132854636
CC_7ABA96ADEBB1,0.7914867379468572
CC_7ABEB07730CA,0.25160466712852525
CC_7ABEBB434673,0.1095631192898209
CC_7AC50E981067,0.22289089051613314
CC_7AC7E522EAB8,0.5843357944821518
CC_7AC98D9E8AE3,0.2388313497742165
CC_7AC995228421,0.5627302518777934
CC_7ACA71042EDF,0.0459893180944262
CC_7AD0EE24A90C,0.18229059375501835
CC_7AD2A3C3888C,0.10694409378227847
CC_7AD6820AE34D,0.09834346666825317
CC_7AD7F30FA12E,0.17481542199287664
CC_7AD99E83E3D7,0.42840307460919513
CC_7ADD4E1B53F3,0.16152646273244772
CC_7ADE1531A4DA,0.08047527855287058
CC_7AE0020ABA45,0.18387733771952045
CC_7AE28274BA59,0.133237211530343
CC_7AE3E542C7A4,0.22764755353378185
CC_7AE465A31D8B,0.7348039280279031
CC_7AED6EC98906,0.21579107577012735
CC_7AF357926673,0.4293685689202406
CC_7AF5720AF0C6,0.10559200615284725
CC_7AFC4B6E7D21,0.6001334220832761
CC_7AFCDBDD6118,0.12007853212853432
CC_7B0A20EABF45,0.056907256465212296
CC_7B0E6E8AA16D,0.04708005214842671
CC_7B14ACEAC066,0.06682399073171123
CC_7B17B75A726D,0.25052726312510626
CC_7B1986F97D56,0.1104839102747807
CC_7B1DC88CF191,0.13906805646916356
CC_7B260F8E992C,0.07813325429295623
CC_7B3785DBC946,0.11244591340533543
CC_7B37D34C4491,0.39058951808636444
CC_7B385ADE5583,0.14011327433066853
CC_7B387DEEEBD4,0.320176195029727
CC_7B4BD740BDA5,0.13887528917466632
CC_7B4FB904898C,0.276846215579146
CC_7B511C695B53,0.044843406257127634
CC_7B53E0011646,0.18536784288536423
CC_7B54BB813D19,0.10424323577577203
CC_7B558DDF5B1F,0.22272370123796886
CC_7B60C83472A4,0.2995074044620615
CC_7B63D93C3537,0.16467614842798312
CC_7B63DAB6D493,0.45963556595953187
CC_7B6562AD0782,0.11318802631826179
CC_7B67B6807572,0.15950895358545866
CC_7B6A8C09399B,0.14405265920560012
CC_7B71415C30D4,0.06970398632653765
CC_7B73D42749CB,0.11018792804303157
CC_7B76164AAB07,0.10966970194409317
CC_7B7783C2D708,0.06772135516364224
CC_7B7A0C575735,0.10543367466577332
CC_7B7D09AB2424,0.14879412428240438
CC_7B81B1E86540,0.12031718842124625
CC_7B8DF90568D7,0.7533593029254672
CC_7B952D7492CF,0.059051056800161185
CC_7B963E24B442,0.07664225282847653
CC_7B9B5399EFC9,0.6140647527021701
CC_7B9F1210A664,0.5017250367822064
CC_7BA3FAA97C85,0.1931391186829745
CC_7BA57ACB112F,0.5115635944853963
CC_7BA6D5DC49EE,0.12809351666312088
CC_7BA7B72331D1,0.09125696143144527
CC_7BB085D22312,0.10272292154963103
CC_7BB0D4BA710E,0.17825536270099454
CC_7BB5BE23D550,0.10740723276043082
CC_7BB7BFC05D58,0.15515642080346456
CC_7BBCF37BCF9B,0.3211610477675253
CC_7BBEE42475C8,0.7227038632675133
CC_7BC001BD0E42,0.7095137310610853
CC_7BC01E968D11,0.7384877204166805
CC_7BC1A8DCDB35,0.21070334743023741
CC_7BC6B0AC8549,0.12265517690036716
CC_7BC7F6883CDF,0.1452150969676066
CC_7BCAA8D56DD8,0.4376336492322682
CC_7BCEE5E871E8,0.633140029160637
CC_7BD155BDAFAB,0.12218871418531212
CC_7BD3CDE63147,0.5348197137637689
CC_7BD47C18AC6A,0.12007643873548417
CC_7BD51BAA3A93,0.11006923954170436
CC_7BD7F53439F9,0.10646875639952783
CC_7BD9566D64DC,0.053034085210073564
CC_7BD9E38A7CBB,0.2442891506177423
CC_7BDC0F551838,0.06865497522924187
CC_7BDF07D204ED,0.0949723244775208
CC_7BE0FBE33AB3,0.17591967418089913
CC_7BE41428C460,0.12690871554294977
CC_7BE9CBA62B06,0.049265418805332195
CC_7BEAEE0E0F04,0.7058816576800954
CC_7BF20419194F,0.06890719461055796
CC_7BF37CD98F68,0.6757035719905511
CC_7BF415748214,0.24240845959466747
CC_7BF47F8658E8,0.18312078262064457
CC_7BF5EEFC1916,0.10543193796096273
CC_7BFB38240E74,0.10343837743577007
CC_7BFDC0A3E616,0.29998501060422067
CC_7BFE42336888,0.1495500838295375
CC_7C0087998C20,0.5577742480026423
CC_7C0103B86E90,0.12602465815958108
CC_7C0218F7CB39,0.10119348708561149
CC_7C022CBA838B,0.06722345932923553
CC_7C04C5193EB6,0.34792338668285583
CC_7C0A582A50B4,0.6335698733845644
CC_7C0EB7DD09AB,0.13356060334793105
CC_7C1081941C2D,0.08787120677088621
CC_7C135E0C350C,0.16969639719819235
CC_7C13903C037B,0.27913841667410855
CC_7C14385EE547,0.1032378981759535
CC_7C17680BD38D,0.11205810100056646
CC_7C1922B0A790,0.27116105195649803
CC_7C194A6BE7D2,0.08136113245209037
CC_7C1C4935DD4A,0.11337698321771827
CC_7C1CFDC659AB,0.20793076286989748
CC_7C1FD49B55BE,0.08945343092472839
CC_7C2254833858,0.20010077238720045
CC_7C2296BA2BC0,0.1441507797586084
CC_7C2604C72A30,0.21564117244606038
CC_7C27190E7E8E,0.08306447275690874
CC_7C27E621F26D,0.2074008322132662
CC_7C2CA0CDF6F7,0.14410817055881733
CC_7C2D4308738A,0.19080396767072183
CC_7C30F7A2DD0B,0.17457078411730004
CC_7C340220B3AC,0.12316697168025612
CC_7C3A18C15EB2,0.07318085654907844
CC_7C416C476FB9,0.6625688791506839
CC_7C42C57B3188,0.04319351500827268
CC_7C4691FD5816,0.08431799765147918
CC_7C4B54D9DF41,0.6815566470028022
CC_7C4E20F25269,0.09986336313346521
CC_7C4E4B311429,0.14325149155601624
CC_7C53966C65CD,0.06231846721372747
CC_7C56DA052C9F,0.0593026227018961
CC_7C58202C2FF1,0.15929271003770457
CC_7C59FB6318F9,0.5877047786291225
CC_7C5B46B5CCAF,0.15679022366477374
CC_7C5C942DA3F9,0.1968849053218134
CC_7C5E009DBB8F,0.08716864683901906
CC_7C5FA072FDC2,0.2206417689343491
CC_7C62A20E8CD5,0.15578181724350132
CC_7C6652DE1142,0.19362708962575564
CC_7C6EE4C6EA69,0.29439582202127734
CC_7C6F5C237B9A,0.22585730699025838
CC_7C7653BB17B2,0.5441440129096724
CC_7C7794933665,0.18778125804821844
CC_7C7829AD46E0,0.11491803195792578
CC_7C79F9A5809E,0.16796803127351495
CC_7C83C07EFC0F,0.26090264695036186
CC_7C83E9232C67,0.23065419155498695
CC_7C83EB0AE1F3,0.12576018290387064
CC_7C8586DA7066,0.22176958612607844
CC_7C88709957D4,0.20833029325515176
CC_7C959962854D,0.09662704734113088
CC_7C970A94D5E2,0.0480605296702084
CC_7C9A6E4EF0BB,0.24415134738252253
CC_7C9CDFB269BC,0.04314801347529255
CC_7CA035F15624,0.22882123831352374
CC_7CA05AA22DCD,0.11021701560463211
CC_7CA4E578DE34,0.12984525097368016
CC_7CA673788D33,0.17705642020148843
CC_7CA73CF2DDA1,0.17566082247212617
CC_7CA85F67B5DC,0.33981015472252113
CC_7CA86004B844,0.1615314360984141
CC_7CABA4EBE62E,0.06594136848250602
CC_7CAF331761BF,0.048453968533622195
CC_7CB08E2F8A78,0.7544390093147139
CC_7CB1413ECF02,0.20674445819151616
CC_7CB17532D3E5,0.1341559974684497
CC_7CB1E74A7C9E,0.0761942508159266
CC_7CB2C50185F4,0.3581203510143997
CC_7CBA90806C84,0.17130010571794035
CC_7CBED6EA85D3,0.1133886949309055
CC_7CC0C7C9692D,0.12658512889630857
CC_7CC1D5B1F8B3,0.04321632473277291
CC_7CC43B47C2B9,0.822846756837226
CC_7CC7C93F94B4,0.06306359224034072
CC_7CCEA6BD51FB,0.22646525153982783
CC_7CD1FA278B26,0.197889551089176
CC_7CD9EB1DE627,0.07030763598830789
CC_7CDA4323FDF9,0.07064447549442268
CC_7CDF501EA143,0.08563396252905901
CC_7CE09F9E5112,0.06920117677530273
CC_7CE2F784A666,0.36107054090177665
CC_7CE532774012,0.7946020003990406
CC_7CE572CFF953,0.04813700535476632
CC_7CEBFC19191E,0.1872973304002953
CC_7CEE68C9F8C0,0.04681890171087569
CC_7CEFCC809A46,0.1410459389780222
CC_7CF0A2986F18,0.09427654436957632
CC_7CF21E8649DD,0.5158631406418662
CC_7CF240376148,0.11450506745565936
CC_7CF25D8CE0D0,0.1940471746363343
CC_7CF352A56994,0.04907856836159148
CC_7CF35C1C0105,0.045241581007093835
CC_7CF49CD1681B,0.15000278708128162
CC_7CF5B25AB2FC,0.06556843344309406
CC_7CF6E9015D1D,0.17246725894743492
CC_7CFA23EEC2F6,0.06730732136341688
CC_7CFFE9BDA008,0.21038062961859244
CC_7D00DEEC59F7,0.09770223429093902
CC_7D015554F9DE,0.16618010232115601
CC_7D01C35513AF,0.07601249005870321
CC_7D03E3DB7F97,0.66596546697653
CC_7D1166DB1B08,0.18363224543817142
CC_7D14B47A26F6,0.382403341292408
CC_7D175B134A53,0.04211390242602283
CC_7D18950A3E46,0.45243621867856093
CC_7D19C2EE9340,0.06822097806438802
CC_7D1B28EDFCDF,0.17436743611032768
CC_7D1F04EB9253,0.6919321541260105
CC_7D1F9D955A8E,0.08639544996893431
CC_7D25003DA7CD,0.1926734163194425
CC_7D25757FAD25,0.18811909542521837
CC_7D27BA4650BF,0.13589724135170006
CC_7D2A7462E04D,0.09105700264092288
CC_7D2CA2AA1DFA,0.47412486232851914
CC_7D2D62A88DAA,0.13462809023593986
CC_7D2F50645DC2,0.18260397325480698
CC_7D2FCF929468,0.15800661569741514
CC_7D3036ACBD2B,0.05626618943667174
CC_7D31DE6B0DFA,0.1293577082318236
CC_7D32A09A90DE,0.16831702398197096
CC_7D3AD4DC8018,0.4759825749491444
CC_7D3B7CC40D55,0.14551528025929936
CC_7D4059118027,0.09005662710953136
CC_7D40883593AA,0.12987712249493052
CC_7D42DEEF91C1,0.6594626946090916
CC_7D42E04E1F1F,0.1844475292334115
CC_7D43B6546972,0.21805266741777793
CC_7D447F8BD94A,0.7314271201877706
CC_7D4670E68BE8,0.06906473659561589
CC_7D4728794F2A,0.22393057790083878
CC_7D48EC19C177,0.23392221143063216
CC_7D48FDBC7167,0.17571396719007087
CC_7D4934BBAD6E,0.16348609443747453
CC_7D497B3F745C,0.1526495686546226
CC_7D49E9E16B70,0.25411396225961697
CC_7D4DD8CA7A98,0.08161129642369126
CC_7D546A6ABAB9,0.3378208409700069
CC_7D54843116ED,0.13106855413822074
CC_7D5511B666FC,0.6567241241828852
CC_7D571301DFE9,0.13335881848176373
CC_7D57AE094AFD,0.11174823007987822
CC_7D590B73ACE8,0.06980503982667248
CC_7D5BE48BFFB0,0.22837833647824798
CC_7D5D9ECFB3F9,0.11681108654389667
CC_7D62523AF7E2,0.166949902147507
CC_7D66D5D4397D,0.05735133679284828
CC_7D7139C9BD88,0.14034418931543993
CC_7D76141DE78D,0.08749016340877762
CC_7D7A03CFF2FA,0.14952973794710417
CC_7D7B0A1FADA7,0.09685640091647078
CC_7D7BF6113AA6,0.1329690230702722
CC_7D7C1FB645A0,0.049284876837012395
CC_7D800171DF2D,0.18341797111905478
CC_7D84B7549390,0.08851838029303083
CC_7D8BE30EFB4B,0.046230604397141925
CC_7D8C41BD0A78,0.06023481663180452
CC_7D8FBA36B367,0.2680366922730856
CC_7D92ED939B40,0.08187623065359492
CC_7D9A08ECBBAC,0.11373826219235676
CC_7D9AB8BC22AA,0.5417461153146105
CC_7D9FB6E456DE,0.6205951883025699
CC_7DA178E7359C,0.07834564442386442
CC_7DA517063F78,0.38130945252778725
CC_7DA92D6AFDF8,0.09389899260143189
CC_7DAAD0F31BBF,0.14030224676305916
CC_7DACEDDFFBE8,0.14418784551500713
CC_7DB2244411B6,0.732437333899227
CC_7DB4861B64B6,0.11604029007343855
CC_7DB6CEFD6D8D,0.20049423576461894
CC_7DB9DDD3A5DA,0.11037526931915045
CC_7DC1E7D78A79,0.11922551827331263
CC_7DC81FD42428,0.5315492402025326
CC_7DCDED690718,0.5252676277159944
CC_7DCF1563DDEE,0.08446546063806319
CC_7DD0D06C1FCA,0.13884363530033245
CC_7DD26C08C4A9,0.6228186242674615
CC_7DD2D78F8679,0.2630352534948753
CC_7DD4A9A6E4AF,0.15461921757078415
CC_7DDEB81434DF,0.13399466782433936
CC_7DE1666FA226,0.043544371475864645
CC_7DE276F50FEA,0.39382771367981106
CC_7DE3E015694D,0.7127509450567364
CC_7DE47E7C522A,0.06651221087756568
CC_7DE488D13623,0.056424144546569674
CC_7DE492115113,0.19275916748748198
CC_7DEA2CB14992,0.146928324365508
CC_7DEDB3FC8430,0.08299184217433142
CC_7DF31FA7E25B,0.03816731225140771
CC_7DF880F0B595,0.16604509847599228
CC_7E03D7483AB0,0.19982572147505093
CC_7E070A83E0ED,0.4286072360317864
CC_7E0D56F6DC5F,0.09811388085230785
CC_7E0F6CB1DF18,0.5964576022451262
CC_7E1036C6E6D2,0.3050110990419239
CC_7E1227A3D953,0.22420005255428377
CC_7E14D39F9871,0.15755541954347957
CC_7E17A95CB20A,0.12246580190079044
CC_7E19606F94D6,0.1608715319114419
CC_7E1F17A4F69A,0.2348969044295571
CC_7E2122F9329B,0.16720698424850583
CC_7E25CBE1A551,0.05362287185421669
CC_7E284E301DEA,0.177005694250518
CC_7E29A702C891,0.13471655762447585
CC_7E2F570FB198,0.0831170245957116
CC_7E3383EE989D,0.26139058807108084
CC_7E346F7202A1,0.07659503071930829
CC_7E3482FD7B94,0.37418727495739246
CC_7E35DB5421E4,0.1765300932212107
CC_7E3AB9B91A20,0.20502238395589142
CC_7E3ACC31BEF0,0.0609483407307347
CC_7E3B32BE21E0,0.1281161442005149
CC_7E43DC905EA0,0.1660873660861143
CC_7E459336C5DA,0.23139177545450132
CC_7E49AE22203C,0.05679778830661336
CC_7E4A0A9C9BA2,0.22713286529882376
CC_7E4AD619309B,0.051918378572304844
CC_7E4D42802054,0.06684204993321859
CC_7E504CEA3BFD,0.13583685167981696
CC_7E53F255BFC0,0.03977591098781478
CC_7E55773C6B0A,0.12282438081847806
CC_7E5FBD1D4397,0.21438508381852675
CC_7E615F9E9F8A,0.0626346208217397
CC_7E689BD02410,0.04613482919330956
CC_7E6D7F468412,0.2466716473497123
CC_7E6F9B7EC0D1,0.32598916646040166
CC_7E777040F646,0.07563698720299064
CC_7E77C31C1AFD,0.0465791108897695
CC_7E78B86CA8F1,0.5369672826460465
CC_7E7B0F718150,0.0904134112715408
CC_7E7C6A042A66,0.1140192523019909
CC_7E7DFACD8A7F,0.27158482586110777
CC_7E833855F64F,0.1007600811413955
CC_7E83BE9DD2B0,0.11545034220348349
CC_7E84A644B372,0.0637143341245154
CC_7E8701C8B9CC,0.15597416605445083
CC_7E8843266AC7,0.05843587439291374
CC_7E8C32042F5A,0.1699412380663121
CC_7E8CF4407085,0.062172511337726374
CC_7E8FB918C1A7,0.34411348759005256
CC_7E90DD88E9AE,0.5954367856332226
CC_7E982753B8A0,0.14877024261606864
CC_7E989F99D5C1,0.0825743531768322
CC_7EA034EBBE61,0.11040923213550224
CC_7EA0A63EEA55,0.22101582864876912
CC_7EA1F08CC24E,0.11102624869769344
CC_7EA50A141005,0.1919559107166987
CC_7EA6F0BE737C,0.05036591402413171
CC_7EA8C50ED6A5,0.12758208436364232
CC_7EAA539ACA1D,0.3623685099866626
CC_7EAC3181FE4D,0.09671535355495904
CC_7EAE623CD57C,0.09266238456744995
CC_7EB65C09DE9A,0.15015388645657854
CC_7EB8003E5B71,0.10551885702919009
CC_7EB938DD5ABE,0.11473861396568419
CC_7EBB6FAAD4F5,0.2827072509036318
CC_7EBB89621407,0.3438054258019913
CC_7EBCDFEE6B7C,0.284862433724362
CC_7EBD5B68AC28,0.704203574494582
CC_7EBDB049C6E1,0.1622856131830856
CC_7EC08A6D726C,0.4455310634077998
CC_7EC09E311414,0.07890755170998301
CC_7EC2C75BCB6E,0.1686787259705815
CC_7EC437260AE2,0.08030829190173884
CC_7EC5241B88F1,0.048513458951463154
CC_7EC7626D9304,0.1443789681625613
CC_7EC7BE95D068,0.06758674696531983
CC_7ECB2C8E558D,0.13801883695759673
CC_7ECE0233A9CC,0.10702320973253085
CC_7ECF7A15CDEF,0.24984608332770972
CC_7ED75B0563BE,0.10974570250877087
CC_7EDA3DD67B5A,0.560510204764775
CC_7EDA5842C46F,0.14631010140125267
CC_7EDB5227E9EC,0.07283170083966588
CC_7EDB8A8769C4,0.06353507175984942
CC_7EDECA48843E,0.33854086114382337
CC_7EE137A10BD6,0.7170165198009414
CC_7EE3C8409E43,0.23848323346856742
CC_7EE3C9028F86,0.3963783995159796
CC_7EE5450CD4A4,0.07721988808122747
CC_7EE7726B2A9A,0.08414018001461404
CC_7EEE384CC9B5,0.20847834098153134
CC_7EFCB28E21B9,0.3599509125534317
CC_7EFD195DBAB3,0.29334989664746214
CC_7F01355F369D,0.2180766945781925
CC_7F01C4E32DA3,0.11567031852675627
CC_7F0714834945,0.038846072127304995
CC_7F095E66F8F3,0.5290869800543441
CC_7F0E1682BE49,0.07824381622235002
CC_7F11AD1BF565,0.15808127488538376
CC_7F1DFE779C1F,0.4790705121040408
CC_7F1EDA0A89DD,0.4658975650740288
CC_7F209C5C69F0,0.12983979553972175
CC_7F2436F8D3FD,0.10631073308677257
CC_7F2757FFA3E5,0.08281338178311104
CC_7F2A20D2B2EF,0.08663038409546825
CC_7F2D314375CD,0.056315719316764545
CC_7F2EF826695F,0.05136903354909923
CC_7F317AC4D3C0,0.2423518587338746
CC_7F31D17AC29D,0.059134945267464864
CC_7F3515DC0B32,0.6848546065844723
CC_7F35722CA65A,0.07237196922904807
CC_7F3663CCF9AA,0.11857228622765315
CC_7F37BE9DA154,0.06846619172518341
CC_7F3D475140A2,0.18974466786077887
CC_7F40AD64A07E,0.6989964677938627
CC_7F428E9EACC7,0.2939147430844149
CC_7F4883C3E768,0.6852161976020414
CC_7F4C2D3DC678,0.07061276888445597
CC_7F5141ADA63C,0.7661608949096375
CC_7F5305ADACB3,0.06662100174516775
CC_7F54F0A0FEE0,0.1353977456270771
CC_7F5B2B748959,0.19901581214906885
CC_7F5C0649CDC8,0.07483889813602418
CC_7F5C816FF4CD,0.1447736256121882
CC_7F5D145A6A92,0.14152706230633247
CC_7F6100F21562,0.2750636727258736
CC_7F63898D1D4B,0.3988680517857942
CC_7F651C9125C2,0.24571464268281495
CC_7F681AFC0FD2,0.1267160957727386
CC_7F68DBF12692,0.6061184814928798
CC_7F6A19BE3AB9,0.1428169926735241
CC_7F6B645D227E,0.40980394691585725
CC_7F6EBD10FE05,0.13184496289855427
CC_7F710BB6029F,0.0783101867933128
CC_7F72E9BEC608,0.23887602646028241
CC_7F7B0C39A977,0.2855944250401666
CC_7F7EF7B37397,0.22941315161330328
CC_7F8020D844B8,0.35314847652022946
CC_7F835D23CE88,0.10806996360467772
CC_7F83E551B218,0.1416351041375359
CC_7F878C2ECEA4,0.15820213915251563
CC_7F89CC19CA71,0.20689391876913182
CC_7F8D9F4E5DD7,0.2036750455982102
CC_7F91ACBF8422,0.10410097255811204
CC_7F9337FBE219,0.07056845330290629
CC_7F94C38741B0,0.1976197151459609
CC_7F966BEA983E,0.20205964238255683
CC_7F9830EBA971,0.7574927455771684
CC_7FA21083FF9A,0.7253737030967458
CC_7FA2F086DA08,0.20891386601969125
CC_7FA4E77F6943,0.6381204255657122
CC_7FA6FA19093A,0.08753612892569776
CC_7FA708F27E6D,0.6352796394485235
CC_7FA82F26A3C8,0.1019964854212881
CC_7FAD77B06D6F,0.14991225263706243
CC_7FB3859D96FB,0.18177348825511638
CC_7FB5F366E42D,0.10249618201486646
CC_7FB8E01C165D,0.4714160524714048
CC_7FB9094A1CBF,0.1706326367226226
CC_7FC0A214662A,0.43925140378950367
CC_7FC14DD37133,0.5439056954347058
CC_7FC57CFE252A,0.1920285921811664
CC_7FC57FD13303,0.14672202651321922
CC_7FC84EFD9EFB,0.048026419946568366
CC_7FC91F51ED88,0.4376920335521789
CC_7FC9E6A68D10,0.13753637571643595
CC_7FCB0164338B,0.053917830491179
CC_7FCBC3D755AA,0.2508910454983957
CC_7FCC5BC34328,0.08974552523865068
CC_7FCE535CF8B9,0.0420757041115326
CC_7FCE6EE1D24A,0.09055431865567808
CC_7FD13C3104BB,0.5052476540043173
CC_7FD9B7C393FF,0.07530736109069931
CC_7FDA04C08C57,0.05485603338131998
CC_7FDC17237ABB,0.6337545506380433
CC_7FDED1017471,0.7266900643805008
CC_7FDEF8370FF6,0.2506742029606831
CC_7FE64A537BA3,0.4911300454237848
CC_7FF006AB718E,0.11957849429100957
CC_7FF07D195F7F,0.08802784888858348
CC_7FF249691400,0.1430632856020102
CC_7FF2C44512D1,0.11049292328521343
CC_7FF39B488D74,0.4517493261954
CC_7FFBD989F191,0.3242371943391814
CC_80049693FD2A,0.04081769509893078
CC_8008D9D9F99E,0.20145394617664825
CC_8018B73F7BE6,0.13049244613653274
CC_801CD79AEDB9,0.17231864926987187
CC_801E4B28D18F,0.09615816437353225
CC_801F49D3C717,0.32445893317170543
CC_8020C7D95AAE,0.21950604928387807
CC_8024958B90B6,0.16895432185652628
CC_802E147F7CA0,0.09838830960994102
CC_802EC342F298,0.052695030275035304
CC_8032B0BFD448,0.21042896388603846
CC_8034D25FA589,0.7432731498701208
CC_8035FBC45512,0.08153671191743812
CC_803860B575ED,0.06187029997223135
CC_803ACD5C4708,0.20190156479838056
CC_803BE9BF9BB0,0.10654957742697382
CC_803E5AF17274,0.1402071595403477
CC_803EE75F8E70,0.35036136692775094
CC_80449A7E7043,0.2607893674192643
CC_8046A5FCB01E,0.0729452670204896
CC_8046C8E17699,0.1866845612110333
CC_804895AB2971,0.16719899580486786
CC_804A7B3ECB28,0.0556910600375883
CC_8050568C0845,0.19557142701505728
CC_8053F274F0CF,0.1113087625137612
CC_805A12FCF7D6,0.11719270065060453
CC_805BC9BB9887,0.0846863390361287
CC_805F6791D4CD,0.07151528112647795
CC_8064FA316A59,0.17788954752668912
CC_80663C90FE52,0.19946988522968984
CC_806A3D14548C,0.08114528657846529
CC_8070D2758ED4,0.08216127133810461
CC_8073256F4AE0,0.2667746997978338
CC_80748CBD06F4,0.28250786984584825
CC_8079546A19B2,0.17482386837792407
CC_80797DE058CE,0.15102141312194067
CC_807B9F02D55D,0.07175479291261193
CC_807CD4C6962E,0.05412626233190817
CC_807F815BF916,0.0852965844353085
CC_8081146154FC,0.1477927655496796
CC_80845D401D4C,0.09129445652558557
CC_8084B67F0989,0.1929127167800876
CC_8085881394F9,0.05435743636248482
CC_80864B8AFCAD,0.06396704770503045
CC_80892DCBB821,0.31956821443024863
CC_8089F641AD55,0.1901828033882627
CC_808E2E9F135D,0.2159637192558448
CC_8092994EAB58,0.08750167945109924
CC_8093D5827DDA,0.09724038658577959
CC_80973AA0D771,0.13300329100409994
CC_809795E4FEA3,0.1396978612674629
CC_8098627224D5,0.587318645264294
CC_8098BE047A36,0.1608538336851152
CC_809BF70567ED,0.12475989691749437
CC_809D2F4CEB66,0.04478319005805117
CC_809E0C0369E6,0.35305614294215043
CC_809E148E215C,0.07215179256054241
CC_80A00159EC4C,0.6316322748209358
CC_80A3E703A05E,0.11568506299581305
CC_80A673C7F619,0.4149736789652537
CC_80AC3E821EEC,0.0737906257873663
CC_80AED316AFD1,0.3969928084507214
CC_80AFC763C66E,0.16247269645466952
CC_80B0063340B2,0.1874126402823095
CC_80B0EE947298,0.09059235773061944
CC_80B104DF00B8,0.10520644422156451
CC_80B301266F21,0.2327231270074878
CC_80B32EED2C79,0.060896721702273546
CC_80B63458AEEE,0.08775431222213763
CC_80B77981C0E8,0.10097057106213761
CC_80B88677EE5A,0.7325207054750056
CC_80B9F2F454BA,0.1921392070282037
CC_80BA37304E5F,0.7537931157238902
CC_80BBF83A986F,0.21395357911766708
CC_80C812F8F41B,0.38467758686180925
CC_80C9BE31077D,0.18313069698723172
CC_80CBEE89AE98,0.20385060399997745
CC_80D33E45C82F,0.7301051438055878
CC_80D495DCECD2,0.29692658154627727
CC_80D855B63268,0.2801653815172222
CC_80D90BAF3FCD,0.1308089626605375
CC_80E0EFE21833,0.2648615284856816
CC_80E31CDA427F,0.05997615439252835
CC_80EC5AD6F917,0.07282668897061427
CC_80EFC70F5DA3,0.13431587279049745
CC_80EFD078D0B7,0.33188884574954686
CC_80F26EFCF8BF,0.14849395614365876
CC_80F565D1A985,0.18353645738163002
CC_80F628074B58,0.08173199956728948
CC_80FEA638CFCB,0.0959975644106467
CC_80FFBE226BCA,0.4610855480320052
CC_810806BBBF03,0.04217490321938953
CC_8108EBEFF33B,0.7678373413943749
CC_81108FA9AA59,0.2611380364379775
CC_811145633615,0.0819585830338718
CC_81124E3126CE,0.22380872421237377
CC_811342C6B3B8,0.19859760984332292
CC_811FABF47646,0.23438697878382989
CC_812302A472AB,0.29283139237090544
CC_8124F3A93151,0.11080733382966787
CC_812A978A99F7,0.5296712442458191
CC_812E82DB72E6,0.12014000526866345
CC_81300037B7F5,0.11949468027846544
CC_8131E0A7EAD7,0.07418574986992503
CC_8133629D7AA4,0.1478835374524753
CC_81348A46999B,0.7276672299451623
CC_8138AB6A817B,0.09136456032778474
CC_81394153D68F,0.3436950643834608
CC_813991A8E98A,0.1337122793897454
CC_81399EAA5F81,0.0643010337451592
CC_814224167666,0.6683294170876217
CC_814442A6B4F5,0.083234173466978
CC_8147468B6511,0.21092554437607186
CC_8147EB63F4B5,0.18866009105449194
CC_8148826E388F,0.11073018030309863
CC_814CC0711E2C,0.13497140662294485
CC_81500D788784,0.0736104394192246
CC_81515A5E4B09,0.06910848500213537
CC_8153F4FD1399,0.4860009132731351
CC_8155689D2578,0.6265090223774799
CC_81559928DE06,0.14908849731327017
CC_815692CCC3EA,0.3809438509667561
CC_8157A2EBEEE4,0.07832344155049409
CC_815EDE57757D,0.1386917713457531
CC_8167D39172F3,0.25782299656756347
CC_81729FA3F7ED,0.14196323215583564
CC_817393EC4CE4,0.062051446519671746
CC_81747B22BECF,0.28357919517086655
CC_817604F0BA47,0.11116354066163628
CC_8176ABD82B21,0.13071228479254254
CC_817A2E67F841,0.08900226395542479
CC_817DDA761DFD,0.22346316945555805
CC_81811029DB16,0.8298732742445039
CC_81873180C1E4,0.12859051472207567
CC_8188077BCB45,0.10636826061932389
CC_81893FCA78C9,0.08011849820713011
CC_818D53E1EA71,0.6813387978296579
CC_818F6F3A96AE,0.3099748992717723
CC_818FD8C26684,0.2409974092989038
CC_8191557EE7CD,0.49219450391045294
CC_8196085184A4,0.05157356423348654
CC_819749F2D38C,0.3392385946258808
CC_819FBFF1AE70,0.12445598464939814
CC_81A0293CE59B,0.04118755565277503
CC_81A06F096871,0.17055673688990453
CC_81A6AD7422DE,0.05100503507879225
CC_81AA38A9E25D,0.20144978305174588
CC_81B17F3A8102,0.15404341331596655
CC_81B3585D4E14,0.12899871685470662
CC_81B411E3D0A4,0.11034802253984491
CC_81B54CFF9C22,0.08478971849749026
CC_81B5AA80E80A,0.47661981937895675
CC_81B9A6989333,0.5798836763451284
CC_81BB3541722B,0.16377682764514306
CC_81BC632A1A18,0.07678581124795653
CC_81C14C675561,0.12976150383245202
CC_81C24094C926,0.1634439000572974
CC_81C74F60D4F8,0.3324088845910901
CC_81C938374A65,0.04578365834221777
CC_81CB55C4C0DB,0.09390169525650946
CC_81CD43E3C7B7,0.347388689750212
CC_81CF171DF295,0.1615395272587922
CC_81CF590724FC,0.14977190672754892
CC_81D078A57BA1,0.08544247729188745
CC_81D3792907ED,0.1049478206105325
CC_81D3E644D5BF,0.04129818281229183
CC_81D4A8732846,0.12430604782015572
CC_81D65454D4D9,0.3767335244023925
CC_81D886D0E847,0.3157092629619638
CC_81DA26986976,0.10009394063206856
CC_81E037C20B81,0.14386420478107975
CC_81E0F5ADF9A3,0.6776674780943504
CC_81E279325770,0.22075146263851617
CC_81E40887F088,0.07987441108160694
CC_81E5A7C6C6C0,0.08487185058007281
CC_81EB3E88424E,0.05699063015328894
CC_81EE6AAFCF9C,0.09230381455085056
CC_81F74EAAE378,0.1409696417251594
CC_81FFF9A7E895,0.08844017620610715
CC_8205F17ED3D3,0.14361629181772606
CC_820ABA670559,0.17214376202093212
CC_82104AD50FDF,0.2631415573750259
CC_8213F978EF06,0.09996785469899216
CC_82188BCB113C,0.08619156790926435
CC_821D50C36B40,0.06441107860556486
CC_822006ABAE34,0.35178487835936123
CC_822215A18B8A,0.25317570370469766
CC_8225547BFA5E,0.13833805208236236
CC_8228E3D8AE3F,0.3143193124718984
CC_822D9738A650,0.16327290389069665
CC_823289FB2D9A,0.6918261596407247
CC_8233B170D3AF,0.14318208213290753
CC_823630D4CDC2,0.049721160338636224
CC_823DED01D8CC,0.13978152900315263
CC_823FBB8C3C8B,0.15666196779613326
CC_8247D60A5F96,0.47769231442998034
CC_8249C026CBE6,0.08449069579066375
CC_824B38B9F0BF,0.1227116297564304
CC_825054DF2B90,0.4685519930569674
CC_8258EAE0E577,0.29946780656668703
CC_8259A723C9FC,0.20038523943994874
CC_825CA7B45116,0.25184794691508566
CC_825DCFCC3B7E,0.22529441492816976
CC_825E32A06369,0.43781867598282875
CC_825FB731B4C9,0.042511692679528965
CC_82603363B9C1,0.048444929346465146
CC_82603551F6DF,0.1426545676434003
CC_8262790FDE07,0.23683827164171417
CC_8262D38AE315,0.15755695692658664
CC_8268316DAB93,0.0855916335325573
CC_8268E8D60C22,0.15202707084617068
CC_826B34C70F1D,0.036601030268904586
CC_8270C716AB3B,0.061931903589597916
CC_82716EA511A2,0.07743556700039246
CC_8274DE6446F4,0.09241565807174762
CC_82758D978087,0.0640638621206027
CC_827A6119DCA7,0.08218994286532313
CC_828909159724,0.15111625833616885
CC_8291DE14646A,0.09408333507941008
CC_82956C38F137,0.49105455850624835
CC_82960E2E1522,0.3526427415144752
CC_82993D89439A,0.2026784399738477
CC_8299FE1245D5,0.3202593348610492
CC_829AB601AE46,0.06184327910062783
CC_829BDD5DC6E5,0.13370760021144967
CC_829E2008C78C,0.06250360215667658
CC_829EB39D3302,0.6693086304513459
CC_82A02889767F,0.15288987282093688
CC_82A6C114ACC5,0.3543982605159113
CC_82A7471B08FD,0.2672747679357544
CC_82A75E9BFB26,0.08734376050795503
CC_82A825486EEC,0.11307670626355484
CC_82A9A132E478,0.1946420440634208
CC_82AC0CE03932,0.07948688734375599
CC_82ADFBE46CA8,0.1298246558983927
CC_82AE891DCD65,0.052447452303758316
CC_82B0CB9519B9,0.13143858008107637
CC_82BA1A31A271,0.11926017437887078
CC_82BA3E470DA3,0.354788613285653
CC_82BB02E95B5B,0.05135974534329021
CC_82BF785694A5,0.07707689598721837
CC_82C07799AAC9,0.5573793391928001
CC_82C37EB7AEF7,0.4488366275763198
CC_82C6FE1D5788,0.04962272469978698
CC_82C9699B0788,0.07686602240154275
CC_82CD637D8CF5,0.05509551539600347
CC_82CE707E5457,0.1727404654840219
CC_82D3EC982567,0.4290073931689224
CC_82D5A1900C26,0.061664655978238246
CC_82D6631D4013,0.20705785382048095
CC_82D6830815C6,0.086507916069502
CC_82DA617E6C45,0.20618517338328113
CC_82E07C3D0C68,0.21791962239337043
CC_82E17C7AE92C,0.5933287817769448
CC_82E7A9BE73EE,0.43466396106930316
CC_82F0F11F2432,0.19552018453092995
CC_82F31A4C63C0,0.10631695566578517
CC_82F62F9543AB,0.11581139348778588
CC_82FA897D2D51,0.43130231974763644
CC_83021F1F5C02,0.04768644342379826
CC_83023FA67021,0.1995225373380387
CC_8303D4D8D697,0.08963457578634809
CC_83074E312228,0.04359042430030155
CC_83078E2EFED6,0.24962725891481102
CC_8308F2A27241,0.07228219484330752
CC_8309473E42A6,0.5612884382010055
CC_830EB4BBE2AA,0.10319304868623351
CC_83128DFCDB8E,0.2155278196829006
CC_8314F0E8649F,0.6356230241384877
CC_8317B20114A0,0.23468685463501146
CC_8318806D4FC3,0.2559411408307214
CC_831C5A568BF4,0.1080174531710782
CC_83215AA12E50,0.11669281389542681
CC_8327ABC05D80,0.15108856141442767
CC_832C1C24D405,0.11810418938860574
CC_832C6DC284B8,0.19834196252852457
CC_8334AD4A63EB,0.05248823527974866
CC_83356232937A,0.1428142386540931
CC_8336FAC8BC95,0.07957655448577619
CC_8337C98433A9,0.6539444558899996
CC_833BF65131D5,0.1869286237624689
CC_833F705A5C42,0.12643165615535995
CC_833FE83203D7,0.24559839589187962
CC_834001235455,0.2628520026360524
CC_8340CCFC1262,0.15838613926726292
CC_834489E6A5EF,0.3679654977027352
CC_8349D6A94DCD,0.14562316045507026
CC_834FAFE377C4,0.14744306896682102
CC_8353C5B96A3E,0.10193589465326276
CC_83550EA9CF61,0.20204382862062883
CC_8355A33413A4,0.06265203628727023
CC_8355BE3FCF58,0.13518495430020563
CC_835C2ECE5C47,0.11002795900527662
CC_835D5ED7DDD4,0.6621252735180464
CC_836253426DCD,0.138161064870864
CC_836357E711FA,0.3167936074926642
CC_8363BE19570B,0.12844876326086516
CC_8366FBCD5550,0.1052541014432622
CC_836D5391F9DF,0.1749931122171231
CC_8372B6A2E609,0.14553328316556974
CC_8375B451EE3A,0.17275004528399124
CC_8377409F502F,0.7109916364498944
CC_8377D1BDD00E,0.11737042634339037
CC_8378825BF450,0.16017567620973427
CC_837A21AE52CF,0.1535008709329317
CC_837C4DCA9DBA,0.19020301379672935
CC_837CC9BC915A,0.1846618079841285
CC_837E243DECA6,0.17991850836276
CC_8380642A6090,0.041859077914674345
CC_838343457B75,0.04865734323315862
CC_8384E5D53A89,0.06285679511661313
CC_8384F344A9FC,0.09236082368814084
CC_8385EE3D6E34,0.2333467737664586
CC_8388627DE1E2,0.1300261710873251
CC_838A01CF9E5A,0.07375648323680323
CC_838C2F08310D,0.08420564629919108
CC_8396ED5E69A2,0.1402621064605467
CC_83A04E0D23DF,0.7022559032317613
CC_83A11B29B86B,0.15755040410467874
CC_83A3929FFEC8,0.241962222174838
CC_83A3D63D7B74,0.24043130293590803
CC_83A4605EC51D,0.129709222765909
CC_83A56C2FF006,0.285907316118711
CC_83AD8B3CADEA,0.6435335121534789
CC_83AD9753C75B,0.17832159292531571
CC_83B0D3E6DF47,0.21427463144326725
CC_83B47B0C69E8,0.16173601538325327
CC_83B865B83005,0.37004609598714094
CC_83B8D5D5C84D,0.13890377527919254
CC_83BA71418C9C,0.18429719408706938
CC_83BCA013FA9F,0.2087671461269362
CC_83BEE4D94392,0.05083950612688576
CC_83C22E9BF224,0.3024951803075942
CC_83C430D8E002,0.19595663530279783
CC_83CAB102591F,0.13693899537471174
CC_83CE379DCF23,0.07077062013013313
CC_83D248E2ADA9,0.19321881104045316
CC_83D3BFFD43E1,0.7405220331526499
CC_83D6C1E67601,0.15370798362423638
CC_83D97572B111,0.06542159444170244
CC_83DF667C00D2,0.15534594780428998
CC_83E29E197566,0.6863775151805315
CC_83E2E0F35394,0.643594782153749
CC_83E798A1D565,0.22145247574133445
CC_83E9A18D533F,0.08451868401775302
CC_83EFF0E17AF3,0.06627784431164192
CC_83F10D7593CA,0.09240694213535362
CC_83F27BDB40E1,0.391702570861557
CC_83F2B435DA95,0.14668212064142508
CC_83F4CF4CB898,0.17924733938210516
CC_83F557684445,0.5881461363457987
CC_83F643F841F3,0.19076551046209606
CC_83F6F07B536B,0.10943866723300229
CC_83F9BDA0B79E,0.149099491353729
CC_83FA4F8FA1BD,0.19050734928157595
CC_83FCC4BB67A6,0.23627708832222188
CC_83FD7787C5A9,0.3194991019756837
CC_83FDB8DFEFF6,0.049677003112467005
CC_8400A14E3F6F,0.13753008447460524
CC_8401AF4A1D48,0.07036870421998845
CC_84074F9D8AC7,0.29851060431902654
CC_840766403CB6,0.25758023905220706
CC_840774B8AD67,0.06922831229020726
CC_8407D8693370,0.04899609912453442
CC_84087B3A631D,0.26035671332868227
CC_840E3A68C7DC,0.5513567534165114
CC_84104F5A51D1,0.05823044857471198
CC_8410540DCD35,0.0777474016163355
CC_8413B4912A70,0.11696203964234982
CC_8415119A4B69,0.09392553915044441
CC_8417E10149AB,0.18258822230761707
CC_841EE1F6A6A0,0.1556641415451941
CC_8421447CCE63,0.04039714487803187
CC_8422A67A5412,0.10093652278740817
CC_8427CA2934C8,0.05744443150611435
CC_842B4A67D36D,0.10944924256345148
CC_842CD5238CB8,0.08451372964226317
CC_842D2DE0E3C0,0.059258300761364444
CC_84304DF7DE61,0.19924015264666323
CC_8437A6C54449,0.2523568678529019
CC_84384F87EA8A,0.2387057053586142
CC_843B738F094F,0.18807405673220035
CC_843CB20C9738,0.35912716240559356
CC_8448B1E35DA1,0.14224512651673304
CC_844DA5FA5D43,0.060553625251255905
CC_844DDBEC5850,0.4558275213036479
CC_8450562F8BBE,0.1562731613152586
CC_8451124411AE,0.23708309633729333
CC_8451284A291A,0.16741152979153415
CC_84523821E27C,0.14136772874104958
CC_84562D946C54,0.15380340143561683
CC_845A2488CCF1,0.14674764463320306
CC_845D423C42C0,0.11963579670498406
CC_8461774FB635,0.2025301109320706
CC_846624A85021,0.13203474162616932
CC_846C5C8C6819,0.22965817338591413
CC_8470C69D1B6C,0.052605245664650836
CC_8478F1310247,0.1321909727299576
CC_847937259B51,0.04161139018813173
CC_847B04465980,0.20464036565859595
CC_847B56BEDC51,0.0520679072836868
CC_847B872253C6,0.03493968759421577
CC_847CA9F820DC,0.1483273394645187
CC_8480A42B8FD8,0.10897204971124048
CC_848960CA31A3,0.14271331695714867
CC_848BBC971B78,0.11851832528375694
CC_848D1A346431,0.04055335371953438
CC_848E5C9D0B57,0.2572092288629858
CC_848EF83F0057,0.22466551350475122
CC_8490CFD9E11B,0.21929339701139136
CC_849112BE2CAD,0.7686462891138222
CC_84912F7B9B41,0.20091193623212966
CC_849D59A65C04,0.10880891425842532
CC_84A2E3B11728,0.1174660489422559
CC_84A41B9D0BA2,0.1892329535631242
CC_84AA0311C589,0.05358503549192967
CC_84B321B020AE,0.10182831552150626
CC_84B9D554CFB9,0.0802016117927509
CC_84BB35CB01E4,0.1568853847236907
CC_84BE392B6662,0.22750911248240396
CC_84BFFBAF5B38,0.3284348600983881
CC_84C02BD7176A,0.19519102236283284
CC_84C20DF4F875,0.053109538932716714
CC_84C77562FC21,0.14839373452773674
CC_84C794406827,0.0936096845921213
CC_84D07E076BD2,0.07257221973103767
CC_84D12ED55E32,0.5412065011884435
CC_84DB737C55EC,0.19461069310713644
CC_84DCBB132410,0.4377654044460583
CC_84DFA2654E53,0.1036049578747654
CC_84E03F40F5AE,0.08987919592887668
CC_84EA5AC25386,0.09443203941002185
CC_84ED0261E8DA,0.04139355843844126
CC_84FC954B172D,0.2003544455098742
CC_84FD801362F7,0.1343588812523114
CC_850361408673,0.21636298109013635
CC_8503931DA5FD,0.06848806954876469
CC_8509561A2E9B,0.18991285940986896
CC_85096165BC6B,0.18134772275528754
CC_850CEAFBE5AA,0.11085478074401194
CC_851277321B1B,0.05493775251560802
CC_8512D7F86E27,0.2317404904102584
CC_851318AF0E46,0.06766881266689603
CC_8515609A8AF7,0.1445941798251474
CC_8517701E4090,0.09957952395240184
CC_85230640A905,0.4612363100400274
CC_85252402599D,0.05322811351118114
CC_85257B9C8EE4,0.10225384915976857
CC_853646DD1955,0.2584214015920189
CC_853CA6BA6B6B,0.035112079226675905
CC_8544A53D1D9A,0.08317407764955129
CC_854532C8E2C4,0.07686378171072485
CC_854727248279,0.24495019545974128
CC_854A2C027435,0.3383333229321324
CC_854B02848540,0.1593190550674473
CC_854E5C8034B8,0.2589162971018136
CC_85503D7EC808,0.09601650820525606
CC_8554D166AD5C,0.38203159071275616
CC_8555E19AD380,0.5499076073987933
CC_855694F826CF,0.0940078854674809
CC_855AF362E28F,0.14889234935451198
CC_855E2CB15AF4,0.21867344054302462
CC_85604F154D06,0.08475274068915098
CC_856391A5250F,0.06582694507812108
CC_856A4B8814CE,0.23533329994394409
CC_8574B2C58882,0.17046018879833796
CC_8575A7EFA73B,0.06446887711883977
CC_857702EEF8AD,0.1374782721359499
CC_8582281CD246,0.08951545622982102
CC_8582EEAD0696,0.08849877833587207
CC_8583C01D341F,0.10871001657576192
CC_8586D6F8A078,0.1303289918677445
CC_8588F3E2B49A,0.15065342665784648
CC_858C2DF27D17,0.06013806852921787
CC_858D84B70968,0.5368124604986562
CC_858FE0CAEC64,0.7014997325383089
CC_85912C4DCBA0,0.1376376808293135
CC_8592A31B8D43,0.7326293958711776
CC_859634473D76,0.7009865549233425
CC_859712019798,0.17470256831546532
CC_8599D33632A3,0.5970500039474953
CC_859A4F38ADAC,0.18510243681133187
CC_859BF8767B8C,0.3189704044514207
CC_859C7F62A15E,0.05868809001914582
CC_859CA10A2BBF,0.4008582189031554
CC_859FBBE2EBDA,0.20693850967845068
CC_859FC448AA1F,0.23987280336094416
CC_85A14BFD5BE5,0.24920316447722485
CC_85A198C86010,0.1146262140512353
CC_85A280DE8323,0.04785706209125175
CC_85A49AF89BCB,0.1705547193813693
CC_85A58CBD5A2B,0.06959727112586156
CC_85A8D1A59F99,0.08675445285802177
CC_85ACDCEA8BA9,0.17320406924436077
CC_85B3C568AF3F,0.0629736591015289
CC_85BF6ECE2835,0.4364813031480753
CC_85BFBACE415A,0.055161816846630775
CC_85C37C9A37B6,0.13227569245713616
CC_85C7E198F897,0.1493503089892711
CC_85C9577D55B8,0.1164657336469461
CC_85CBA47DCE02,0.06820027753170646
CC_85CC74830176,0.050049695941881786
CC_85CD58D9DD10,0.07412291377372641
CC_85CD9ECA568E,0.5688606156629609
CC_85CDF67FAA71,0.1812133344123364
CC_85CF165732FA,0.1334086056793144
CC_85D263C4FB84,0.12677006648397787
CC_85D5C3897439,0.10618447318811697
CC_85D5D9E468D1,0.15896928966890764
CC_85D98819D731,0.2371420783682517
CC_85D9EA4EE0A5,0.05120519443241012
CC_85D9F170BA52,0.6786362338377988
CC_85DE8E68C968,0.10822007177384216
CC_85E277D9753B,0.1154551599467876
CC_85E45CBE3C57,0.4830860178042065
CC_85E57C4C5626,0.08029343415424724
CC_85E65A6C1CA7,0.7018922881530621
CC_85EE07C1FDA4,0.05739948639059389
CC_85F0184870B9,0.1540631168023017
CC_85F276C3D99B,0.09511624729101154
CC_85F28F6F4251,0.11149573187322584
CC_85F42A23D754,0.4561576245201552
CC_85F9727CA904,0.5710744628414044
CC_85FBD37724D5,0.10806643558224413
CC_8605A7739771,0.20146729177279682
CC_86088D044308,0.7282315665951861
CC_860BA322ECFD,0.2312309147171699
CC_860E37E1E603,0.18977542033526681
CC_8612FB9659B9,0.18183023244827626
CC_861491686730,0.08643351072288617
CC_8615960BD66A,0.34393617780015395
CC_86188DD29505,0.6147785168495636
CC_861B8E55A0B3,0.045380400818443266
CC_861C1CD2DEFA,0.12145220246359642
CC_861D0FF46FE7,0.17028826401039804
CC_861EC1FFA7C6,0.3786481036921247
CC_8620E3F929FC,0.20128631692052887
CC_862702BA2903,0.08044649931933644
CC_86271F36EABB,0.06312719110478844
CC_862B98C05A76,0.07648845256688373
CC_862C1D6FF9B0,0.19485599208714707
CC_862E6626CE39,0.041933051362316745
CC_86307416BC27,0.11969471216320027
CC_8631EE0730DD,0.11202376553855146
CC_863392C131D8,0.6344227101368737
CC_8636DF115572,0.17810398526616028
CC_8638500AFB92,0.0759688132273035
CC_8639ADBA3BDF,0.08068310356970973
CC_863B3C386DA9,0.06320727917830649
CC_863C74781000,0.061172192216470446
CC_863D53B2F0EC,0.1751630616713285
CC_863E9DF15E02,0.13791744255733204
CC_863EC200AC9E,0.24410344420633737
CC_863EF1BAAD35,0.07745663864193798
CC_864086E0DB2C,0.25768468032916036
CC_86416D79943F,0.10520458818446432
CC_864170568CBF,0.25204116756048445
CC_8643269CA8CF,0.13318217101518873
CC_8645398F94A6,0.05225508436565855
CC_86497D43D291,0.7699625492975326
CC_8649F6AF600F,0.15039273939721778
CC_864BABF31CCA,0.20910109273358315
CC_865063598888,0.4095701795018479
CC_865BF6775110,0.048319052328516826
CC_865DBDBEEB69,0.10243186938340625
CC_865E153F9C3F,0.4698563354385697
CC_8660CB567744,0.304844768272304
CC_866126DFB0FB,0.13791401530897646
CC_8666571EEB31,0.47358116388036686
CC_8674F8AE8ED8,0.09400523563811003
CC_86759F24B910,0.07826090672859326
CC_8675D42E20F3,0.15589722240684423
CC_8676FC3D2640,0.5830680260148189
CC_867A710D3305,0.09286986735262048
CC_867EBCE17C7D,0.2633009024682428
CC_867F3EF7E34E,0.21180544469174062
CC_867F7FFC6A14,0.17385454854929971
CC_8680550434E3,0.08658132433312442
CC_8682D2F277BD,0.07307423869076547
CC_868689560BED,0.09109164630770361
CC_8687F92F9512,0.5472852120785158
CC_868A3CC45CAA,0.5506687691805279
CC_868D4E3358D1,0.21004262442024255
CC_868F1B2C419F,0.08600403890921668
CC_869176EC2795,0.09269604654706153
CC_8692B58F6652,0.15100407036989325
CC_8694E56CEFE0,0.11314359083052294
CC_8699F4C0223B,0.03781893046031473
CC_869C77808252,0.28920234098490744
CC_869DDB5FFA7D,0.19689672887759768
CC_869EFD072B48,0.10393185632653927
CC_869FEFA4EFFA,0.13197476116401802
CC_86A33D396049,0.1338416012758199
CC_86AB85858F42,0.4026257820153001
CC_86ABB02C3F84,0.823722603700976
CC_86AD2D6E1A11,0.060880766031573164
CC_86AF4D4980D4,0.5933831218615379
CC_86B0BC1961CB,0.07566850933825973
CC_86B1104503DB,0.051129504930574596
CC_86B2B3B22C17,0.2063021459206244
CC_86B53E31B5AB,0.35715880009038314
CC_86B5782EB5BF,0.12434623339801713
CC_86B8302DB4CC,0.34115247971565377
CC_86B9EBDE556C,0.10238261358224783
CC_86BB24808E04,0.37714875654605695
CC_86BC75B21D5C,0.10689994634630942
CC_86BEAF8E36B0,0.08606034693341111
CC_86C238643356,0.13222193019186718
CC_86C36B9E84E8,0.08792099827407393
CC_86C790A482E1,0.14997537366354877
CC_86C85637C604,0.28369122739983627
CC_86C9FBD83D41,0.0978720017549588
CC_86CFEB77F44D,0.06043533168644475
CC_86D11AC300DD,0.2127870734580609
CC_86D1EE4E104B,0.7586684146694349
CC_86D2E76499AE,0.07267750880156787
CC_86D595ABBB67,0.14671270722787788
CC_86DB45056AA6,0.6576578028550154
CC_86DC35C59AF1,0.2646376959524993
CC_86DE9B62A591,0.2367692158787671
CC_86E15A0E2ECD,0.10876669725521988
CC_86E1968D77F8,0.11264504299169935
CC_86E3DE1F853B,0.26215986964832466
CC_86E62C8EFFAB,0.08646269842688743
CC_86E6FD46C7C3,0.036982995222385934
CC_86E7640CB326,0.23127081912879918
CC_86EDC712802F,0.12513313144149218
CC_86F0AD898633,0.39898117255374305
CC_86F100A0BCAF,0.1208966803518536
CC_86F67003DA7F,0.15345160824169027
CC_86F839FDC22F,0.6923492975009651
CC_86FBD7D6E155,0.19775031637552604
CC_86FD060EE094,0.42362105119873705
CC_86FE5ADAEE0D,0.1408915295569289
CC_870092A40E28,0.0767349224461062
CC_87033900032A,0.15523977193743085
CC_87048F2C60FD,0.44703939000210874
CC_8704C0460B7D,0.29726566651472036
CC_87065E562980,0.1079512954456103
CC_8707A0F9A72B,0.18976459983317215
CC_8711ECE19E1C,0.6722009586603215
CC_87153B77C7D1,0.15250722299159786
CC_8718E2F7EBDE,0.07556179792650106
CC_871B07565EB3,0.34780513328870827
CC_87204B25FE9B,0.7798977760042691
CC_87232CB033D5,0.2257604365664863
CC_87286A4ADA66,0.28157065603607434
CC_872A36BC4113,0.22939599414127004
CC_872A7D72B306,0.09015611022205669
CC_87364D9DDBBE,0.060434757524030144
CC_87367810F0E3,0.06571668735359276
CC_8738460D8B27,0.637838740939815
CC_873C0411FB67,0.1316495081911952
CC_874203D16395,0.454048997787067
CC_8744637340D6,0.44384943012277445
CC_8745421542CB,0.3517540739997863
CC_8746CA087323,0.5221374438186951
CC_8748CED9B5C9,0.09863219271612036
CC_874DF4A29A08,0.295112948095541
CC_874EFEA204EF,0.14843404093277374
CC_875061E651F9,0.7098106819397245
CC_87582E5C62E6,0.19665535150314067
CC_875C61C2FC02,0.4600461079684493
CC_875EB34D2629,0.17503232385643058
CC_87628F7AE5F2,0.33659617065274283
CC_8763175F2224,0.05712905205509383
CC_876738074030,0.409652982835087
CC_876792BCBA2A,0.1629648209216117
CC_876FB5FB5A95,0.3915109650129313
CC_87717CE81F95,0.055619790715819836
CC_877218475FD0,0.2606531324416159
CC_8775CA5C253C,0.15190759237603763
CC_8776E6126E3C,0.07999166808911069
CC_8777C4330C67,0.17365148310042647
CC_877ED204BB5F,0.06914081028744733
CC_8781D1FC0EA7,0.20237757584624544
CC_8781D8F1F3E4,0.18103552224779654
CC_87857B066AA9,0.10580744758791416
CC_8786ACB3735B,0.32377912805243836
CC_878D80092C52,0.6474182903467689
CC_87909526CD47,0.11524964229912418
CC_8790BD625546,0.19169624332780508
CC_8793CD1D147A,0.24768303959964513
CC_8797E4A007C8,0.049796658666098004
CC_8799F55B9D6B,0.5512376654067651
CC_879F4293240E,0.2085530388441331
CC_879FE8F2F22E,0.151167833702494
CC_87A2160F2BD3,0.6571877711290794
CC_87A592F2B41F,0.13935985899233852
CC_87A68B6A860D,0.21990352785945655
CC_87A77C986512,0.26888197482105397
CC_87A839B8E7C6,0.21050802254990852
CC_87A84A191294,0.06685259541389504
CC_87AB25D4CFEE,0.4710235885037162
CC_87AB83BEABDB,0.18759764170734528
CC_87B1A35F6905,0.2524031596140519
CC_87B1D403A93B,0.6180076372722947
CC_87B3E2F91024,0.12041083270055301
CC_87BB4365ACC5,0.06856385178704857
CC_87BD15B28637,0.1860135281378962
CC_87C46DD4173E,0.13873161857871294
CC_87D4A9FC32DD,0.12103302511841266
CC_87D59E971C90,0.1657615676841288
CC_87D66EE64921,0.4837333376844475
CC_87DAA6D59306,0.09504222763709819
CC_87DAB6BBE8DE,0.15881516181137556
CC_87DD3999796C,0.41931082658587726
CC_87E03783B178,0.11946523886919484
CC_87E275D79969,0.19106590930061718
CC_87E4215CF7C8,0.16672121329283576
CC_87E74188B70E,0.7767685279045585
CC_87E915B4D05B,0.13517592005995915
CC_87EA67EFF600,0.12708307615596287
CC_87EAD9BA312A,0.22015214480267226
CC_87EE0748A3ED,0.29945312138040314
CC_87F14EEA21CF,0.10010607074526381
CC_87F17BC6CB3F,0.30168335165108046
CC_87FAEC685FE2,0.22610603567839785
CC_8801F2F28072,0.09436123249297135
CC_880439C212FB,0.5733444730943884
CC_8806EC21970E,0.07916446067651162
CC_8807E7853B80,0.11629931914874814
CC_880E8B7EB971,0.08637808792444361
CC_881A2D33B105,0.16752221427843642
CC_881A7CBA0B0E,0.0942495007330933
CC_881C28F7E915,0.15427948181897158
CC_881E22E3E171,0.15771623054704303
CC_881EEC566FCD,0.23376734866623808
CC_881F2A37F035,0.15172013371949197
CC_88204DD3ED99,0.152204535825814
CC_882272C7CCA3,0.2853912694003905
CC_8825DCF466E5,0.15917006546065463
CC_8827D0C68F8B,0.08851178778550901
CC_8828CA9AEFB7,0.14017661533559791
CC_882DEABB0694,0.12023869535822504
CC_882F9260A081,0.6150456138656307
CC_883080901E79,0.35866148459028757
CC_8831B682DB25,0.171675048351842
CC_88342AC3BCC3,0.09240781905528266
CC_8838DFF3770A,0.12036266903703866
CC_883901FCED78,0.25975938285053085
CC_883D0A958B4C,0.2759425204788342
CC_883DC657B072,0.0723219722772386
CC_883EE2FBECEC,0.04983649310638915
CC_88407338C8BC,0.40621117618528013
CC_8840CC1B191B,0.2521178655250742
CC_884253AC3EE9,0.1877442972362614
CC_88469626E422,0.10373630289811346
CC_885208C261A8,0.37969815732136486
CC_8858ECDE3319,0.40064514683150376
CC_885AED9E24C9,0.06965372379182674
CC_885F3429A6C5,0.08776936508284476
CC_885F880D3EA1,0.10536796661633333
CC_88603647566A,0.11672359212291553
CC_88616213F78A,0.14592461452751765
CC_88620F66925E,0.09346507229681275
CC_88650F080FD9,0.08143824381930449
CC_88696AB505DA,0.14966435704746997
CC_886A1CBDE57D,0.5394453292710881
CC_886A55A0B9EA,0.12608729230719234
CC_886B56FBA5FF,0.09537836191811003
CC_886E75046529,0.27932003485974044
CC_88725BB141EF,0.1251081966524063
CC_88792B490860,0.10347666645534362
CC_887FF908CB33,0.28046160316680535
CC_8881B8CF589A,0.19943635647145982
CC_888E73B9068E,0.08199411719774527
CC_8890014347BB,0.21279378842853283
CC_8896E825798C,0.11791603706927929
CC_889A7CCC5607,0.3387223167788989
CC_889B9C847068,0.13078591502927578
CC_889F5F256146,0.20116184687087552
CC_88A037892607,0.18532678038989853
CC_88A1FEF58EDA,0.6867745985521669
CC_88A3032B4B89,0.08719128636422159
CC_88A77AD7AD53,0.09880125803606293
CC_88A8107A05C7,0.19004191468139406
CC_88AEE3CC0A3B,0.20777150559221055
CC_88B5FFEF5423,0.09698192034853655
CC_88BE8F27470D,0.15323963428023507
CC_88C27349A262,0.09649494990622351
CC_88C5E72AC45A,0.6093796250030131
CC_88C93E730FE2,0.21442478869489476
CC_88CA56D31442,0.04333868259580607
CC_88CB39F57CEE,0.12888117702265062
CC_88CCA23DE13C,0.4262656667247092
CC_88CEA042925C,0.04019375977731178
CC_88D0087D0200,0.6481513172417179
CC_88D16BEDA995,0.17852809314675974
CC_88D4000B6C66,0.0698561204976027
CC_88D5CF7C6E37,0.08690563149076347
CC_88D8151B2575,0.13505248738288242
CC_88DACBFA3B48,0.11341115789356977
CC_88DD9EA930DE,0.15511441888432692
CC_88DE59EA74A8,0.08679602782424939
CC_88E41EB194DF,0.2599811816909334
CC_88E6EB29EB5F,0.09187062812483067
CC_88E70E9ED76F,0.14498007227862042
CC_88E9003B1BD7,0.14113912185396985
CC_88E9F3E381BF,0.05017733762966543
CC_88EA9998D301,0.22365317551472125
CC_88F113C9DACC,0.11172436788522122
CC_88F2DA778874,0.09199173488190149
CC_88F6444B2F85,0.13100038525629407
CC_88F75868B2C8,0.2949984664468017
CC_88F986565133,0.07934476873539603
CC_88FEB8FBA890,0.07344746804179828
CC_88FF1EA5C5BA,0.2214346312497796
CC_8901AC4B659A,0.25167243144401297
CC_8905D1169A78,0.11646844254240103
CC_8905E80A937B,0.18920946433828403
CC_8906E85DAAAB,0.15430116617757356
CC_8907B51901C4,0.18223977816556172
CC_8908542D3BD2,0.0962971160860983
CC_890A2CC8E5DD,0.198569093235649
CC_890E78E8EC4A,0.12801576923325111
CC_890EAFF0C0C6,0.17588317384280355
CC_890FBFA46967,0.14294497039976517
CC_8910EAC0284B,0.3233413867821408
CC_8910FD543A93,0.23307325914880656
CC_8919255E1F41,0.09862297643215534
CC_8919E339D8FD,0.08752676098680057
CC_89200C56C85A,0.09959018542881987
CC_89217C8BCC88,0.5089053680248391
CC_8926BB4EF2FE,0.751054180275905
CC_892777C150B2,0.06931254145169657
CC_892CE954C1C2,0.5461139582991471
CC_8933FC635479,0.05686226990961911
CC_8937B1CFAE3F,0.11639574052265303
CC_893C8D011DE4,0.2480998529118459
CC_893DEB779912,0.13779863490334537
CC_89495F39FCE6,0.07767552594325208
CC_894B9BD64131,0.07502270614294718
CC_894BC255E05A,0.05116608358558531
CC_894E40ED3E86,0.22571557338629916
CC_895082E1D7A1,0.7337954512386379
CC_8954FD7AA7CB,0.0746993756091357
CC_8955F84626E8,0.3821331363193513
CC_895676F3DADB,0.07224556541942681
CC_89596A40960B,0.1432350110725239
CC_895EE877C6FC,0.08344755937804935
CC_89615870746F,0.08825899795659681
CC_8966A3D42005,0.11859901275117316
CC_8966E2658B19,0.514267145958885
CC_896826D5F7D8,0.2269462999213417
CC_896A686552FD,0.15043740329696614
CC_896BC4DFE96B,0.1701597049469222
CC_89705DBBCA31,0.04520903377177414
CC_897193457573,0.19866226200960033
CC_897509E33530,0.4613142481940806
CC_8978B1BB5B25,0.4533716400050437
CC_897E6E7B1628,0.22875732487503014
CC_89824386B799,0.13309897238130364
CC_89840ECD95B2,0.26727764076322885
CC_8985376EDBB9,0.10883367289923777
CC_898A9EA30786,0.2049164982763274
CC_8992CDECC2C7,0.07382491194097439
CC_8993B8BBA8EC,0.35938402594578883
CC_899463A2FACF,0.11430074970465243
CC_899D593F61A5,0.17133647284703762
CC_89A2163453A9,0.2032605832941679
CC_89A771E462DB,0.07223843516957726
CC_89A7885525FE,0.07440224173576399
CC_89A81EA614E5,0.04168592129335443
CC_89A921A63597,0.1760450297247184
CC_89AB021EEEA9,0.28373333665061046
CC_89ADA1320C45,0.17261159376356913
CC_89BE202E30F8,0.5834397082423729
CC_89BF770FB0B8,0.12467208546629231
CC_89BF7F964A95,0.7127359418273386
CC_89C0D7E0793F,0.1437047967117866
CC_89C5708945E2,0.18706866339220296
CC_89C6853DF18A,0.0732566508659935
CC_89D0DB16FF49,0.07563990471784707
CC_89D4997719B0,0.1072766565357232
CC_89D54E6788AB,0.11308598544912585
CC_89D593FDB717,0.6615095959301721
CC_89D5E3425929,0.13370981250739858
CC_89D90556CEED,0.23803408485479327
CC_89E10A6AB3D1,0.6909807214013072
CC_89E8DCAFA0E6,0.24934341121669243
CC_89EF51D61E0F,0.0854011740999775
CC_89F356517996,0.4295646121168435
CC_89FB00866BAE,0.32925524916367105
CC_89FF1441842A,0.21629595806927177
CC_8A0826807B1C,0.5689040273593775
CC_8A08F18C55F0,0.5129088051785418
CC_8A0AD2B71D8D,0.17599146258601608
CC_8A11601425BF,0.14522354135035043
CC_8A1705D40ECF,0.19439464916031365
CC_8A1BADB2C4E2,0.09858504005338498
CC_8A1DA191223C,0.12519715417179667
CC_8A20096E7C5D,0.3446931837992791
CC_8A23793AE750,0.059404579935091864
CC_8A30F1F28F07,0.1340701234898288
CC_8A329E12BD60,0.1669369404853496
CC_8A38EBD244EB,0.16294470590270882
CC_8A391CE69D3D,0.0422406410607644
CC_8A39255C8D4C,0.640133161763817
CC_8A3B61DCBA57,0.6742769153280082
CC_8A3F87E0D8D0,0.03797615740995941
CC_8A4038D2738B,0.08309629906687231
CC_8A4343315922,0.08024102748003219
CC_8A45F16C6B25,0.11641427709336157
CC_8A4AE731E02D,0.13413877909518385
CC_8A4CBF74816E,0.10548690811325326
CC_8A4ECE1CE7DE,0.4213826609995377
CC_8A4F945CC81D,0.35329273692970636
CC_8A511859DE46,0.09052769284740483
CC_8A5438242A67,0.1839594291209486
CC_8A5B75394B5A,0.13994672289127824
CC_8A5B93ACF353,0.07737465297693004
CC_8A5F72F9C8BE,0.21290774959401224
CC_8A62198C6B0F,0.08525728122545569
CC_8A65EE634765,0.08489805765118497
CC_8A7333602C9C,0.11372600888967585
CC_8A747619E991,0.06424148586988183
CC_8A79CB1C9DE1,0.33721206271770604
CC_8A8176C51DA3,0.15657243150771646
CC_8A8192A4345E,0.07857742012870055
CC_8A82A1CC6016,0.546922296859152
CC_8A82D5A67B5B,0.6726611472814435
CC_8A976D89EC8F,0.14871034770017344
CC_8AA872B39466,0.43933400867192046
CC_8AA9DA4F0191,0.41642209351247733
CC_8AAA0C83C75C,0.1483452945370767
CC_8AB166E1E222,0.14844329652585192
CC_8AB8ECFFD917,0.07632525627523253
CC_8AB93325962C,0.22248947545776443
CC_8ABAE47BA850,0.10976688386580447
CC_8ABC74DDF64D,0.10993843503649584
CC_8ABD0B2D5199,0.2484097070125563
CC_8ABD61E3626D,0.15958601098618375
CC_8AC5954C88EE,0.6650989459567888
CC_8ACB02BA6ABC,0.1724294123394729
CC_8ACBFBD7DB57,0.23469068150793312
CC_8ACF294E6623,0.158528548604679
CC_8AD1EF1B6713,0.20303651068397413
CC_8AD1F2A666AD,0.3842949218913486
CC_8AD4C3843B97,0.26275439230990855
CC_8AD7CDC7069C,0.2813627169761398
CC_8ADB4AAD0EF8,0.1202133742735629
CC_8ADBB7A3F710,0.20729321888827026
CC_8AE15E2C4DDB,0.09491506684712661
CC_8AE16F3BC745,0.4171228239967011
CC_8AE97DBFBCA9,0.2027619588464035
CC_8AE9999A3DAB,0.6464983028833715
CC_8AEA25F65FC7,0.08178465806693261
CC_8AEA9A62B9B0,0.7565347135663145
CC_8AF00058FA5E,0.3160355747160782
CC_8AF02D5A3414,0.08800919998056951
CC_8AF171A5B9F0,0.07941257696265624
CC_8AF4698500E2,0.19093863600846692
CC_8AF4A9CB3CA1,0.09894390042479922
CC_8AFB1B527986,0.11890171344843678
CC_8AFD16727FB7,0.20454561884017824
CC_8B0326553741,0.03604270893753567
CC_8B034A75788D,0.03430642686709189
CC_8B0557E0DBBF,0.23182537250438356
CC_8B0D261F921C,0.20929955338492992
CC_8B0D7118407A,0.7656088138745549
CC_8B0D8AADAE8E,0.15375728904210373
CC_8B0EA9CD58F5,0.5079552120048223
CC_8B0F48160CC1,0.24519838525352444
CC_8B0F78538173,0.08682021983775133
CC_8B112BFACCF9,0.12962391937534917
CC_8B136B765B9C,0.17101280012997716
CC_8B14EF71A006,0.47276243238282784
CC_8B154A01E8BD,0.04651571020204777
CC_8B155813A5D5,0.23227940061669097
CC_8B15E26C992B,0.2134029184871295
CC_8B18A3A40691,0.08692628658941817
CC_8B1A17409D8D,0.33377807463385517
CC_8B1E43EB359E,0.2013080345961104
CC_8B1F678D9195,0.10736124926856075
CC_8B20FF1CAF26,0.3211955791455615
CC_8B2323F6CB34,0.17861668013559687
CC_8B23269FCB1A,0.21516512152022282
CC_8B23855692CA,0.12638782366136875
CC_8B26B4EDB655,0.1746993414540384
CC_8B278F52C43B,0.05325258672858759
CC_8B2796233179,0.043070278348503285
CC_8B2A9FC1D230,0.21166998270947585
CC_8B2B61F4242E,0.4691392419435517
CC_8B2B95ECBB6F,0.7270065358080133
CC_8B2E26FF3DB8,0.23671328624392024
CC_8B2EBF5E6B43,0.3936320503850097
CC_8B31C9351A6F,0.13434804683595786
CC_8B385C3E3E39,0.3257620726204452
CC_8B38DE48116E,0.6824371702707153
CC_8B3A4C4B36AD,0.17411036864103127
CC_8B3E97729A72,0.048017879832582315
CC_8B40636DE84D,0.7679080124216099
CC_8B416BD5DCDB,0.06693558569559425
CC_8B41B8121E73,0.08085087513244027
CC_8B42BA2E3164,0.1500936419854179
CC_8B440EA99D6A,0.4581155314490767
CC_8B48E1F143C1,0.0517565403839416
CC_8B53B4F11336,0.13818802139852884
CC_8B57F9A6272F,0.3940457268697847
CC_8B5B0A1A9DA9,0.19090177536485126
CC_8B5DB500A41C,0.15083384996355195
CC_8B62B7C8DBD7,0.7407263838795491
CC_8B63BA445B07,0.2061579846484923
CC_8B63D694307B,0.059215470496503254
CC_8B660AEC8E1E,0.1695289893094992
CC_8B6A007221B8,0.28808590991883987
CC_8B6C3DD80E76,0.07892521100040595
CC_8B7A29B4E588,0.11557211588453024
CC_8B7AE581BB15,0.060667319566630275
CC_8B812F32C56A,0.2382266455638547
CC_8B824D5678AB,0.24802750606677154
CC_8B85B1393237,0.6807824496329575
CC_8B87EFE3E655,0.2752829562869451
CC_8B89AE6967E9,0.24202851020535018
CC_8B8F958564AE,0.11069949659327882
CC_8B906F28FCB3,0.331877520332381
CC_8B9325445327,0.27819227810446695
CC_8B9457520599,0.050477649490472766
CC_8B95646C42D4,0.3444869359009493
CC_8B97335072F3,0.10652016779237698
CC_8B97D5BE7C4D,0.4621537250826068
CC_8B9937161EF6,0.08133969648250464
CC_8BA011266369,0.3214988255306984
CC_8BA44D52263D,0.16326849458721795
CC_8BABC51C24E7,0.05235746254343937
CC_8BAC856C4250,0.22509340357608396
CC_8BAC91C19395,0.7220045767259209
CC_8BAD6CAD9790,0.16937712217278594
CC_8BAE7DA7EB88,0.7518576412651119
CC_8BAEC13E2FA1,0.22013430470574877
CC_8BAFD7F96208,0.29855120372222993
CC_8BB52935A06F,0.6215936941476004
CC_8BBAC5378F80,0.10629715427848156
CC_8BC2497F52EE,0.7192396545321085
CC_8BC3295E1767,0.17154429955068654
CC_8BCAFD409689,0.6268325425090466
CC_8BCD4A91171F,0.3347464844653963
CC_8BD405B117C4,0.15658783065901843
CC_8BD5319A861D,0.09618089036630369
CC_8BD534144A7E,0.07765703764826297
CC_8BD5FA185EFF,0.05098937051385286
CC_8BD6AC562D84,0.6394871415012175
CC_8BD735717BCB,0.08681165741714147
CC_8BD76627993E,0.18428450600376917
CC_8BD92D5D8B3F,0.05208213471074992
CC_8BD9CEB8D44D,0.03675583649969599
CC_8BE338113997,0.09693221400086285
CC_8BE619B40EFC,0.13524095055109403
CC_8BE7542AD090,0.15195303009153244
CC_8BE8D6EE543D,0.04925387196426642
CC_8BEB1169204C,0.10732958406837304
CC_8BEC852AC83E,0.04628236021401457
CC_8BED81B8B0D3,0.2381634292600669
CC_8BF8B5915096,0.07480065025560187
CC_8BFB432CC531,0.2556083954562314
CC_8BFD78178DDE,0.12268028844400658
CC_8BFF0096E915,0.11038037814154118
CC_8BFFCDF638BB,0.07779701638082206
CC_8BFFD368EBD8,0.2169535291738037
CC_8C04F1D74551,0.044756468612126434
CC_8C069A0689C5,0.20589837034193606
CC_8C0BAF84D40E,0.662567663627627
CC_8C0C4C76572C,0.07067187154966362
CC_8C0E2E0D5BEB,0.07496768410221012
CC_8C129FC43D10,0.7673943737062209
CC_8C13B5C7EBC2,0.21564469723423912
CC_8C1597CEDAA8,0.14122911962398071
CC_8C1745867BB1,0.1731795921831122
CC_8C18531C73C4,0.20433605812456684
CC_8C1865D97336,0.09731539658040445
CC_8C197C9BB5F3,0.2169430259660042
CC_8C1A312388F9,0.3445812380262351
CC_8C1C177DE4F2,0.056168530225486846
CC_8C1E407C5BC2,0.05262245418143498
CC_8C1E98DED2BD,0.05959632732256527
CC_8C20D5787228,0.08019508030907611
CC_8C26EA179E18,0.047974429187256785
CC_8C2B00F53194,0.39859105348290236
CC_8C2F6CB20BF7,0.13846991257928937
CC_8C3126B01553,0.05084603220977603
CC_8C35B5F03843,0.11390275393686122
CC_8C361D4A0C07,0.17080628687268787
CC_8C37A0E834A0,0.21670385025770522
CC_8C3E6BCB10C5,0.04311116560485258
CC_8C423C5639E4,0.11622959294275467
CC_8C42586A841F,0.15656797324405117
CC_8C440E774B97,0.14691722807405677
CC_8C44A5DF2EDD,0.11341438833452519
CC_8C480634B60B,0.08027064422721075
CC_8C4A42B9970D,0.13943436300849757
CC_8C4B9309138B,0.4055746838495664
CC_8C4FADDD104B,0.24604532977123467
CC_8C50AE60B82A,0.07682489670160483
CC_8C516BF74F70,0.10055461344882052
CC_8C5A029A6AF8,0.18215806044938404
CC_8C649F5381FE,0.07450401161966753
CC_8C669273D14E,0.12018346391287507
CC_8C6AD62FCEEB,0.2945899684765014
CC_8C6B8D1BD59E,0.24306963816395752
CC_8C6BD3E134F8,0.24565077960292325
CC_8C6D5F0AACCB,0.12816628468338395
CC_8C6DB4A95210,0.4749093228602902
CC_8C6F0C01454A,0.1361661115772303
CC_8C70FB43F214,0.12370472478750849
CC_8C714F9EA269,0.15399892911853214
CC_8C72B5195194,0.11019551188889738
CC_8C7303F3780E,0.14181743542035827
CC_8C7375D6CCE4,0.11541944706355516
CC_8C75F421482C,0.10375703034364017
CC_8C77FB3B9CB4,0.08306757758294003
CC_8C7880AEDFDD,0.11210990944765523
CC_8C7C0E802BAB,0.3287134057758367
CC_8C83E62DCF27,0.11401709256609453
CC_8C87C87E7E97,0.09629613257158703
CC_8C88974E5BDF,0.21342668695074032
CC_8C8C6EBCB2F0,0.12178611548205706
CC_8C8DE1CCBFEC,0.3760684305694812
CC_8C9232F05C43,0.06974725604102312
CC_8C939D68CCD6,0.11665624087974891
CC_8C93E38E0721,0.4210017541043693
CC_8C97F2A8434F,0.7415280210492321
CC_8C9E36E8193F,0.3296212976736568
CC_8CA2472C65A3,0.6276049266351933
CC_8CA2D00E6F9E,0.12120365080662057
CC_8CA3C1922ABA,0.046813431646773374
CC_8CA3F42E245B,0.26408622069029203
CC_8CA8EA8C283E,0.2497364938212216
CC_8CB0B4CFD523,0.43350279492154853
CC_8CB0BB3B0EE0,0.12114116348103084
CC_8CB3F4223F20,0.10837705270343463
CC_8CB553CAA5BF,0.1162934004174927
CC_8CBA8957576E,0.21004224215910403
CC_8CBB6C37F81D,0.19367732514054617
CC_8CBD8CB4E0C7,0.13547038501735553
CC_8CBDD0960E91,0.6499014127515843
CC_8CC796EE32EF,0.3045037010065378
CC_8CCB2DF67CB9,0.7422798132035741
CC_8CCC9C7FD23B,0.5808234099424763
CC_8CD3CA261033,0.39198731136226217
CC_8CD5339DFA7C,0.16765878111700722
CC_8CD6515B2E56,0.7029206046522616
CC_8CD68FC19FF3,0.22172842798341294
CC_8CD9321C690E,0.0797024865643759
CC_8CD9F00B586E,0.06358832592164318
CC_8CDC031FF00B,0.17457405165054662
CC_8CDC5D75F195,0.11166738045932648
CC_8CE71FD7EC27,0.8120534410097257
CC_8CE782CD2DF8,0.7011992532189231
CC_8CE8D5A2BCB8,0.6772924213421921
CC_8CE9F45A1688,0.13666818690836366
CC_8CEA7197CB25,0.16594428146751244
CC_8CECC68A55D7,0.20292939773466673
CC_8CED3BF49141,0.2407274256485105
CC_8CEDCEEB2ADB,0.09711651537924167
CC_8CF18EF77AA0,0.09481592983041123
CC_8CF39903A3B1,0.22309960369607626
CC_8CF3F336C699,0.18169615976397485
CC_8CF6A942CCD0,0.22466932056403963
CC_8CF83BF84865,0.14664162810883946
CC_8CFDB1D821C6,0.17492083430161423
CC_8CFF78DD7D00,0.15949681511629116
CC_8D05A3D8C88B,0.05932124926396533
CC_8D060723D602,0.12858147777948575
CC_8D0805F0063E,0.7812897236021351
CC_8D081483AA82,0.5748943651228953
CC_8D0A9547FCC2,0.09932549180680643
CC_8D0CA31A0D26,0.15624975073692066
CC_8D0FCEA77037,0.0810959600139665
CC_8D1306FDB9E5,0.1855136585918665
CC_8D13D758D6D3,0.46126643606037565
CC_8D1408285B4C,0.057531825109860456
CC_8D14B6578068,0.06976178227474927
CC_8D1584B3116A,0.31183652504493375
CC_8D17D92C4EA4,0.08544306605339426
CC_8D17FE26113B,0.07963304907332844
CC_8D1CB0824E58,0.35748316581981593
CC_8D26915A220A,0.3370709273202996
CC_8D2968E7E707,0.23117816655946558
CC_8D2B8EF801F2,0.5035468515442549
CC_8D3B0DF3F596,0.06906063412508083
CC_8D3E021FCA10,0.080442977300931
CC_8D3EC2E8E735,0.29038090441996295
CC_8D4106E58430,0.7223636536625561
CC_8D42F4222E6F,0.09257588484389548
CC_8D44F4EBAEFC,0.16540495303466224
CC_8D4514B51916,0.24682086186360866
CC_8D45A90E3325,0.3904809770162233
CC_8D4710FBE23F,0.12194778639088619
CC_8D4E05DABA50,0.7179171092596409
CC_8D4E8DD10001,0.2455881555636629
CC_8D5C971B9678,0.06978157715525106
CC_8D5D8EAEC362,0.07232906809822184
CC_8D5E25B5BBE2,0.13649585043803467
CC_8D5E62C6EDF2,0.6981548785629789
CC_8D5F0117EAEB,0.17289839820949898
CC_8D60F43F4FD1,0.33342469378083134
CC_8D6492F6F32E,0.14304755335357452
CC_8D6825F0F529,0.10390683925623427
CC_8D6827556DB7,0.126293964868801
CC_8D6C287BE16D,0.7741127223131261
CC_8D7278356D58,0.21638849595567025
CC_8D74D3A26AA5,0.13451619887800084
CC_8D74F19A3B2C,0.35285709756207034
CC_8D78AAD9CBA2,0.19940368502238814
CC_8D7AF83FADAB,0.5805590685492874
CC_8D7D323EE90C,0.5509298219800745
CC_8D82FBE2260E,0.1598389240328016
CC_8D835791EA3A,0.11288521967525382
CC_8D8B6EB71D6D,0.05754663751634069
CC_8D8E6014BE96,0.05574375775113664
CC_8D8EACE6B771,0.11653313297781225
CC_8D8F3677705D,0.17489408913842436
CC_8D91D88C8511,0.30890419097605926
CC_8D94BCD401B3,0.6820292448442757
CC_8D968A4E921F,0.3177061929781697
CC_8D98563B83F6,0.5411891223577923
CC_8D98DEA16321,0.1836634973012543
CC_8D991D244368,0.05318592432409839
CC_8D9D7A811411,0.20709747580694032
CC_8DA04B4B170E,0.06698955543356058
CC_8DA16E410D7E,0.6793852520584411
CC_8DA3A31E69CB,0.6148202317303256
CC_8DA73925CC70,0.14914651622847128
CC_8DA7B6EBAB93,0.18257741478752282
CC_8DA7D6A330A4,0.09638261709769844
CC_8DA9434BF75D,0.5288283750205907
CC_8DAD9076F0CC,0.13459082061136504
CC_8DAE66908B38,0.5412823372584771
CC_8DAF61C49C78,0.3240489544658787
CC_8DB0B5FAF523,0.05044547868552414
CC_8DB572A62C0C,0.2734801509981576
CC_8DBE4E29C7B9,0.049781308796277825
CC_8DBF3B310925,0.1192931500155832
CC_8DC4C7A4A3F8,0.28964060322398344
CC_8DC702A4628B,0.7798406542011014
CC_8DCAE9ECC296,0.17004713331919966
CC_8DD2F42C86DE,0.45159200507050495
CC_8DD40D93CCE0,0.11296791827667962
CC_8DD46AA08F3E,0.10369373334041991
CC_8DD82122E036,0.21864079278223425
CC_8DD8B43450AB,0.10197059859271988
CC_8DE098D16228,0.3055128704858282
CC_8DE1D846ACD3,0.3933503889806499
CC_8DE4EAFEF558,0.06475947665604828
CC_8DE6E7C8D69B,0.23335956708605426
CC_8DE909263636,0.1561327432880713
CC_8DE94E0B1579,0.21940546166353334
CC_8DEC04CDC41C,0.514494368899432
CC_8DF4B85B26DB,0.27895739783895646
CC_8DF544460BAC,0.11347467662163517
CC_8DF58A01FD72,0.10999237704755076
CC_8DF9391AD9A1,0.05571079552700926
CC_8DFBF3BB8E44,0.07828507550628698
CC_8DFE193F449F,0.08102571405157157
CC_8E050E0B3CE7,0.06948007259254313
CC_8E0513E76D2D,0.10334412829836966
CC_8E0BA1D7F9B7,0.08341782974438056
CC_8E104D6B12B5,0.23211117372909262
CC_8E1334BE46D6,0.07117185741988384
CC_8E19FF38939F,0.20230091940028752
CC_8E1DE0DB6680,0.26852856678280757
CC_8E1E160162F4,0.819297170243275
CC_8E214B494FB5,0.12926392713111878
CC_8E2763871CE0,0.44590886215514774
CC_8E2EF3CC50E3,0.05070610139965763
CC_8E2F840400EB,0.34919311080280985
CC_8E345D4A722C,0.09548126519103037
CC_8E35B857D306,0.20089469339969637
CC_8E360779FE49,0.1596213849564581
CC_8E38006F7F3C,0.1164553265870741
CC_8E3DCCDCE936,0.2969048416601437
CC_8E3E09A029DE,0.06124762366576607
CC_8E4284CA4FD5,0.10409721442963966
CC_8E4AB0DC1AAD,0.3535092439834155
CC_8E4D4CB54C2E,0.16050031597439496
CC_8E54E385A593,0.1619326789105399
CC_8E573045F945,0.15428129447794367
CC_8E5AE48F4EC5,0.09909126740199689
CC_8E5C74130F44,0.2926243046321117
CC_8E61F50A6699,0.5910977210222528
CC_8E61FB53E97D,0.0543646832539202
CC_8E6272D9BC46,0.163096488312335
CC_8E65D4E590BA,0.20744719958362942
CC_8E6AF51A04DF,0.6375013267031548
CC_8E6EEB807FCE,0.26475780116844605
CC_8E6EFE82B347,0.11388406587855052
CC_8E6F4DD32D7C,0.13397668695539097
CC_8E6F770A9FEA,0.04524768594826985
CC_8E708C027037,0.22290838860288412
CC_8E712BC1FF4E,0.39360979606375135
CC_8E7347B6FBA7,0.19210481760085737
CC_8E7381513BE2,0.3371692542585332
CC_8E7C83FC6127,0.1625473044730852
CC_8E8048E0E3D1,0.41839138891832395
CC_8E81F169B120,0.19536701159918093
CC_8E8349065E3F,0.19196474075481323
CC_8E85369162E3,0.039564092540303984
CC_8E854C52A063,0.16417275802565223
CC_8E85757D7C00,0.22720623581430616
CC_8E85E27A9A7F,0.08305989608127248
CC_8E89CD3B0D15,0.682924033937993
CC_8E8A52FF65A7,0.4052760362093677
CC_8E8DC6CA6350,0.157737471150869
CC_8E925647E3AB,0.16087280676885862
CC_8E96BFBEA794,0.17122301416833935
CC_8E98C3D73E04,0.3216963244207841
CC_8E9A3C5EDC34,0.06669151097281736
CC_8E9AAEC97113,0.12440420800481647
CC_8E9BD85A09F3,0.3176149788013518
CC_8E9E51CED424,0.23477817292259462
CC_8EA2DAE2D638,0.0994376171300632
CC_8EA6A64FD3F5,0.1678660130510694
CC_8EAA1998E174,0.2437471068542953
CC_8EAA8B396665,0.2150310333709335
CC_8EAC752D6815,0.6686427467198347
CC_8EBE98D5A3D5,0.37967981735322087
CC_8EC316185155,0.6791418559453832
CC_8EC732E99A51,0.3326528538802348
CC_8ECE00EF3590,0.544817722287571
CC_8ECE878DF0F4,0.1717302025443359
CC_8ED3E2A84B3D,0.3140670345023735
CC_8ED620CA354C,0.3864092469802904
CC_8ED87F5E3113,0.7097511829865095
CC_8EDAAE9CEF7F,0.06742335770858945
CC_8EDB31389169,0.6315129134962205
CC_8EE05FD95407,0.10621261692573503
CC_8EE4361CDEEC,0.057821689847742705
CC_8EE5A0EA5D36,0.16362948557574492
CC_8EE5D9509C1C,0.09233161430375061
CC_8EE6865AB75D,0.704238467542502
CC_8EEC93D2FD6A,0.13979036282722707
CC_8EED9F3936F9,0.22640716252481644
CC_8EF1276AB70A,0.7214419996268755
CC_8EF79F09CD0D,0.0715380135928094
CC_8EF86E78EB78,0.04879706967360374
CC_8EFBA4E65350,0.0671350080697011
CC_8EFC81681B3B,0.1741425243616067
CC_8F01F02303A6,0.5807862042515557
CC_8F049E5FE61F,0.20385356245090577
CC_8F04C45C9415,0.12544449706934752
CC_8F0832719D64,0.27027820964013255
CC_8F0EE9CC15D5,0.8191867004774818
CC_8F120F926453,0.22142756515273768
CC_8F156333A403,0.14235915798885976
CC_8F1AAFF75B55,0.11344994759167562
CC_8F1CDD3CB26B,0.09655180260487779
CC_8F1F932A0C8B,0.1186441306198596
CC_8F20DB6BB23D,0.22730692040822448
CC_8F213A6B5ABD,0.04266964712789462
CC_8F22D26E87B5,0.10885472558526617
CC_8F2344DB1A94,0.13370707605778548
CC_8F26983DBEFC,0.11119073303216556
CC_8F298F34EC2B,0.10445015922710436
CC_8F2B7FB261B5,0.6750828325548246
CC_8F2EDA115345,0.16133267137406335
CC_8F304F30F674,0.1240166071495139
CC_8F3074D1F4A9,0.17776675770792827
CC_8F30B7070D9E,0.040586039022819966
CC_8F32E0E858F7,0.1725644535734193
CC_8F33E2136736,0.11352918471406921
CC_8F3C62A72B56,0.1582935608391301
CC_8F3D5880C543,0.07422807098061937
CC_8F3E0C752C72,0.15095977731643295
CC_8F404F3CF54C,0.7900976013325809
CC_8F4147DFE1A5,0.17547865129215262
CC_8F42451AA956,0.1311375888411535
CC_8F44CA26968D,0.12453068517468022
CC_8F450A36A7CB,0.7299486311764051
CC_8F46FB589670,0.7749330226125517
CC_8F48E6DDAA55,0.08697919491803628
CC_8F49A6A8C911,0.09873820410400617
CC_8F520322EE87,0.04744539338225619
CC_8F53CBB2B993,0.11741934687784558
CC_8F576C93F66E,0.4926153769534132
CC_8F577B610556,0.25922939877033396
CC_8F5F56BA2FC3,0.0926310244063549
CC_8F61FEBD689E,0.7426169902891384
CC_8F63AC330152,0.07260560826537563
CC_8F645BC37527,0.050740542979294104
CC_8F66A8E3EA16,0.43835852961927857
CC_8F675575333A,0.13791793559390805
CC_8F67F096A64A,0.19665082373968795
CC_8F6D3147B3BA,0.06043064213185455
CC_8F6EE4BE490D,0.668342303117442
CC_8F6FEEA54051,0.1428617310830437
CC_8F727777BA60,0.10428609575725518
CC_8F72A955DD89,0.15218752017935971
CC_8F72ADB0CC8F,0.11307118518450647
CC_8F7877CA5D91,0.47104240233206107
CC_8F7A5A300FF5,0.6459042433110835
CC_8F7F54402418,0.2962974266019334
CC_8F8540A94CA3,0.034964288850277525
CC_8F89D76276EA,0.0958309809124762
CC_8F8CFBB9E018,0.12178469684787081
CC_8F92AB73632C,0.17653023464855103
CC_8F9C79887205,0.2802712919595657
CC_8FA12536A979,0.040128609428076535
CC_8FA41643AC01,0.09257734619259791
CC_8FA57E5426F8,0.0806739967187403
CC_8FA5C409BDE5,0.2940844440246241
CC_8FA8BD170AF3,0.13615967576395388
CC_8FA911DF8659,0.20625139970823944
CC_8FAB3DCF9F3A,0.16407492714594638
CC_8FACDD8D11B4,0.13722406096159753
CC_8FAE257FB6E8,0.17067802349346847
CC_8FB0F8FC6229,0.23783777817974122
CC_8FB2E7C57E54,0.08857087460195708
CC_8FB8AFCE5209,0.605504044056211
CC_8FB9A8FB563E,0.10610242445184911
CC_8FBE5E2666F9,0.4615468898882475
CC_8FBEA8F906FE,0.1531509779332143
CC_8FC692F944E9,0.07292611636792135
CC_8FC7D4926107,0.09265601759402513
CC_8FCF98A7A8E8,0.16561837476189242
CC_8FD0953F8588,0.23694323926762811
CC_8FD267F83AD5,0.042044586523923747
CC_8FD3E26A5EC7,0.6331128052436974
CC_8FD443ACC972,0.07437256721635623
CC_8FDD097F76BE,0.10933629100109014
CC_8FE3EA08FC2C,0.06549409328572602
CC_8FE6E0B785D9,0.13511797260610253
CC_8FEA007987A2,0.5795265962431922
CC_8FEEAA241E99,0.6623306176138795
CC_8FEEC4BB6EE7,0.1825131773030218
CC_8FF525FCCC75,0.6673382061993702
CC_8FF8613D7AC0,0.0981212391926719
CC_8FFD323CDA6D,0.14628875377251843
CC_8FFD86B00E18,0.12736884614998217
CC_9002C18B8B3B,0.18823411460636108
CC_90042DD1D514,0.036355790438983945
CC_900A68867351,0.6940493102004799
CC_900B0EB29DCC,0.7509610124878643
CC_900E3195F4DB,0.16194859114022106
CC_900FAB2E1BAF,0.026698446303851008
CC_9019AE0A166D,0.09446486119849866
CC_901A8562A15B,0.3480865143609637
CC_901B8991A516,0.13940907027086963
CC_901BAEE26BF5,0.05782044642648111
CC_90212193BCFD,0.12400545057217838
CC_902154FF44FD,0.18434739003899442
CC_9021D0BFC9FC,0.053426661617453144
CC_90245F242A83,0.09330252365885314
CC_9025C74CB07F,0.7077695837963611
CC_9026B24CF73F,0.2745172303944755
CC_902885A2F754,0.10946433843373712
CC_902E53409BCD,0.053386475691986034
CC_902E903CB529,0.05880209228913595
CC_903316033605,0.0632551191996075
CC_90331FFDBCD6,0.17570340889778552
CC_9036D161DBF1,0.47931747639719113
CC_90379CCFBC26,0.05945586838313595
CC_9037F9787423,0.1512344943904616
CC_903E0AED59B3,0.056219759020572704
CC_9042536A6405,0.06382100071542166
CC_90430CADE6B8,0.10889359399874705
CC_9043447202DC,0.18155070191472206
CC_90442B913816,0.11030255135157221
CC_90476C3A33EE,0.04676004030345498
CC_9049B4A24611,0.17628877965643547
CC_904A7A64E1B4,0.1614598680913057
CC_904DEC0902FA,0.05761484515561259
CC_904E55ED71D6,0.12427474496916582
CC_904F5ECC1642,0.10533993037566194
CC_9057B14FD9F1,0.1293004820227512
CC_905A1E445ADE,0.046426809737971864
CC_905B54FB2ACC,0.11387163190693114
CC_9061924A0476,0.05173845616313916
CC_90689F9815B0,0.2761505674458883
CC_906AAE6F6976,0.2790011183439056
CC_906B5D0C5D92,0.19198317602126333
CC_9077D6F66DA9,0.34814583541078953
CC_90799C4DA25D,0.1974792316132789
CC_907A72361C8D,0.03142987234521893
CC_907AD96D3A79,0.09619419591196474
CC_907AEB6F5390,0.7883844321185899
CC_907D517B4FC6,0.10749554366279748
CC_90800B1FE7F4,0.060040638780443564
CC_90801A791906,0.12721832060783766
CC_9084020D7DFB,0.12466864735651469
CC_9085A6BDD81E,0.06903425467493593
CC_908E6617F158,0.040348075829221355
CC_908F48D24107,0.07460310860826357
CC_908F6B26160B,0.22299414520417002
CC_9090C28905F6,0.04220864366211826
CC_9094EC072A54,0.6357258577395599
CC_9096471AC9D4,0.7173817987714183
CC_9097AD5E2C2A,0.05829786320013551
CC_909889133B0F,0.14743470356197053
CC_9099D927641A,0.19912783097357215
CC_909A6BCD2B78,0.18651775234001636
CC_909B0346F4B6,0.0936038955743195
CC_909B13294B3B,0.0812230196932674
CC_909DB2118DD1,0.6621989536358699
CC_909E3A3566C5,0.6984727282698653
CC_909F09A9C03C,0.054720764569877636
CC_90A48273A069,0.0944160276564784
CC_90A55CFBED1C,0.2437498289574997
CC_90A7B5FC24BF,0.28029778247347487
CC_90AAFF0D984E,0.09950445093532241
CC_90AB2BA835E3,0.1778645990292767
CC_90ABE7B4746D,0.2793158884287209
CC_90B02BF4AAD0,0.07424409756439657
CC_90B37ACEC5F6,0.057538291303398145
CC_90B47B33B92B,0.1191401111275242
CC_90BF4D3507CA,0.675498775535132
CC_90BF935BCF2D,0.044726960753365304
CC_90C1A4BA7BFC,0.11894965365554826
CC_90C20A63B818,0.31711050208453806
CC_90C659ACD703,0.47557324477154844
CC_90C70A143CB8,0.12236964577604792
CC_90C8E0995627,0.042937916631671666
CC_90CA7FB25934,0.1416428332545936
CC_90CACEC36F62,0.06074839293030626
CC_90CB1DF08423,0.143133422228997
CC_90CB6E176D86,0.07472940849153323
CC_90D011D55ADA,0.09943786829660681
CC_90D06EB7B1D6,0.7283311594696678
CC_90D0DB85C326,0.05315148819292069
CC_90D2C2502267,0.15786000630361793
CC_90D39B332FE7,0.2552434265641316
CC_90D4C4A58F39,0.29455072851138275
CC_90D54BE5B34B,0.7431331639765408
CC_90D70C41B763,0.21679746433198033
CC_90D914BAE2F9,0.04450399229394273
CC_90D99549E9F1,0.17589214053213328
CC_90DE91AFEE77,0.4771648478475739
CC_90E4202B0F80,0.08659322135056517
CC_90E4D48C8767,0.04798162095719745
CC_90E5082B3708,0.13296658129401176
CC_90E5BB99FA11,0.2011622269200517
CC_90E657FD0717,0.19239236809662633
CC_90E6E198803F,0.05084619993631347
CC_90EC89637DB0,0.576338822673573
CC_90F049413324,0.05958550410230434
CC_90F499FDAFFA,0.051847256555565505
CC_90F7115ABCF0,0.05478497980476258
CC_90F856035123,0.2216767328572038
CC_90F8EF623488,0.051545843180513584
CC_90F970707673,0.10523171533051359
CC_90FAC8BEB2F3,0.15361726969597667
CC_9100E5C850B2,0.1498200651083936
CC_9103D8510970,0.4277116177884027
CC_91044A71B1B1,0.04347741342166419
CC_9105587593BF,0.39728253818477477
CC_9107B3C07AC7,0.17336470062519085
CC_91080CC14F4F,0.26841361606988484
CC_910955C40913,0.04884164095557783
CC_910AE8CB4149,0.1425695740617737
CC_910AED9B2F9D,0.38443562785661495
CC_910DAB0868E3,0.3756211603885254
CC_9110FB9BCC66,0.12192332229602218
CC_911118B8423D,0.44146048898830514
CC_9114EB5C0F5E,0.7905032265678177
CC_91167BE4F588,0.07797304914352174
CC_91175E35EC4F,0.07498001807543402
CC_91181D56DD75,0.405792745186044
CC_911881C6DCA7,0.10000929127954006
CC_91188D52FDBF,0.1641495803726642
CC_91199C547AFC,0.1332232843283152
CC_911E293CBE53,0.0956724069059174
CC_91233E56800C,0.09064880766714126
CC_91243FA1B859,0.7488275095976448
CC_91244C60A9C7,0.49191084170258836
CC_912717027CAF,0.18161185772875185
CC_912738B1532E,0.16295036475694152
CC_912C361D818E,0.6245421129112809
CC_912C61F73060,0.3441799656273273
CC_912E0C343859,0.16369287602127064
CC_912F6468C823,0.051713088922482456
CC_9131CB6EFC78,0.17151290000804012
CC_9132E0E78904,0.0705856913360941
CC_9133551228B7,0.48408410147536446
CC_91379670618A,0.039804975243375236
CC_913A15ED1471,0.13563381751504014
CC_91471E17BC49,0.1042952710608817
CC_914E36320549,0.5340709432482484
CC_9150A3A3313A,0.101860256061493
CC_915223128501,0.4641252360457913
CC_9156E3A6BA15,0.03995647877645041
CC_91579CB462D2,0.5255322870173949
CC_9157A37425A8,0.1677846825861184
CC_91599A338941,0.05855201995716806
CC_915C7AF0D80A,0.6882770735580588
CC_915D8247FA76,0.16041405118816263
CC_91658F55D9BE,0.717454054703653
CC_91679B2674CE,0.42412162699999084
CC_9167D0A47EEF,0.05461816821593135
CC_9169B8D4AE12,0.3571111827859218
CC_916A34F39225,0.06270541745739452
CC_916DEF8EE16A,0.6760467934941955
CC_9170A73F144D,0.6573941359660898
CC_917AE86FBC10,0.09552742513595613
CC_91805F6C2712,0.05707529137598151
CC_9182DA53CB8A,0.12409553151928428
CC_9183FE8127AA,0.7280973584627815
CC_91843D0B4C73,0.09911530882018506
CC_9184C47129CC,0.29008180019200647
CC_9186DC21EC08,0.5499830047770526
CC_91895EAB5249,0.03997378431299776
CC_918D6053D3FD,0.11574173195416866
CC_918D974DFEF5,0.3704600690108991
CC_918F52797338,0.20766471387540916
CC_9194CF1720B3,0.04326140968865254
CC_9196E185EFF0,0.41252727540356426
CC_91978CB20185,0.17751102640746927
CC_9198D167A173,0.13472453292099318
CC_9198DF292852,0.4729798911065341
CC_9199BD218421,0.46253837270136866
CC_919ADF1F4DD7,0.19627289712286777
CC_919E9374D1F3,0.1116612091554875
CC_919F746C4F75,0.05338799289848275
CC_91A019C95306,0.14171017226297497
CC_91A3C64F9589,0.03431889417761114
CC_91A5603A057B,0.17523311130131466
CC_91A777E7F25E,0.12376790110853952
CC_91A8E6D954BB,0.189209747705145
CC_91AAD70BCF3C,0.08774791409408009
CC_91B08DF47D95,0.06864436318561115
CC_91B0F6CE3E81,0.27934245200616453
CC_91B246730C99,0.38241764979240883
CC_91B6E17D86F5,0.25560657467409087
CC_91B941AB2AED,0.07643965858041253
CC_91BCC5032DDC,0.2029426389082504
CC_91C01861619E,0.6727239474466911
CC_91C3D5ECAF47,0.13315890847670198
CC_91C7526BA44F,0.5400085305416874
CC_91C82ED69A02,0.7089198540110095
CC_91CE5FE12187,0.08332242105387425
CC_91D0C7EB9C43,0.09991973527555983
CC_91D4F2EC8CCF,0.06906190663410369
CC_91D6FFD13849,0.1360988050000702
CC_91D7C75A28F5,0.09821875641847191
CC_91D85FBC31C4,0.20081650092867614
CC_91D879691452,0.13848669830956573
CC_91DAEC5248C4,0.10367204126210361
CC_91DAF2676EEB,0.09924989383800557
CC_91E0FA9D75D0,0.06579328617915813
CC_91E334B66F48,0.24099439003963954
CC_91E59627013C,0.09025224073815932
CC_91EACFC34845,0.15094105156182377
CC_91EB6FD8B68D,0.7204411078956998
CC_91EC957CF080,0.07004189884041705
CC_91ED6BA411AE,0.07407527200928146
CC_91F750EB9FA3,0.07568667004584365
CC_91F78C06F19D,0.13348772669845627
CC_9201669C6736,0.06606475363679351
CC_920246B7694F,0.17355740628236113
CC_9203933F6143,0.06227489540505902
CC_92066C7BDDA9,0.4663201407187608
CC_9209D0A99335,0.25554013892208205
CC_920B290E0BE3,0.2569313521971386
CC_920C573ABE12,0.3957725606363721
CC_920F3798E553,0.22190307787767521
CC_92101E425311,0.17719307186376715
CC_921249534F15,0.4163697280111647
CC_9213769F6172,0.16928005660516748
CC_9213E8A22640,0.03583896961008755
CC_921410EE8E35,0.49285445590260446
CC_9215C256C3FF,0.08364086021737646
CC_921784F2585F,0.08454428877549067
CC_9218E5FB6F21,0.3450777737192092
CC_9223238E4DF8,0.04821780451568998
CC_92239DE9D11F,0.15514251842309293
CC_9227085F4FEE,0.44177860072854563
CC_9227B7671B0D,0.05891436978553061
CC_922859E64E59,0.08477894457128088
CC_9229CC35C09A,0.08703951894632247
CC_922A45DAED1B,0.07062304820622384
CC_9232D20C0C25,0.23498632930564223
CC_92350D003F9C,0.10561808290926564
CC_9236BD651210,0.09657553238291769
CC_92398D2D19D8,0.6317451496820333
CC_923CD2E42F3F,0.16191701588638954
CC_923E57488EC0,0.18422679837289518
CC_923E95B90A4A,0.32253902619966046
CC_923F618195C8,0.48799946835083097
CC_923FB08DE731,0.07210737335763037
CC_924187D97FB0,0.17674373799506654
CC_9242720133FC,0.0891568945036004
CC_924447D7C527,0.07296428149568482
CC_92492509B235,0.44313329089475884
CC_924DC21F8182,0.07144341631751772
CC_9250A2FA8D82,0.07691647792183107
CC_9254DD16D362,0.10769184203562879
CC_92560046137D,0.28490206216449987
CC_925B09D3F996,0.05871212115027856
CC_925B14F5652A,0.16690876432608098
CC_925DDDFC4F97,0.08799089847983455
CC_925EC17F6322,0.14852198325993582
CC_925FA1993079,0.2714330390298914
CC_9260A0CA1925,0.14393535584152267
CC_9266A021D91C,0.061380324056160264
CC_9267F0A7E3D8,0.12710225099873376
CC_926A5ED69727,0.09406927635558181
CC_927062E00389,0.056889794653850946
CC_927162A1B2F8,0.15966011137018277
CC_92783AADBC1E,0.06964129167599092
CC_9279C780F0C8,0.05656610896977221
CC_927B30887061,0.43574378151475124
CC_927C6C60C71F,0.18403376550468795
CC_928110FF11AF,0.10112876417922186
CC_928224B1AEA2,0.161830137121673
CC_928519A49DF0,0.08851348492427812
CC_92877D2B66C6,0.34260384531472754
CC_9289610BE3B6,0.08262691728947824
CC_928AB5E0CD0E,0.2659883940004998
CC_928DFC8CBCC1,0.04965517649027265
CC_929578D9FDEE,0.049412979171958867
CC_929B6B841542,0.07778440024217227
CC_92A00A69CD83,0.4795916133144552
CC_92A9F5B1C70C,0.21761341271320508
CC_92ABDEC95854,0.41477638819724205
CC_92B29E23743C,0.6581588493302487
CC_92BC2AE8BBAF,0.43255851684810664
CC_92C40C5B364D,0.2229205759678234
CC_92C45B9F3102,0.2053261160190354
CC_92C498280A23,0.04815197293930799
CC_92C4AC2EF301,0.057740287903276344
CC_92C792FECEB5,0.34001842344696726
CC_92CB6B9CB74A,0.1575251234573521
CC_92CDA8AF1584,0.3646934141827073
CC_92CE11B153ED,0.7212836609714292
CC_92D426AF7AC1,0.5587909129002677
CC_92DDEB25634A,0.203634611146839
CC_92DF5298538B,0.2731814730183843
CC_92E19CBA7941,0.10273301922913972
CC_92E218771AF4,0.5203012380552562
CC_92E23B752676,0.06459924865183247
CC_92E6C43BE3EF,0.19129559109315494
CC_92E7447CBFB2,0.07173110751898501
CC_92E7B3C68289,0.20524557027360193
CC_92ED10A0AC8E,0.60117940465652
CC_92EDFA10A521,0.1939267053896893
CC_92F24C4A6218,0.5161093849572193
CC_92F36BF384AA,0.11603366562366421
CC_92F3743AAB05,0.20534371858553846
CC_92F3B84EBD35,0.04287679250243857
CC_92F5671107C4,0.0451798512142328
CC_92F7046C417D,0.0858285380542004
CC_92F952D7030C,0.13199358559858507
CC_92F9D7D113D9,0.11056717757102216
CC_92FCFD9A3E7F,0.11871460891246995
CC_92FDA84251FC,0.32450314076728354
CC_92FEAA3C9B06,0.2430231649766847
CC_9304A6E6420D,0.21092596704563693
CC_9305112DAE30,0.14515730595156282
CC_93064203DECB,0.23141504506234617
CC_9306BC4D773D,0.38343453897464774
CC_930B1EDD1DFE,0.07098036383953281
CC_930B5527DD50,0.7745745028210284
CC_9313C8D28F92,0.05440541586989173
CC_9314FC34190F,0.10817833712250828
CC_931E54C3A36D,0.057760313818076656
CC_931E72E74A97,0.7803551157406083
CC_93207E1A883B,0.05040214836003228
CC_932398FB45F6,0.2020591187501731
CC_9324D70C4B21,0.276611135422106
CC_9326D0C170DD,0.30941065535953316
CC_9327522FDCA4,0.2063695666088206
CC_932A460A3BA1,0.06446580343741203
CC_9330FAA9E6E9,0.0983197081348839
CC_9331D7E773BE,0.2431729803125716
CC_93369618D2F5,0.09667860802581765
CC_9336D5452427,0.33899458152723894
CC_933A89FBDDEE,0.05302530916327155
CC_9341E2D0EC6A,0.06581787352738007
CC_93445EA3B06C,0.7035620048247304
CC_934AA3449713,0.3003268854054535
CC_934D33D1C21C,0.04495676870252491
CC_934DA5B2274E,0.13214201752082053
CC_934F355E3297,0.3349283613818657
CC_934FB6A966C9,0.09458818898875401
CC_935240A289A1,0.08490223123869435
CC_9356CC8BF2A5,0.09898318490831635
CC_93573A6F65EE,0.48464881251759817
CC_93595F8F0697,0.11369986588841723
CC_935BA67F8F24,0.20944147426124884
CC_93651943C1F7,0.7089244694691572
CC_93654E8BEED0,0.17017722213147113
CC_93684545BBCD,0.15514691090100538
CC_936B2180679A,0.15362026712442128
CC_936F79F03E05,0.08716842124924035
CC_936F7E8B09D9,0.17630518500794956
CC_936F8DC31AB9,0.15768068452587267
CC_936FB8B2106A,0.06720831640651743
CC_9371EEEFE2AB,0.10996567730636975
CC_9371FDAA6306,0.09514488572539212
CC_93741C5A6C34,0.12139087729425484
CC_9374348803DA,0.09816636238247933
CC_93781A13FB6C,0.10008654598118265
CC_937F77C063F6,0.10285144258960381
CC_9386A89109EC,0.3018178489367385
CC_9389D1B33F31,0.06521425692284248
CC_9389F2437664,0.04882027311667718
CC_938F8F0512A0,0.20823675205289177
CC_93988817C632,0.07461211756279465
CC_939D51928FE8,0.12064381968539388
CC_939F2BC98194,0.533000491846653
CC_93A2E2618403,0.12081540923948628
CC_93A390B38169,0.04962639100802162
CC_93A64AD82CE2,0.03904897082875885
CC_93A653A4CCE4,0.19166929936393565
CC_93A8BCE5A49F,0.7789476820130999
CC_93AB951F5F8A,0.1243557693164044
CC_93AC962421F3,0.09990755114876954
CC_93AE02CF193C,0.07357269613856601
CC_93AF6645141F,0.2578637723175686
CC_93B176A5B0D4,0.06652131214336246
CC_93B4ED0A84AB,0.05764799284336279
CC_93B67B6F54CF,0.20404591480847983
CC_93B70FBC2268,0.7038284699484587
CC_93BCB888A5F3,0.05651035869539348
CC_93BF8FC1C4EB,0.3708432432155059
CC_93C07F7C80C1,0.04617975041359216
CC_93C24E939649,0.04432624203305601
CC_93D1AB4C05CB,0.15429872935062044
CC_93D3748E57D4,0.7429820456247194
CC_93D5EEE96658,0.22545742483728765
CC_93E0FE585B37,0.05668983541729459
CC_93E625702663,0.08424394823088913
CC_93EC3E3AE9B7,0.053108426370827244
CC_93EDDBCF4BD1,0.16245676126283218
CC_93F104795B75,0.21093766688132728
CC_93F3BFF67C1A,0.6277103520090253
CC_93F76A0CA3F3,0.04264810574315205
CC_93F99508275F,0.1624451934836673
CC_93FD431A757F,0.09902269951241398
CC_93FD71A9F863,0.07954126145537385
CC_93FFEDBC449E,0.1847971761948259
CC_940578786109,0.11928117357760593
CC_9405B5271CC9,0.10004481984151607
CC_940C5D32D69A,0.10846764945131757
CC_941D5EFA9018,0.06941380238996922
CC_941F4B25E984,0.11268595433540432
CC_941F50B9C01A,0.32876094904469105
CC_9423EEEA8B23,0.03949688637591646
CC_94249B8C7F50,0.606772093201078
CC_9426635F2A9E,0.056443003080950835
CC_9426750C93ED,0.32600699565657587
CC_9427116C9062,0.07822028103614508
CC_942906C49C62,0.08444008350476342
CC_942936C97AD9,0.061829058524986824
CC_942D1F87D7A3,0.132537308812438
CC_94338B32807F,0.39085019512992075
CC_9434AC3A70AA,0.1817261405127824
CC_9434F6AF96C0,0.3439025352002295
CC_9437440F0404,0.39789193768415915
CC_943C3C4E85C4,0.07486544744504017
CC_943F8520D4BE,0.14050908105571885
CC_943FFE9B1EF0,0.3414036207885923
CC_9442006C9626,0.7520710506863952
CC_9442FE9781F1,0.13456964782864245
CC_944765FB4B79,0.1888021604834429
CC_944A5D073AD7,0.8198399761828371
CC_944BB74BC1EC,0.1135725091199212
CC_944DE49C9A67,0.15710681706518184
CC_944ECC12BFC8,0.6546353083574875
CC_94510B089044,0.3219407909377186
CC_94525F2882AD,0.10379820697530813
CC_945BC68133AE,0.08477565220053972
CC_945E4B1602D6,0.04208940822035862
CC_94610EE9BC8E,0.1887887669146965
CC_9461F5B51C36,0.03763978801771018
CC_9465F99E1B28,0.1079103075613945
CC_9466A936B3DC,0.5394975409537492
CC_9466B0A27543,0.7450230591334361
CC_946702762F3C,0.06970491914485946
CC_94696DA4AAC9,0.10211667626016649
CC_946A1FCA1E3D,0.19311739420778232
CC_946E1B8988F7,0.23623469297332428
CC_946EDAF842C1,0.06228202562032148
CC_94716BB6BF9B,0.6985692954727114
CC_94729285F466,0.0733988782816526
CC_947306655635,0.2195875173724448
CC_94750C4E2BD2,0.10785326029450945
CC_94757C203A44,0.5581457530287391
CC_947631549607,0.06661726862140335
CC_94771A48955E,0.13991096448350415
CC_9477E948D341,0.11669246387459167
CC_947933368700,0.18460005704244448
CC_947EEE5186F8,0.08083495916963865
CC_9480A6E73D94,0.027374076139761106
CC_94822BA9847A,0.0811432170399247
CC_948314B9B684,0.1431280042043646
CC_9483D2A297EE,0.1989606456352688
CC_9483E3A12EA1,0.08422762909229713
CC_9486AF073404,0.6126833959475589
CC_948EFB088891,0.11138446438048744
CC_9492B760F8C6,0.4169262915243692
CC_9493B84EE83F,0.203002876513118
CC_949F8C9D9B81,0.5133125688688294
CC_94A4929B4790,0.20529046201196693
CC_94A495031F61,0.08192535699944732
CC_94A81005687D,0.197868103460016
CC_94ADE7720843,0.1840387648262651
CC_94AF182C93FF,0.2650648201184866
CC_94B0C650D4D9,0.0921416542223786
CC_94B0E7A88E20,0.23388137606604867
CC_94B32E78366A,0.08249194353194303
CC_94B63A8E8528,0.16132486542673
CC_94B8E8378508,0.10471007237528898
CC_94BCA5B30421,0.7466534771499473
CC_94C0A7E12FD2,0.0864463250192411
CC_94C69720EAD2,0.13400342171422733
CC_94C77B6F2B87,0.24833189395565647
CC_94CB2A4A4F20,0.6019839947888549
CC_94CD49868D84,0.24235596340766716
CC_94D1B933D927,0.08577429737910239
CC_94D4385211E1,0.07967556837073074
CC_94D57937CCE5,0.7280295221707684
CC_94D61BDAD45B,0.1809555768972943
CC_94D650911045,0.07103076086503521
CC_94DB0677F7C2,0.3510772315554953
CC_94DE2CCE2B09,0.08844954896453192
CC_94DE52ECCCBB,0.15521074903779555
CC_94DEA755FC3B,0.29102440793744855
CC_94DEAA396F91,0.14134716454168153
CC_94E5D40325B2,0.04813535321341021
CC_94E7E6AB7D2D,0.6950026795676225
CC_94E8D8B91FE1,0.2791340872960026
CC_94EF1E5D4A15,0.04539552077063573
CC_94F13FF23D79,0.1649591747078254
CC_94F29F2A2D84,0.4865493597650546
CC_94F7FA39CBD5,0.794470276531025
CC_9501940176AA,0.13281588334233502
CC_9503BAAFB857,0.07311031132732666
CC_9504D358B0B6,0.08584644313792819
CC_95098B30EF9C,0.19794000378989188
CC_9509B25E3510,0.13119787177820413
CC_950CAA827AC4,0.11241398892261716
CC_950D62C739E3,0.1294208087669799
CC_95140374A892,0.2692555029694134
CC_9518C9A79108,0.06263003291040474
CC_9518E7A75632,0.12984984635029648
CC_9525A21B3CF7,0.1718713721943123
CC_9529335F979A,0.09559795078566218
CC_9529E36C543A,0.47584176979238385
CC_952EA1F3A4D5,0.0930168573484578
CC_952F0C921B1B,0.04310930437566958
CC_9531CC6E5259,0.2421360827282087
CC_9532629C3C57,0.1829530794728788
CC_9533AFE39106,0.15116657573545694
CC_9536B41EBE3E,0.06501877545127023
CC_9536F9C488C0,0.1803043470413005
CC_9538649C55B9,0.09613737008729568
CC_9540C78F8371,0.2429378109201344
CC_9543BC18CB2F,0.13558573960585923
CC_954664815BF3,0.04646382855351489
CC_954BFDA767F4,0.27490728674651893
CC_954D709E7E86,0.1293561025197942
CC_954EFA90D177,0.2322993613409062
CC_9550BE43BCE4,0.08467415161944472
CC_955170FAE574,0.19341665680038964
CC_9551F8102002,0.41889915922117044
CC_955379D397CB,0.07444676355444418
CC_95542A2A5F50,0.10264791628950812
CC_9555C3A3A58E,0.07327678399795287
CC_95572DF671A8,0.8276375096076546
CC_9557A3D5C201,0.060689327499199607
CC_9559D59E651E,0.21757815483663556
CC_955A63DFE8AB,0.4759905358885475
CC_955C4774C140,0.09740802782330668
CC_955DAA3BA44A,0.2031558429451942
CC_95610855ACA4,0.29582760756424803
CC_95629083F089,0.6682850196528172
CC_956A64E5BC35,0.5272302135572614
CC_956D75F22393,0.1298171597991396
CC_956F7C2604E1,0.7838870723204063
CC_957664784C27,0.06588265140516956
CC_9576833B2F14,0.04789288424916913
CC_95779EAFF606,0.7340098008608862
CC_957AA0436B04,0.07287251757480973
CC_95802EE5928B,0.07265025214565907
CC_95822831F5EF,0.0822654889576304
CC_95830D185CD7,0.06413868054370925
CC_95835E792B97,0.056367725549219025
CC_958398BF3906,0.2509467983156839
CC_9584A0B242A9,0.17029528735180158
CC_95862F8919B7,0.258919857338148
CC_958642AEC472,0.07605816168805461
CC_958A461C7FDE,0.296986989756254
CC_958BC1362809,0.03696266545955628
CC_958BCE504513,0.06355666416338243
CC_958F46132030,0.1470166915965212
CC_959204BF8D0C,0.3425005499001109
CC_9593D9666264,0.060196683603600754
CC_95958C635EA1,0.19580959886134963
CC_9597A45A9701,0.1326693408066043
CC_9598D9FBD555,0.6750136590370003
CC_959E35C81EEA,0.037545118606203166
CC_959F1E2D7C51,0.10068493915288709
CC_959F4578484C,0.06938461542556103
CC_959F6394951C,0.3126363107955597
CC_95A1CFFB01B5,0.2515501054427173
CC_95A3146A5AC2,0.6453243421885061
CC_95A7DE776467,0.1539065784600537
CC_95A8527966A8,0.6377046096157278
CC_95AA10685437,0.07017746406845574
CC_95AAE5937948,0.06354414250610052
CC_95AC13AD6BF0,0.18599041461797255
CC_95AE56757E0B,0.20779776652990867
CC_95BA73143BD8,0.10477548251957716
CC_95BAB9E71DC5,0.08493616441324833
CC_95BC70AADAAD,0.17011274811240826
CC_95BD2C4D0AE9,0.11198015696776029
CC_95BDD5EDDF85,0.063960058580753
CC_95BF2F98A295,0.06347248314154227
CC_95C0BED6E1AF,0.06775792404315428
CC_95C2A2FCD176,0.04262363032123488
CC_95C39D51A802,0.0746336103217884
CC_95D54B97CC22,0.40331849181769697
CC_95D5CB6F97EC,0.667998621223027
CC_95D7391DB939,0.04070180392859877
CC_95DC9CA4529A,0.4115940212086368
CC_95E54D7C8816,0.09602780490448873
CC_95E8DDA64413,0.13511081156376187
CC_95E9B57AD316,0.39839489626990215
CC_95E9DCD98EAB,0.30515215303581456
CC_95ED8AB0DFCC,0.23337976841840108
CC_95EF53C1CA1E,0.07625761960920863
CC_95F83BE5DCF1,0.740303722424881
CC_95FA2CB1E6B8,0.1337760837894171
CC_95FB332B602C,0.15293441214083556
CC_95FC1D71C439,0.5450089876284381
CC_95FE165AA3E7,0.6528803729191217
CC_95FE1C016102,0.23572121869758994
CC_9600B3DCC88E,0.093952764899862
CC_96019119845B,0.09905818959304677
CC_96058A1A1906,0.1861555240119074
CC_9610BBF27254,0.16965687529415738
CC_961848FADC13,0.19751436793934415
CC_96185CD65F6D,0.6772237787644072
CC_961860A5CB95,0.03474888525349348
CC_961CA96EADBD,0.05143983989879809
CC_961EDEB38C49,0.2965311180146766
CC_961F4DAA208F,0.05250239223824691
CC_9624480F2828,0.0842513680989145
CC_9624BA9B14FA,0.2015584911894044
CC_962BAA0180B3,0.6338268341010577
CC_9632C8C51784,0.10705548028681935
CC_9632FAF12968,0.6899315960897395
CC_963317C634A7,0.18414561773906066
CC_96383E75E649,0.17254526293800565
CC_963C0A992FC1,0.06358170755842832
CC_963D08B3005B,0.10104226173206954
CC_963E470BA402,0.12754207313979235
CC_9644984DF5C3,0.7049056273400451
CC_96499350271A,0.18906758501376872
CC_964CBEEE401D,0.09210555767287007
CC_964CCA749BB5,0.18835484506406275
CC_964D4F688228,0.1584847045359405
CC_9650D9A498BF,0.13991265807445724
CC_96512C3D3A9D,0.052967445914874255
CC_965200EF412C,0.18740492261970063
CC_9657A6320940,0.13018470942783936
CC_965E8C4E29C4,0.23551969540891574
CC_965F33944AA7,0.11734676975516653
CC_965FE01791DF,0.1100022019145915
CC_9665C8600681,0.5567170121420429
CC_9667C2016494,0.24043118765448424
CC_966826A06AAB,0.05012660059083168
CC_966AAF6A148A,0.26412487838200044
CC_966D5FB4F143,0.14435002475044625
CC_966F651925A2,0.11908656601303083
CC_967138E15915,0.14479680543401402
CC_9672A60A858F,0.18084121977200618
CC_9675D5DBBAB9,0.10953225737653986
CC_967723D3B9CF,0.14503817089259888
CC_967D6ACE6CB5,0.11336259085771849
CC_967D7FC9740D,0.1081551453138659
CC_967ED2FFD3BE,0.17184045073434157
CC_967F1BCA3CD3,0.05873265578106822
CC_967FD4C5C41A,0.20995020357693667
CC_9684281748C5,0.0400238764960272
CC_968443F31CC8,0.1415560164154744
CC_9684C24C70D8,0.1459676053307904
CC_9687149782A4,0.15238348852010564
CC_96884C7991DB,0.7389757350734192
CC_968F3F9A86A8,0.25372931507439694
CC_969371CBFC5A,0.11597887109973042
CC_96957ED8CE30,0.11347153799572829
CC_9695820C04AE,0.17296416678428148
CC_9697CD059E63,0.37394602712302916
CC_969B17D4AE8E,0.10998092485959068
CC_969ED09344A5,0.21488220207456532
CC_96A7C6A1BC78,0.09502640414633982
CC_96A7CC5C3344,0.15132419042370704
CC_96AF3727A1BB,0.2374949496770616
CC_96B4185480B3,0.14244832043146052
CC_96B85B79990F,0.8202457317266207
CC_96B898E43E2D,0.12898980193379833
CC_96BB65B55C8C,0.1695957441312334
CC_96BD830244AF,0.08774324934279953
CC_96C059A9DB70,0.1098182957260931
CC_96C06B2187FE,0.7248656855589675
CC_96C3C853A6A0,0.6843503648486471
CC_96C63BB58935,0.6511157215302207
CC_96C6E5849E46,0.07633722250325088
CC_96C9029958F6,0.036570874777745885
CC_96CF3AE65C29,0.09571845344824521
CC_96D107E91BDE,0.15114485102667455
CC_96D4FB094913,0.1167430789165064
CC_96DA0109E940,0.05520140017680131
CC_96DC2F41AADC,0.1650045980075045
CC_96DE02A7700C,0.22400852051331993
CC_96E0B16CF415,0.13723355578403335
CC_96E0CA890231,0.5755563210649648
CC_96E4FCF08E87,0.077188401294309
CC_96E879074800,0.0721895263442194
CC_96EB6B6C4A34,0.15862126468062937
CC_96ECE56D1DF2,0.14149579579588284
CC_96F2D1BE9109,0.11910674729905735
CC_96F2EA1D88F8,0.27641982815824334
CC_96F30688F835,0.1761528056691244
CC_96F3215E1B85,0.6636315670463926
CC_96F35D7CC867,0.04244974969447419
CC_96F4098EAC27,0.06199708583482362
CC_96F40F8D0379,0.3711088559693317
CC_96F5BE4B4F36,0.038263407402755675
CC_96F66134F3EE,0.1247001406630788
CC_96FA5804BFC4,0.09632432968706178
CC_96FA9686E5E1,0.1296512601870496
CC_96FAEFD659C5,0.09250894964989109
CC_96FD522D70E8,0.05734846784512867
CC_96FE8F842DB3,0.05294534397859255
CC_96FED971B655,0.09287158169962303
CC_97047A3C15E2,0.19708546054934264
CC_970486F59FD8,0.04447766408474311
CC_97059BBD6FBE,0.12087390346035191
CC_9707C4E39DAB,0.15580957863954836
CC_970C32F7FEE3,0.09126883445883399
CC_970E272F73B2,0.22220283304949873
CC_970F0031C5C6,0.07163238686170303
CC_970F0D85EB63,0.35231528660910955
CC_9712B26408CC,0.09593802647625219
CC_97188ACE5303,0.5789883987517921
CC_971A80130D71,0.08554596156144466
CC_971C58E7EBD2,0.1418102613941834
CC_971D4E01108F,0.34530865345013534
CC_971DCD18BB35,0.2096624050735761
CC_971E1749A0CD,0.15791684660858665
CC_9723B91A38DC,0.15077519118215016
CC_9723EF887C61,0.10579964490950751
CC_972593589D46,0.07689528625431771
CC_9727E0458809,0.18599669499479587
CC_9728CA5AF50F,0.07633171839057054
CC_972F8AF3AB13,0.07392191234813307
CC_9736C6426FBE,0.06110756298242894
CC_9737850D67A6,0.07001069132752287
CC_97386FD71343,0.3821449936093156
CC_973CD69E3FB0,0.11656966059229498
CC_9745C7ABC153,0.12446224283613187
CC_9749FF690A0E,0.12595582863415264
CC_974AAB27EC0D,0.06497445395081711
CC_9753E9D79B0A,0.6405845513871806
CC_97565357D6DD,0.13264315995536652
CC_975850FD3B1C,0.28568743495294935
CC_975C04E9C3DE,0.15738309024185632
CC_975CB89988E5,0.05077999876840157
CC_9763FEFF1B16,0.7121198634954982
CC_9764AD069579,0.628104976782029
CC_9764D4A64860,0.19661474239118293
CC_97661C0FC152,0.18183314043778684
CC_9767ABEF0B1C,0.10752380162273226
CC_976A80FCEA4F,0.05288448510611057
CC_977126F292DD,0.37706004234088286
CC_9771275E529D,0.3149899426537547
CC_9773AC2F0118,0.1527150945196199
CC_977941331C01,0.4241064767916002
CC_977A6EF0004D,0.16951062910624823
CC_977AF522149E,0.533052267073044
CC_977B2D20353E,0.7093524759634737
CC_977D033D0A0C,0.09748279511151929
CC_977DB03C8C6E,0.3643922293669772
CC_9782557B7D14,0.04847444081676213
CC_978618D07C20,0.6968121934125346
CC_9786DD6BA201,0.6415272140041607
CC_97878EE6ECCF,0.17989900079730153
CC_9787B03BACFF,0.10356692902743232
CC_978E13B282BF,0.06954215284398337
CC_978E272EA29F,0.21304771354534466
CC_978FC5FA5311,0.15938988528044346
CC_979002539E11,0.3806422418188612
CC_9795E4550DF8,0.1436377830059711
CC_9797A1B730DA,0.03868575908236819
CC_979F1B1BF1FB,0.06629711028888766
CC_97A6F96954AD,0.11578205458473934
CC_97A87F1959BB,0.04697899670736547
CC_97AAB5D78EC5,0.7132208518520409
CC_97AC1F87F091,0.0452023259857291
CC_97ADDFF95F04,0.07029160786905843
CC_97AE6F66CD8A,0.0539086951450947
CC_97B0AB134BF9,0.14478095058757903
CC_97B4B88D8712,0.12308775901750806
CC_97B5CFFC6614,0.14534802823883175
CC_97B88FE18118,0.1061452906879026
CC_97B91775CE9C,0.1029861601398993
CC_97BD5D195DDA,0.13363528663697596
CC_97BFA8A618FA,0.10884482783559431
CC_97C1FBDF0546,0.07399764386490962
CC_97C2FC6730CA,0.17928285231208177
CC_97C515AB4113,0.24475850099524682
CC_97C713652716,0.05901124673725515
CC_97CC99428183,0.062115386470633874
CC_97CCE58865E1,0.11630991395683825
CC_97CCF135184B,0.09282698026203061
CC_97CF2E84BE62,0.119083401878662
CC_97D0C4B118B6,0.04480336877591869
CC_97D5EC942C32,0.06077283102872627
CC_97D7185B3E82,0.2170812791453436
CC_97D73A8F0F6E,0.7605122607215858
CC_97DBA431DFA2,0.0800087399513528
CC_97DD6B43AA20,0.11960403589279615
CC_97DDC617DE6E,0.26577699964282997
CC_97DE3FEE55A9,0.046662949149794214
CC_97DF7DE7A60E,0.16225584324504988
CC_97E1C8EB9334,0.21554875308954663
CC_97E9AB22F880,0.23136830529306085
CC_97EA5660B2D7,0.07189229375558626
CC_97EEA36A5056,0.08781853254358953
CC_97F1B50C9F2B,0.17065869822728402
CC_97F396E26FBA,0.3188621662210178
CC_97F47E90B73E,0.6142800717613282
CC_97F520FE1117,0.04678428057451587
CC_97F61A55294E,0.3422571876877068
CC_97FD4B00B05B,0.08238330197952859
CC_97FE96060079,0.1414152749784406
CC_9801E056FDAE,0.07388822772162196
CC_980A88F77482,0.3160204328471653
CC_980CF333F19C,0.05835506873267269
CC_981912DCF4A8,0.1790343109014207
CC_98197C75459B,0.06773356523946221
CC_981A1BA9CDCD,0.09947230472185135
CC_98200A8D25ED,0.03748693888582253
CC_98241CFE28C8,0.09156697032398729
CC_98265FBE4F5F,0.050332370435955766
CC_98274DF6B862,0.07958821870810741
CC_9829AEC09419,0.09247608387552116
CC_982B8CBF9FB8,0.08400157039968385
CC_9830EC45F3E2,0.1702262519080627
CC_9831D30DC7DD,0.7244950678347137
CC_98387F5E38FF,0.03439788050440143
CC_9839A897675F,0.6364390336372826
CC_983E30C55B02,0.037206624771615925
CC_983FE440DFA5,0.06958002999476748
CC_98446CD9D196,0.2611978720723843
CC_98467B7DAE54,0.20845219707992482
CC_98480C75B0FA,0.04305536800815098
CC_984E4F91CDFB,0.09956850998107894
CC_984FE0AD0782,0.683674580124424
CC_98510642EA07,0.0827686158979797
CC_9853CBC92B82,0.04649151408447365
CC_9856A284D68E,0.14464064804372376
CC_9858A1653CFA,0.09954833149665596
CC_985B07B6CD1E,0.21505881176759384
CC_986729F8496A,0.11134872352161737
CC_9869ED0439C3,0.07403114056833798
CC_986A8F49F8CC,0.128410824485424
CC_986B76A30161,0.3851616507585174
CC_986EEB87E3E1,0.3390833950235287
CC_986F357A29D0,0.13374710030650044
CC_9875DCD23C99,0.6268848918355653
CC_9879B339D65E,0.4902725887847577
CC_987ABDFCC7E4,0.14954671868310054
CC_987AD622D141,0.07058275829569303
CC_987B645B3435,0.08997187586204643
CC_987F9D26489B,0.13725552482238385
CC_9881AE769137,0.06554956047632549
CC_988330459286,0.3962661297877239
CC_98834A5783E0,0.06820411640345712
CC_988487F1820D,0.05484359529746228
CC_98854082EB45,0.09184771736823587
CC_988837174890,0.7321806710090142
CC_988A1A9CAFB3,0.3251748793007313
CC_988C14467EF9,0.18958203973533314
CC_988DC6ED29CF,0.17502245553590914
CC_988E858E67C1,0.3441671027887961
CC_98905E20F115,0.12755883985232802
CC_9892E1B74196,0.10564262121873362
CC_9893FDE341B8,0.3206494502743777
CC_98957749A29E,0.1685909174192369
CC_9898C4CD75B8,0.43273454929853444
CC_989E96A9AE0B,0.2045461685302299
CC_989F83062FB3,0.10054967833417514
CC_98A000DCD895,0.14573135904007256
CC_98A105F7178B,0.14385599299792873
CC_98A4A3961CB6,0.21964457029798048
CC_98AA5AEB25A3,0.04095856414438763
CC_98B1C9EAF5F9,0.23265170926204776
CC_98B49349E10E,0.1318077545653495
CC_98BADDD5B46F,0.20579986996663244
CC_98C4060202AF,0.16434437967286097
CC_98C43575629A,0.13024808814426242
CC_98C8793838A4,0.06922959255819039
CC_98CAD3AC68E0,0.3700981109757878
CC_98CE1814DF9B,0.16266513575549074
CC_98CFA41E3442,0.07858410597550478
CC_98D6CC9D5CF0,0.5706081593160018
CC_98D6FC469A51,0.20848599882406918
CC_98D7324F72A4,0.5875053932168648
CC_98D89A29A372,0.5899857158058772
CC_98DBE0FE8D39,0.11333300367511576
CC_98DC203CE541,0.669616858037168
CC_98DD297D60A8,0.188869171333026
CC_98DE5AED637C,0.07323034259406982
CC_98E02024D306,0.05230349692294288
CC_98E07C8E9564,0.40645667398034746
CC_98E5970E3904,0.5874465146730418
CC_98E8D44B0529,0.04410582207737364
CC_98E9CAF33E27,0.19742762444156878
CC_98EE2ED2BE0A,0.14918841759906182
CC_98F1DDCE75F9,0.10476872968579103
CC_98F2688C989D,0.09003912501482055
CC_98F3F9A24225,0.15431389511047583
CC_98F5EDC71A06,0.04700786300304046
CC_98F7F5D08527,0.11366966350427729
CC_98FCB8955EC7,0.23038315443543542
CC_9900D5D2F1D0,0.21370074551909418
CC_990438B9C8B3,0.2679355607502195
CC_990530034713,0.05614352177315633
CC_9908C1CEA041,0.09199848911362582
CC_990974187BFB,0.621695089344723
CC_9910ED07DC24,0.10088930542131683
CC_99132BC81F36,0.7619023685973982
CC_9914B7668E55,0.23363820926196635
CC_991616798739,0.3493099440597315
CC_991A1DA5E063,0.32825509230401956
CC_991A65AC144C,0.14635222522161612
CC_991CF8DF93E1,0.05456587945052789
CC_991D14AA96ED,0.08339100603714691
CC_9923649E630F,0.04541361661939329
CC_992810DAB8A7,0.10038624409995982
CC_9929E955C9F4,0.04938541088801473
CC_992C35C86D44,0.4594511689655505
CC_992CAEB63DF1,0.09939803874852024
CC_992D954E2F5C,0.7547566764753315
CC_992DCE0CA792,0.20132662320344555
CC_992DD0D08A60,0.05715342992861776
CC_9932E09ABB41,0.12417182717648383
CC_9936812CC394,0.120037019571043
CC_9936CFE77679,0.1012581864151336
CC_9937A7AFEA7E,0.047400008576225276
CC_993AE43FF5AE,0.18677599417364657
CC_993B89013EFB,0.4004394551032683
CC_993C1D353EF8,0.3017000989084054
CC_993E2D417FC4,0.49038078708868793
CC_9941C1F05753,0.1423655150978929
CC_9942F04E4420,0.14203687880823293
CC_99449C21262B,0.054055185940637185
CC_9948D0D90A84,0.07290119579761109
CC_9948DB73B5AA,0.08592083416492323
CC_994B16224B26,0.044072179030064176
CC_994E20090196,0.11919859587139012
CC_995A5D5A2739,0.10400556875686032
CC_996001F892CE,0.07916209843672012
CC_9960E59F494A,0.055973904470590495
CC_9961253F92C4,0.03977159335599075
CC_99626988E816,0.15426428646840842
CC_996287641E43,0.6246680919538805
CC_9965A238442A,0.08945180091996999
CC_9968D6A1D1E5,0.5204638178751747
CC_996A8D9B2CC2,0.09293121812931647
CC_996B4F1F4A74,0.11504970046223803
CC_996B73BE8CCF,0.6084831427027116
CC_996E9104C466,0.311645979068489
CC_996F8FD2C18A,0.0945406577399849
CC_997347F1CD25,0.3210385746351156
CC_997375DCDAFC,0.07969829461566692
CC_9973E6A54EA2,0.11477496427643955
CC_9974D8870F19,0.07258580905016646
CC_99763712603D,0.09496562333368086
CC_997D5A7F7207,0.05035136793465199
CC_99815EA20C51,0.0967067886949026
CC_99827504C8F2,0.6992244421130505
CC_9983A0927404,0.04666712058013671
CC_99884C8AC6A4,0.17493396580133463
CC_998ACB251F46,0.5052837133801272
CC_998D1461748D,0.14026488928328695
CC_998D76801DA7,0.04791122761281899
CC_999E2D80EA3F,0.1824118916578199
CC_999F4FCD9249,0.08793416912811798
CC_999F9CEBA195,0.7055459935818595
CC_999FE40C4AD1,0.660765905449194
CC_99A24AFDCE70,0.0617064821396604
CC_99A28CA808A5,0.17490109701726292
CC_99A83502E95D,0.044581499656377525
CC_99A98A048300,0.05079600625875215
CC_99AA5338840A,0.04102611175850225
CC_99AF513D1691,0.32683753442038044
CC_99AFC3A96C03,0.0416002499496121
CC_99B6EFCC0563,0.15060291969884124
CC_99BCBF3FFF88,0.13313569134060615
CC_99C43AEFE1B3,0.2026374823902291
CC_99C86A88C05C,0.14908909421434563
CC_99C898D3AAA5,0.051500296156281454
CC_99CA8B4AADE7,0.1794906902795037
CC_99CC97AFFBE9,0.21538410884131892
CC_99D7D6CA7EB7,0.20048502055560222
CC_99DD36B79676,0.20264781211826383
CC_99DE8681D1C5,0.05043047355609901
CC_99DF248DDC04,0.22867433717256894
CC_99DF59BFD684,0.7962853203089064
CC_99DF6DEB4B62,0.04419619579600795
CC_99E29DFE0BD5,0.0979292253528858
CC_99E2FE9256D9,0.11002045668818128
CC_99E3F5BA13EF,0.09729220488486597
CC_99E8213757BC,0.1397347327753121
CC_99F255392513,0.04850974747921721
CC_99F7CF29223E,0.07822514671009731
CC_99FBB9031540,0.22189955717218077
CC_99FBFFE2F6D5,0.33055198176667483
CC_99FF6246B684,0.6191908827982883
CC_99FF9AB18421,0.26949768853458494
CC_9A01A52861AD,0.467461858722904
CC_9A0A60530AA4,0.15816211504885216
CC_9A0FC7C77BC7,0.03350246104051942
CC_9A1301BC801D,0.10827651637153601
CC_9A13DF86BEE1,0.043264601931951155
CC_9A14A7D84A1B,0.10875529219953899
CC_9A168F010E4C,0.05168283541818104
CC_9A171C77CA72,0.0741534427447216
CC_9A29ED9ACA7F,0.30096574884419314
CC_9A2FC2A678B7,0.23182210200164702
CC_9A3016BBAC37,0.1117606593471038
CC_9A311651A4C7,0.08960355206422058
CC_9A342AC2621E,0.628186894671847
CC_9A343C8F569C,0.17843955800939068
CC_9A38B10723E5,0.05164741433401475
CC_9A39E253AF08,0.1613308550360349
CC_9A3CBDA8395B,0.1140819653855929
CC_9A40401ABB0A,0.18130050976795503
CC_9A408D1A68E3,0.20800445786486743
CC_9A459765996D,0.10195747269744966
CC_9A476B3E0A6F,0.05024397756066064
CC_9A4D255CA9FD,0.05446556896263592
CC_9A5003E05A7A,0.714512800082714
CC_9A527BA3EC81,0.14808950821276992
CC_9A54E3DF0F85,0.16296713904357715
CC_9A5524F7ACD5,0.32240765216807443
CC_9A58703FF2E1,0.35041168084593644
CC_9A5AFAAF235F,0.09937563255277827
CC_9A5C807B420A,0.13246389616599635
CC_9A5E08886480,0.0529784073200801
CC_9A5F286660E0,0.7416630149934909
CC_9A6088ED6EFE,0.7558768872032574
CC_9A63DC86BF71,0.16044671633093768
CC_9A6EDD2A4981,0.452881708508427
CC_9A77EC2042DB,0.05975290958580161
CC_9A7E11F28021,0.4553162705978243
CC_9A7FE9D5226F,0.13542689349410716
CC_9A83930DC383,0.17436354851684133
CC_9A8984EFF077,0.05522612258842704
CC_9A8C1D5A71B7,0.1285897985897178
CC_9A8C39C88FE7,0.05822594489865783
CC_9A8D431E8D54,0.20785819312470752
CC_9A971A0A6D6E,0.14966430998771107
CC_9A9CBCF5FAD4,0.10598992723258924
CC_9A9DE4FC2569,0.6562043932063374
CC_9AA1B789058B,0.11101761267642138
CC_9AA2965BCC49,0.06317955214983859
CC_9AA661F07DDE,0.19391496669533556
CC_9AA94DA24C2E,0.14280188322435877
CC_9AAAAA12F92B,0.2515322439025997
CC_9AAEC0A3C90A,0.10294335083848576
CC_9AAF6A221EFB,0.15941688390044856
CC_9AB24C136B8F,0.18923460192083008
CC_9AB30355A267,0.07433966263614736
CC_9AB3C1C22F4B,0.11527226774741403
CC_9AB771866CFF,0.10913778323078502
CC_9ABA8905D59B,0.12285318534829522
CC_9ABB82B817FA,0.6251477689624572
CC_9ABE39731ABD,0.04934091865282149
CC_9ABEBACE59C5,0.1009482396531487
CC_9AC249F7D583,0.6874650724605312
CC_9AC3F405E51D,0.2195573339089098
CC_9AC42994F826,0.06342789119227049
CC_9AC84F2E83E4,0.0481015454276837
CC_9AC94936EF1C,0.13186353355443167
CC_9ACB2F13F9AB,0.6644288875625843
CC_9ACD5206EF5E,0.34654012400449663
CC_9ACD55D828BF,0.22603887434068182
CC_9AD3C1FCDC11,0.6622854162063421
CC_9AD47C871032,0.6839574888916744
CC_9AD48D80B3F9,0.3407888537648976
CC_9AD6CDD081A8,0.08976829048619825
CC_9ADA5B86AC25,0.22085013610770302
CC_9ADDD7168C96,0.17007698164002907
CC_9ADF233A3D67,0.11060915255237283
CC_9AE029511609,0.39680185902351056
CC_9AE0D528E895,0.7424858365784559
CC_9AE12B23F5FE,0.3119022599527623
CC_9AE25064E161,0.08281502432861859
CC_9AE3DD9C4892,0.15856280276645918
CC_9AE3EC55C2F5,0.06811403894711819
CC_9AF19552DC01,0.0722254007320923
CC_9AF2592C810C,0.09753052668490167
CC_9AF5D84C1B45,0.18992840448113946
CC_9AF9AF1A9997,0.08684942159670832
CC_9B0226711A48,0.13854696674828776
CC_9B0327BFA162,0.10958391143891785
CC_9B0382DC26C8,0.08069212378880618
CC_9B040A58CD75,0.14124369889508917
CC_9B050E5A0E35,0.09237249311498316
CC_9B06AF154762,0.08711927631655228
CC_9B07FBEFE4C0,0.13285396724950443
CC_9B08AE1AF7B6,0.04567270948267683
CC_9B0929A5393B,0.1145023735413512
CC_9B1081F0DB34,0.2127872836092636
CC_9B1502A27C95,0.30439326031789504
CC_9B18C3CCC572,0.04471921861547028
CC_9B1AD8400198,0.2815033503495908
CC_9B1F939DA250,0.7389909863190289
CC_9B2167286546,0.12941617981913586
CC_9B23A2A8E40B,0.3918059623578832
CC_9B23F4DF4013,0.0995866850736333
CC_9B25DA0694AE,0.06445855384540614
CC_9B27CE1F22BB,0.060473071287756155
CC_9B2848E15240,0.0566268762670333
CC_9B2B1406B94B,0.14444680851490393
CC_9B2E3EC2D193,0.7388741972844974
CC_9B2F8167CB6D,0.3300352364995878
CC_9B3390A57B16,0.07096290730295836
CC_9B3F76AEE5C4,0.24813264690417455
CC_9B4084E04035,0.06960718994238203
CC_9B441ED5A9F7,0.16973107245530644
CC_9B442BD9F14C,0.15463722228855853
CC_9B48297FCE76,0.19718000894053292
CC_9B4BBE9B4292,0.10437571827661082
CC_9B4EE7104652,0.18816576396948478
CC_9B4F40D51210,0.157549876401944
CC_9B5204E6D766,0.147429000818506
CC_9B53A6514133,0.30125283397567365
CC_9B553035A577,0.10716962401199528
CC_9B5AC5B90415,0.17367526754179236
CC_9B5C65CC0B17,0.22364654627142766
CC_9B5EF1DBF7B8,0.2732541167203703
CC_9B64578C7CFB,0.23925456601412293
CC_9B64934CB771,0.04680003088375207
CC_9B66E9EBAE1F,0.2098650636405559
CC_9B67FEC26352,0.20329771835920712
CC_9B6AE4DA9AF8,0.42417785578507755
CC_9B6C98FDFC45,0.04875332092081694
CC_9B6F1F1D811D,0.19289250433986993
CC_9B70925287B5,0.16702668642146265
CC_9B71B2D75EF1,0.1890892432978204
CC_9B76D1195855,0.06924169178509958
CC_9B86CABE0D76,0.14057752561750728
CC_9B8756EDA273,0.09933505154991944
CC_9B8948988C5D,0.05480053565694683
CC_9B8979940171,0.6757812165134899
CC_9B8B3789AB86,0.14198178115441526
CC_9B8D8E5FF262,0.21254311700824946
CC_9B8E7080EAA4,0.16413223593244294
CC_9B92D1ED6BDB,0.07936466743211662
CC_9B9352FE593C,0.7286193338049571
CC_9B9798291FCB,0.10327169584163906
CC_9B984819E10A,0.16130115975240272
CC_9B98D755310C,0.12907834675999497
CC_9B9BAE3AFC1F,0.32124592287582415
CC_9BA196786679,0.06084410516726975
CC_9BA25541E1FD,0.04478274972568805
CC_9BA650B8ECE5,0.03675696242652515
CC_9BA674FB0F33,0.3833354543756357
CC_9BAA09933D00,0.11001722619859314
CC_9BAFB5996D09,0.038557965659357894
CC_9BB103CD73C1,0.16914985682958533
CC_9BB18E89EEDA,0.12926604454249185
CC_9BB2A41EFB4C,0.263486846531
CC_9BB6A7228385,0.04353699387309061
CC_9BB6F7219762,0.05480962889425417
CC_9BBE41330385,0.7669930791604285
CC_9BBE87990208,0.11130166120634458
CC_9BC22982509C,0.13177777727443268
CC_9BC3D103E0DB,0.21577841314941656
CC_9BC3F6DE3606,0.08504020753286687
CC_9BC8E6693A69,0.06500347421374765
CC_9BCCF360D38D,0.05261153084654426
CC_9BCD717701B6,0.0771023718331253
CC_9BD00BE180F9,0.14764916121843435
CC_9BD5182312A3,0.3897369430490566
CC_9BDB7AA1F4B0,0.15786083304097207
CC_9BDE04C705CF,0.17822019740019687
CC_9BDE0FC897DD,0.6263198001188582
CC_9BDE329D8CFB,0.39334206504819164
CC_9BE07796D896,0.728081836694207
CC_9BE10C3CFDAB,0.20347604677914025
CC_9BE64542855C,0.30312650010474623
CC_9BEE34AFAA50,0.3032798677318832
CC_9BF1F1A14C05,0.17846080003313283
CC_9BF33E72349D,0.21278418265891536
CC_9BFB55A5040D,0.23089387776472153
CC_9BFE9A3FB158,0.18590660433973866
CC_9BFF6DA0D2B2,0.11427689947943767
CC_9C01D171DBA6,0.7382256675257621
CC_9C04763BFEEE,0.07248436470377814
CC_9C08C37C81CE,0.11720155873991252
CC_9C0BFA7E2991,0.17478384981572959
CC_9C19852A48A4,0.8093933250319596
CC_9C199E353EDD,0.16349046972656234
CC_9C1AE13537AA,0.05937376018611461
CC_9C1B2CE64CA8,0.07352903697227177
CC_9C2140BB2ADD,0.1890045694777059
CC_9C234B76E4B3,0.7328457494095402
CC_9C24C9B91660,0.6697372902654251
CC_9C26466CA737,0.41604856973922183
CC_9C28DC2FFEF0,0.06807932154225925
CC_9C29D31C5255,0.14879864398210227
CC_9C2D8B503348,0.06452544375182359
CC_9C31BD5AE1D6,0.7225929686773476
CC_9C331BFEA7AC,0.3916556650202692
CC_9C35D406D978,0.18704408649275794
CC_9C3650660E0B,0.3282890642504023
CC_9C376770370C,0.6907371797256896
CC_9C3B71F64F12,0.04487064953049639
CC_9C406D376012,0.3177859989732422
CC_9C4306182754,0.1860924966353415
CC_9C44157D5072,0.223648863235532
CC_9C45FB432343,0.1527744005259462
CC_9C47BC556732,0.692029175766413
CC_9C4A51F9F04F,0.1645248801241111
CC_9C4ACAC8E73F,0.24229052177942467
CC_9C56828085E1,0.3599688859945902
CC_9C5837F63D28,0.08607081692190549
CC_9C58EE7BED09,0.2733447809436425
CC_9C5C83607EF0,0.7587865937796252
CC_9C6137C2BEF5,0.12248275105323074
CC_9C627DF2CC56,0.05126213892141128
CC_9C66C64BB7B5,0.07857953309789736
CC_9C66CBB40EC4,0.125069219700634
CC_9C6779CAB6C3,0.0716248209656393
CC_9C67D1CC8275,0.05459915416639057
CC_9C6AC57B7E4E,0.19010162095872654
CC_9C7031CFBB83,0.06829089261559937
CC_9C719C8C607C,0.07144616567997064
CC_9C72659A3BB7,0.12222830006776494
CC_9C73C764E4F2,0.0879271466883719
CC_9C7627C4A765,0.435270980644788
CC_9C76B6E613D0,0.0734379612796889
CC_9C7BD8304E59,0.3824286925418714
CC_9C8015486358,0.04891553648323052
CC_9C89A28928FD,0.08021065832284788
CC_9C8D81E778A1,0.11001176479805493
CC_9C94CEE7BD5B,0.11376471433760335
CC_9CB317703AC4,0.15412927364760554
CC_9CB3D72E7D0B,0.09177827809259424
CC_9CB447157022,0.7363046096151207
CC_9CB48A26E9FB,0.08153541981348769
CC_9CB48A3E9DD9,0.23014601133953633
CC_9CBA916A1DF0,0.47263945543278724
CC_9CC887337701,0.07418479775309095
CC_9CC8939BCA77,0.07169317842676766
CC_9CC89545A8E3,0.10709970520649656
CC_9CC949E6449C,0.11445720536920867
CC_9CCA0686A703,0.2100316521743979
CC_9CCB2BEBEB32,0.05085713659677393
CC_9CD149D39267,0.24696453094487447
CC_9CD3C5F64161,0.7125726946064526
CC_9CD783423498,0.27508788677160956
CC_9CD92BEEA272,0.06122080612404397
CC_9CDBD909C3EF,0.1035711584973054
CC_9CDC18B9C1E3,0.15843559019169626
CC_9CDD8B28EEB5,0.656013815432906
CC_9CDE5E0B8559,0.1316035375810104
CC_9CE2EDA65D70,0.15564502755561432
CC_9CE497EA324B,0.6157986547525356
CC_9CE6B1B21254,0.10392542351249759
CC_9CE788B835E1,0.13756941192203498
CC_9CE88392B352,0.18363281334101064
CC_9CE88590F618,0.15444002611432822
CC_9CE8C22F29FC,0.04549371321564389
CC_9CE9AE4B2206,0.07219397442314175
CC_9CEA60F75AD8,0.14519461446408988
CC_9CEC8DE0172A,0.12650993094472662
CC_9CEFDDE317D5,0.14357974884111455
CC_9CF202A17471,0.08373576501916212
CC_9CF243228EA1,0.2500982609781014
CC_9CF2997B3B24,0.06701353025641461
CC_9CF5BAB5D26A,0.14453995550491527
CC_9CF62798EFB0,0.1165293670348021
CC_9CF7AD1DB24C,0.1758920138610151
CC_9CF8300389CC,0.513858799255693
CC_9CFB80F3A210,0.18505044424928507
CC_9CFC8EA7BF60,0.23442914733227896
CC_9CFD9E07819A,0.09679982002002878
CC_9D00451963F2,0.1146444108456234
CC_9D02B3E3D6FE,0.19164586724812524
CC_9D02D44DAF8D,0.12182135689403165
CC_9D0B27BABFBB,0.2881006656511968
CC_9D0E06BFBE11,0.20710678447740713
CC_9D1126E72459,0.06252259207189129
CC_9D13B2D2732C,0.122392879398207
CC_9D15D68BE578,0.10281855143721907
CC_9D1BD13A743F,0.7069242324105752
CC_9D1C7C15A448,0.12721471775527773
CC_9D1CA386117C,0.18861590812728332
CC_9D20FBA95460,0.14499272337586128
CC_9D24E2A9FCD7,0.20971222836476971
CC_9D25949972F0,0.06061233827666499
CC_9D285DDBEF8A,0.1965712351400248
CC_9D2A06882569,0.15972353550245003
CC_9D30B34D6B1F,0.10741801059603899
CC_9D31FE51E80C,0.08316344790787822
CC_9D33640BFCBA,0.1206449820865736
CC_9D37A45A16E4,0.3052278097836986
CC_9D38EAA569A4,0.5232144827359879
CC_9D392D897F29,0.12173626984741845
CC_9D3AC30EEC47,0.49229671440452655
CC_9D3CC7E49822,0.1902968402864617
CC_9D3FAFD6391F,0.06225030941222688
CC_9D4020A49039,0.16877932446261731
CC_9D406214D77E,0.06875890016230558
CC_9D42EB028AE1,0.21898619111318557
CC_9D46F43F9553,0.06011689838670452
CC_9D49294EAB0C,0.2786257698864234
CC_9D5339526437,0.2931088322815984
CC_9D540A062C2B,0.09922218796243884
CC_9D5422AF8B99,0.5381679332862095
CC_9D56AC6B321B,0.7049072134689086
CC_9D57CD8C4613,0.10197496674910558
CC_9D5930667E99,0.7171009537221218
CC_9D5CB76ADE04,0.4093774943893685
CC_9D5CC8084D78,0.17513608125453417
CC_9D5D14B721DA,0.22766330474423077
CC_9D5F36525140,0.27671854961629616
CC_9D5F6985E119,0.15157238702679846
CC_9D63ABB00174,0.7560443498446452
CC_9D65557F4979,0.15875874495783598
CC_9D65A5F81495,0.06978399750703224
CC_9D67DA45E448,0.1076971944207882
CC_9D6887CBD18F,0.09968686630581451
CC_9D68D7DF2A50,0.0873743819948075
CC_9D6B12E75B52,0.6791748201730113
CC_9D6E3FF2B0EB,0.047764315295870205
CC_9D70F7466A94,0.18637789917627295
CC_9D7139618AE7,0.09731750846270551
CC_9D71ADBDFA13,0.32924454819573246
CC_9D722A4A81B8,0.2797445787200309
CC_9D723B00AEBF,0.6516501725264291
CC_9D7291C0E107,0.1898759507969385
CC_9D792DDC1F8C,0.12721743882322356
CC_9D7986ECBADE,0.04497661776313357
CC_9D7BA6C8307A,0.7694593865584324
CC_9D822D534045,0.10195455782487695
CC_9D87ED42638F,0.09575721441880054
CC_9D8CB0B558E6,0.18876094098782345
CC_9D90731662A8,0.07151622936469498
CC_9D942B8A4393,0.10450572233987351
CC_9D961AAC9B69,0.04581217702930935
CC_9D992EAC4590,0.18470120346358726
CC_9D9A50EC3324,0.04891179887772488
CC_9D9B294434F8,0.033437758036454164
CC_9D9F0DDCC96A,0.08554995071571615
CC_9DA0974A51A1,0.2126812459806476
CC_9DA21688B6F6,0.3921514180716069
CC_9DA23C9BBB35,0.7666433979049098
CC_9DA47615A269,0.3156116036993074
CC_9DB369E985E0,0.13662984109422843
CC_9DB546454EB1,0.17850467392843455
CC_9DB739C2A607,0.1657819822807837
CC_9DB83DB8DF18,0.2484861962413766
CC_9DB8F92EBE16,0.1781990453540448
CC_9DB99180C972,0.32119644723372826
CC_9DBB3F34A6F7,0.08377978720952253
CC_9DBD7E118D4F,0.7891663062396593
CC_9DC34B17F9FD,0.5184814808522449
CC_9DC3D3957591,0.1842036572966933
CC_9DC426EF6ACF,0.08894788186420002
CC_9DC7C79E24A9,0.15544522721679033
CC_9DC8EF74B126,0.09520813202981968
CC_9DC92AEB0655,0.059693418146738716
CC_9DCB4CB35574,0.7042216805604243
CC_9DD0460ED2B1,0.13750518844023976
CC_9DD1B046AB9E,0.11452293840687011
CC_9DD764583F0A,0.12090849103648649
CC_9DDA29C8ED24,0.12563664472898065
CC_9DDCFECDA0B5,0.10717867823234209
CC_9DDD362AE122,0.1550591072775785
CC_9DE99ED8D28E,0.08340510263087494
CC_9DEA2B80662E,0.10514123311445975
CC_9DEC41D17FBE,0.06712659197003204
CC_9DF3BA3EA596,0.11195686417735407
CC_9DF79C5C8D79,0.0756126189110288
CC_9DFBE5C21298,0.6649697716804768
CC_9DFCADC4DEF7,0.35983479660112616
CC_9E014E433105,0.09469068105919146
CC_9E0308832036,0.3794165642455397
CC_9E03721B14E5,0.4164919494588551
CC_9E03C53AD305,0.5774739196962291
CC_9E09D7153D29,0.13358271449874878
CC_9E1727F8DA6D,0.08969403274628965
CC_9E1BABD6299D,0.26558489876337626
CC_9E1E23E7B1E5,0.09607865540753026
CC_9E222FF012D5,0.035185570879022916
CC_9E26D84C6DF2,0.1815734921093417
CC_9E275BA452F7,0.13625219125803567
CC_9E2C95DAB885,0.7270813312492755
CC_9E35D2CCF910,0.13597048679613516
CC_9E387D83515C,0.4992343629918545
CC_9E3B550BAA15,0.32965093844346394
CC_9E3FDA2E399F,0.10596848734461
CC_9E42E82413D7,0.3958047970683088
CC_9E444A497CC5,0.0823338877690867
CC_9E44B171E894,0.045542239082836514
CC_9E44C8EF16E4,0.14514041689202123
CC_9E452B2FC276,0.16540660396954066
CC_9E4C44186363,0.06146488889095688
CC_9E4EC4D9C2E8,0.2008498336196883
CC_9E517C326CC3,0.0908742705848346
CC_9E53FFFAD9CA,0.18278999878665733
CC_9E581437F17C,0.09371908276720686
CC_9E5A0DEA49C6,0.4918283663511054
CC_9E5E939F9FB0,0.21207417208544
CC_9E62823A90C2,0.16709642178313402
CC_9E6304C66FD4,0.10317387056541946
CC_9E63784F66B4,0.08294135145839822
CC_9E640ABA710A,0.1867215416026127
CC_9E6D11B5AB9D,0.1486898956039317
CC_9E6DBE1A9701,0.12130495743524679
CC_9E7128150BF7,0.10139558280308156
CC_9E72B01FB9F7,0.2522823360261164
CC_9E751ECB60DD,0.12023477282653776
CC_9E767C5EE6A2,0.48931192153960923
CC_9E7CCECF8F7C,0.48777636359403437
CC_9E7D0B51A32A,0.30025105199251223
CC_9E7F36A74EE5,0.07518037035690331
CC_9E7FA65FF64C,0.15452870155411733
CC_9E8140AAB56A,0.22961093507287073
CC_9E82710E6958,0.05691020085893731
CC_9E83AF014857,0.1009199183736432
CC_9E84BAD79417,0.12025637918697245
CC_9E8794D39D5C,0.1386303005095028
CC_9E8F2DBF037E,0.6796427524955507
CC_9E90F705BF65,0.06369042281289043
CC_9E937FC9562B,0.07973731810627802
CC_9E953DF5193F,0.08140003231494253
CC_9E985B92B611,0.6066004951477078
CC_9E9CC3335C02,0.10179266305151906
CC_9EA121EF6A43,0.06703992260776737
CC_9EA839AD17B6,0.06565872822727173
CC_9EADAFFEECD4,0.6253734768570269
CC_9EAE1F955671,0.15407567489765506
CC_9EB222A03CFE,0.10811771370216298
CC_9EB69DAB32F8,0.39519203377878015
CC_9EB969000F94,0.31090410437220645
CC_9EBB4D545637,0.11049227255660395
CC_9EBB7363F42B,0.1889987501929567
CC_9EBBF46FF28C,0.6358810254093097
CC_9EBFECF4ACE8,0.17362612379868964
CC_9EC11E291320,0.04867230193899678
CC_9EC15499F045,0.0758167641638319
CC_9EC26468024A,0.28169280542968506
CC_9EC2CB942B92,0.1511624141929196
CC_9EC33225A3AD,0.10606322765881518
CC_9EC493F8E7EA,0.15763566475903354
CC_9EC645148467,0.344258181120381
CC_9EC72DE5CEEF,0.1463429196702835
CC_9EC8CE9A80F0,0.6302449768285266
CC_9ECA0733B697,0.08996493087339086
CC_9ECAE06E13CC,0.15381894503377613
CC_9ECFCAD82631,0.6448020192823478
CC_9ECFE089F961,0.1876000422882309
CC_9ED137AA9181,0.06748391534157143
CC_9ED6126FF62C,0.6494564407521521
CC_9ED723886A5C,0.7559215722159568
CC_9EDB0732539E,0.036660841059296734
CC_9EDC13E1011E,0.22371221836341557
CC_9EDC8A45DC71,0.14360326081833974
CC_9EDF235CDC5B,0.03476573237456386
CC_9EE13452E788,0.19752780810833498
CC_9EE5567C1EA3,0.16983002260194371
CC_9EE725748ADE,0.12398712832481751
CC_9EE7BC10C783,0.12907748459804602
CC_9EEEE940F2EE,0.5854423885104019
CC_9EF008068A5E,0.15944664805348582
CC_9EF7135FBFE7,0.09764506514665562
CC_9EF79EA0F1D9,0.18370937885094546
CC_9EF82170CCE4,0.06967934157490151
CC_9EF9516F64A8,0.24075791819041167
CC_9EFA132C45E6,0.13324245453433559
CC_9F01B54C156F,0.11591561170461792
CC_9F057B03EF57,0.23249596861261107
CC_9F0AE77D13C0,0.06845264044377898
CC_9F0C205896F7,0.2609595386874334
CC_9F0DE98C3912,0.11206765266799881
CC_9F13B8D3677D,0.16898429521253888
CC_9F14D0B54497,0.21270363303833908
CC_9F17F9ADBA8B,0.2150883844933571
CC_9F1B53C05454,0.05644825107772359
CC_9F203DBBA45A,0.15152604486890772
CC_9F20994ED92D,0.5342071347927669
CC_9F245971FC41,0.12105358027836395
CC_9F2679FCC755,0.2673444733621962
CC_9F27D60A1F12,0.16757839919598652
CC_9F2920D0AA77,0.1432000059218168
CC_9F2B1E636BB6,0.5555760827572305
CC_9F2D4DD6AB31,0.7928281418682397
CC_9F2DE2E500EB,0.08013625506134874
CC_9F348ADA8D28,0.5976774762739987
CC_9F35D24D18CE,0.06073750026232048
CC_9F369F409A53,0.35328019218865914
CC_9F37AF9B17C3,0.07374366500000198
CC_9F383D2CF422,0.04444842763312896
CC_9F406B1FB4D8,0.7589549786476778
CC_9F40CEAA7DC7,0.05113774743958778
CC_9F41389F96E3,0.25423871547882426
CC_9F431E9F0494,0.09087243299139805
CC_9F44DD8D1BED,0.14537105594264668
CC_9F48F6C83874,0.3946228079152124
CC_9F495F711BAB,0.13061778994663992
CC_9F49F6A887E3,0.24795079561983285
CC_9F4A400A6800,0.3794461163095402
CC_9F4ABFE525FC,0.08904012034461313
CC_9F4B3729D4A8,0.07739949030486451
CC_9F55DC90EE6C,0.08185035279808858
CC_9F55F525309B,0.09095662205688766
CC_9F58FB2C9DC5,0.2053307277949016
CC_9F59279A9685,0.08321371513902134
CC_9F5B4D6908AD,0.08831868392741825
CC_9F5BAC8143BA,0.7261228978799983
CC_9F5BD8F0D7CE,0.03495684887063287
CC_9F5F3F22F232,0.17138426777193816
CC_9F62AB59F8B6,0.1250635124005403
CC_9F62EABB0D35,0.12059185590335812
CC_9F649F26B0FE,0.07214608958562692
CC_9F6633E00146,0.05541934042121845
CC_9F69493C23C5,0.1502288281890885
CC_9F70A9342A89,0.34587239028434236
CC_9F755D11D8E9,0.3130686183640855
CC_9F75D3D63EB8,0.23853321187780047
CC_9F79F73AE068,0.10467899060642241
CC_9F7AFBF20437,0.12967976410653845
CC_9F87C9C02C08,0.07841064359794303
CC_9F8840EA3C98,0.24423542957444014
CC_9F8916793C27,0.4785020517832887
CC_9F9040650E77,0.18479913023441846
CC_9F90E0D9A59B,0.29588472798121546
CC_9F9AB637C0B4,0.1155020605835907
CC_9F9B6A14E19D,0.10565510611190014
CC_9F9BDAA0B7B5,0.3829416715066649
CC_9F9D7004501F,0.3477619796895314
CC_9F9F8BEEC999,0.04987256575780675
CC_9F9FC61C7F87,0.0991725493793373
CC_9FA01D75A9DA,0.22237910602401229
CC_9FA2A410E67F,0.6787292091222079
CC_9FA33E547194,0.2593540642603087
CC_9FA945BBD722,0.14481423029503376
CC_9FAD62141314,0.09686475720420938
CC_9FB0EF675E75,0.046819534482355596
CC_9FB24F8CAAF2,0.09281720422013279
CC_9FBBC4FF2D18,0.13299910511756638
CC_9FBD9E214093,0.1062420220391547
CC_9FC7DCDE8C25,0.08557503699673329
CC_9FD58E2A95A5,0.10070983774853522
CC_9FD5A5F93F8C,0.2296109313481472
CC_9FD83D18C2A8,0.11040978427850372
CC_9FD8546C475A,0.7114179254456015
CC_9FE0AE4F52CC,0.10631370152370234
CC_9FE116774DA8,0.35792342712821124
CC_9FE28E4B7E3E,0.2233313009565463
CC_9FE47D2ED368,0.15000678291939193
CC_9FE75ED0C943,0.33145907860311274
CC_9FEAA06B9E35,0.623398619466881
CC_9FEB836B934B,0.22433775326982372
CC_9FEBCC4E999B,0.12916538309819778
CC_9FED144C936D,0.04023362692831371
CC_9FEE0187572C,0.7791194483356434
CC_9FEE6CDA2DA6,0.09884384029711964
CC_9FEEDCD5DFF2,0.09400424768442464
CC_9FF10DC1678B,0.052921502934112366
CC_9FF192908F43,0.15553829374343284
CC_9FF24477FCCD,0.06299840562950405
CC_9FF647C08CD4,0.17434013221354783
CC_9FF78758814F,0.05358633212418593
CC_9FFCD19682A0,0.22792857641783343
CC_9FFD7DF7FB3F,0.2588384896621335
CC_9FFE8FEFC155,0.4904866927379833
CC_A00076547C2F,0.14498314620400338
CC_A00257DEE22A,0.6413972550282308
CC_A00C38BEECEC,0.1946946243928232
CC_A0177C988696,0.18417047856928837
CC_A01921B88702,0.13441018429404866
CC_A01EE5E51E41,0.7244436037823456
CC_A01F0103D8C9,0.08851112771636983
CC_A020A3819D75,0.12790670243884952
CC_A023208A4A26,0.16357499310733947
CC_A024BFD41F34,0.2528712539195027
CC_A02AD4F9A643,0.17664517855761602
CC_A02E1DFE4A64,0.06140944734746421
CC_A031E30A662B,0.06727839219820438
CC_A03776C67FA7,0.34897808511793865
CC_A037E2C52B4E,0.15847243620155665
CC_A03AEB0E1760,0.2028046060887275
CC_A03D937198A8,0.24898913697219688
CC_A03E701846E7,0.7182608582189378
CC_A03F4C0B07CA,0.26997065833880496
CC_A042BA16FECF,0.5076437628937093
CC_A044D66612F2,0.6082245311622172
CC_A045B09F6EAA,0.7046108112643559
CC_A046192B46C8,0.20439418844695956
CC_A046A1544573,0.24721160986478435
CC_A047E070541B,0.20463059542618636
CC_A04ABAF40EFD,0.5411697829504563
CC_A05CD939476D,0.6368533741456028
CC_A05D2654B3A3,0.16275699245025593
CC_A05D74464FFB,0.07654551085770886
CC_A060285FF96A,0.07623824442497139
CC_A06376D82D25,0.2655541803205489
CC_A0645F5AF58D,0.19819017299871278
CC_A0677817137C,0.1783861155153654
CC_A06991663AD1,0.0968305444968389
CC_A069D3E9EB07,0.2060937775552522
CC_A06A11670A08,0.12951078408884584
CC_A06B43580DD0,0.7323274732873224
CC_A06F59A6EF94,0.06397624049431502
CC_A0749115874E,0.11817358093601518
CC_A0778B69E422,0.714156336978386
CC_A07899031196,0.04093317513850199
CC_A079B634D2BD,0.18929720171412773
CC_A07C4787AE77,0.18549044593210534
CC_A07C7C7E104A,0.06408606031981236
CC_A081F3FBBABD,0.10662924289867223
CC_A08484508A9E,0.2184422041901934
CC_A087FDDD2F02,0.14990441175640257
CC_A08B1658C8CF,0.04118455926755769
CC_A08C8D57CE21,0.2803118629631716
CC_A08F3E4EE5D4,0.21145335491569064
CC_A090F6EAE928,0.1441177513841156
CC_A091A3E5F3C4,0.051186832952128294
CC_A0942871BCBA,0.14363515457786252
CC_A095F357AD89,0.7583884977390687
CC_A09C72E3091D,0.07594157386108627
CC_A09D644502A3,0.04893016757647993
CC_A09DB9EE19DF,0.18807589198477306
CC_A09F36AB8E5F,0.21063376566584724
CC_A0A45350E7D3,0.2808235756032995
CC_A0A4FD2A6757,0.15692703336872832
CC_A0A6F0D40A79,0.10443552103759961
CC_A0A765093619,0.09777883933934156
CC_A0B00F49D937,0.06381830563505686
CC_A0B7587E037C,0.15101449234902856
CC_A0B7B74B932C,0.19598312121034772
CC_A0BCACCEBA14,0.21944231793459404
CC_A0C2D81DB02A,0.07063396957243681
CC_A0C4251A2863,0.6566388054905616
CC_A0CACB03A807,0.0889413573817883
CC_A0CBDBFF6FDD,0.1566715698077663
CC_A0CF29508DD2,0.4629563531059994
CC_A0D81A970FD4,0.6800877912297739
CC_A0D88F5E92BD,0.1741525478805138
CC_A0D8A53D2251,0.14862704450645914
CC_A0D9F79F77D2,0.15955042280781692
CC_A0DAA7F13CFA,0.17421997061961375
CC_A0DBFD3321A0,0.17874446349241163
CC_A0E1E2546193,0.11258859105087701
CC_A0E2DDA8FE0B,0.1563097578918232
CC_A0E41A9830C3,0.23264931229348712
CC_A0E41F756DD0,0.05000953211604142
CC_A0EB975F6CA0,0.4300679916368254
CC_A0EFEED31289,0.09880842817430097
CC_A0F0550DA758,0.6204832317276446
CC_A0F1B74A788A,0.1404212342575508
CC_A0FB218D53EB,0.151999471688897
CC_A0FEF1BEF881,0.20090197887242606
CC_A0FF9B16D418,0.06140372873548074
CC_A100CA7FDD05,0.5249538603870866
CC_A10255779041,0.2579701394922812
CC_A105612F584A,0.15940582875774306
CC_A1069B332F27,0.5980610961151708
CC_A10C249E1EEA,0.6517934462515711
CC_A10E009249F3,0.11777922098905173
CC_A110193A9E3B,0.08787700040254273
CC_A113569105EC,0.7172810026857358
CC_A114B0CC080B,0.18510523787524086
CC_A1168D8354DD,0.1605061569533147
CC_A122422BBE90,0.7222664937780698
CC_A122C4547EB7,0.6926763861232599
CC_A12985A180C5,0.49610381925521285
CC_A12E76F00A2E,0.41316049163142854
CC_A132DD0CAEAC,0.08829788497769905
CC_A13B0FC4D057,0.142192506321361
CC_A14482A0BD26,0.0842509210775304
CC_A14585B91240,0.16046858909422343
CC_A147988BC57A,0.05101083343072477
CC_A149797BDE4E,0.1728671391793039
CC_A14B2D6E025D,0.2337716070162709
CC_A14E2B7C9D82,0.07835772053324509
CC_A15004C32604,0.09066171377933765
CC_A1510E5D97BC,0.06621200379375429
CC_A155FFA98586,0.30054968457526016
CC_A15611440745,0.14110175049653048
CC_A158425258C5,0.270785211605789
CC_A15EC85906AC,0.24575169519219928
CC_A1609AE0B98E,0.173634719493269
CC_A16310BD88CF,0.21982024943551304
CC_A16469AD1F28,0.16361573234565588
CC_A1651ED58BBB,0.19909270492423714
CC_A170726ED59A,0.22547721733010828
CC_A1717F6E8656,0.0873597866412079
CC_A1745EB5F303,0.05742513586461665
CC_A174D581C0D2,0.23752066241179004
CC_A175BA25B185,0.3935854274160138
CC_A17D411D1697,0.1403035576017702
CC_A17ED5AF377F,0.12447433541661594
CC_A18043F74A11,0.05473546642396032
CC_A1847FC33103,0.43311719867695875
CC_A184A6FDC7D3,0.19498817696333248
CC_A18561B8FFB9,0.44762314875873865
CC_A186491DC7EE,0.10731969992957961
CC_A1892973664C,0.2423746244479839
CC_A1904F21FBFB,0.118901688662248
CC_A192DDD5CC0A,0.32290499136640477
CC_A19559E9B538,0.07481284636956322
CC_A1957D6E4BD0,0.09363712685352243
CC_A19740A717FB,0.336541139221742
CC_A1994DFFCFF0,0.06458826456954928
CC_A1999C93F3B0,0.1319018506775404
CC_A19E883431B8,0.19038993132108387
CC_A1A462BD6A07,0.052514079332882845
CC_A1A741CD60F7,0.05575328757719884
CC_A1A81354A717,0.3231670670694684
CC_A1A987EB646E,0.07985820678977294
CC_A1A9FE990355,0.05681078072153519
CC_A1AA6995BA64,0.5312494631071859
CC_A1ABAF8CD4A9,0.13529859316640094
CC_A1AF5C01DD98,0.6890873569091183
CC_A1B0416C90D3,0.17299855942855796
CC_A1B17C8DCE08,0.14085783540167357
CC_A1B2B1D093FA,0.20795968711606974
CC_A1B5474FD89D,0.7489716796102427
CC_A1B671E70E27,0.09522653013233058
CC_A1B79FC45F24,0.6618187300131375
CC_A1BAAA69BE69,0.15610383331444663
CC_A1BBDB6B7CA5,0.1329858646205167
CC_A1BD42A1E57B,0.29911733115947803
CC_A1C32FF49003,0.39790051351150596
CC_A1C4EEFC5833,0.30581206246802617
CC_A1CB39F393D7,0.10013329554267232
CC_A1CC033D3287,0.15256985227464046
CC_A1D10B8F3C6F,0.10137689313227402
CC_A1D2306A459F,0.69001982276117
CC_A1D40F8336FE,0.03652727079461714
CC_A1D755D7B142,0.1888385964652663
CC_A1E0659D5A18,0.18366407410878846
CC_A1E491E4AF1E,0.7391660781256528
CC_A1E6E37758B4,0.047593524128891576
CC_A1F54C36E6F1,0.2935576182668448
CC_A1FF8AF6AB4D,0.7237652887017176
CC_A202FEFA44EB,0.05623522912361697
CC_A20D773F873D,0.15462068123436418
CC_A2111AB6EB5C,0.6572102255510386
CC_A21AD79ADBA1,0.7474703566228929
CC_A21C5FF7FEC4,0.24109793491135587
CC_A21E9F7D4D4D,0.06309676649321697
CC_A226BE00AE16,0.0660677508639592
CC_A22B9D2A215E,0.23616617725251005
CC_A22E31315E8F,0.11554667753448426
CC_A22FDD13D5AB,0.144146156898116
CC_A2310E71CE2B,0.07845262338158869
CC_A23375D49BF0,0.3883471987677146
CC_A2354EBD0C42,0.44609464324635734
CC_A2358286714E,0.14469603373048465
CC_A237BB3C768A,0.0976799660774764
CC_A2383231A5D6,0.046504784954842046
CC_A23863E8D43F,0.7628311702519474
CC_A239602E41D3,0.2865121227517088
CC_A23A66A57A1B,0.20894936545061227
CC_A23B9FF9824E,0.4640134509177197
CC_A23D023AF269,0.11086034971409567
CC_A23EC3FD43DD,0.738748363824517
CC_A23F1B555942,0.043920809030141984
CC_A240301CD523,0.08285940077537571
CC_A2476B31E7C3,0.3440973219597841
CC_A249AA2649A4,0.055474793222459386
CC_A249C4D53ACC,0.09994049154928147
CC_A24DBE3D0F57,0.08296171317347968
CC_A25132EE5111,0.10786532352353843
CC_A2518D6C2ABD,0.7099448506691032
CC_A25190C7B059,0.2235852614899818
CC_A257D5867524,0.13828105171025865
CC_A25852493328,0.3941000481941891
CC_A2594DB3B9F9,0.2931576732621848
CC_A264061E78D6,0.14841684109355513
CC_A2641AE7D8AA,0.7540860815098668
CC_A26496D4D568,0.1612259865068901
CC_A267E7A68736,0.10510437596207085
CC_A268CBE0AB4C,0.6515337316283224
CC_A26A283CD173,0.04349851811049361
CC_A26ACF533A41,0.06521590279945941
CC_A26BC4826B78,0.12664162456369624
CC_A272B871D28B,0.09090824052786538
CC_A2776A33D076,0.13904100289302335
CC_A277EA972FFB,0.10068969926296871
CC_A278C700132D,0.7476079620761664
CC_A27EC3D72ED2,0.41755829867143035
CC_A2845772B9F7,0.5613631205525021
CC_A286868A5AE8,0.04800523502521806
CC_A286AC7B3762,0.1120361328659623
CC_A28CC618E6AA,0.667385989872708
CC_A2913B5BA715,0.14721213991273233
CC_A29250B498C1,0.19887245322201239
CC_A297A4764F7E,0.09164771608082553
CC_A29B11D20370,0.6035269270412675
CC_A29E4FCD4E3C,0.21035709456100865
CC_A29EBC439250,0.7048498999961406
CC_A29FE8A262E6,0.1553448322916412
CC_A2A0DEBD3017,0.5066282163238466
CC_A2A407581E94,0.05408403925249679
CC_A2A87A9190BD,0.1446533935274143
CC_A2A9503F36DE,0.07673441315451153
CC_A2AB8AF2B24F,0.11210308672903997
CC_A2ACDD16378F,0.09401540333153027
CC_A2ACF2FDAB55,0.15770590028148412
CC_A2AD966B7F80,0.040043053521944656
CC_A2AE841571F2,0.19106126599338014
CC_A2B9603A6636,0.327501903544391
CC_A2B9D639C0DD,0.16471494613276255
CC_A2BA5E7284E0,0.06781332669274878
CC_A2BA5F659B70,0.11307144008412269
CC_A2BBA0698B7F,0.07730452065663414
CC_A2C0DED2DC3B,0.08354449595814475
CC_A2C1CD59F752,0.05233396319750955
CC_A2C1E36A8A2F,0.05346252468842243
CC_A2C577469B62,0.3931865441453187
CC_A2C927B26917,0.12922340909066157
CC_A2C9B277557F,0.07937360229214334
CC_A2CC027F2D68,0.43585137270736435
CC_A2CCDCF1BFC1,0.10603507141711196
CC_A2CD720E516C,0.0648845586970075
CC_A2CDE9078819,0.3368997164381359
CC_A2D2D31A97B4,0.14187091851797146
CC_A2D34322871F,0.1494655770714251
CC_A2D5468BFA50,0.7768007990915252
CC_A2D69E1A10F3,0.4359270509462828
CC_A2D6A90249F4,0.32537229015402425
CC_A2D6D0504DC2,0.13288992804603805
CC_A2DA90809F07,0.07012017665180545
CC_A2DBB2CE2E8B,0.15533456250927066
CC_A2DDCFEE582C,0.08522593089685467
CC_A2E54D59B0C9,0.10712303758487349
CC_A2EB35AA3D98,0.07654172177877375
CC_A2EF4A67A32E,0.4454677467790524
CC_A2F1440FE670,0.4973549452566239
CC_A2F616069E5D,0.05432206478585675
CC_A2FC08088C89,0.4783257044166908
CC_A2FE1DAA6221,0.6677861016938293
CC_A30789C14932,0.08153868350534148
CC_A3089685BBF9,0.5718109447224331
CC_A30ECB8A648D,0.0750913994262463
CC_A30F5A41F244,0.10190665928421087
CC_A31102179CBE,0.19066738230587715
CC_A31137913F93,0.049925661127549766
CC_A3129F2EF63D,0.15727728190309298
CC_A3150CAEF642,0.08173965687972241
CC_A31C94B91C46,0.2115366792023467
CC_A32B9FD60B79,0.08442045600729496
CC_A32C1DB731DF,0.5461686375239724
CC_A32DE4EFEECE,0.07894653944057997
CC_A32E203FFFE4,0.06515690844421154
CC_A33108E01C4C,0.09663699856754496
CC_A334D0731C1E,0.6583397296004618
CC_A3399252F25B,0.22477901746438417
CC_A33997BF4366,0.451859425713513
CC_A342F1D3FA5E,0.07370180179931979
CC_A34384A0E0C4,0.2411401404436977
CC_A34BBEE4C63C,0.049299394357649455
CC_A34DED1110AA,0.17493430566558485
CC_A35544E09F1A,0.08072159169913884
CC_A358BE4C2361,0.07067550741755693
CC_A36EBBE8B36B,0.6849448375145409
CC_A37132C63392,0.3261378426330882
CC_A374CA95C4EF,0.20241739469990477
CC_A3780D125466,0.17464142109678477
CC_A37ECB1F3F80,0.11974351753280961
CC_A37EE84825B0,0.15443336987091594
CC_A37F122D9A31,0.20701902429730912
CC_A382FE7335DE,0.21257089383823774
CC_A384179F5B92,0.6111136525301668
CC_A38AD6806D9B,0.07392212967472973
CC_A38B409D1048,0.10154932190956323
CC_A38FA9D4E637,0.3014271514898483
CC_A39320C8976B,0.4927107587557627
CC_A39327A8CCC8,0.6170928670423281
CC_A395B1C3BA16,0.13854985641249826
CC_A396423C4FB2,0.15721217344914973
CC_A39E52B5A051,0.08654212762561314
CC_A39E908C706B,0.35780264541465695
CC_A3A54FF82ACA,0.6928327363282791
CC_A3AA95DAF674,0.45180907559115085
CC_A3AB79E3D8DA,0.17026029256122302
CC_A3AD43A5A22C,0.20271443219043447
CC_A3B0FF101831,0.6652101803152666
CC_A3B1DC986F19,0.1178758023108647
CC_A3B5C32DD2BB,0.5495161211357034
CC_A3BD3739ECE0,0.07473039899686969
CC_A3BE534ED4F8,0.331164101223303
CC_A3BE76950825,0.2780942261808257
CC_A3C4CF63BE16,0.715531000648163
CC_A3C6CF5416B4,0.21383608511042929
CC_A3C82B8F08FA,0.23957562186534656
CC_A3C9178A2115,0.7202455261468828
CC_A3CC62C5DBAE,0.07877478810642177
CC_A3CEF5BCAE57,0.6828744012940097
CC_A3D07C111C11,0.16005180291458646
CC_A3D35A503687,0.11086328730809054
CC_A3D3C8DC6028,0.20834130789477068
CC_A3D3DFED384C,0.1201809887488745
CC_A3D443FCD541,0.1626362350112832
CC_A3DD7460435A,0.09004934504645648
CC_A3DEB9D8EAE0,0.3741437138725942
CC_A3E2859518D9,0.2560762490859657
CC_A3E5E7F85B42,0.3153008530670566
CC_A3E747EFFE14,0.0438153324619342
CC_A3EE4C5F0F0A,0.053297998227579656
CC_A3EE7106C72D,0.06354509132960535
CC_A3F4D15BEEED,0.06689571377547054
CC_A3F4FA143CB8,0.7544708433453814
CC_A3F6E7EC89B0,0.3784448294146665
CC_A3F7EA5519D8,0.05926761802711059
CC_A3FB28F476C7,0.7511301083992473
CC_A3FC9B7A0340,0.5604108045093124
CC_A3FCA6A49D8F,0.32785078880757235
CC_A3FE24570DCD,0.1525729410563133
CC_A40999CD297F,0.24081511950471116
CC_A40B832BCD22,0.2037618178773685
CC_A41754781477,0.15139816011946863
CC_A41822D3D358,0.6024042490686179
CC_A419B5CD47DE,0.23391945792509086
CC_A41AC6F8165B,0.7146527297095941
CC_A41CFF0CE54A,0.13340152881733067
CC_A42117CADE01,0.21556514589538817
CC_A4244E8980E8,0.13603332449170208
CC_A4257D3FBE29,0.6183739190526205
CC_A42915E85449,0.6510187452340135
CC_A42B7E4AE9C3,0.17054082190148626
CC_A42C4A4C504D,0.04321189555286848
CC_A42ED42F5DD3,0.04476519673073382
CC_A43B817DFD0E,0.1852414234207024
CC_A4424F4ACCE1,0.05242671124002638
CC_A442D4A119BE,0.08015940256395514
CC_A446346D8397,0.6525515259158896
CC_A447A101DC82,0.8345003851856573
CC_A4485E25FF28,0.08152154950790064
CC_A44CEBD27FFE,0.27101504961407297
CC_A453E022D065,0.5556261470904555
CC_A45430CC622A,0.196530532257527
CC_A4557E79AE4A,0.10325610842438046
CC_A4565889DAD3,0.09003662377247697
CC_A459EB511304,0.13166402488095658
CC_A45A1B64F49C,0.07972352451422607
CC_A45CC435976E,0.7062719843164691
CC_A45E655B2096,0.04232444554921035
CC_A46C005D263A,0.22684573990776186
CC_A46E74D7FF7B,0.12458103305933044
CC_A46E9DC2E8E7,0.15692884160707576
CC_A46EA37479B1,0.10223492469668474
CC_A479ADA44C21,0.08034372429561357
CC_A47D7A3745CD,0.08298934593953765
CC_A47EB83EDA0E,0.08317691453459056
CC_A47F65E97628,0.20315362653401423
CC_A4855A34A78A,0.41771417753458556
CC_A4861A8E8AFD,0.1013559631390711
CC_A48BA5D90435,0.1491793443163413
CC_A48D661F7E43,0.13401085861395717
CC_A48DB5437A6A,0.10642750550729034
CC_A48E0388C515,0.27111918129421453
CC_A48F22B0E162,0.04615915693337593
CC_A48FE0B7D698,0.4385761496377544
CC_A4901F6A578F,0.08473534559754117
CC_A490541E470A,0.09488148040438629
CC_A4905748A0D7,0.34622590730357106
CC_A495E8B8AACA,0.15477785110735218
CC_A498DF13A10B,0.15462459581560736
CC_A49904349C5A,0.03957845514332183
CC_A49E1B03A322,0.21815520298622534
CC_A4A0D2D453B8,0.15683754424153365
CC_A4A55B94CCAE,0.16338152204399062
CC_A4A639E2ECB4,0.6524316686313312
CC_A4A6601EBFD5,0.05660982064350354
CC_A4AED565FC1D,0.16962638794579038
CC_A4C06A7E23A8,0.38995245118340355
CC_A4C14F06C836,0.1860004125248878
CC_A4C275993EE4,0.08324473715594087
CC_A4C50DD64E6C,0.09369421120703435
CC_A4C5CDBC5F1E,0.048387807673632086
CC_A4C61F62AFF2,0.07177617021783442
CC_A4C7A5C7E5D8,0.1619379070148998
CC_A4C811FDF5CC,0.1613608087973999
CC_A4CA27C91B3E,0.08399443355044336
CC_A4CB908087AD,0.13083552486067215
CC_A4CC8B3C2EA9,0.1463536268829707
CC_A4D89DE28D2E,0.23420172838884104
CC_A4E0933079DD,0.08483820766952527
CC_A4E161682B12,0.11030508389417841
CC_A4E28D5AE1F0,0.09477223503698703
CC_A4E2D00E0E76,0.2514360767356723
CC_A4E3BB187989,0.1584250202050213
CC_A4E4FADD4079,0.0664784633614307
CC_A4E54B475BD5,0.128161909102453
CC_A4E5877717C7,0.08537884937303984
CC_A4E9240A8C74,0.06927750765746206
CC_A4EBB62777C5,0.19428445375889378
CC_A4EC8F04C66F,0.13655844553001759
CC_A4EDF60895E8,0.1342548976223697
CC_A4F17476C85D,0.054349702518598816
CC_A4F19EC4DCD3,0.19172591239196224
CC_A4F24C1612EF,0.31196791640173693
CC_A4F38B9A79FF,0.10586128259427856
CC_A4F3DA949442,0.23304261413410723
CC_A4F54204DD48,0.10625145144377768
CC_A4F8190F5FF6,0.0635330084020602
CC_A4FA2C542910,0.0836820162212473
CC_A4FB340ACCF9,0.19761987506255646
CC_A4FDA869506F,0.06858100903922486
CC_A5030A56BA1D,0.3773933350545205
CC_A5034AB8AE1A,0.13366347521237595
CC_A504C564B48D,0.6894015912940643
CC_A506A648BAAE,0.08329176218977388
CC_A507FC4EA17F,0.5389615955827354
CC_A50E57E93D71,0.09455705059738351
CC_A50EE4814086,0.39009942549276944
CC_A50F37B44FDD,0.135818500313628
CC_A50FB81F69F6,0.0788956034349634
CC_A513ACD520B8,0.42246549463363275
CC_A51608105AB0,0.20723521999280387
CC_A51BCA3EA3F7,0.27050015002286193
CC_A5220F431BF1,0.03748337217238583
CC_A522F6BE1D5C,0.05470575335311616
CC_A5279888D1C2,0.1445446187760016
CC_A52D5B823D9B,0.2093701220017409
CC_A52D701A81E9,0.28179009546662714
CC_A52E5257EFF7,0.7590929351047709
CC_A52FBD1C0A4B,0.7386464620561615
CC_A5378C20C4BC,0.11611070376465886
CC_A541B1B2C94B,0.09417834003381076
CC_A54C401BAE12,0.06073498244511164
CC_A54FC8DFE041,0.0864664906446304
CC_A550F0DF0082,0.2174888058099938
CC_A55631FA807A,0.06280271242735234
CC_A558D1827278,0.1860883487980034
CC_A55AA8E0C630,0.1976926300125449
CC_A55B8396B7DF,0.08635151656708996
CC_A55FF827167B,0.10612547294975158
CC_A560C9BCC058,0.06384170158863853
CC_A560CE974769,0.3193898515423858
CC_A5628BC1A4AD,0.3651833344464762
CC_A5648894B247,0.14579389832058037
CC_A569AB4849E8,0.07062337755483805
CC_A56AE33979FC,0.0356819480460216
CC_A5707288B570,0.6895714834158383
CC_A5785FAD380E,0.2032560601725169
CC_A5796E57248C,0.24964894591467704
CC_A57CA8C8F7B7,0.045374915675352935
CC_A57E34CB57ED,0.35448394300920977
CC_A57ED21324B1,0.0968996658761757
CC_A5802E264F86,0.29525688707494446
CC_A5843F826A0E,0.0732202460666241
CC_A585C09D5569,0.17271418923947957
CC_A585C4DC3AE6,0.2615544734887467
CC_A58D9799A47B,0.683435826076151
CC_A58E6726554B,0.19163835630028245
CC_A58F7A12F0AF,0.12495161911182714
CC_A591D09342DD,0.13148301792678788
CC_A595A809D56F,0.1553523355258061
CC_A5960F642FF7,0.07222740069776062
CC_A597A2D1B8CF,0.5414034869209832
CC_A599C82583CC,0.0627080658544971
CC_A59A41BE4E29,0.5902223703263789
CC_A59AB1A1DACD,0.7348922017841869
CC_A59DDC9414B9,0.13335186644947591
CC_A59F533B30C4,0.14266612690587804
CC_A5A01D309F24,0.0901397407788829
CC_A5A03B4FD4A5,0.15676099977041275
CC_A5A309724901,0.6313193687606767
CC_A5AAF1283A71,0.17092268066121982
CC_A5ACD4AC477E,0.06096097982859765
CC_A5B107FE1B83,0.706866355707391
CC_A5B3ABC665BE,0.037809312039528656
CC_A5BA731C65A3,0.4146327170784768
CC_A5BBC48BF6EC,0.18129922916099966
CC_A5C0430EDD35,0.1039360726465693
CC_A5C17D5871FD,0.51920390068919
CC_A5C84E3F587A,0.29727410878193217
CC_A5C8B5822A1B,0.33074991446366536
CC_A5C950958DD6,0.15392135838178242
CC_A5CC2BD71EF8,0.751267763284583
CC_A5CD4508E2B5,0.09013107331498973
CC_A5CD7AC460FB,0.07471702482233358
CC_A5CDA04FD668,0.09754352168397255
CC_A5CED4240748,0.6669126195444922
CC_A5D6499C8943,0.10440532466705785
CC_A5DE8D5BB14E,0.28785185761723786
CC_A5E29D4E3E75,0.04941698522438926
CC_A5E31348F3CE,0.13805852012657588
CC_A5E5F97AE605,0.13626741158196418
CC_A5E770E6612A,0.1580980358020948
CC_A5EAD28818E3,0.43565548554325595
CC_A5EB1FDB36B3,0.11990241620941915
CC_A5F0039D04FD,0.12660828232669627
CC_A5F290619CC5,0.11718024407785314
CC_A5F622D0A01F,0.0708428475531206
CC_A5F8EF145E2E,0.49519266574189136
CC_A5FA9E3CBDE5,0.431067387352711
CC_A5FE368A8F94,0.056202789041931
CC_A6009912F2ED,0.06670993430675434
CC_A602BCBB474E,0.19178201999205097
CC_A6040E0BD7B9,0.06662175520129485
CC_A604986272D0,0.05408207236631322
CC_A60608B66EA8,0.37333889883001375
CC_A6064BDE0588,0.1697336832134459
CC_A607425BA692,0.49507528627085406
CC_A60A5D401588,0.5365241144115391
CC_A60B0F6F5320,0.053035889923751946
CC_A60C50F91EA3,0.7160497170980935
CC_A617FAFCED2B,0.06147881759808758
CC_A61D370C311E,0.17002621727442446
CC_A62445894BE8,0.1468199157841058
CC_A6263A2000EF,0.16972987698502187
CC_A626842601BB,0.5481469273236323
CC_A6285FA4D086,0.0829350732205689
CC_A62B45482405,0.16302899292999612
CC_A62C85A20FC9,0.5189593839070659
CC_A62E5599F169,0.12803134600526797
CC_A62EF276F288,0.20928081891159217
CC_A6320BC31D2A,0.2974450184779538
CC_A632CE0AC257,0.11285883568370207
CC_A634E7ECEE9C,0.2515116912109766
CC_A63A83C403C0,0.3220998778059983
CC_A63B6D9E5FF5,0.7738975223208105
CC_A649AF9D4A43,0.5406550231888894
CC_A64DD14258A9,0.3078815986760789
CC_A64E334BFC5E,0.14594660213461857
CC_A6540743DB63,0.2226928484362957
CC_A656DF8699E9,0.11402822190499995
CC_A65C88769BA8,0.2192425172688291
CC_A65E142C3F55,0.07492715940366086
CC_A6606AE256A8,0.11204413466115662
CC_A669026A90F8,0.11654980591942606
CC_A66F8C75DB54,0.05888059573610225
CC_A670A80CDF21,0.8421022738863536
CC_A67279B3C134,0.11564553543755544
CC_A672DD77EEB5,0.15256695741168674
CC_A67404134014,0.16970133061875495
CC_A675588A4D1B,0.55829523846435
CC_A678BEBF6358,0.10069486266349488
CC_A6807BBD20E6,0.0756778050889016
CC_A680D66DCABB,0.2457457677244384
CC_A6872AAC45C4,0.057992250049851826
CC_A68AE49F33F2,0.07726842338584375
CC_A68EB14FDAF6,0.35312989704436787
CC_A692ED15ACD0,0.3042284763974966
CC_A695083742CF,0.07502699239813197
CC_A69F6DE8A977,0.6450568549739699
CC_A69FC06BD5BB,0.1204415550607646
CC_A6A2457E859C,0.4505930130041376
CC_A6A2655E85B0,0.09887819204880417
CC_A6A420E5C196,0.4163027728931897
CC_A6A4A9A59653,0.19891702532689745
CC_A6A9C4EB6FDD,0.38772270034584866
CC_A6AD39AB8E50,0.05474847259951319
CC_A6ADEA3785A1,0.1305309829770624
CC_A6B0B63EF68D,0.5052079642891731
CC_A6B240EC66D6,0.062162055905825554
CC_A6B253C7D503,0.2018525324347254
CC_A6B5A944DC76,0.14874176720355364
CC_A6B8267BF832,0.141881205711547
CC_A6BFD7A421D4,0.08868939325664499
CC_A6C1F9B1C8BA,0.15909588849830897
CC_A6C6A50B249F,0.18047166139586485
CC_A6C97E3745E2,0.2705293050568394
CC_A6CA1D3AF641,0.14853300080786108
CC_A6CABBD2AA89,0.7498222866168103
CC_A6CDC5618300,0.7001768451137564
CC_A6CDE4656C8D,0.05663615197662593
CC_A6D2C17EFFC8,0.8235748478908732
CC_A6D4FBFDBCC3,0.25686896387012254
CC_A6E1F359674D,0.5226719389360371
CC_A6E230708D59,0.40284099193233214
CC_A6E24277F5F2,0.08191643895700489
CC_A6E2CD698E6A,0.07445266468542759
CC_A6E758F474B9,0.050673486866316494
CC_A6EA941B8C2B,0.10703845495857249
CC_A6F1778ECB76,0.6333328644807039
CC_A6F1A04771D6,0.10152911395961842
CC_A6F20032B061,0.12155991310186298
CC_A6F213D1543A,0.1910335531760282
CC_A6F22BBFE022,0.1282530859917233
CC_A6F24CEEFA42,0.1158387405619404
CC_A6F501FD454D,0.1213384371519955
CC_A6F8DBA0DF17,0.07880728375182539
CC_A6F8E9CE4FA9,0.5131390424540807
CC_A6F8FB403100,0.056275212984293235
CC_A6FC48E2424B,0.05015189814787704
CC_A700E8AB5502,0.1570086878683513
CC_A7027F9588EB,0.3596396404053864
CC_A703FCACB6F1,0.15160747391154564
CC_A706FA70EE4D,0.061018525532482305
CC_A709E886CAFB,0.17733200915449024
CC_A70AD3D6098C,0.04252115788751312
CC_A70C47613562,0.11894978596840862
CC_A710E93BD7A7,0.3600432961392075
CC_A712119DAB6C,0.10597147110056415
CC_A7123BD9BDD8,0.06051810501384155
CC_A7182F7FEC33,0.10493845607741654
CC_A7186B682A2D,0.06236276561932528
CC_A71B94179460,0.5141295490132463
CC_A71F240B4CE5,0.11594717549322472
CC_A7205F24E1D6,0.04994482618463647
CC_A720CAA06FC4,0.2726521116372911
CC_A721B2ADE274,0.1223123246908356
CC_A723AFB46AE7,0.26406718828837067
CC_A723DF122C00,0.22364910262207105
CC_A726F8456098,0.3314489444422393
CC_A732BDAD92B3,0.11543760017171131
CC_A737657D9BBC,0.06871688682258262
CC_A7392C3EAF33,0.38699870962968763
CC_A7415055F05E,0.1299005634042149
CC_A746925DDC82,0.13045363658703596
CC_A74694C6F4F3,0.05694668322783858
CC_A746DD4E9F39,0.10650449386992278
CC_A747E7229BB4,0.19054756305245268
CC_A74AAEBBCC14,0.09927068082742638
CC_A74E127DB9D6,0.10156607714585417
CC_A751D2996FC0,0.11817873583382563
CC_A75374045EEC,0.31882585721615986
CC_A759DB6FF7DC,0.050108887866976884
CC_A75B8DA04495,0.25615926564605057
CC_A75CC04D4110,0.17286677582923132
CC_A75D4A19C2FB,0.18260282158663727
CC_A75DC4645478,0.08805269497427756
CC_A75DDD85173A,0.13457395098338126
CC_A75FB68173A7,0.06798160318380074
CC_A76120A60423,0.08630721503207903
CC_A7635A1B9BD2,0.15829699632420993
CC_A7652F262667,0.1920047182950095
CC_A76643AA78D9,0.4584642658398391
CC_A76719763D33,0.11085094127324366
CC_A76ABD0A34A1,0.07440647941719479
CC_A76B762275A9,0.46309775150106514
CC_A76DDF3BDEBE,0.11883372192426198
CC_A76FB5A7124B,0.17682968832784857
CC_A77339CF6846,0.10929048803654422
CC_A77908BB432F,0.772647132295935
CC_A7808DEC5D09,0.11105061726050533
CC_A785AC28500B,0.11513608760958897
CC_A7861551FFC3,0.6143036530662276
CC_A7862D3E83C9,0.11314589371405188
CC_A7867F315C5D,0.14914683235307166
CC_A788BDD64F14,0.12711474104835493
CC_A790F00E7B06,0.14435222522978527
CC_A79202E21D29,0.17068241166838544
CC_A792E555C7A6,0.03739567676404144
CC_A793B73FAB0B,0.49941991872639946
CC_A794FF9FCCE1,0.63685751429781
CC_A7952322A4F8,0.093317500332878
CC_A7989B1AD915,0.24861081788540954
CC_A79C0193A2CB,0.0940088297276366
CC_A79D16CE71B6,0.12133155233173895
CC_A79EFC4DAFE4,0.14363461683479978
CC_A7A04F15B27B,0.05725473540820767
CC_A7A4B4770971,0.642275304608045
CC_A7A60D4895CD,0.3357560273272603
CC_A7A77D1EB955,0.7238529421760054
CC_A7A88DA3A51B,0.13946918988891097
CC_A7ADD926A911,0.17140733834394348
CC_A7B5CB5D21CC,0.28591970607952677
CC_A7BD3D57355F,0.07378551102441785
CC_A7BDE2F778C7,0.20538039426831506
CC_A7BF65E33282,0.05211169083167594
CC_A7CA13805057,0.7514972559445577
CC_A7CCBD812B7B,0.05083376378234801
CC_A7CFD7AAD818,0.12751885503061394
CC_A7D1A93B981D,0.3082856561633373
CC_A7D35A7E6B5E,0.03698471941175524
CC_A7D3728F7CC5,0.678740898317693
CC_A7D414CD3F37,0.13864070654713442
CC_A7D7F9A5E9F5,0.5073897472126822
CC_A7D8CC926B73,0.3328850546223959
CC_A7D98548B9CB,0.14841195297040594
CC_A7D9A2CB1394,0.11402523738578554
CC_A7DB2C2ECF9E,0.09865377502882147
CC_A7DDAC83E0BD,0.09991487211204368
CC_A7E27B0B57AB,0.07268372561125953
CC_A7E5115904CD,0.06082805949417255
CC_A7EA663BCC85,0.3442730059922431
CC_A7EAB8581771,0.06500763037303767
CC_A7EF34614AE5,0.360269294449126
CC_A7EF56B63F57,0.1616230704119767
CC_A7EFDA8A904D,0.07678498233347161
CC_A7F2DAEDA32F,0.037069257306214916
CC_A7F823E7DA79,0.6592896551302152
CC_A7FD92D19322,0.15814726893648598
CC_A7FFD14558C9,0.16058479416287066
CC_A803650C0F32,0.22298909998214386
CC_A803B8ED04C6,0.4240225463403343
CC_A806D305CD5B,0.4878793753532574
CC_A806D7374061,0.20781510592815464
CC_A80B5A2B87DB,0.35005887924894613
CC_A80ED0D18788,0.4985032475374272
CC_A8106D4C7E92,0.1623266680725255
CC_A8141C561367,0.2107799457230392
CC_A8154259D5E9,0.3207422203266646
CC_A8169D7E5861,0.08965153561092266
CC_A819E1E7A8EF,0.17535109458264325
CC_A81C38745115,0.22329016329372417
CC_A81D9F0CF7AB,0.17949298343881442
CC_A8260D4E81B0,0.2438755779271292
CC_A82C269668F1,0.07684675524139603
CC_A83108A1A74F,0.2174743083781588
CC_A83137251FD6,0.6350896494408943
CC_A8329C40DB70,0.19444892358172278
CC_A8362F22DDE8,0.04961829216456953
CC_A83B5A4930F0,0.12732880627196755
CC_A83D338C307C,0.11932197934871565
CC_A841A789E4BE,0.042917816418326094
CC_A84590CB0DC7,0.10562822572821343
CC_A8491874BA23,0.20443779620609942
CC_A849F4D34464,0.20679260282937295
CC_A84EF3C58724,0.41853455009306473
CC_A8553D6D54AB,0.1734298864017369
CC_A86128341E83,0.39051325355868627
CC_A8684C4D4620,0.598146815086818
CC_A869025CFC82,0.45439520742987094
CC_A86B21205D10,0.058340357832310674
CC_A86F8BFFEF7A,0.17538637201615304
CC_A874CE9AF024,0.29481699436913555
CC_A876D2C60CA9,0.7655199789827734
CC_A8774F02FC3F,0.047865337854838506
CC_A877E14CEAE8,0.037773337968567765
CC_A87CE2755C5C,0.0627690711326598
CC_A8800E45D0E2,0.08627881535512935
CC_A88349F5098E,0.060029879763245385
CC_A8837434B760,0.5493910207719046
CC_A885A05E7E24,0.23322279623525302
CC_A887FB948E47,0.158780675340121
CC_A88C89EEFF27,0.3503172989588724
CC_A88E47D6E12A,0.11805470714967672
CC_A88FB361B009,0.08195617346087639
CC_A8916026DEB9,0.17015470712847677
CC_A897C8E3CF00,0.06517536063967413
CC_A89947268EDE,0.21093546303593236
CC_A89AB3CD3756,0.07660433462614578
CC_A89BDD2940EA,0.14312080946255962
CC_A89D38E86F54,0.18066965347118377
CC_A89F43E297CE,0.07968965366146843
CC_A8A4120E45A4,0.1652543574628298
CC_A8A46C1DF4A1,0.3589570116850361
CC_A8A89D7D5D57,0.30898236971996923
CC_A8A9311B179B,0.2416603583789554
CC_A8AA9FC6E7F4,0.057265725011407385
CC_A8AC5619E98E,0.06053402724601359
CC_A8AC99D0C8F5,0.3189510301257823
CC_A8AF1D0E5225,0.6990526441860855
CC_A8B023020146,0.7387092774822028
CC_A8B0A004CC5C,0.12129450527758226
CC_A8B5E994172D,0.10653012390962517
CC_A8B6574BB001,0.12297355162788201
CC_A8BCC5F5D308,0.08338515228807405
CC_A8BCD80743ED,0.06994795103852108
CC_A8BD2ACE1FAE,0.4945062716350768
CC_A8BFC8D6C835,0.13699428366809036
CC_A8C009E0821C,0.14756273786095273
CC_A8C1EEF8BEA7,0.38553488516448775
CC_A8C6324841BF,0.07000644200503368
CC_A8C8F6F36ADF,0.4246636119719108
CC_A8C919EDDB7F,0.08980341490236098
CC_A8CB85B80314,0.6225696163637026
CC_A8CBFB55F463,0.2674781753223108
CC_A8CC088B85F8,0.7181629675513551
CC_A8CC23F4B5E9,0.07301883142137726
CC_A8CC4CDC8AD6,0.05863236574031246
CC_A8CC7F04F472,0.11557792755442502
CC_A8CE272F22FD,0.06937462367559635
CC_A8D049D72381,0.15462922014554586
CC_A8D4563BA09C,0.3045971204721141
CC_A8D60FB42E90,0.32932479163439504
CC_A8D7262D8718,0.055906580880506096
CC_A8DA502E7E64,0.09974226983122705
CC_A8DAC2EBCF61,0.08179485635834627
CC_A8DAF4FAB5A2,0.07707721704706214
CC_A8DB880F4F62,0.37710421569944624
CC_A8DBBD5C1775,0.6994577772873457
CC_A8E0487B5A24,0.06540924924534963
CC_A8E06F3E5197,0.05178820631720864
CC_A8E0FFD3ADBC,0.418593142926599
CC_A8E94A175936,0.7026095110709912
CC_A8E97B546092,0.4884572223944117
CC_A8EA90DB0F10,0.0673749527490615
CC_A8EC23205826,0.2554291338178012
CC_A8EC258B277E,0.3482198424395845
CC_A8ED417595B0,0.09909744904193372
CC_A8EE6EC37824,0.21429474936993437
CC_A8FCD25B3C51,0.49433280249491807
CC_A8FE4C948F56,0.1388044315700369
CC_A8FF79D8C0CE,0.08037771993273293
CC_A9009F9C62C9,0.1785671456237477
CC_A9043BAD924D,0.1447104922444012
CC_A90835441069,0.057190183992090506
CC_A90A1A26372C,0.08811223690395194
CC_A90A929F74FF,0.06634206781365186
CC_A90B8E0863F9,0.05654240892495349
CC_A911B4D63845,0.07151805473426788
CC_A91237A265E9,0.10375343696390074
CC_A912E547F3C6,0.050457609887866205
CC_A913D95E7E8D,0.15744523604194022
CC_A9165A74F165,0.7452167495624386
CC_A91B38945645,0.10963656550106685
CC_A91B578DA80B,0.26012217873196636
CC_A91C1C2BF9C1,0.040578825472785476
CC_A91DCEF2E5DE,0.10386314322604573
CC_A91DEC2F00E9,0.08036731146997032
CC_A927CE7B1E31,0.6680459066220746
CC_A9285061FE9E,0.06408214965878575
CC_A929017922C0,0.16743013842563087
CC_A929135A2EF1,0.20214996761691856
CC_A92A47407376,0.12258133248653764
CC_A92CF9FA7731,0.5930743597822465
CC_A93031142999,0.11683525156544143
CC_A93330D11A5B,0.11624740930331692
CC_A93B0CD95AA5,0.12740368737371238
CC_A93B50F353DF,0.070423386145868
CC_A93BC0456F1B,0.15896337768787477
CC_A9402001902D,0.1124768175161257
CC_A9402C70CEBD,0.11009277328861482
CC_A94254DA8646,0.12806341693386497
CC_A944522752E5,0.27242288932883074
CC_A94638CC29CE,0.066072127013855
CC_A94890103B1E,0.13597694441866376
CC_A94B929FCD46,0.1604455939695846
CC_A94E8E8502FE,0.06517743946612768
CC_A951DFCF9650,0.29038305091127364
CC_A95213749EBB,0.1104208163187184
CC_A9536E88D9A1,0.7076041061968181
CC_A953CC8A304F,0.15418320250377482
CC_A958084EF3FA,0.04595566716930253
CC_A95C6ECD71CD,0.1254923861314836
CC_A95EF0C4F6F8,0.04195098227829787
CC_A9665D3E5B32,0.48481139390389005
CC_A968212AEE17,0.15183454595250517
CC_A9693E7F39CB,0.08888354958956028
CC_A96B52455369,0.7632658147691347
CC_A970F3B1723F,0.1586325009824226
CC_A975DFD4CDAD,0.13136967577810157
CC_A9772A06616F,0.13812332168261782
CC_A97734E51A48,0.18968466670094503
CC_A9783161C1B8,0.1473717153730736
CC_A978BC8BC3DC,0.1353960940680318
CC_A97A298607B0,0.46332298261040333
CC_A97B929FED33,0.1706145499910136
CC_A9810BA2D394,0.16275793191005508
CC_A981903184BC,0.20839385942570482
CC_A9854A6AB990,0.09047157932633208
CC_A989EED40B37,0.18454646449391632
CC_A98A12865EB4,0.13422719255582782
CC_A98C15DB7A11,0.23802884328486157
CC_A98C93478642,0.27387875603074313
CC_A997E5CEAC6F,0.16096048265265286
CC_A99968576AF1,0.14834417331823543
CC_A99B857BF2D5,0.48211479534007007
CC_A99C7D8B0CAB,0.08463532907481565
CC_A99D353A0E79,0.14619822326768503
CC_A9A3F8FA586A,0.1173933478431312
CC_A9A463B74727,0.3408247291247467
CC_A9A67507CD5D,0.0704182908892491
CC_A9A6F7850A88,0.5590945198299094
CC_A9A986456911,0.1934971837874399
CC_A9AAA6DC2007,0.34734821591562304
CC_A9AC6E31C775,0.6934772290024994
CC_A9ADD7104E81,0.046476822062165926
CC_A9AF7703490D,0.6431867422855742
CC_A9B1DE41B856,0.1558702439686756
CC_A9B59FAA0573,0.06674234145438045
CC_A9B80EA88C75,0.15461799929751566
CC_A9B8F5AD219A,0.11335000831395683
CC_A9BD13B66099,0.17439890212589573
CC_A9BFEFA7D257,0.7615968689126724
CC_A9BFF275D7B1,0.24669016074148287
CC_A9C2D702FD90,0.11339285938513036
CC_A9C3A09AE840,0.6793020862167581
CC_A9C3CA353221,0.39437417013398923
CC_A9CA25E868BF,0.5347236513288396
CC_A9CB749DE536,0.07195314003220099
CC_A9CC1D68538F,0.24239526103668677
CC_A9CE9B8CC465,0.10647011698174717
CC_A9D0012DB6C5,0.1576319780543729
CC_A9D4019A26F8,0.25812613443464794
CC_A9D4D3815F3C,0.054428101797577885
CC_A9D4D650B2FD,0.06351792375647317
CC_A9D998EF645A,0.20490490612385712
CC_A9DBAC763971,0.12757728615731304
CC_A9E001D623CF,0.07334678222346866
CC_A9E00B55AB9E,0.191680277428561
CC_A9E1AE214E03,0.37107061813611025
CC_A9E3A463CACF,0.06231672989440198
CC_A9E6076D28ED,0.2755093330028748
CC_A9E87FDEC15E,0.07886925796991091
CC_A9EA2430905A,0.17655205340396338
CC_A9F59329154F,0.07955447324915002
CC_A9F5DD7D92CB,0.22126421741613272
CC_A9F94A7BF972,0.10261792541465722
CC_A9FA30186EAA,0.16163647536585063
CC_A9FC4E12B5B6,0.10109459777369542
CC_AA01D3D9FB70,0.10719479560072247
CC_AA06B2CCCFDC,0.06946144169646631
CC_AA0897D3F9A7,0.3234789262948217
CC_AA0B78414EB4,0.16427686699632202
CC_AA0EB3933170,0.3565212549581943
CC_AA0FE63338C5,0.16335327775029734
CC_AA11C9E925A1,0.03941646047226702
CC_AA132673C8B9,0.12540417911992754
CC_AA17B8E25973,0.11399847908259368
CC_AA17B8FB4DD1,0.09685530577854207
CC_AA1A2DCDB37A,0.06599022814690592
CC_AA1B923B2953,0.23223045034502005
CC_AA23725B1EB7,0.2919048365206023
CC_AA2513603BF4,0.5915988963901266
CC_AA255B733172,0.18909512506319953
CC_AA279A170662,0.19778918116371536
CC_AA2A5D698886,0.522851671283793
CC_AA2F7CAA1EDE,0.08186092817661036
CC_AA326BB80433,0.10227011854733317
CC_AA3C8291233B,0.0471572552128212
CC_AA3F3E8E0EDC,0.2314262193471051
CC_AA3F96BD8D05,0.06420712879942156
CC_AA42D22C711C,0.5512936401546378
CC_AA45FA46CF4B,0.12747329242775993
CC_AA48B43E154C,0.1440498874877138
CC_AA4B49F77588,0.3157664789944294
CC_AA4C67B9248D,0.14372983615093077
CC_AA4CA943C884,0.05090334136493428
CC_AA4F1F77FC0D,0.07682149228720009
CC_AA4FC7826D2D,0.4946616644659777
CC_AA5037049842,0.3744204038572009
CC_AA53097D88E6,0.22014860413120743
CC_AA545037795F,0.3849944002647435
CC_AA5757906A56,0.12747716550311713
CC_AA678D85779A,0.08649628403907379
CC_AA68A594CBE5,0.35364083765368515
CC_AA6D0DCCE773,0.0502370770122586
CC_AA6D901E4AE6,0.24231506032405595
CC_AA6DB26C19DB,0.034992945098721646
CC_AA761CE2F7F1,0.2154629656213988
CC_AA7C84B0D796,0.04955850477368624
CC_AA7DD4E1FF1A,0.2539561795748059
CC_AA804C3CE9A9,0.12403354785135726
CC_AA836E71243E,0.18677222418478995
CC_AA886C8EFCBE,0.09199182634866723
CC_AA88F3EB7595,0.323441479207772
CC_AA8A54D78FEC,0.5389271206253594
CC_AA8EE66201FD,0.5264100248194067
CC_AA92054041B2,0.152769110216817
CC_AA9387BF1364,0.6402074502757035
CC_AA93B0BB66F1,0.07635802308829408
CC_AA95BD3B4433,0.10384236583082643
CC_AA98EF8D12FE,0.07796817493481004
CC_AA994BCD7E57,0.09631141049097679
CC_AA9C92CF5D9E,0.07162219488925609
CC_AA9D3D776B90,0.09472580883518808
CC_AA9E0643AF70,0.19338924213084027
CC_AA9E404D9E88,0.16343571347294994
CC_AAA59CBDFB37,0.3503582212162823
CC_AAA6FB99A506,0.2892493189522142
CC_AAAB6879D8FB,0.20371669738597992
CC_AAAEC55D7B19,0.12181742639206938
CC_AAB0119FA44F,0.03619599796496034
CC_AAB73A572F7D,0.09630926069681167
CC_AAB7D4AE4A7C,0.08833881601206152
CC_AABD04CEF820,0.12374517928874222
CC_AABEC7351D77,0.16408703138492536
CC_AAC0042F66FA,0.09458745343794007
CC_AAC135809669,0.12353851509747386
CC_AAC178FEB284,0.05132885516950399
CC_AAC18F8D66F4,0.20096340453301317
CC_AAC1FD115E96,0.31966505117578237
CC_AAC609663E72,0.1258799925242734
CC_AAC7B727D643,0.06738309565661746
CC_AACD0A40E59D,0.21627939156160808
CC_AACE3A4DDCC8,0.05630296642327951
CC_AACF1C9A56CC,0.11073096440382346
CC_AACF5F633EEA,0.07283128093664734
CC_AACF87DD3855,0.161415902583643
CC_AADA4CF10327,0.12697768962933012
CC_AADAD44A45FE,0.2690968901009314
CC_AADADF1D117C,0.14866212055564582
CC_AADAE307B497,0.19789256904726543
CC_AADCF1C1F8D9,0.07988736369961433
CC_AAE000BD58B6,0.088194780260901
CC_AAE2C2064433,0.20671954236246468
CC_AAEAE7B46478,0.16095641598764576
CC_AAF15D06D32D,0.6315786180586078
CC_AAF23FDD779D,0.7325472085098927
CC_AAF2D8226DA0,0.25709624736329245
CC_AAF34D57EED5,0.10162892711893419
CC_AAF58D87365C,0.08136221164887225
CC_AAF7AB96E87A,0.15611432615849702
CC_AAF9D4BE18E6,0.44621518209107036
CC_AAFC91150951,0.2058324195444586
CC_AAFE6F64A545,0.273651229559668
CC_AAFF1EDCCB1C,0.14022142787525288
CC_AAFF2363E40C,0.09265131638703195
CC_AB01E98B3325,0.03493070643706986
CC_AB0741D47891,0.7189922168558637
CC_AB09CDAE4F68,0.15731274962240274
CC_AB0AFD5F398D,0.7262414349848547
CC_AB125B89AE38,0.8120294602706737
CC_AB1A4FC439B7,0.5515699791227171
CC_AB1CB624D8F7,0.31713315508909234
CC_AB219F0D99FB,0.1404895205390479
CC_AB232BDF0AD4,0.1355808607002425
CC_AB24DFFBFE32,0.14750024113921448
CC_AB2555814879,0.1631757384627162
CC_AB27E4E943C9,0.06411986411924096
CC_AB2A42F41B2E,0.21477588422302402
CC_AB2D2CA6A64E,0.09934260258804249
CC_AB2F88E2FFD6,0.07341648381273704
CC_AB33EFDC9AF1,0.18628280459150823
CC_AB34A0FF355F,0.08056610476578138
CC_AB37E7BF5FF6,0.3469818229504211
CC_AB3F90F3568B,0.09667411167716872
CC_AB41CF6C23E1,0.04054039579171434
CC_AB43C72E5E4F,0.15383061816114757
CC_AB45C75D5087,0.2894070477361986
CC_AB482A213A7F,0.09727683990188073
CC_AB482EA4AAB9,0.1293806357982628
CC_AB4944883722,0.059241482374787414
CC_AB4C4913F1A2,0.21110824205815124
CC_AB4C740534A5,0.0960433211385192
CC_AB54A23EE3C8,0.22537482931595618
CC_AB557B79C7BF,0.12793087511618134
CC_AB558B8AF130,0.1674354716019823
CC_AB5F491BF450,0.09446089968457144
CC_AB61027CAA32,0.07864552201600725
CC_AB61E8E4A5FA,0.4064533018622007
CC_AB65D49AA2DC,0.04022001303393723
CC_AB663846B1CF,0.10795203230274815
CC_AB67D6C89A92,0.23178754135367052
CC_AB70C862BF32,0.3957006044399526
CC_AB731F19F5D6,0.2462920659625209
CC_AB786647A30E,0.4420073772091867
CC_AB789919D614,0.08310498682669247
CC_AB794D887FB7,0.536975719655681
CC_AB7BE2563D01,0.19066232679597775
CC_AB8283EFF50B,0.18664883992527642
CC_AB83A4BF3752,0.09445085771090893
CC_AB840BD9EA72,0.1367293112919158
CC_AB8410C1ADB5,0.16465866861146122
CC_AB884B5B0E22,0.44019589641176077
CC_AB88836B6A8A,0.249612488484985
CC_AB8984CEBDF5,0.235131862392088
CC_AB912C43017A,0.08097781641103727
CC_AB96346C5169,0.10181001059500336
CC_AB98246CB9AD,0.26417969777923483
CC_AB9CB1E3AFC7,0.06713519830161783
CC_AB9D82F14A1F,0.5489528255394946
CC_AB9E482E1A69,0.27348563169580514
CC_AB9F288E1531,0.17081379439437
CC_ABA3AB47F2A5,0.13177835459018777
CC_ABA433D59EFB,0.6888486784891021
CC_ABA4DEB62B51,0.06813794314105662
CC_ABAA3649B4CE,0.06090739354266189
CC_ABAC1B7B23DE,0.414536516443689
CC_ABACA4E5CAF1,0.1334113468709811
CC_ABAE0A66F341,0.21964852728490758
CC_ABB36D5B156F,0.16557923702044045
CC_ABB9B4C77C19,0.056550487491482324
CC_ABBA16B7C413,0.5025192516503325
CC_ABBABC198B40,0.0760634741430413
CC_ABC0334A1B39,0.20985088986879608
CC_ABC0D16783A3,0.049900324510740494
CC_ABCC2A6B5E47,0.8175229629302668
CC_ABD0442A569E,0.2142094501730134
CC_ABD16D2BCC7F,0.4417602298191735
CC_ABD1D865D6EB,0.2762746489204833
CC_ABD26E560CB9,0.1617730914206866
CC_ABD4169CF1AC,0.19188463447948456
CC_ABD4F1541032,0.3201421814570401
CC_ABDB4D5D1F58,0.07238711021567337
CC_ABDB67FCF948,0.14269049347679202
CC_ABDB7E13B6B5,0.35952471252924295
CC_ABDBDBCAFFA5,0.37185218750256344
CC_ABDC814AFF0A,0.05192242263658645
CC_ABDDBD29C0D8,0.05627536530763035
CC_ABDE3F7BACBD,0.7256501810256458
CC_ABE2A113E670,0.12985088208747123
CC_ABE499EE0FCE,0.4216150468293957
CC_ABE6BDB21A29,0.13373415067690642
CC_ABEB0846311A,0.14595994249747787
CC_ABEBE6752FF1,0.06780268073807712
CC_ABF07DEE2BC3,0.09069134688432393
CC_ABF53A99160B,0.06701038346566261
CC_ABFEB80E9C9A,0.7089110872886777
CC_AC0129AC148E,0.2577703559655351
CC_AC01BE06AD0A,0.40780877570694185
CC_AC03C0BDCB94,0.07371322529112706
CC_AC0B40CB2DE5,0.11606719409705206
CC_AC0B57DCE069,0.4474437701264571
CC_AC123284478B,0.7262986344769657
CC_AC1232C32715,0.23585748965763087
CC_AC12A0E32945,0.3047718904198696
CC_AC16161E73DB,0.4542556011213665
CC_AC1A411CB8E1,0.1000931062954709
CC_AC1A5D15682E,0.7687386153041762
CC_AC1CD2A208A8,0.15718380505974144
CC_AC205B3545CB,0.08523844907156307
CC_AC24B3E524E9,0.0680634875273104
CC_AC270C5A49F5,0.12365630910556216
CC_AC2894C3538B,0.1169279185174142
CC_AC33F7CD4624,0.10051639990774128
CC_AC34CF4B8425,0.060247228528755845
CC_AC37B8D835A7,0.05358778904967328
CC_AC383C0F70E1,0.08671882813638826
CC_AC3B4A1B029A,0.12934551194633423
CC_AC43C7678741,0.24074708228721278
CC_AC43E89255F7,0.1314083653059099
CC_AC452AD93A28,0.1799818986552789
CC_AC49FF407A24,0.7824708309552713
CC_AC5058EDAE5D,0.7166613653848303
CC_AC52DE725006,0.6540062356789278
CC_AC5B85BA76A5,0.2170612114308177
CC_AC5DF2442708,0.13804867426946246
CC_AC62DA48F581,0.0502527628745046
CC_AC63B11642AB,0.08649074352338051
CC_AC66593A8B77,0.19896029437031695
CC_AC672F356FAF,0.1375820114295369
CC_AC68429E0E22,0.21973477279032427
CC_AC68D4BAD88D,0.10413937359521235
CC_AC6B555F0309,0.07481333643230867
CC_AC70905CEBB6,0.679356565812551
CC_AC738C2A9CA1,0.055929162763542505
CC_AC7795E61669,0.2415590008986496
CC_AC7C73FB75C9,0.04504052774814727
CC_AC8190B37D61,0.6085364155176793
CC_AC83D5608788,0.08309558993453844
CC_AC875546AD6B,0.4899632852984312
CC_AC8C4955991E,0.06657510170972018
CC_AC8D89569089,0.06330480932663127
CC_AC982ABA7EB1,0.24719580755127568
CC_AC9BE414E2B4,0.3813739564525568
CC_AC9F18D5DBFD,0.067008880339052
CC_ACA3A4E90DFE,0.23766529861800462
CC_ACA3D042097A,0.5941868194117361
CC_ACB060E910CB,0.11948654631110125
CC_ACB06991D9C8,0.1679017281459812
CC_ACB460129DBE,0.08477587023246627
CC_ACC5BADA6B10,0.23570101872447674
CC_ACCD326590ED,0.04067995330889568
CC_ACCD879451B6,0.3955669943547094
CC_ACCE088F3C54,0.368516282189636
CC_ACD05E6B4D5B,0.22383741543531815
CC_ACD348B6C027,0.07611455713444495
CC_ACD3FE0B8BD4,0.2503501694268995
CC_ACD43DA1153E,0.7783326136616162
CC_ACD92B15C213,0.19932124932570944
CC_ACD95951AD36,0.1325334685755417
CC_ACDA1687BF63,0.10079353239767774
CC_ACDE6727D51D,0.6421741591621772
CC_ACE10B629C92,0.4394601944792254
CC_ACE592D22F26,0.15969660916630102
CC_ACE67F3A3385,0.39460714308189615
CC_ACE76BF745E7,0.054181771041584136
CC_ACE828A807DE,0.32763936882632316
CC_ACEA7EA8A2E9,0.06705883656662218
CC_ACEAE4CC08D4,0.6118823620872996
CC_ACECB238CAEF,0.2241705310175325
CC_ACED2F78376C,0.15431515298911852
CC_ACF158865469,0.11778563421652928
CC_ACF1B567C2C8,0.6470505544220849
CC_ACF26F6076F0,0.13428847867695598
CC_ACF2DB19AADB,0.22709059679242047
CC_ACF33F2B9CDF,0.12364000317036225
CC_ACF3BC896638,0.05614040893344696
CC_ACF526F542FD,0.0828884062454317
CC_ACFA9AB2E996,0.12520764565128858
CC_AD0082103164,0.1457740653362386
CC_AD011EFE33A5,0.3159490559979542
CC_AD01B1A77B6C,0.14925903433394413
CC_AD036967592E,0.07449091086076516
CC_AD06AAD77E0E,0.15876215555174839
CC_AD08792FAB21,0.13316361503112395
CC_AD0B52DD444A,0.761480656136241
CC_AD0D065BB98A,0.2663945633060557
CC_AD0E455DC560,0.07722697946402028
CC_AD110C070D2E,0.11910924022491205
CC_AD135F45D1A1,0.2217689727324797
CC_AD137E7B57A0,0.09007326632772712
CC_AD13BC776644,0.14868269847318277
CC_AD13C13F4F7A,0.3864380669339035
CC_AD14555DF0E5,0.042151367703421205
CC_AD15370A3B25,0.06397343709735095
CC_AD1D7087642C,0.08589016264971366
CC_AD20437874C7,0.06171661172682859
CC_AD2216763129,0.18392637441634735
CC_AD226651BBB4,0.693406073140023
CC_AD2D2DD5AE1C,0.16412709773658593
CC_AD32EDE2EE17,0.19885070048537615
CC_AD359D65EDF1,0.0968620123501264
CC_AD37EC092DBD,0.07081264617053497
CC_AD3AE9AAA8E9,0.11923929776901351
CC_AD40CD445E44,0.2924139475277427
CC_AD423B7E7B99,0.13690301328670798
CC_AD457FF9DCF4,0.12266998410662329
CC_AD467027CC6C,0.17749685701498302
CC_AD47425E3550,0.5999557381164282
CC_AD4851305902,0.30787589208934524
CC_AD4C82B325AF,0.39895390851464424
CC_AD4CA98C314A,0.17704852170210247
CC_AD54EF94F53F,0.18221335367715424
CC_AD58E5447E42,0.8085516604819887
CC_AD5B2E89496F,0.1464694771348063
CC_AD6073C80EB0,0.26550465761871694
CC_AD61099F5546,0.11769194601255431
CC_AD62B6000F74,0.18658885752544108
CC_AD62F8CF1970,0.12524029503734244
CC_AD6E515F3F3F,0.09384492138401285
CC_AD703EB25FAC,0.628177913646161
CC_AD7328230E04,0.2154892344418363
CC_AD790FFE5B3D,0.0443380369100648
CC_AD7B0416C93C,0.06263446772529371
CC_AD7BAA55C71E,0.0951268573286094
CC_AD7C44A4005E,0.18713426962395935
CC_AD81DB112D3C,0.044728271712837726
CC_AD82633D5249,0.3393734361612484
CC_AD83B3101092,0.04888208586022645
CC_AD8A3C9F0A0D,0.07958228410308557
CC_AD8BB38FE9AE,0.53717026423594
CC_AD8CB34957B8,0.7146329374947362
CC_AD907159EE48,0.09565597759254305
CC_AD9487257572,0.5827826277623412
CC_AD94B6240276,0.3110583047012434
CC_AD94DA8372F3,0.5410482082916019
CC_AD977BBE03B2,0.13715961845386074
CC_AD983C87063E,0.6098073601791019
CC_AD98AE3542F6,0.09996962915584545
CC_AD99135B88D3,0.14240378895821626
CC_AD9A44EBE8DD,0.3974941838791641
CC_AD9BABE2CCAC,0.12715141563936247
CC_ADA42DD32EB3,0.5797700953941095
CC_ADABDB914EB0,0.1665682334930509
CC_ADAD6F048843,0.2565457214835665
CC_ADB26CFD8024,0.08681388438429899
CC_ADB29E3AE3FB,0.08219686574396848
CC_ADB49C5DED93,0.1679664959997046
CC_ADB54B0A9720,0.14199759582030408
CC_ADB74049D2B6,0.21359040261590168
CC_ADBEE55202E0,0.11718096404119316
CC_ADBFC4C0F98D,0.11567675715702767
CC_ADC1D07ABEBB,0.0790881238673998
CC_ADC4A4AB497B,0.19681731559516932
CC_ADC61AC94CA4,0.07805746129958048
CC_ADD1B844EEAF,0.08506371585331275
CC_ADD4C1FCD44D,0.7541236672989974
CC_ADDA334AC0F7,0.12375814534003324
CC_ADDB6DDEAE9C,0.15842430092026663
CC_ADDCFEFC1D8A,0.05277423037189919
CC_ADE22641EC72,0.5582280795039034
CC_ADE2C37CBC65,0.28823195487756653
CC_ADE2EA1ACE18,0.07075693460154008
CC_ADE782DACAA1,0.16491769365598796
CC_ADE944732100,0.05786964543384665
CC_ADE9F652B1C4,0.17874945617421356
CC_ADEA47F650E5,0.12485943816714092
CC_ADEB224A0FC8,0.1290542793962322
CC_ADEB53CEEE0A,0.11194384678005934
CC_ADEF376A0872,0.2651501470598374
CC_ADF039E595F5,0.0823958291666816
CC_ADF28929E1A2,0.04233406463482464
CC_ADF2F2954D8E,0.06468486166142791
CC_ADF337654560,0.18098105673392595
CC_ADF481917733,0.6064376848403711
CC_ADF85F7B4063,0.1713783782835697
CC_ADFDBE770582,0.6774375835046812
CC_ADFF0A7D5E0B,0.05871596503566164
CC_AE00F0D0C033,0.09941988446722774
CC_AE02A5D0341D,0.2612147653466127
CC_AE02F560C77C,0.15688728427979806
CC_AE0A7C908D8C,0.06073710238378392
CC_AE0AA2176861,0.09734062219833003
CC_AE0B4C9B1FA4,0.09317087960054551
CC_AE0D45FE53DA,0.3559160945643628
CC_AE0D4ED5B39E,0.7366549800697365
CC_AE0D89C67891,0.054988616280785975
CC_AE0E3BBC1AAD,0.12396971651404007
CC_AE13EFC8813F,0.09861381306266946
CC_AE1584F51E41,0.17047661210824094
CC_AE1699E31024,0.03736416289892512
CC_AE1720BAB719,0.7845084433491138
CC_AE19061A2378,0.05931451596634345
CC_AE19ED337C72,0.4189360992253873
CC_AE1A5AFF96D3,0.12720998683539436
CC_AE1AD84B19BF,0.11944016793660295
CC_AE1C1240375D,0.40408402580621844
CC_AE1CE54A1491,0.5991788084421115
CC_AE1E210EE301,0.0767433104191865
CC_AE1EB1A0FAA5,0.0705684065924252
CC_AE1FC05A449C,0.1738941939306367
CC_AE203BC5F2BA,0.4477244423770001
CC_AE21389FFC5C,0.05573585310547284
CC_AE21CB920437,0.05153737904270458
CC_AE21E2312141,0.19053202526230456
CC_AE225CA47E72,0.1255817980313196
CC_AE27CAB44497,0.0822478679235025
CC_AE29B8581338,0.2180004569405241
CC_AE319AD3D195,0.04270035902544209
CC_AE39DD14C6C6,0.19971271992794
CC_AE3AAD115356,0.21576326282896882
CC_AE3B9459BBB7,0.1808671097286536
CC_AE3C24A0FBC3,0.10307700864510079
CC_AE3D2A2E2589,0.130472231980805
CC_AE3E51CD37E7,0.09146610028223015
CC_AE3E9C6D2706,0.4406691684441196
CC_AE40CFD3293C,0.19437667038217032
CC_AE41EFDFB0B9,0.150191305691739
CC_AE43A24DC47C,0.7700760538216977
CC_AE452F315759,0.09959535603416905
CC_AE4530CBB1F3,0.10561233479091012
CC_AE460D64404D,0.09908663176771933
CC_AE4985CACAB8,0.18268446021538443
CC_AE4ABB421CAE,0.12319015381848301
CC_AE4ABDD89DD6,0.09994088065685587
CC_AE509965C4F7,0.7817185266051683
CC_AE50EEAAA873,0.6827449238580138
CC_AE515CC58CA2,0.04645912355405739
CC_AE51788D2633,0.6537326248669051
CC_AE54FFBB8C1C,0.0662199002146046
CC_AE55C2BC4F2B,0.1547744260232278
CC_AE591B7C49BF,0.1373337556852357
CC_AE597D26DDA8,0.4485506692510664
CC_AE5CFBF4846B,0.25242337819964183
CC_AE63DB410779,0.13380900139404206
CC_AE645CBE4466,0.7730734165732154
CC_AE67B5F2118C,0.12901788835414735
CC_AE6EAE61C376,0.13842915932535343
CC_AE6FEF76E891,0.33451479626365976
CC_AE714513719C,0.04289511553429378
CC_AE77F85D001E,0.21275655773443142
CC_AE7E8605ACD7,0.676435936630958
CC_AE867E4BF75E,0.06876963109852498
CC_AE8AEDD6C9EE,0.08193055048272188
CC_AE8C0BCA4712,0.047339025152039804
CC_AE8E647A6F3F,0.14509938403694192
CC_AE91897EF74A,0.37217588341665475
CC_AE919399931D,0.09777479074326925
CC_AE92753557A7,0.16066774225388464
CC_AE97DB44840F,0.054670549712958406
CC_AE9BB9410CA5,0.0997933782359833
CC_AE9D92A6E9FC,0.09126506630625184
CC_AE9E7A2BFAC4,0.04468229305397436
CC_AEA12F674F15,0.15060766235734205
CC_AEA21A91AFC7,0.04212343108398727
CC_AEAD1D2628D8,0.13620208993785482
CC_AEAEFE4129F5,0.5434402693161956
CC_AEAF21EBDE54,0.09068823412394421
CC_AEB22B6F56AF,0.18405586437401544
CC_AEB5F5467247,0.14811192558044123
CC_AEB9210EF31A,0.17941391807964782
CC_AEB9626DA1C6,0.11805041702173036
CC_AEB9E09BC77A,0.1483407254177825
CC_AEBA8976A197,0.08662609185442062
CC_AEBC741D0634,0.07931377575018317
CC_AEC15B8F9F92,0.19617541092012042
CC_AEC701497E6B,0.30865077263764606
CC_AEC739840825,0.08556655345950484
CC_AEC89B7D44D3,0.14317480296686894
CC_AEC8A63F91D0,0.0762339862333647
CC_AEC95170B88F,0.10842412469425251
CC_AECA0A8CB1BD,0.21442440040971533
CC_AECD349E2097,0.19366057993634742
CC_AED0357EA173,0.6299226933039033
CC_AED0A3349B00,0.43151614175414316
CC_AED70499C796,0.10715649875352325
CC_AED77EC7A78B,0.09734877203943905
CC_AEDC1510FD83,0.05363603023313891
CC_AEE010CBB017,0.07736597647090127
CC_AEE71414E528,0.7591898961809482
CC_AEE8759D007F,0.16665734176812794
CC_AEED6EF06F29,0.20530505580450747
CC_AEEDE87CFC1A,0.2496701251404012
CC_AEEFBA5D19D1,0.2875010196149416
CC_AEF45E99AC12,0.728759219121355
CC_AEFCDB2F88CA,0.2376262998822536
CC_AF0213915D8D,0.3298885161650006
CC_AF02F54E3C35,0.4759533640848758
CC_AF05008EC20E,0.11291768415421341
CC_AF0611715585,0.4363216433353851
CC_AF08CB6AD715,0.08879963979437068
CC_AF0C31DC66A5,0.06075052755875356
CC_AF0E2B9943A7,0.720276394179017
CC_AF12F41DB690,0.2710232674185629
CC_AF166E2D0E3F,0.7937078928890506
CC_AF17A2737466,0.14898472320565864
CC_AF194314ADBA,0.33870995284924876
CC_AF1F270DFD26,0.22621915392652397
CC_AF214A8A035A,0.3197529139234534
CC_AF3062B89A1F,0.4172012916982169
CC_AF36A9E020FA,0.11653222649649639
CC_AF37C8AAE8E0,0.09509154316174975
CC_AF3BA240CC3F,0.15834637289766978
CC_AF3E413F6255,0.6660635856866874
CC_AF4088FC9119,0.3507879720090285
CC_AF49054B2277,0.06877189981281263
CC_AF49C2FCFA87,0.4787280864477473
CC_AF4D406B0654,0.09274498673750636
CC_AF555DC332C7,0.2362379565838543
CC_AF582B02EDCD,0.06635856354558722
CC_AF58C98AA9EC,0.7836338842665024
CC_AF5CC0A687B5,0.06014596590493572
CC_AF5D3134B3F6,0.06802547256026546
CC_AF5D8D27D891,0.39028469800401305
CC_AF6005E2F4CF,0.0419921612480752
CC_AF67EE3B3FC8,0.23593518182833564
CC_AF68168C02D4,0.05492553241010893
CC_AF6FB4C4426B,0.055069033089439036
CC_AF70B1B36E22,0.10578566184030665
CC_AF710F915793,0.6856645118865212
CC_AF71470BC6CE,0.20346691056849003
CC_AF7282F7EAD7,0.10100585654021947
CC_AF746E7AC0A8,0.8138368388560207
CC_AF76F9438628,0.14988753383471531
CC_AF78C28C28A0,0.12933929964483307
CC_AF78DB9BAA2B,0.05264076096586079
CC_AF7DB1E2707C,0.05230845691240664
CC_AF8621E1CF13,0.07976350403681322
CC_AF8B23CE5A44,0.0456503823502768
CC_AF8D7E96839A,0.08033349858205865
CC_AF8F523E3706,0.0634062601634712
CC_AF8F9029DAC7,0.10731406080516656
CC_AF93202C3B31,0.04991219046122129
CC_AF934635595F,0.06447555056967862
CC_AF961AF77849,0.3024946795632239
CC_AF9970A3C3E9,0.19622131918695107
CC_AF99BB4DBAE4,0.22202484912241044
CC_AF9F176BBDFD,0.06727355253499251
CC_AFA11AC71C34,0.11745787988634573
CC_AFA5707C8CEE,0.09020388663285475
CC_AFA5B7C02A75,0.7727782228805722
CC_AFA5F052C5EB,0.19203054137817904
CC_AFA8A084A235,0.6685397875248722
CC_AFA91F7B1697,0.03855056813914749
CC_AFA93F009AD0,0.11466810301471449
CC_AFAB636D9818,0.19585461141183141
CC_AFAF81B04FCF,0.07385514221538028
CC_AFB303DBC903,0.050517383691220955
CC_AFB6D7B5A1AE,0.07162503247280633
CC_AFC12C1FC84F,0.23294194908650914
CC_AFC2525ACC6F,0.1256483489321218
CC_AFC7F0D41CE5,0.5612264725440969
CC_AFCA74650720,0.3605516770349119
CC_AFCD3EDD869D,0.10679047144558991
CC_AFCD8535C2A1,0.22762041160820715
CC_AFD475405365,0.41902599718056227
CC_AFDE3D99E223,0.17498129774772933
CC_AFDF14A9A7B6,0.5044200709522052
CC_AFDF77AA5375,0.09743441458722729
CC_AFE0FB4CB64F,0.0518306934516465
CC_AFE210591003,0.7723642370879438
CC_AFE283ADDC7F,0.11213773034333988
CC_AFE2B70AF410,0.13167375851092866
CC_AFE613046534,0.2239252027743639
CC_AFEDF9B652F7,0.2629582916783163
CC_AFEEDD45D73C,0.14644640915792334
CC_AFEF7A7D89C3,0.8202293182703964
CC_AFF169410409,0.09371709717423325
CC_AFF2B8B0FBAA,0.11347649152863615
CC_AFF69BF521E2,0.07909138062509866
CC_AFF82DC79CE7,0.7803479659511253
CC_AFFCD522C179,0.40337984605180555
CC_AFFF20616F23,0.18887455753530918
CC_B003275E9D60,0.48513208158491156
CC_B00A18466BCE,0.1571330816722183
CC_B00AE0AB9A63,0.08497725148838041
CC_B00C4804D523,0.041315816284305515
CC_B00CC4C318C8,0.13504658075626658
CC_B00CCA033535,0.17947093356289218
CC_B0128621D9A8,0.106378390977995
CC_B01309116B97,0.12460540915171125
CC_B013D539AB61,0.3358570964340751
CC_B014B10A64AB,0.24930634872312796
CC_B014DD824A0C,0.20113660290385624
CC_B0177DEF668F,0.21051752700128765
CC_B0181032E907,0.06510334097943092
CC_B01AC7F0F036,0.19437419487825908
CC_B01DBE02BB8B,0.08139546263231816
CC_B024D48B8054,0.05522307302771514
CC_B0261C998400,0.6967657952878754
CC_B029AC4DE765,0.060438570266233095
CC_B02D7541DDE0,0.11348677393175213
CC_B032E2A6905E,0.14546443929640462
CC_B034D8BBEDEF,0.14629857612523428
CC_B0350BE8E6FE,0.18850963310133007
CC_B03528226833,0.1946436543350209
CC_B03939873355,0.3846432444904115
CC_B03BE9FA1734,0.06748130494705375
CC_B04334B0B0C4,0.7228701371105503
CC_B043F1CDD245,0.23596489856412228
CC_B044F29F51E8,0.11668697056394314
CC_B046431EA71E,0.18026966352985302
CC_B04BB8FC0AD8,0.10077989066815851
CC_B04C7CB49B84,0.07691548154436892
CC_B057BD497851,0.29656512926301076
CC_B05AE3704D5E,0.19954619291748152
CC_B05AF9368707,0.3085434731651656
CC_B05B4F05CD9D,0.15785001371249902
CC_B05E3F0ADEBC,0.06708278286983374
CC_B05EE9293D12,0.12586296095635793
CC_B062B789B5ED,0.12299784836948283
CC_B064B479B5A1,0.6770536803515028
CC_B07237A090D0,0.5680515027442085
CC_B0755DFB8742,0.20014444740982756
CC_B07918BD04C4,0.10685938269256041
CC_B07B5AC346DA,0.7076729017761056
CC_B07E0F9EA8CD,0.15324194657004725
CC_B0862FABE488,0.11604326082120706
CC_B08C3DEEEE70,0.21136300631846336
CC_B08F20780247,0.3317252869780881
CC_B08F35EE50C4,0.33360428068118797
CC_B092D97C8039,0.7455879211176526
CC_B09356D7F241,0.18328804077268046
CC_B0967C4983E7,0.17253640773729845
CC_B096A4A3750C,0.1179611619876471
CC_B0976D630613,0.16809841664400524
CC_B09DF83E8DA4,0.6685192069416177
CC_B09E493D68E2,0.12847092410241473
CC_B0A1E309C6EB,0.6509946761590211
CC_B0A302702ED9,0.12279892224263458
CC_B0A576C7643F,0.07272111342744697
CC_B0A65753268A,0.24795354264662745
CC_B0AAF0AD6A6B,0.09172835122438855
CC_B0AFC598AB5B,0.5278549486337539
CC_B0B1DA1444BD,0.2094151067334177
CC_B0B1E52E0E29,0.20565039369714105
CC_B0B63087C4ED,0.4568807059090453
CC_B0BC441FBF4B,0.16904242031890693
CC_B0BCD5264A51,0.17465059519006754
CC_B0BDFFA551C4,0.6485584311397101
CC_B0C13AC2E1A8,0.6004120395179211
CC_B0C27E607EEF,0.0729359887582746
CC_B0C8AB9126A5,0.08075558185565415
CC_B0CAB73EC9DA,0.12537296564543848
CC_B0CCD4ADDC2A,0.18323879467447587
CC_B0D08B02907E,0.1320364105065032
CC_B0D283546341,0.13125562826562265
CC_B0D3CBCE976F,0.17270190688652565
CC_B0D4ECD771C4,0.13623691014984793
CC_B0D7A429141A,0.1564234639244087
CC_B0D8009E8CB6,0.27725829806850233
CC_B0D9E4DE26F2,0.06493965063956811
CC_B0DC4AB45357,0.06686056615934557
CC_B0DFB37E817A,0.6633640070258301
CC_B0E167437161,0.15268656745428183
CC_B0E41C0DB613,0.25817935359916205
CC_B0E5C2DA2D2A,0.11000740444355903
CC_B0E7698D91DD,0.4062195301538698
CC_B0EB81C77ABB,0.10386255895830916
CC_B0ED801EBB23,0.17247843476966543
CC_B0EF31816C2E,0.1271964881611123
CC_B0F054258600,0.2302538773174089
CC_B0F098FD61B3,0.06966842416689248
CC_B0F2BFC26991,0.08886689791453128
CC_B0F5578A35C6,0.7645555313942227
CC_B0F5CF869F9A,0.0460041185877362
CC_B0F60BDC9B4C,0.16682391973343624
CC_B0F68FDEAA01,0.05682662926673158
CC_B0F836749868,0.11205262901479189
CC_B0FA04A1A16B,0.13833022224674701
CC_B0FACB174F2B,0.7811821178298433
CC_B0FB97C4DF19,0.18006090853164936
CC_B1015B2DBF95,0.7345604107065471
CC_B10186CE70F0,0.10952601079077111
CC_B10A1AD4669A,0.038542807453281584
CC_B10B9E060283,0.27997841831844045
CC_B10DAF4E7083,0.3584071120412429
CC_B112B109661E,0.06352081334643418
CC_B11400385BC2,0.0532056355303401
CC_B1170AEF8A8E,0.3139549130781055
CC_B117C62EE902,0.7817497365347308
CC_B11B78FFF0ED,0.12389554894777707
CC_B11B92C24485,0.04791401707622489
CC_B11C0F016104,0.6823697872289591
CC_B11C5EDAD05E,0.11968008510803527
CC_B123138A4DCE,0.35095447603475616
CC_B1260B8FD17E,0.7554372746049627
CC_B13110E5DAE0,0.04622585651156816
CC_B131B7A7230A,0.15663398676574372
CC_B1336D33C077,0.09397508715537273
CC_B133B383F23B,0.595812425541879
CC_B13777FC0108,0.05202003854894364
CC_B1388245D5FA,0.18473466000154234
CC_B139AF180B45,0.14257258090677113
CC_B13ADC5B0A0A,0.29585172070224736
CC_B13AF3492FC2,0.25080587105428764
CC_B13F39269237,0.31675111300842596
CC_B141B874574F,0.09595694120150153
CC_B141C8EFBFB9,0.057016784908636785
CC_B14265F5BD2B,0.1147703262944979
CC_B14AA7B89CAE,0.5130194456604107
CC_B14C47C7E0EF,0.12892052904220155
CC_B14C68F364CF,0.11352877352464083
CC_B14D958CE776,0.16759251424572083
CC_B14FE3365CD8,0.21854337663972584
CC_B156C4D52380,0.1470716084083055
CC_B157DA76E30D,0.16859752370193726
CC_B15AB367E525,0.05556644056442045
CC_B16192C5BBFC,0.26299999428170695
CC_B1664072F206,0.18185014768537777
CC_B16BA8EB2659,0.27117661752842304
CC_B16ECA56DF74,0.1971654581356394
CC_B17296B311D3,0.3224013580070431
CC_B173918BCC8E,0.3858172980474611
CC_B17599386DCC,0.16857112234082913
CC_B17A6F488F95,0.14400672498750022
CC_B182E33ED53C,0.14421677981882502
CC_B18330714657,0.25722970384176824
CC_B184B3D0FC26,0.23682076528318655
CC_B1896AD3E346,0.4429510138288493
CC_B18A91081EC5,0.10008687888102245
CC_B18B49957711,0.14510220147502945
CC_B18D3C585EF5,0.08577665649889282
CC_B18F818F3891,0.08163900598070561
CC_B1917E7DBAD2,0.2644115002845375
CC_B1978ED9A83D,0.08573387379199704
CC_B19B2F752321,0.22063439360174222
CC_B1A0D6610EE3,0.07224454088249058
CC_B1AB24906849,0.12189830472742469
CC_B1AB7B2815DC,0.6951497632279406
CC_B1AC114978A5,0.1816960514422315
CC_B1B06D3AB2B1,0.6634261054791508
CC_B1B1B9A56CFE,0.06207728225260759
CC_B1B7EA857BE7,0.3568318958764798
CC_B1BB492AB129,0.825806738369425
CC_B1C213CD27EB,0.3489947108689727
CC_B1C49A983E72,0.07216185218809869
CC_B1C6B6C51FCE,0.06578025923447417
CC_B1C7B40104FF,0.07901196098349184
CC_B1CE7DCBCAFB,0.08990020907256083
CC_B1CF878F06E4,0.10434222626371534
CC_B1D03AF379C3,0.19423109172608863
CC_B1D3D4BE5585,0.07703420508645967
CC_B1D777E1BCE8,0.16918004320025243
CC_B1D8DD7D15B6,0.604209619563757
CC_B1D8F3B4AF25,0.1982860066862882
CC_B1D924C24580,0.122468121563809
CC_B1DA5DC49F91,0.17915056325788162
CC_B1DAD1ABDE78,0.05862589603815358
CC_B1DE9CC9845B,0.0819718346989973
CC_B1DEDE94533A,0.09308764784606259
CC_B1E073C84B61,0.08443572446485817
CC_B1E127D8AEC4,0.4328204129263852
CC_B1E490CE3B4A,0.18224923606158333
CC_B1E94C87DF12,0.09705774532857123
CC_B1EC10B3AFB3,0.5861183390359073
CC_B1ECA15DF9BE,0.15320434367361854
CC_B1F0F4758305,0.7319062781062954
CC_B1F1EEA3B3F0,0.04518864886404142
CC_B1F2138EBCC4,0.17437289084637536
CC_B1F27ABDBBAB,0.11960435790765453
CC_B1F5C1901B70,0.20495820091324454
CC_B1F8F951A8BF,0.1038545484952802
CC_B1FA8AEDA775,0.2517848718708747
CC_B1FADE3FEDCA,0.05031144565312412
CC_B1FC1F3134EF,0.2919124567504944
CC_B1FE8DF646B3,0.08543525349462146
CC_B1FF0D030ADC,0.1980562505836475
CC_B1FF6BA6F97E,0.12117332405373468
CC_B200BA186DD1,0.2808846947959049
CC_B2032846C98F,0.04870152088821218
CC_B203AEC74B09,0.13332162617712442
CC_B203E5031F01,0.18311157429793112
CC_B205EBE37539,0.090341713211304
CC_B2064BFE82D5,0.1573464672733243
CC_B2064EC815B6,0.7948764445771461
CC_B20A0F1121EC,0.20246272715977046
CC_B20CCF5250BD,0.06082547192531971
CC_B20FBE5D9212,0.11516376144846081
CC_B21222ACA307,0.1995243632326283
CC_B2154D71F930,0.3243475017323424
CC_B2160F57219A,0.05961375686055133
CC_B2184056C830,0.1568849309987363
CC_B219891161B0,0.13684307230686293
CC_B21A9EB946D0,0.34672213470606733
CC_B21BAF90899C,0.07601577609074041
CC_B21FA9AA6699,0.06527306633817945
CC_B21FF4F76401,0.5655232659987787
CC_B22078E0351C,0.06589970926107651
CC_B22218BC745F,0.23405943249978317
CC_B2247F61282B,0.18986897794284524
CC_B224AB0ABDF8,0.20335247439450463
CC_B224ACAD2EF2,0.6553469295852088
CC_B224BB163671,0.055700199681875576
CC_B22C5EA62F64,0.14088524257361157
CC_B22D80148C26,0.6084465378001018
CC_B23236086FD3,0.08696560757050681
CC_B2330EA94B7D,0.12037033548030265
CC_B238B2923086,0.12855581924985238
CC_B23BA6481B10,0.04236353599206407
CC_B24117ADA922,0.2543663516860056
CC_B241ED2351D1,0.07195229380324689
CC_B243DCAC75A6,0.21157053690610841
CC_B247C68735F2,0.2047720393810224
CC_B2484952CF84,0.04434055126953513
CC_B24A19BBD8EB,0.07843580082591023
CC_B24E66527591,0.0808939139765767
CC_B24E9EC5E6F9,0.12313529174281937
CC_B250E7F2DADD,0.1147670541739783
CC_B25298D856D0,0.7228007864376929
CC_B25330C545DC,0.10737795053048996
CC_B2548DFBF9A0,0.37007944120626035
CC_B2563033BBA7,0.34908549237395087
CC_B25A287772AD,0.19599707343717238
CC_B25ADC06612C,0.15420391783302734
CC_B25B08AD69F1,0.052212930354689636
CC_B25CA6B6C83E,0.07156338274195731
CC_B25D1CCD9D9D,0.050866197315048337
CC_B26329CCC83F,0.09006419726932666
CC_B264948A989B,0.5380553654010916
CC_B26CE8256566,0.06053086737048774
CC_B26FBDAC124A,0.19556346776105663
CC_B276CC59E39A,0.14983191747194255
CC_B27BE369DD48,0.1041659490502572
CC_B286A2A27850,0.1566172774077254
CC_B288909D0C8D,0.6893874661343129
CC_B28AB79B8333,0.05931564174758097
CC_B291AEFBB699,0.09261897536788104
CC_B2974560531D,0.6510240163496952
CC_B2978E879260,0.7428552417835096
CC_B298A4CEA245,0.2987724399607142
CC_B29B14FD20A9,0.23135150957342784
CC_B29C88148C9F,0.04873924535088965
CC_B29D4492C72C,0.03484350548280747
CC_B29E7F7C704C,0.0646298041662711
CC_B29ED1655F5D,0.3608119309625763
CC_B2A1FB08D989,0.3625297409291351
CC_B2A327070662,0.10916782254348907
CC_B2A5AE1E5C24,0.09134875259056888
CC_B2A6043EFB0E,0.06948714341965934
CC_B2A673C49E2D,0.04342389069403634
CC_B2A96CDC297A,0.30553912141844447
CC_B2AA150D3571,0.06345304669563684
CC_B2AAC508265F,0.0483220859169554
CC_B2AAE6B3A043,0.26833389576580424
CC_B2ABEA5672B9,0.06868306563158687
CC_B2AC8D334893,0.11519795922845555
CC_B2ACF9FB403D,0.14061849478679295
CC_B2B16B4EB475,0.11423466435867033
CC_B2B327BABE86,0.08687110091837852
CC_B2B373215899,0.12907661821669938
CC_B2B867422424,0.07231735292924209
CC_B2B9BCB9EDF8,0.22384333426756817
CC_B2BA3D68C274,0.38391006258345495
CC_B2C07BB323C2,0.061268080295173354
CC_B2C11F1DB393,0.3591469230783889
CC_B2C26E634CFF,0.07690375885314164
CC_B2C54E77DC7B,0.23702022190752184
CC_B2C5F6070722,0.3564129217659839
CC_B2CC87FE3962,0.061414412255359305
CC_B2CE7B449F8B,0.3236925576882669
CC_B2D24B7D9B0A,0.1957978992233165
CC_B2D4055CCAD1,0.11979637155348408
CC_B2D665A5637C,0.19594544128418273
CC_B2D77A760F52,0.05438128477623566
CC_B2DB6A065475,0.14268323126064728
CC_B2DD660D8D17,0.04400959874972547
CC_B2DE51477975,0.12502441341614132
CC_B2E0B2398A74,0.5605760385903868
CC_B2E62898B489,0.6861271688355977
CC_B2E817674A56,0.13971595734351425
CC_B2EAFE20698D,0.7215773424275596
CC_B2EC697FFF94,0.06422745874497265
CC_B2F326A553B8,0.10118172979337996
CC_B2F4CF78D460,0.2404060181130915
CC_B2FD8C27B4C1,0.06338428411358286
CC_B2FF738E7422,0.1333956290942342
CC_B300E0C2E135,0.09029252130673458
CC_B301C11A9086,0.1260286306983488
CC_B305CDCEFF13,0.08791844817528535
CC_B30DBF80C654,0.497337735819658
CC_B30E1EBC8C40,0.1360527261221024
CC_B30E4D88A338,0.441484284067928
CC_B30FD6A665CA,0.1252938437258704
CC_B30FFFF406E8,0.18068101533935738
CC_B3113A74AD74,0.49104361575283156
CC_B31150DA623F,0.10646366453403763
CC_B311C7D613DB,0.04143526188215216
CC_B3122C4AAD86,0.36581980910062517
CC_B31F1DB88077,0.20790269638102207
CC_B3220C1F7BA2,0.147901816217877
CC_B323A7D1F561,0.07850045039377565
CC_B3241EB5094A,0.07190447273649958
CC_B324395FA7E7,0.16262333565225573
CC_B3262D249D0B,0.12028177456035402
CC_B32727536EEC,0.2616965047096637
CC_B327B73C8EC6,0.18592685063527808
CC_B329346FF953,0.1028295720370804
CC_B330093492B5,0.5987121981650951
CC_B33176E40484,0.04791051342159363
CC_B331D52E0379,0.18899271056380354
CC_B33397E6D0B9,0.061428736069808386
CC_B336E1CFCDE1,0.1421586518037122
CC_B33AF5133447,0.08213951719875315
CC_B33B930000EC,0.14185400147926092
CC_B33C3D985DE8,0.1454631459936639
CC_B33D621E3493,0.5026050925372119
CC_B33E5FF38DEC,0.06798424208076308
CC_B342911CECC2,0.3311112789895879
CC_B345CE1BACDF,0.24595747953919736
CC_B34636560EC7,0.19012800440958258
CC_B346E02B5D3E,0.16395379177735545
CC_B34BF42BF2BA,0.24402871601414566
CC_B34C0C76F071,0.34082619449138735
CC_B34D28827379,0.4147197730809021
CC_B35841EDBE12,0.2585831442154614
CC_B3604A5FBF10,0.16449548134988357
CC_B361EE0374F6,0.0988797292461417
CC_B3640B4C3B61,0.23622163633716314
CC_B36729E4C612,0.05171451029471279
CC_B36A8B93D909,0.10575892916590324
CC_B36D8BD90914,0.10339254186326978
CC_B36FCC81ED42,0.35838881294389463
CC_B3703C353207,0.14886073071797315
CC_B3709A7B2F19,0.08920992936690404
CC_B37117B73FD7,0.20056275566458331
CC_B37447984236,0.19931708781460256
CC_B3760D021B18,0.13262088913050846
CC_B3796E0501B6,0.20303329301931478
CC_B38017E0F3DF,0.6266058656000857
CC_B380E45FBED9,0.14625786804076962
CC_B382A97F0509,0.056212636400153684
CC_B3835842F0A3,0.06031462978756698
CC_B38373E5D247,0.0949481916599645
CC_B3857BCC9D6C,0.23651281216378567
CC_B3868FC78377,0.05393769835005321
CC_B3887E8C3407,0.07058901596017055
CC_B38A618FF575,0.10005604399745707
CC_B38B49DCD5AA,0.06973247420706023
CC_B38EA4C4E4FB,0.08935058215995759
CC_B3938E788350,0.7448555729766102
CC_B3971D261D72,0.08640910413130129
CC_B39EC8DC190D,0.15448918522766267
CC_B3A0B835BAAA,0.06825075208366567
CC_B3A280B8E509,0.05766108361949838
CC_B3A4E7BA564A,0.05233457684854842
CC_B3ACC02CE263,0.16323065514736457
CC_B3B05A15B15B,0.0997168338797869
CC_B3B6ADFFC91A,0.48994629387904914
CC_B3B810976F47,0.10421318298545963
CC_B3BB0D08BD0C,0.13835850212121756
CC_B3C0C3898AB2,0.12774741642424248
CC_B3C67A81277A,0.14282042308661386
CC_B3CA4D58E10F,0.2588820811626834
CC_B3CDB1BD3C0A,0.4278643020822964
CC_B3CE0367D438,0.22633457757978043
CC_B3CE50B5FE07,0.13151403270833076
CC_B3D24AF817B9,0.06856304028148844
CC_B3D3EED2A6AB,0.212518192233691
CC_B3D576CB1734,0.10474502836590598
CC_B3D930F7B064,0.11491306067315896
CC_B3DAC91CD9DB,0.6443752617058817
CC_B3DF392D05BC,0.4607731530392837
CC_B3DF7AC36679,0.13077876947382078
CC_B3E275D838B6,0.24028689323059776
CC_B3E56BA7AEFC,0.14821576819555365
CC_B3E61637E2B7,0.7501672088082546
CC_B3E99F0A7306,0.08323472017972142
CC_B3E9A9FC7B94,0.7244934908505416
CC_B3EB21E7A274,0.17453794238950493
CC_B3F15271D27F,0.8028737585713746
CC_B3F6AED5A965,0.40374194192668755
CC_B3FC7C4F088C,0.15909458972399387
CC_B3FE28A86508,0.47777050830329426
CC_B3FE97905CB4,0.4135235720908562
CC_B40311168936,0.05334817265194808
CC_B403CE4D8B37,0.26796190729540814
CC_B404E192BB32,0.12078894249848153
CC_B40500D104E6,0.11866530985756796
CC_B406DB281F17,0.46682984274184625
CC_B406EAC43E7F,0.14659955559829418
CC_B408D57C7DC9,0.11576986444190729
CC_B40DD01F1AAF,0.08026569350323179
CC_B40E45CC586C,0.07158938689449527
CC_B4113EE08BAA,0.03572235182445154
CC_B4124650B398,0.18533876038732072
CC_B41854403F46,0.09010523049395654
CC_B41E89B4329A,0.17873046553807953
CC_B41EEE93358C,0.11659790671910435
CC_B422C275DF41,0.17339448639386867
CC_B427C47E16FC,0.1211960747223946
CC_B42B008047D6,0.7156929316794055
CC_B42C3AEE21C8,0.18703438343646325
CC_B42DB3AF92E0,0.17009138466249774
CC_B4315A9B9ABE,0.17563134250806806
CC_B4335FEBA780,0.1465117547540839
CC_B4367BA90A47,0.19550090241429063
CC_B4383CFEB08C,0.0866461249603765
CC_B43957F9DDA8,0.22132673957137347
CC_B43B698A3C02,0.05574405140830311
CC_B44209581ACD,0.18603301853096457
CC_B4438E98B686,0.5850988991094745
CC_B446666BB10A,0.1285778880812028
CC_B44668E2C2F3,0.12971770953314846
CC_B446E5C3B301,0.6708422859981666
CC_B448F42CF17C,0.1750622747788853
CC_B449922DCDD6,0.6570956785044949
CC_B44B5A5A041A,0.12336530187022465
CC_B44D02138E7A,0.13825313870195408
CC_B44D20E352D1,0.6640531249990717
CC_B44D873F7141,0.505692809129881
CC_B45139122C75,0.17459160363440165
CC_B455DCD7CFB1,0.04817615338494718
CC_B457BC1EFE98,0.31425884224273704
CC_B45C8D01EAAF,0.1525953783520955
CC_B460AD294E49,0.6876598739881218
CC_B4632E721F89,0.0692324249019893
CC_B46533505217,0.17954498930791815
CC_B46985BF951B,0.6529063803103599
CC_B46B714211C8,0.26981450496209836
CC_B475F5CDE3E3,0.136493906596811
CC_B47BE92D3056,0.09044305353619915
CC_B47CAE1F82E7,0.17155552403045835
CC_B4825FF02DCB,0.19915731289400213
CC_B483FD08B026,0.17618220802682194
CC_B487EF77CB9F,0.06640673375816052
CC_B48BF6232602,0.0784716992563798
CC_B48DB3F334D9,0.06118597840004347
CC_B4904F5B35C3,0.12784909107442083
CC_B4947FAD54A7,0.12394170245436789
CC_B499982B2034,0.03813983784978685
CC_B49C2A33D7CA,0.27561666853797256
CC_B49C7155F07A,0.04137805122210041
CC_B4A1B03F501C,0.12794093473611187
CC_B4A54CED6475,0.051789279960278656
CC_B4A56BE017B4,0.49382538747847765
CC_B4A8F785F529,0.18026667242026412
CC_B4B17D508C29,0.058827253253508884
CC_B4B63F000011,0.11113246907730889
CC_B4B7327847BF,0.10425494023827572
CC_B4B93EEAB01B,0.03554067260216844
CC_B4B9A540BE1F,0.19613840576416522
CC_B4BB6938BCE1,0.29069373131163867
CC_B4BBA1437147,0.08047833346528957
CC_B4BF7392343D,0.07335851573546423
CC_B4C21F5A85DF,0.7656844729860409
CC_B4C55B94E9A9,0.262670282940938
CC_B4C7BDEC7257,0.09573450636435796
CC_B4C7E22E81E3,0.09587268943517319
CC_B4CA54D3CFD5,0.19879469007153758
CC_B4D1829BA2B6,0.050343146068068854
CC_B4D42F0031AA,0.20855406565443402
CC_B4D578E1C386,0.1707012783736827
CC_B4D896E47482,0.24957019551278398
CC_B4D91EB8CC93,0.7301000412525609
CC_B4DB93A7703B,0.1424562592814569
CC_B4DC098F6530,0.11138174179997369
CC_B4DCA5DE0E20,0.1096748153062453
CC_B4DE4BA6CC2A,0.09234774609303623
CC_B4E30D3E9872,0.046859620989339934
CC_B4E78092D84E,0.0931997507486656
CC_B4EAFA14A536,0.29745553917462186
CC_B4EB2EFC791F,0.7446727539182818
CC_B4EDF1F4D225,0.09261130290355138
CC_B4F0E141D297,0.24661652226582
CC_B4F4ABDF2A3D,0.14529368663550152
CC_B4F50C3BF5F0,0.7505096937294462
CC_B4F63D3155B7,0.09003319535709044
CC_B4F75B2EB49A,0.08845999762769417
CC_B4F9D1799B07,0.056486265504693677
CC_B4F9F103FAED,0.07102835404707519
CC_B4FB7E58FAE5,0.26603674522551546
CC_B4FC52325727,0.5362403549452102
CC_B4FDF8CA84FB,0.5498313155935907
CC_B5009FDE282F,0.16173920465000566
CC_B5010358763B,0.12171888722365425
CC_B501F230801E,0.11497239937475953
CC_B503153916E6,0.37887612348076655
CC_B5061E51789C,0.10400318911619133
CC_B506B7BAB8AA,0.047185890528059764
CC_B5099580A9F0,0.06621911881063043
CC_B50C513DB095,0.04277057500971258
CC_B5109C957767,0.585228138368318
CC_B512C8363B16,0.16914362270307443
CC_B514EE72A7B4,0.10801118979729707
CC_B51923D0BFAF,0.07347432688475114
CC_B51A668598F2,0.18764138884528034
CC_B520C7B8C864,0.12676842509384786
CC_B521EC1A0303,0.43456552283371613
CC_B523C1402A36,0.5976216962793249
CC_B523CD365299,0.1977010821561535
CC_B5245FFD1EC6,0.685327329725153
CC_B5247725EFFE,0.2055500737001589
CC_B52B2214457E,0.05860072315323648
CC_B52B39B1DA6A,0.16146308411725416
CC_B53168EBD73A,0.041143572141158116
CC_B5330EFCE16C,0.21473999173575872
CC_B53491202C20,0.1910897582478725
CC_B5371DF409F9,0.1043563037384786
CC_B53BEBA0926B,0.7512035625981254
CC_B53C267FF41F,0.18335952334724168
CC_B53EB7D34A26,0.05549333815253528
CC_B5470B5EB8DB,0.09144193771742723
CC_B54875F8A9AF,0.16944604089536594
CC_B549DADDD983,0.06839852743478941
CC_B559BF8078CB,0.20918527226178343
CC_B55A0C4D1374,0.21274221242709182
CC_B55B1BFE9FB9,0.07717569921840403
CC_B55C30B377C3,0.05535377770564941
CC_B55D68594685,0.08288723175517995
CC_B56A0458A86A,0.20539279694735063
CC_B56C4BFBF981,0.7477361868557846
CC_B572AD95F312,0.19491740120845516
CC_B5743EA772EE,0.07266158869884833
CC_B57667053B8A,0.08166931818803855
CC_B5787D27A670,0.09011219350467549
CC_B5815BC5BAC2,0.205939802294051
CC_B5850A5F09E2,0.05060382283012249
CC_B585414CBF1E,0.2110816898030386
CC_B58B40FA5A3F,0.46478912639620357
CC_B59492B2D6B8,0.06374037095741877
CC_B594FE1C2E6D,0.042974012653297686
CC_B59B5F0DA9D0,0.3274113364052694
CC_B59D562B8F3B,0.3032909798387709
CC_B59DF8C1F1C5,0.10160594322187552
CC_B5A1AB21DE1F,0.07505940978073172
CC_B5A206AEDCD0,0.16911589850889436
CC_B5A3900D5A9C,0.15139916738104126
CC_B5A46454D25A,0.23204236209216916
CC_B5A4B25364DF,0.17776975680432155
CC_B5A510A71B9F,0.185310781526789
CC_B5A5D46AE97F,0.15167972757725406
CC_B5A82E89C5B5,0.10396560196565936
CC_B5A9055816DE,0.09439752007748534
CC_B5A91B066026,0.15184531409189708
CC_B5AA68E4D058,0.34614416593272734
CC_B5B5B3523912,0.10486312748690112
CC_B5B6A77D9E65,0.711623231827853
CC_B5B95CFE6AF8,0.14402557479755962
CC_B5B97A1BD47C,0.36564722195599175
CC_B5BB0D7AF9D1,0.1468596105132078
CC_B5BD2C8C30C7,0.26482247820553806
CC_B5BD917E9D06,0.06263099249671437
CC_B5CA1039F9D8,0.10980975546506322
CC_B5CB61907F4C,0.1684930894823916
CC_B5CC6410F5B4,0.09658393614339116
CC_B5CCD4D3F03E,0.2751572149509283
CC_B5D25CA5AC2B,0.04367428470552959
CC_B5D26B7E7411,0.11762464833671624
CC_B5D34C883D04,0.06698274649885252
CC_B5D49389856A,0.048472703539075616
CC_B5D8DC57BF26,0.14943746051379106
CC_B5DB1F7F7C58,0.2678565637116844
CC_B5DF8BBB4C36,0.16581908100659262
CC_B5E29467CAB3,0.7450080137093329
CC_B5EB0D198E0C,0.1088198591442644
CC_B5F0D3681BC3,0.14251685087040486
CC_B5F56271ABA4,0.05737556048538841
CC_B602058D8690,0.11668219387523533
CC_B602332D7DF3,0.0974544991764835
CC_B604C5041BF5,0.16309437800894527
CC_B6056A96D6CA,0.1617849925008498
CC_B606DE5356E0,0.18621599698765862
CC_B60B306F44FF,0.2565734450902575
CC_B60CE2B9AB08,0.3765097198778902
CC_B60D3AB1813E,0.07967118117367501
CC_B60DF22B14FD,0.14425987429411397
CC_B612095DA925,0.13303567273154218
CC_B613F6BE703D,0.6939455827794447
CC_B6181019950C,0.047450279571538655
CC_B61ADC6ED574,0.1710406039346495
CC_B61E61948380,0.09304159492476323
CC_B61E6D2F6509,0.17902188727959703
CC_B61F825D98BC,0.1793129827231104
CC_B6211B9138BA,0.13277686798548932
CC_B623208509F8,0.06225036551631746
CC_B6275B864557,0.3002926686145925
CC_B6284D8E8C01,0.06371660811867276
CC_B62897AB5D51,0.05729731081913518
CC_B62B0A206D47,0.17541820217520288
CC_B62CBBFFF421,0.17278220018067086
CC_B63633183F2B,0.21599027660815837
CC_B636A07DE435,0.07289252789086094
CC_B6383F0AA8A8,0.12667412297466135
CC_B63F326A5E67,0.23745477647260166
CC_B63FB93B6C77,0.1412511225088924
CC_B6479B6526C0,0.16613661505270683
CC_B64B193EADC8,0.13163385243486972
CC_B64D70F612EB,0.2856634795294178
CC_B64E264FCB95,0.220670901284353
CC_B64E43D34DE0,0.13127728501884936
CC_B652315F1E6A,0.06421007557251227
CC_B6551B91C7FC,0.1008025068008463
CC_B655A073D354,0.1252089988111362
CC_B655FFC61FE8,0.06713914684196501
CC_B6568A10237D,0.13176563811822375
CC_B658FA6AADC5,0.051671048395548355
CC_B65C5A0A850B,0.11061166754401972
CC_B65FD4D75FA8,0.10411307645410325
CC_B65FD8E5CE03,0.322540838971991
CC_B660AE6A8C52,0.06532673952256804
CC_B667E2E6360F,0.11826627730267167
CC_B66BDBC98A28,0.6028232565540013
CC_B66C4F4F589E,0.09404946810655804
CC_B66C645DA996,0.07900628467247509
CC_B66F72D514BA,0.6611568743093305
CC_B670ACBEBA9E,0.0796416616418975
CC_B67149DDD112,0.14493863925816222
CC_B6727788A303,0.300429141320343
CC_B6729502F155,0.08786929847748923
CC_B67510A2914B,0.2511433146044997
CC_B675D7E716AB,0.052553759892368976
CC_B675FC083D14,0.1699507479582753
CC_B676B6612893,0.1294698980996037
CC_B6852E10449C,0.04542128162044588
CC_B68614D33821,0.6851741209374888
CC_B6866B96233E,0.1325451512604798
CC_B68696069CA9,0.7096909549544774
CC_B68AD1786AEE,0.05955867966505789
CC_B68E37EB48A6,0.13856513183787825
CC_B68FBC06D477,0.06795265174229825
CC_B692271B331E,0.06104756175981849
CC_B692FBE376CC,0.6751218395713654
CC_B699EA8B9CBD,0.049370606778145906
CC_B69D607347D7,0.0556866546202021
CC_B6A42687A99F,0.06437660994049424
CC_B6A55DE30C9A,0.09060295393249702
CC_B6A6CC0654C5,0.1844180339997458
CC_B6A827AF5A7A,0.7231401725910842
CC_B6AC429C548A,0.15867604540843686
CC_B6ACDE44E566,0.6148886659378812
CC_B6AFC6B5271A,0.0489276242708515
CC_B6B23E11CA10,0.4156397670170282
CC_B6B643CAF971,0.744186400244274
CC_B6B8ED17CDEB,0.16321619598914044
CC_B6BB6760B6EC,0.06725774228385807
CC_B6BC805B2F0C,0.043703144995067875
CC_B6BDF671FA69,0.09444722854138107
CC_B6BF9FB8EE35,0.07581781595484342
CC_B6BFC3A9B140,0.054992749611420234
CC_B6C207561A37,0.06060080414272514
CC_B6C263D15E6B,0.05567975660382002
CC_B6C4A2A0752E,0.2458246413114354
CC_B6C6E3E82340,0.30777505157168816
CC_B6C9DD736B18,0.09035710029644993
CC_B6CD9EA2FC76,0.10606220428245954
CC_B6CDEB17F676,0.15805655608921038
CC_B6D43B815E5D,0.16681902957341888
CC_B6D932FF112C,0.09141684013950371
CC_B6DC08A19DE0,0.038640889443050275
CC_B6DDCF9A2C6A,0.18549579305250868
CC_B6E2791AB004,0.35310040164554546
CC_B6E298F02D30,0.04604748169574924
CC_B6E30C00FF74,0.17669096385008337
CC_B6E35FAB5C77,0.07251286235398138
CC_B6E36B646521,0.12231234885124256
CC_B6E37855E39C,0.08697890656825755
CC_B6E6383557EA,0.15906405062142626
CC_B6E8B19907E4,0.3578023765143657
CC_B6EB3B8A05C8,0.11940315792847234
CC_B6F930E2B261,0.72089078697077
CC_B6FBED5F3972,0.5108672669024666
CC_B6FC7FBD9320,0.2808551795944112
CC_B6FEAEC3125B,0.08264247372446343
CC_B70173E27378,0.06549057967749858
CC_B7057CB1217D,0.10874383231443703
CC_B7064073D046,0.13451543536061122
CC_B7081AD5B8C7,0.13312972680837473
CC_B709CA64A212,0.12684274224035982
CC_B70BC6885DF1,0.162674340756573
CC_B710C799648B,0.054405855151600346
CC_B711D2F3AEE9,0.09637139376527089
CC_B713A5905CC2,0.0419632262482228
CC_B717326EDA68,0.06457452069810685
CC_B71832CD5995,0.09800504620340957
CC_B718A374B57B,0.16852616726647432
CC_B71A810141C8,0.06730202846047544
CC_B723AD831BC3,0.2614386154495608
CC_B72C2A88239E,0.618231991362336
CC_B73083C6BF7E,0.17069671202416073
CC_B734B5FA07FE,0.05773397024765779
CC_B738832D9D51,0.39867993418188047
CC_B73DC1A386E7,0.3859814633242086
CC_B743E78463F4,0.05972530129252607
CC_B74788274022,0.06801902179211385
CC_B748D7F02E7C,0.21893623429028725
CC_B74964307C23,0.35634300140189706
CC_B74B0F8E4356,0.37706988860195445
CC_B74E0D7B09D7,0.14002028373647576
CC_B752E27906BD,0.16059912902462153
CC_B754037D7002,0.10476246703129066
CC_B7561EE51FA8,0.05489297823697893
CC_B7587CAC7661,0.4498276440454444
CC_B75F2D7732FA,0.1469196238274588
CC_B75F537AFAF9,0.17899657753825382
CC_B75F5C4A485B,0.7819944658507414
CC_B7619AB98E6F,0.4671920051348623
CC_B766D76000F3,0.22292091905939565
CC_B76AD67243B5,0.13746537449900173
CC_B76D242706C0,0.17299373134288454
CC_B76D30A6B56F,0.19718817871303598
CC_B76F020F05EB,0.1409665032107964
CC_B7703BDCF533,0.3080837095376094
CC_B7719A26EA3A,0.0612268515857942
CC_B773E534421A,0.0388038318701844
CC_B775CF1A2270,0.15722936361786538
CC_B775F75FD283,0.06851673284548244
CC_B7763C899A66,0.11804835292627928
CC_B77718A7E5FC,0.2536228423517872
CC_B77B3C336E8A,0.1374531994863562
CC_B7810B42A814,0.3442236509161589
CC_B7842D68E697,0.09166063003534329
CC_B784F8862096,0.09341276223245283
CC_B7866F36A78F,0.4723958083909201
CC_B786E49318C9,0.060876859557143524
CC_B78838D23124,0.0755554463629184
CC_B78951F57A26,0.20017378289009896
CC_B78A5B1F4CCF,0.0541808922055508
CC_B78AD445A1D7,0.6223634367401643
CC_B78D7C679AD5,0.10523588366618117
CC_B7902C58BCB1,0.10140760606150659
CC_B79915F71ADC,0.052042003546827066
CC_B79E07AD5E66,0.06732188584412785
CC_B7A827D762D2,0.12141661582476795
CC_B7AF5DC39798,0.10666463945365448
CC_B7B122C7AF37,0.31718294065489727
CC_B7B41EAD7196,0.07852353317792311
CC_B7BA89E342EC,0.30041365546993226
CC_B7BC12E834E3,0.38080193882257113
CC_B7BC4E2AC046,0.1551731711539372
CC_B7CCFA1E299E,0.1318475476547421
CC_B7CED9215B96,0.4272015712139698
CC_B7D500386188,0.09037993119595532
CC_B7D588060F64,0.07450126535509574
CC_B7D9C806EEE4,0.045436609878664866
CC_B7DA364A8132,0.05085627134666043
CC_B7DA5A96CE84,0.057151003889379395
CC_B7DD3A464A79,0.27308275490867073
CC_B7DFA679E14F,0.2904974668858941
CC_B7E39D593099,0.15002469820479875
CC_B7EDA93D46CE,0.18203897367180208
CC_B7F403D41D2B,0.2461383881294482
CC_B7F80959B02A,0.2185044243275866
CC_B7F9776C6174,0.05455436414559626
CC_B7FC762BC544,0.2095142905599053
CC_B7FDCFB51D1A,0.06588020184947156
CC_B8006E6E15E7,0.6594509748238958
CC_B800F41C674B,0.1357895395192087
CC_B804DEE2339C,0.12381006345102394
CC_B805E01064E3,0.14736174681598052
CC_B805F36C5115,0.04854983600793098
CC_B80816096C9A,0.15238453841660288
CC_B80CE7D0C61E,0.668511825722055
CC_B8117550731E,0.1495484359730982
CC_B8121E98D3C5,0.1065402726733768
CC_B812C301D72A,0.2704512773785556
CC_B8164EBC3987,0.6405564796873634
CC_B8192D415547,0.15723661749339535
CC_B81CFC4D9CD1,0.2426857113475836
CC_B8221B1EF0DA,0.10923915455662558
CC_B82A70DC9890,0.5215708070708941
CC_B82F5E7D752A,0.08382690780414584
CC_B837E84F5AD8,0.04881667363074061
CC_B8395FAB4261,0.11798567848989128
CC_B83991AE2A51,0.2845679975278529
CC_B83CD047488B,0.6244871712320003
CC_B83E292DF7F6,0.05921821136760562
CC_B83F268F452C,0.13929512557254453
CC_B840FCB16E15,0.6601950200719229
CC_B8426304AF82,0.3895355672677331
CC_B84600C09775,0.09395954587952222
CC_B8491891689B,0.23438781716653656
CC_B84AAA6EF4BA,0.15618082656733426
CC_B84BA5A74E6C,0.24328735686636702
CC_B84DDEE17643,0.38913674619175326
CC_B851C0534E98,0.13368233228276127
CC_B854138924EC,0.3180702408750517
CC_B854DCF6A5E8,0.04682091603542106
CC_B868875B09EA,0.07883820234023237
CC_B869C201F061,0.055156378961374895
CC_B8709FA7CAD5,0.23473967766063977
CC_B877FCD79BB7,0.07629303389388511
CC_B8795AA5EF32,0.16399082202549506
CC_B87BC7042616,0.04345129007890412
CC_B87C72FCB287,0.6834058523395289
CC_B87CFD9ABDF9,0.09843088130526134
CC_B87E0C9E3F8D,0.1737605618985246
CC_B884E4DAAE19,0.12626694572308467
CC_B888015D8DE6,0.14411228945655835
CC_B889B6C43526,0.20261845899123382
CC_B88A6B9B4323,0.04411888687258633
CC_B89609F37207,0.1371019138646177
CC_B89A624BB504,0.14876334025945218
CC_B89CAF0D24C9,0.45179235073555535
CC_B89F9D1FCB6B,0.16200893759590645
CC_B8A696A134C6,0.22415424382295224
CC_B8AEB0E52959,0.05070866605573391
CC_B8B2743E398A,0.22036053105864709
CC_B8B57F80FF55,0.09965189008983247
CC_B8BA457BAD0B,0.17576316938954117
CC_B8BA64A71E54,0.07502595782654378
CC_B8BC9DF55D4B,0.11732733856424601
CC_B8BE6474CD20,0.09315977768123632
CC_B8C3683584C3,0.0920991790743318
CC_B8C430A0CFFA,0.04597626839029758
CC_B8C55C22A6C6,0.6148905269566207
CC_B8CBF464B07C,0.7275538787674085
CC_B8D0AA0B4A31,0.14015680259518967
CC_B8D0D5753209,0.05916358988840894
CC_B8D5845B383B,0.2107237713539908
CC_B8D7C77343DA,0.13807449046059767
CC_B8DE0EC50C76,0.053807929417369435
CC_B8E67152C72D,0.12251132195221855
CC_B8E76827B1DD,0.23819214032840047
CC_B8EA6790217C,0.0936298556334351
CC_B8EBEF0D7E82,0.16803804270792475
CC_B8EE3B69DD8E,0.08021715421450637
CC_B8F3F1EB407F,0.7021745059793912
CC_B8F43C050B88,0.06547554245167567
CC_B8F484DB38CF,0.1118958957150914
CC_B8FA3C9166D1,0.1642924946250433
CC_B8FE33C7C625,0.21566496557649914
CC_B8FEDD830E05,0.08922377231008607
CC_B913016416C3,0.1292842687029122
CC_B915F5A23DB8,0.7435800479731491
CC_B917C2D3EFD1,0.7024617250859427
CC_B91C3AB72195,0.06564949420797903
CC_B91EDDC5BA16,0.35825849684544614
CC_B920037F52BD,0.06546303973867922
CC_B9246C5F4832,0.1186452060881051
CC_B927501AC1C7,0.09240444517452644
CC_B927E3CB153E,0.055040637484783085
CC_B9316F27A27C,0.10287726441153308
CC_B9348EBC988D,0.10398449845423503
CC_B9391A4EAA9E,0.06794793628237594
CC_B93EE12053D8,0.17151468012275556
CC_B93F69DA04B4,0.1957255056478831
CC_B946AE150AE4,0.0846828096486844
CC_B9480C3F5F36,0.21283804130469144
CC_B94B47C89C8F,0.09150163377018053
CC_B94E04140F39,0.18217194572520726
CC_B951DEA5AABD,0.257723032550858
CC_B95289A416EA,0.13382979184072036
CC_B956B0DAAAF6,0.11274395289560142
CC_B957E585DE31,0.0994096303328634
CC_B95A6F07AA2F,0.061647029088737516
CC_B95C9AD7657B,0.07020634708285364
CC_B95D0250E9C2,0.12882813692395018
CC_B95DFD21EB1A,0.13145285162062864
CC_B95EC04487F6,0.11464989612534122
CC_B95F5D9D2645,0.09733330233700153
CC_B96386996571,0.1540657499316702
CC_B963EA8A158D,0.343652632460024
CC_B963F4FC6476,0.15038386381634203
CC_B9661FF17D5D,0.07017793596330425
CC_B967EAF9F8EA,0.051149512396580464
CC_B96A38B30D88,0.03945743604775538
CC_B96C7DEC2278,0.13908678815797865
CC_B96CDC01C1CE,0.12755266864949513
CC_B96EAE8D038E,0.05904257961365206
CC_B96EC215A833,0.7223583295014359
CC_B9747370E53B,0.17173543615238965
CC_B976E7B4B966,0.48276369777253814
CC_B97824DC2647,0.7206836146705886
CC_B98CEA01EDF4,0.0886149150476245
CC_B990FEF1C11B,0.08045498813658628
CC_B991E024270A,0.13249342718578208
CC_B9935426DBAB,0.15375855682962397
CC_B99454E87827,0.25849081021836207
CC_B99925AB9FAF,0.17655952523228588
CC_B9A3009F011F,0.058626190376420084
CC_B9A4CFF23334,0.061051342394922284
CC_B9A550E74780,0.29552514066237445
CC_B9AD6D49AB25,0.07346156614078234
CC_B9B395CEBB12,0.06479997039995625
CC_B9BD2FB32B1C,0.06816527133741539
CC_B9BF24DB150B,0.17915330828645595
CC_B9C149788EDF,0.07080549915941928
CC_B9CB5E0BC11C,0.3969869895160921
CC_B9CE32C830F9,0.12310234243660183
CC_B9D271813C5E,0.4486965905923128
CC_B9D903E86F15,0.21141262263587013
CC_B9DB9F818468,0.13839776412357924
CC_B9DCD3BDA6AC,0.0990585806681907
CC_B9DEABE9D691,0.17582197070617223
CC_B9E01D35BC99,0.0706008604139096
CC_B9E3026F7F96,0.04766444641760361
CC_B9E3B506660E,0.2359650623346937
CC_B9E5B1F7BA2E,0.29097596781113655
CC_B9E8760C420F,0.19008481047131257
CC_B9EE0F061F88,0.0793304062079996
CC_B9F2D43BA7B8,0.12032884187414246
CC_B9F7AED6D5E3,0.319945583883002
CC_B9F8F93B4420,0.5092568573737433
CC_B9FBF34DACD5,0.1102420418295695
CC_B9FDF77FF0C1,0.6581671077157697
CC_B9FE7058DF24,0.3235715789131316
CC_BA01840A6970,0.6701994330951151
CC_BA04EE73CBBC,0.14678520798623698
CC_BA059BC51512,0.21118276171347444
CC_BA0CFB2DA288,0.39067593676952306
CC_BA0D3E008099,0.1852664853307949
CC_BA0FF8A63BED,0.06128250630260786
CC_BA14D27E343F,0.12329673523381217
CC_BA156BCB082F,0.11308579482864871
CC_BA1943703415,0.049862349362044506
CC_BA1A0EAB0D01,0.1985992084178293
CC_BA1D48B0CFDD,0.6199110341173013
CC_BA1EE115B539,0.04809432976634019
CC_BA1FBB8518EB,0.1688698335117102
CC_BA1FCE74694E,0.1898668875676871
CC_BA2609410C97,0.21005259728403985
CC_BA26597183DA,0.6341337845552355
CC_BA28E143C1B7,0.049416283858002424
CC_BA300C6CB807,0.19444636781417907
CC_BA35F5F2C61B,0.4311053438136653
CC_BA38D120B15E,0.6020767142486471
CC_BA3D169CC1C8,0.1129249244934591
CC_BA4206733671,0.07098828930471768
CC_BA42FF225B0E,0.0932578737096861
CC_BA46E437D56D,0.2665965694292872
CC_BA4826D93C4A,0.140494960555624
CC_BA4BBFEA26E7,0.3634788672075513
CC_BA4C0D8FE313,0.5727777226251911
CC_BA4CE33C0783,0.2055009119898974
CC_BA4CF952573C,0.47165416878984096
CC_BA547F9AD130,0.5432624198934713
CC_BA5482ED9516,0.12710407289312226
CC_BA56D8ABD04F,0.07774355418598275
CC_BA5DA1DC356A,0.07089285539134084
CC_BA69E38C148C,0.47623368588664067
CC_BA6E747CDB3E,0.18625868431803216
CC_BA6E78C86CB4,0.11522113812638948
CC_BA6ED3E44C70,0.32943497066124083
CC_BA701A2294DC,0.06143604069165801
CC_BA769FC600FC,0.09468989415004544
CC_BA76AB37FB68,0.14719899129153857
CC_BA775E7EC870,0.3252003418328929
CC_BA77941F1084,0.1385362915265443
CC_BA77B2963E35,0.2563154627929841
CC_BA7B9D318069,0.4082366492816426
CC_BA7EDE8B01A0,0.2695121114620248
CC_BA80E588921F,0.7360988150609131
CC_BA829D7948AB,0.09862313322587243
CC_BA87360E9395,0.08020780569181776
CC_BA90B448D6C1,0.14581868202355183
CC_BA918760D51B,0.14531402182911451
CC_BA9332587B10,0.27738970462502494
CC_BA95CE13735D,0.35121995004678036
CC_BA9784C2D5AA,0.05438794516959815
CC_BA97EE46B901,0.05866670344876031
CC_BA999CC06B83,0.11038750774250068
CC_BA9A620BF0C9,0.05304313820844052
CC_BA9E881F5632,0.1547360582558845
CC_BAA16A817175,0.11780492326246372
CC_BAA5EFD592C2,0.058194193159656016
CC_BAA8F690C404,0.1210139919053177
CC_BAAA4B5D61A3,0.041199640606927934
CC_BAAEA967D2A1,0.5323512799067174
CC_BAAF89F0BF1C,0.297970725575101
CC_BAB19E991D0D,0.15125347914656084
CC_BAB3838C4055,0.6193210066683885
CC_BAB6AAAF2962,0.5454864371622834
CC_BAB7349A08BE,0.16043632060447563
CC_BAB86C55AAF8,0.097163935219891
CC_BAB8B771FDB1,0.08835706729381708
CC_BAB97E1BC43D,0.18557564751617836
CC_BABBC8A5E52C,0.3000823405847036
CC_BABE10D7209C,0.583636977353917
CC_BABF3FF8148A,0.2719383750093632
CC_BAC290251387,0.1527707609972671
CC_BAC63F2EA43B,0.1266989381593366
CC_BAC9965CA60B,0.09758264961224652
CC_BAC9C42A021C,0.10902881765943137
CC_BACAFA756CBB,0.09748785478711185
CC_BACB06EB9144,0.6485533829473499
CC_BACD43C2FB50,0.20595438309977454
CC_BACD604FBC6F,0.5032723277756599
CC_BACDDF7ED9DD,0.0902158720195376
CC_BAD31AFE0B2C,0.3317467563516046
CC_BAD478D1EC07,0.15808668887083116
CC_BAD6FCD13878,0.16675026394187822
CC_BAD823FF56A7,0.05330234409989136
CC_BAD8D2A8A2AD,0.19227303519418623
CC_BADF32AAD9D7,0.09455807760088437
CC_BAE0AAC1ED85,0.15177263577031086
CC_BAE0DF91F928,0.6249773271639596
CC_BAE2556AF81D,0.3893372732532051
CC_BAE26F326049,0.13684292518067762
CC_BAE2B2F0E986,0.19046845175669283
CC_BAE8176AD2CA,0.16637901645290412
CC_BAEC0C15FA76,0.27251985055014205
CC_BAECAAE428AB,0.1757331810299067
CC_BAEEC3C3362B,0.048941491533210396
CC_BAF02B0A23AB,0.16968926575624194
CC_BAF27FBE9A35,0.12241616188119275
CC_BAF38D727BBC,0.052328704458149244
CC_BAF4C1A5248D,0.048871250379384945
CC_BAF6D5BA3BE2,0.3291408264698622
CC_BAFAB6A8E944,0.759159329800488
CC_BAFBC5E1F36C,0.1571872619085547
CC_BAFC90070ED8,0.7728918597724197
CC_BAFD69237D68,0.10497149976029055
CC_BAFF69BC2276,0.060479834029964166
CC_BB05DD6F2E15,0.20224000574766804
CC_BB06C9EB753E,0.12968812620332282
CC_BB088789C4F4,0.4813862957371088
CC_BB121B0F6863,0.17844429577406204
CC_BB1426998D24,0.04251981787566291
CC_BB14EEF7F8E5,0.06833178321589137
CC_BB173E05E7F9,0.09019136012169093
CC_BB1B57BA9AF3,0.6688752600695407
CC_BB1DF97D606B,0.1005516381963186
CC_BB1E19369616,0.18800564752939677
CC_BB2196F80A33,0.16148931831264193
CC_BB2274029356,0.2726528563120515
CC_BB2D11B954C7,0.17119830099147088
CC_BB3218FB86FB,0.7340757659602035
CC_BB328F9AEA98,0.18855363679552803
CC_BB35947319B1,0.06563275816815088
CC_BB3E16C94E58,0.40243026805805193
CC_BB405D6243A0,0.1566685272211759
CC_BB423D5B1A1F,0.043861301590839015
CC_BB46DF1C5027,0.48576815054506356
CC_BB4E77C4A7B1,0.06986585757342631
CC_BB524358E889,0.12352738058566252
CC_BB540803373B,0.20983642197420255
CC_BB55883EA1B8,0.048940146584930844
CC_BB6026E6B31A,0.2181181796856227
CC_BB619BB4C101,0.14619137283548136
CC_BB63D838A779,0.16729655760424342
CC_BB63ECC25967,0.04568077485400316
CC_BB654874B74B,0.6354951172339329
CC_BB6BAC9AFDBB,0.1176059851834806
CC_BB6CEC8E6961,0.2030459105538939
CC_BB756C0FF059,0.3836659126398719
CC_BB774EA3BD34,0.07809531606038086
CC_BB7D8AD23F0E,0.055180537270194764
CC_BB84F27246FD,0.34271887991391176
CC_BB86F6244A6B,0.22148873409763575
CC_BB89D94D2D4C,0.10144324888594361
CC_BB89DBADDCED,0.15524426036010416
CC_BB89F6187715,0.1340364896183691
CC_BB8A887D3CFF,0.035782618871651975
CC_BB8AD20DEA80,0.2722758165295295
CC_BB9377CC58D4,0.4963101704848308
CC_BB96838E21DF,0.05718354024812287
CC_BB997300CE6F,0.046969336998058345
CC_BB9B4EEC426E,0.04922730561311056
CC_BBA195C4363F,0.27571070417777843
CC_BBAB41F5BA98,0.05823172894623439
CC_BBB6893DA25D,0.050967809522106056
CC_BBBAD073990B,0.12538956062046452
CC_BBC15739290F,0.1352413153778614
CC_BBC38F34F2B2,0.25689113062369406
CC_BBC52DC84805,0.08339719593617999
CC_BBC91D376A17,0.22679007318272576
CC_BBCC601F11AE,0.09170634084550458
CC_BBCD713600B8,0.29717269957494374
CC_BBCF4F9CB116,0.26745680545342976
CC_BBD2AC0F2384,0.04734626092872578
CC_BBD4E31DD084,0.05540933970069617
CC_BBD966ACFB6B,0.1532931139469412
CC_BBDA153A874C,0.31338908708607793
CC_BBDAB6336602,0.2501088177786893
CC_BBDCACED60F6,0.17281894827912575
CC_BBDE245CAFBE,0.226139963455676
CC_BBE453F1BDE2,0.18217776743663128
CC_BBE86F5A0873,0.29759248590287896
CC_BBEB1DD2FBAC,0.24039168891969256
CC_BBED3481AFA1,0.14280046697490248
CC_BBEE4BA164A9,0.18201122044089585
CC_BBF14FA3A6A3,0.06627555621101708
CC_BBF1BFF058C8,0.0956703581941252
CC_BBF68B5CA540,0.21247851849869998
CC_BBFAED4A0BDD,0.6957019328065359
CC_BBFB9C397022,0.07199693198715491
CC_BC0101BB6AF7,0.1015446059143886
CC_BC029C551070,0.18574784033252506
CC_BC02A4B1D272,0.05274275517994945
CC_BC05153C1451,0.11051440919507034
CC_BC0974CE7402,0.03508734036617407
CC_BC10C7C80E33,0.09444094595420499
CC_BC12ED775140,0.1183987201900785
CC_BC18C7CC5AF2,0.3429938712164683
CC_BC1D490DFEFE,0.09737817200691554
CC_BC1F032A86EA,0.06567140727653889
CC_BC271C7CA402,0.06103223934953421
CC_BC2A50D0C5DE,0.13694335107088226
CC_BC3542A23688,0.723396771969621
CC_BC39A7179A70,0.11894885489526322
CC_BC3B084D8D8F,0.08894832226976473
CC_BC3B4FA6BF7E,0.17536241852967105
CC_BC3B5942F469,0.33004796204122594
CC_BC3B5C4C51C3,0.18745454249915633
CC_BC3FF59ECE3F,0.4782696317610012
CC_BC40C37997D4,0.07638172903329665
CC_BC41FAE37EC4,0.17265760562396268
CC_BC42F4A393A9,0.044711226571550716
CC_BC43B46543F8,0.7630763207308543
CC_BC4612E12874,0.2554351843582792
CC_BC47DFFAD108,0.11388659935630066
CC_BC4895ECDD00,0.16614685182306616
CC_BC4B02B369A1,0.16356838986636588
CC_BC4B10DE233C,0.20218580938113048
CC_BC4CDEFAA3EB,0.39430786875400775
CC_BC4D11D1BE52,0.16354536434691866
CC_BC536ADDA90E,0.06519542909024843
CC_BC542160D742,0.07246633884763533
CC_BC56226B7E21,0.11782763870957384
CC_BC573532483E,0.7808888363954466
CC_BC58D84F8418,0.15592685294142586
CC_BC5ACEC3CD09,0.06713793549683042
CC_BC5CD8A60D94,0.059172439565451186
CC_BC6254FC06E9,0.263166267729398
CC_BC63C0F50F92,0.1758147714177162
CC_BC681C7FADF8,0.13760642168620235
CC_BC6983FECE98,0.04681357595828957
CC_BC6D44DCD246,0.08984765841459585
CC_BC7503120AB9,0.10220280336710263
CC_BC7674589F7F,0.34605322410737843
CC_BC7A210DD9ED,0.12668123886940189
CC_BC7AF6A51A25,0.17830283649347328
CC_BC7B0096CC3C,0.09975081594603813
CC_BC7E1CD7C93D,0.09773347350690358
CC_BC7F01DBEA08,0.19242146847005112
CC_BC7F0C37C138,0.6038680489164128
CC_BC83D73CBAC5,0.10574511453888547
CC_BC84F4CBFC24,0.24176585649657056
CC_BC85BEEBB222,0.20518686726035468
CC_BC8EFDA365EB,0.16111529955846576
CC_BC93F5FAAFAD,0.06105277967469056
CC_BC9642E096CA,0.28194033319892414
CC_BC991CD61986,0.1835398994037977
CC_BC99412871D5,0.2463427846053146
CC_BC9A7C6F5FFB,0.4929952125553103
CC_BC9B42FE79E4,0.11994512487181228
CC_BCA26214CE43,0.20519519662823654
CC_BCA2C22EB92F,0.21987748116005643
CC_BCA6768C1099,0.2362214139901837
CC_BCA7555FDE9E,0.07503600217970177
CC_BCA7B9C5EB28,0.24759450680249645
CC_BCB541A92D97,0.05854925683111423
CC_BCB8135350E6,0.1140151318927873
CC_BCBAE2C70CA2,0.37282165594693706
CC_BCBB66E0EE23,0.10336167495227966
CC_BCBC70CA1C91,0.5788221715400206
CC_BCBC7EBFFD44,0.3753645954387758
CC_BCBE754DC19E,0.31967563924254216
CC_BCC1C938EF43,0.7681864852694167
CC_BCC25E9AFF9C,0.22632974638301068
CC_BCC563A80D58,0.7678598615961729
CC_BCC6F98AD070,0.05376830837346412
CC_BCC80B2D187F,0.557123917127485
CC_BCCDADC0DCF1,0.0652387921467568
CC_BCCDEC061FEB,0.6789804295819553
CC_BCD1B3DDCCD6,0.37474044709098875
CC_BCD27BE3840A,0.14504050666439086
CC_BCD30EA6A423,0.09867598087341248
CC_BCD5B4126A6F,0.03986848554494012
CC_BCDE09655D88,0.1919981295668727
CC_BCE17E948B25,0.5111737711394572
CC_BCE1EE3F3016,0.05408570468045439
CC_BCE59B28A215,0.04244984152883391
CC_BCEF62357A7C,0.12500581326549692
CC_BCEF9F56D64F,0.10489972361990947
CC_BCF1C9D7D998,0.05756920787492672
CC_BCF51CAB66F9,0.17950497549856978
CC_BCF81FD121D5,0.7508082170462057
CC_BCFE52646BB8,0.11257262822175818
CC_BD0336948C24,0.1150394516585462
CC_BD06529D4452,0.09216581455359735
CC_BD086DF47953,0.04813164218877661
CC_BD0A53DEFD1B,0.06400354337151844
CC_BD0BDFA93646,0.1537834958012454
CC_BD0E4D33C986,0.06753209216196118
CC_BD19C31C7EA3,0.7755318456867124
CC_BD19C570D0E0,0.10603022268884921
CC_BD1D9DE55646,0.11774479847901839
CC_BD1F1F1B73B6,0.22429164437821317
CC_BD1F4D35A03C,0.44253323267585215
CC_BD23B6A28036,0.6171333025825377
CC_BD266B899631,0.25918459181520187
CC_BD26A3AC455D,0.7168876257145553
CC_BD285D1A096E,0.3065891139349467
CC_BD32447EE033,0.5176731302204626
CC_BD3499A16F7F,0.10031277331560959
CC_BD35DB44FE23,0.5976660261752239
CC_BD38DC2B2FB2,0.3976582826253746
CC_BD3A5C992F43,0.35066952035719506
CC_BD3B6C3727AC,0.29434990944072725
CC_BD3BD90851ED,0.1120800268069784
CC_BD3CC943F41E,0.07633851091490032
CC_BD456E35F1F5,0.06184711928676527
CC_BD48205EFA23,0.21239781958708134
CC_BD4F5F4A7516,0.06383623564264748
CC_BD511740D6A0,0.09033567991996495
CC_BD51176398D5,0.08705752189662126
CC_BD552D0F2556,0.1159621959341027
CC_BD57B75DA3B1,0.08005269901458148
CC_BD58FC27C1B1,0.14537530630409662
CC_BD60E5430C7C,0.16911491778301366
CC_BD6541FF7711,0.16801973029756984
CC_BD6560327E9F,0.5350310019074536
CC_BD66F7C8FF0D,0.20966489692518048
CC_BD69AF022EFB,0.27724466627202
CC_BD6CDC124ADF,0.14533621190971965
CC_BD7707B55B44,0.10284113358663385
CC_BD78D981EF27,0.6399231099101591
CC_BD7977A098F4,0.06705965400091377
CC_BD7C10CB16D9,0.19402046070145162
CC_BD82447DCDF6,0.12272221125566969
CC_BD8336E5262F,0.06681998820192236
CC_BD8C60F2260E,0.6354118231259958
CC_BD8EB9AE8145,0.6640249695543864
CC_BD8F14B9304D,0.05743309368446692
CC_BD8F5E4A3936,0.21880019425056202
CC_BD9019AA6D66,0.10237129327071884
CC_BD90BDD4CDA8,0.2721839327861687
CC_BD93155FD0AF,0.0986391729293112
CC_BD978B05F38C,0.10311649632718442
CC_BD9DCCC7E90F,0.03852818509934657
CC_BD9E05D7E2C0,0.1659240179114147
CC_BDA47566461C,0.0741705823166175
CC_BDA4D66C3321,0.12608161936778856
CC_BDA4E73DE697,0.6676151500241387
CC_BDA60D9C7AB9,0.08300535204111993
CC_BDA65F4D4A0B,0.12074029510815706
CC_BDA9BBB64270,0.18301525485068598
CC_BDAF083738AE,0.4783845114663642
CC_BDB09EA23F39,0.691406540795489
CC_BDB26AAD6F67,0.11918666539939049
CC_BDB2AA5F7669,0.6012709155473921
CC_BDB6C38806A8,0.2732294482951915
CC_BDB9DF454941,0.7586776415396229
CC_BDBCCC7A2575,0.17198217334270707
CC_BDBCE9D23A12,0.3042861884050533
CC_BDBF01AA581F,0.11355638396769425
CC_BDBFDEEB5CCC,0.1947536932255959
CC_BDC182108EC3,0.7015602806596212
CC_BDC20F73FF6F,0.06852047986218206
CC_BDC33CED7478,0.215683285796471
CC_BDC77A78AD57,0.16236968789324366
CC_BDC80731A977,0.19278126947020122
CC_BDCA046D564D,0.10311904884003406
CC_BDCF26A66033,0.1642351600463183
CC_BDDA289F6D51,0.20709531956240043
CC_BDDAB3006359,0.17472562486465687
CC_BDDABBDD0458,0.09873495355078195
CC_BDDC4AF5CBE5,0.05859629274412116
CC_BDE2870582B5,0.08045589411740992
CC_BDE5FFC71AF3,0.05457643851112849
CC_BDE6CBE5CC1B,0.11695910440431309
CC_BDE8FFF74444,0.08884705583264053
CC_BDF3AA48F1A4,0.16039369166019055
CC_BDF3B3FCC1AF,0.40607935014539376
CC_BDF3D01450F8,0.13075559610115264
CC_BDF5EF546766,0.08492919898181073
CC_BDF62D2D03CA,0.08746239698931942
CC_BDF83A622C69,0.18887201922314834
CC_BDF874F4F176,0.15033759338073613
CC_BDFE64EB49C2,0.7210926253695228
CC_BDFF13640FC9,0.04734715884629588
CC_BDFFE229DE81,0.4846447511463814
CC_BDFFF350E6E3,0.13750059632428227
CC_BE01D7D1222D,0.1254605730378007
CC_BE02F2CB8342,0.06401932061265495
CC_BE063036703D,0.16518365243393437
CC_BE070D5F6799,0.11786977084512662
CC_BE07FDF7DED5,0.1677134415623244
CC_BE0806DB1E53,0.5534718471809947
CC_BE0F3FF4A94B,0.06621566047799124
CC_BE0FCC39FB8A,0.05410299160575412
CC_BE123267405C,0.1762795337084791
CC_BE14201AAB14,0.1644142387352338
CC_BE15DA4AC214,0.3066822380459429
CC_BE1821744192,0.6621423099118482
CC_BE18B51CCF6B,0.1157079878921273
CC_BE18EEFA22E4,0.1758355479308919
CC_BE1B75940EE1,0.08724912684399562
CC_BE1CC153300F,0.05969165560123093
CC_BE1DDDCB783F,0.14424630330827046
CC_BE2472C231F4,0.041064855905701844
CC_BE267B658614,0.12803925167224828
CC_BE28AB726036,0.14363673629857493
CC_BE2E20752EB8,0.5464925477312867
CC_BE34D213F4C9,0.41208114982782124
CC_BE37F86511BA,0.34510633585480754
CC_BE3AC19B3C19,0.07311997135719643
CC_BE3F245DD60E,0.24979920696698987
CC_BE4A49DA09F7,0.3642296903357342
CC_BE515ED484D4,0.7611054304824572
CC_BE56BD525A7D,0.7541641734560043
CC_BE5AD2DCBDF7,0.08106317523074451
CC_BE5B863B7BEE,0.0402814503783242
CC_BE6367622401,0.059057507244140196
CC_BE69AD16CAFD,0.1290475306213686
CC_BE6C71D42A80,0.10185740674402263
CC_BE6D78CC10E8,0.08059246610993386
CC_BE6E69AF86BB,0.06809480426749678
CC_BE7459452640,0.050397453514022986
CC_BE75054A1F4D,0.6546794420122934
CC_BE7571C9D31E,0.28067558091882444
CC_BE78D27B7405,0.03623888830002879
CC_BE7C85E10F00,0.056251243648910064
CC_BE80B8C8544B,0.1552519908374998
CC_BE81826F7153,0.07339799037418634
CC_BE857C26C26C,0.06077011189046451
CC_BE8719B35404,0.2683588329460349
CC_BE888CB4F712,0.2126307668297988
CC_BE88E11902BF,0.6941496129582572
CC_BE88EC4D4583,0.57009127408436
CC_BE89244D7EDE,0.5771426566300184
CC_BE89AC116D64,0.05849126656444088
CC_BE8A87F531BC,0.08865861095573027
CC_BE8E0820AA97,0.2764804152751744
CC_BE8E56E1D44B,0.19950953360725898
CC_BE9193C4EF59,0.10885456595752582
CC_BE927556F473,0.11109585997270274
CC_BE9D47978E7D,0.1993649765719931
CC_BE9ECB992312,0.2101344203403149
CC_BEA50C5C8FAE,0.2695420821405289
CC_BEAFB1F32298,0.3339635435431814
CC_BEB3B2035C19,0.5401203181263201
CC_BEB7D2B5314A,0.057974940834366204
CC_BEC23A5A5D6C,0.13521179202880038
CC_BEC29EEC29E3,0.058121148265157054
CC_BEC2B39AF467,0.09031030822469296
CC_BEC2D038331F,0.19480313176056457
CC_BECAE8D4A073,0.6995428717868017
CC_BECE8F0F3153,0.142913822649271
CC_BED258735035,0.25545339002968925
CC_BEDD4D4472AB,0.0849826068445837
CC_BEDDB751ECA1,0.20287779485315216
CC_BEDE17F8166B,0.08311697729282193
CC_BEE7476B376F,0.11692578332760428
CC_BEEBF3428767,0.07090743677649523
CC_BEEC5DCEB3C8,0.7080389491184116
CC_BEED3CC43EC7,0.12047043785143481
CC_BEEEB3246955,0.24593998787499868
CC_BEF0546E7427,0.18482505997690576
CC_BEF1F91F6B08,0.03981455429952494
CC_BEFCF497E5EA,0.1620226502711634
CC_BEFDCF300C0E,0.41494552437062565
CC_BF078391AEC8,0.2410660950260038
CC_BF0A59018A9A,0.1447166698693017
CC_BF0B6A319340,0.22987677252290836
CC_BF0C362C8230,0.04942904276791301
CC_BF0DC817972E,0.23609316927116164
CC_BF1317DFF40E,0.21538426907818642
CC_BF13FDC87E64,0.09802525276206356
CC_BF13FEF49CA8,0.08510929167990963
CC_BF14D2EC5A26,0.06167031128827405
CC_BF16C6EEB269,0.08919248213238616
CC_BF1878BCB1BE,0.13699799350597133
CC_BF18FD9A1D30,0.14670842425812058
CC_BF19B468C9AC,0.1662218733482665
CC_BF1C49153596,0.13038040979127347
CC_BF216FB128FC,0.1992677522109843
CC_BF21F60E5764,0.20687272525716488
CC_BF22F7A39BB9,0.12317803895681234
CC_BF2419727705,0.07982013710099077
CC_BF26A4737694,0.25475651340168665
CC_BF2897943A1A,0.17919866506826423
CC_BF297F0E969A,0.2321280387793343
CC_BF2A00EE19EB,0.14444002947710563
CC_BF2CA4B3E55F,0.09221407518622678
CC_BF2DC32EAA49,0.36740370387182547
CC_BF31729E58B9,0.1453358776793137
CC_BF3254F092B2,0.31929613490566655
CC_BF35C3DB5E0F,0.7230685445538703
CC_BF362E2C0E06,0.6981174160981002
CC_BF37EA24C6A2,0.10151583303197668
CC_BF3874673772,0.10500089984987364
CC_BF38E80291C4,0.21894161383512006
CC_BF42925C6EC1,0.11072421497684945
CC_BF46405DFE3B,0.21175243015552886
CC_BF46508E2DF0,0.38527157531650796
CC_BF4886D66D16,0.6730635474206768
CC_BF4A6376FCB0,0.3871313632273824
CC_BF4BB32EC48B,0.08798671905233292
CC_BF50524BE45C,0.07637486906786396
CC_BF53470C2439,0.7340978254819607
CC_BF54DA50185E,0.14694590399600244
CC_BF59186D3740,0.06343194087645901
CC_BF59D5EE8B00,0.10737118421771899
CC_BF5A6326A95C,0.07276053516689437
CC_BF5ACF154E5E,0.05954921104776002
CC_BF5B1AF453DC,0.2643071719050878
CC_BF5BFACE436F,0.6187522628003077
CC_BF5CBF9A736B,0.06381754598222512
CC_BF6322308758,0.11229151357129297
CC_BF6D84EC14C1,0.2514445232417212
CC_BF6EC2BA5DE5,0.12681651602208066
CC_BF71051E2E0A,0.46284192012551106
CC_BF74C3ADEDF8,0.1703944388563355
CC_BF7A7C2E7949,0.5208284793485128
CC_BF7AD7D6F781,0.14492979936522193
CC_BF7BE24F53C7,0.15760887114263725
CC_BF7E3F8486F7,0.7757629056989994
CC_BF7EBF484E4F,0.14634107509166228
CC_BF8508009429,0.21685900773500197
CC_BF888EE5A5D8,0.15674012550836214
CC_BF88D1D54B2E,0.10302448377786236
CC_BF89BB9006BE,0.4536772026904069
CC_BF8AC14761A2,0.038868286426349305
CC_BF8E2DA5A620,0.046800948047250525
CC_BF9517042226,0.5643080547471488
CC_BF9B27F9A321,0.14989227448274145
CC_BF9BFA5869AF,0.5982034633198758
CC_BF9F2E285D28,0.22431625134985209
CC_BFA062E7A95F,0.06900189970346411
CC_BFA2AC793C1B,0.15961625784277347
CC_BFA47880C026,0.6175896594877733
CC_BFA53C4E690A,0.5675772708141672
CC_BFAA298650F7,0.055105190357133606
CC_BFAEBE3FB033,0.6517521145634595
CC_BFB1441ADB67,0.20407795039221233
CC_BFB15E7032FE,0.523930960659388
CC_BFB80D110143,0.04577560643715463
CC_BFC0E1EC231E,0.7863857014427286
CC_BFC0E58BAB2B,0.07184486690228603
CC_BFCAA4C0C895,0.10136749200536668
CC_BFCB4CACC449,0.1256741922102505
CC_BFCE1D745828,0.06988112804798843
CC_BFD09FA092F9,0.10083254545541351
CC_BFD126BEE5ED,0.08169182912709422
CC_BFD4BE8C47E0,0.21303701038884917
CC_BFD7D7488B4A,0.7914151529917056
CC_BFD872DB2029,0.45617389786110146
CC_BFDC179D808B,0.0583286168877911
CC_BFDCC2201BF8,0.0911785397538251
CC_BFDD4A99BAB4,0.24754165571089418
CC_BFE1D34E9ED9,0.2387970997068304
CC_BFE2CB34E877,0.09944845882212508
CC_BFE465459AE0,0.10739968431856313
CC_BFEC4078C9D7,0.1404020079723836
CC_BFEC562412EB,0.10794852388712539
CC_BFEE361A4A1F,0.07432699679323679
CC_BFEEA94F99A7,0.054405201467101004
CC_BFF1D0A210C4,0.08001615862780398
CC_BFF4AA466828,0.08833981407746447
CC_BFF4B1384F19,0.12689853564150871
CC_BFF51EB82E74,0.18530230437598955
CC_BFF6219BBCCC,0.0700170713096109
CC_BFFB308386E1,0.34979005086362247
CC_BFFE0F8E78F8,0.21284469855206342
CC_BFFF75E806FA,0.12563257671104935
CC_BFFFDEEE0EE8,0.08382055924798004
CC_C004BE1D3F01,0.070055237544017
CC_C008A6CA99CD,0.1334942618631723
CC_C0198648BEFC,0.6009518465617121
CC_C01C5A130DA2,0.12168083886710228
CC_C01E23195254,0.12619205393548072
CC_C020FEB74DE1,0.14577546124559443
CC_C0212FDE1137,0.08134740871421449
CC_C0231FA0CE8C,0.0937026854631817
CC_C02529C1018B,0.45770050719915095
CC_C02675DF4BB0,0.15352321666269597
CC_C0294B9897FF,0.21589077496038658
CC_C0332D2FE3B1,0.1898140650484747
CC_C038672A80AA,0.09072214546965639
CC_C03ACE024315,0.12843087302273423
CC_C03EEBFEF249,0.25864168284232636
CC_C03F9AD5B170,0.09281712499042474
CC_C03FA29690E5,0.32335553103281445
CC_C04066006B83,0.6915460726577057
CC_C0438DD54F6F,0.079844703632337
CC_C0441FC2DB34,0.4134351418955385
CC_C04BB6DADE92,0.12067272729192713
CC_C04F6A96C8D9,0.20006277341946105
CC_C052AE7DE9BE,0.20348618269179425
CC_C054C1659EA4,0.25408597931894567
CC_C055874A7CDF,0.3559886408851357
CC_C05929F7A06F,0.16519234947927527
CC_C05BC266AA29,0.09325943145228549
CC_C05CF991CC27,0.1417559617270508
CC_C05D0A305130,0.30806391043000236
CC_C05FCD8DD031,0.09857072771100014
CC_C05FEF044FA4,0.4257075213391112
CC_C0646007E2A0,0.23086857627907173
CC_C064BF3FD516,0.06139961806578862
CC_C064C2D4CEED,0.20782535218522122
CC_C06971090D66,0.2974769094484999
CC_C0704DCCF0F3,0.08045213065894335
CC_C07439F954C0,0.16706161272259418
CC_C076C4DDDE1F,0.13180749921931204
CC_C076CA7CD883,0.1803250828122099
CC_C07D36F55D5E,0.08281901336921013
CC_C089283CA867,0.1521465503785408
CC_C08B1BF8CF64,0.7548874000953499
CC_C08C72119A40,0.12952871117541512
CC_C08CEAFD726D,0.7442196756230071
CC_C08E46891910,0.18570898832007965
CC_C0905367C5E2,0.07505602573739037
CC_C0931FB5CE85,0.42507684038453053
CC_C096FBD4FB6C,0.14220144842260513
CC_C09730D7B335,0.1611939014120445
CC_C0999B383124,0.10045016716328536
CC_C09D3F8BCAFD,0.332420029844785
CC_C09DBAF2F8CC,0.05893918682011936
CC_C09E03C9DBE8,0.3242070616848399
CC_C0A3B0E54F93,0.39030283047158265
CC_C0A55B28ACA4,0.13260021171318376
CC_C0A63720F54A,0.28921311710236325
CC_C0A7CD1711B8,0.4579445224519281
CC_C0A81F65A85B,0.08011715845570197
CC_C0ADF02A2A1D,0.09266134590014807
CC_C0B38A9E043D,0.07072258298936676
CC_C0B9547691BE,0.10775945622096686
CC_C0BDFA62867C,0.18646875828069862
CC_C0C1DEBCE3AD,0.40203268233015005
CC_C0C54A5C5A86,0.11562996772702519
CC_C0CF0AA95EE5,0.2546119846871306
CC_C0CF17F2D54E,0.4579078441697243
CC_C0D0258EC2DB,0.34558077603204673
CC_C0DB92F51C7A,0.08876727556682545
CC_C0DD282AF94B,0.173166083781786
CC_C0DD2D93B42C,0.15025239813819277
CC_C0DE12B95A3B,0.17962034679779001
CC_C0E028C56C7B,0.1321376355306076
CC_C0E07FD24764,0.6329192311795457
CC_C0E29C7BA0F6,0.0924386909289988
CC_C0E45F89A906,0.12477697050743393
CC_C0EBC10D1F03,0.0892097930348155
CC_C0F12A39C0DD,0.1351874499557569
CC_C0F4B8227ADD,0.3181943860406509
CC_C0F68194D0D3,0.04658341974432549
CC_C0FD2051A87F,0.1999251820048424
CC_C0FEA958291F,0.5530657721603036
CC_C0FFAAF4AE31,0.3920374175803585
CC_C1021FB87194,0.1864676909589062
CC_C104C96E4CF4,0.15004280126342187
CC_C108070162D8,0.1682610702247128
CC_C10F484501C8,0.6306675741361969
CC_C10F6D8A0469,0.056354024027219715
CC_C1126D55B19B,0.23208216346407512
CC_C112AFF27CEB,0.19985429714469516
CC_C1201B577662,0.07081717574739571
CC_C1241BB9B49D,0.12810457232530076
CC_C124D4BDB111,0.11793478683313685
CC_C12A8BA82E8B,0.061390979569405535
CC_C12CC7D14C7C,0.10770862868434236
CC_C12D98835DDC,0.2514957965164101
CC_C12F66419183,0.5293328845385066
CC_C13309A99222,0.5959498549500837
CC_C13A960A5357,0.7238466712495877
CC_C13CD61A91AC,0.10748972812415396
CC_C143D1739527,0.1383037184356383
CC_C1460658E089,0.042546643122275685
CC_C1473D76A1CE,0.3710831963857114
CC_C1495D5BDF7B,0.17676748829363917
CC_C14B808FC988,0.11438763871127075
CC_C14C97CB8FC1,0.15974549861288967
CC_C14DC0042E56,0.03640571673497023
CC_C1541AAB52E1,0.34691765652594003
CC_C1549208D52D,0.11431201903249595
CC_C155CB8B4101,0.1268600320000654
CC_C156B5E03A3A,0.5079375260920646
CC_C158120B216C,0.31751404100710917
CC_C15C9448BDB1,0.07255798417668503
CC_C1679DF2A290,0.06787621271485236
CC_C167D5A148FF,0.29983827415820086
CC_C169E7D7A891,0.67183180387628
CC_C16A5D4B2824,0.04861271307221438
CC_C16E44C1F908,0.33830761206779336
CC_C1730340D90C,0.08953399316680069
CC_C1737A35185D,0.47167837699502224
CC_C173966B68B9,0.6019539027256872
CC_C1740E00A5F7,0.11347896125440911
CC_C175A01713EF,0.12568527069310687
CC_C1777DBA4C75,0.07912375404643186
CC_C17803436E08,0.21810635054731747
CC_C178CAD842C4,0.29196311223255766
CC_C17BF59F4778,0.19289105320207564
CC_C17C2CCB0454,0.6370280850634875
CC_C1807880B439,0.05661875659664042
CC_C184CEAFA2D5,0.6649350182698319
CC_C1868E14B50F,0.06493712706464264
CC_C186D9CAD140,0.2701675581022386
CC_C188CD3C5669,0.22882560478928346
CC_C18A3444DBFB,0.4496763132365261
CC_C18A7E54A942,0.1413178961080255
CC_C18EF75663E2,0.1607698170560464
CC_C18F755142FC,0.3250881687311358
CC_C192E5E4DB5D,0.1997977904033207
CC_C197BBECEA91,0.08184782355554739
CC_C1992AF9CF12,0.04722462310194307
CC_C199581E278C,0.051997970636339964
CC_C19DD7FF548B,0.04313904725243934
CC_C19F62DAC79D,0.19351300870089533
CC_C1A086F2F882,0.07800863382135469
CC_C1A58354A9B6,0.13559038976767943
CC_C1A98C3FFAC3,0.3469612809600958
CC_C1AE98B975FC,0.0975696833700598
CC_C1B0FE21ECBE,0.32000194541568744
CC_C1B13A145393,0.419813657443758
CC_C1B3098220B8,0.09412655650134977
CC_C1B4E929EFFA,0.3003752950083789
CC_C1B544470FB3,0.046474044685560684
CC_C1B5C3C43D01,0.10219605471432744
CC_C1B8419FE45D,0.16889957544604492
CC_C1B87032A460,0.057347831231980596
CC_C1BBCD9BF5F4,0.6198524036372194
CC_C1BCD386113C,0.06058949509118271
CC_C1C0089A2EFF,0.5239481130195556
CC_C1C31B226741,0.7233169558525765
CC_C1C4641735BF,0.07827146349307733
CC_C1C7FBAC2CD2,0.3308589309270661
CC_C1CAB9F47851,0.0670645423352805
CC_C1CB338F6AB1,0.15533148273968983
CC_C1CDD476FC0B,0.06986477274597144
CC_C1D1BB02F5CF,0.7681345228774477
CC_C1D21E136B42,0.6570561536458659
CC_C1D4F690847F,0.048918203894815014
CC_C1D606A22411,0.15975477343895428
CC_C1D886866D92,0.13350108134819702
CC_C1D8BF2F3B31,0.0838617798360363
CC_C1D93F511F94,0.08554879906478341
CC_C1D9CBB212EF,0.06336357230813486
CC_C1D9D7AAB864,0.13530407846070752
CC_C1DB7350EA8F,0.07953527188562617
CC_C1E13C7AE93D,0.3508762319442016
CC_C1E18E258011,0.716829454413807
CC_C1E2F7C98D72,0.10215356079354702
CC_C1E4991B3658,0.1323205130900036
CC_C1E7D9192C09,0.08586335437471142
CC_C1EB0837B745,0.07248807320532617
CC_C1EB9B34B315,0.24330178274391828
CC_C1EC90090DDF,0.08323093752782958
CC_C1ED01ECE1DA,0.08580727794395387
CC_C1F664015650,0.6408712476760745
CC_C1F6B0605B59,0.32017536833771
CC_C1F913DB56D9,0.5483912446843584
CC_C1FA1FBC61B1,0.11352162259577137
CC_C1FADBCAFE54,0.14890975172170678
CC_C1FADE86F52D,0.04583890747327558
CC_C1FAE99CD855,0.05103467101043553
CC_C1FCCFE7AD1C,0.08633706864357003
CC_C1FDFD6C9596,0.08386821237228441
CC_C1FED2330E62,0.0671008073001611
CC_C1FFDFFF5182,0.06439843704369178
CC_C20266E2BF0E,0.1454405660941498
CC_C204386B4814,0.4436564060532621
CC_C2051D85669E,0.3513937487068699
CC_C207E71ED2FA,0.17672232159338613
CC_C20A2179D5E4,0.11932078091650984
CC_C20D6D9A2707,0.1855942559688964
CC_C20E61CF3316,0.06875227962406921
CC_C20F4EB39649,0.4117366507923751
CC_C2103EFBE501,0.09533867865658212
CC_C211AB96651F,0.05624855672985355
CC_C213B61F5D51,0.09737484295900874
CC_C2162E213505,0.4881462992347071
CC_C2179826C453,0.07253138226170502
CC_C217B0876AA7,0.05210645938225217
CC_C21875E57501,0.07222519413683555
CC_C21BA61F8DD3,0.5983939353619026
CC_C2214AB601DE,0.30367939534873784
CC_C22299B71FD2,0.057929774898028474
CC_C223DA9C2A59,0.6730561019335483
CC_C2253D9547EE,0.09701360145731677
CC_C227990DC950,0.0644822112241529
CC_C228F5C89C3B,0.36801892088249194
CC_C2292B68A289,0.06750420524038046
CC_C229CC5887E0,0.32939013534561445
CC_C22BD0FC303B,0.43036922892724505
CC_C22D0234423F,0.09590993532108599
CC_C22F6E87B804,0.10534071179514123
CC_C233AC3D5134,0.14576792393163432
CC_C233AF75D0E4,0.3737434923397796
CC_C23543C5D782,0.3321349649698118
CC_C238404E6B93,0.17983470904128018
CC_C2392452A704,0.34185240385815674
CC_C23931D2061A,0.07812529065241083
CC_C23C4D705966,0.3043963436225655
CC_C23DF292CF68,0.13716314494149093
CC_C240AC0ACEEA,0.3678402529606498
CC_C246E1A11740,0.3069692817337325
CC_C249EA4E6A79,0.06575581176484233
CC_C24A17B28F90,0.3445389582654554
CC_C24AC48E78BE,0.08897941539159215
CC_C24DA80E9154,0.0715174775808454
CC_C25285DB01B6,0.2743171771929959
CC_C252DBBDBE8B,0.376468226669751
CC_C253546AA7F6,0.7357720934607532
CC_C256DC954291,0.11891772407198761
CC_C25A6EF86C12,0.05360983351663655
CC_C2601BA482F6,0.14257321990948366
CC_C264ABDB1106,0.03997144850274059
CC_C264ADF571F0,0.7490399537626575
CC_C266F3FBB160,0.141838561655507
CC_C2670C3EE03D,0.26316020842059734
CC_C268C7A04869,0.1606980121637131
CC_C269B1F7F39D,0.08333839209908017
CC_C26AEBA47884,0.10203141629284848
CC_C26E643932E1,0.03878236363492063
CC_C26E82E8400E,0.10190839034887281
CC_C2700FE9A671,0.6323095935936646
CC_C271675A23A0,0.15907745195483786
CC_C275A21A9556,0.17539490484601142
CC_C275F056E1EA,0.28677114843175217
CC_C2768B1ACB39,0.039325093060247826
CC_C27D58EA0C78,0.03840437217526688
CC_C285B6CA478E,0.1594971180745259
CC_C28BFC7C4CE1,0.07677219607905209
CC_C28C41F3D3C6,0.35291739760867713
CC_C28E4545A115,0.39327438473216786
CC_C28F533E4A75,0.08323509076843216
CC_C28FE49ADC67,0.2581258108737893
CC_C2919FE158EC,0.4137395378995124
CC_C29379F1001A,0.06961638330502139
CC_C2967D11C984,0.37810840851922833
CC_C29854E4C74E,0.31488865433451013
CC_C29D7256DA3F,0.5662197896583403
CC_C29E5A156457,0.06366467597984618
CC_C2A37F68F740,0.12817684144830832
CC_C2A67BC77DAE,0.523956158358996
CC_C2AA37A61267,0.5725336685301792
CC_C2AAACCFA98C,0.0654182413314176
CC_C2AAC8C34FF8,0.2902348825159018
CC_C2AC53428642,0.14586577327270306
CC_C2ADE24F7F55,0.170787354218333
CC_C2B1D20DEE27,0.6986943514436805
CC_C2B333603B33,0.3986941829086266
CC_C2B5EAB3A810,0.06358262304111548
CC_C2B7AAC61ED9,0.06009250276417716
CC_C2BCBCF152BC,0.17307383208929303
CC_C2BDCA0DB96E,0.5118216177662795
CC_C2BE2540F5BA,0.20509202391325992
CC_C2BED74EE071,0.06437844196286532
CC_C2C5112A54A7,0.0922653267721166
CC_C2C56EC58170,0.18270647436367732
CC_C2C66FC827D6,0.06611370189864013
CC_C2CA7F1B6520,0.05105323329322534
CC_C2CB6FC07BF0,0.7392221129179255
CC_C2D0045A9AE8,0.32971566316266254
CC_C2D00D6FC9C4,0.06367608555385698
CC_C2D40CC383A5,0.15200262132866493
CC_C2D5F4F69C36,0.35761683058054167
CC_C2D70F2C3C5D,0.09271369790889201
CC_C2D7CDB8CA96,0.4035818439909254
CC_C2DC216D62F1,0.3827926591404683
CC_C2DE2B272B45,0.05875950186177751
CC_C2DE56AF9E95,0.05913673935790925
CC_C2DF40636A4E,0.18406132609718526
CC_C2DF45A5FC6F,0.1290597348340417
CC_C2E005BF1B2D,0.06831580618249325
CC_C2E0406E2EA5,0.1292062548992216
CC_C2E10DF9FA03,0.10884834495465776
CC_C2E2BD5488DC,0.7318927645457074
CC_C2E7CCD4FC4F,0.19119017367337793
CC_C2E7D22DB632,0.14445058959277646
CC_C2ECB3C9C20B,0.07611237027131607
CC_C2F20BCB63B2,0.5337852176045579
CC_C2F2F0A720BF,0.16642260435490014
CC_C2F4CBC92E3A,0.7707972918974654
CC_C2F543F57832,0.18719099679296744
CC_C2F7977BCDA1,0.1604826152474004
CC_C2F8362C73BF,0.09480576154563719
CC_C2FB676586B8,0.33995329586402956
CC_C301EE5C6BDA,0.16913775623122973
CC_C30438554735,0.12868579398189967
CC_C3084D3D2BC3,0.6898010920137985
CC_C308A6894D5E,0.06213372971688121
CC_C30BD551317C,0.20428984167307168
CC_C311C0740084,0.615436799013519
CC_C3134C914336,0.23064219827489785
CC_C31516FFBC7A,0.05676152039738806
CC_C318D9132831,0.5776952430712956
CC_C31A0D5751C5,0.2502415327894395
CC_C31AD3A432DA,0.7364761426478166
CC_C3221218ADE2,0.2785711659196911
CC_C3268C7FF8B7,0.13352912531332525
CC_C327C11E0F9D,0.21895852244221214
CC_C32D5761DFEF,0.23976751827334802
CC_C32D74DA30B3,0.3411678455441637
CC_C332C0B96A08,0.681958098557698
CC_C33312FED95D,0.04920501573520738
CC_C338EE170069,0.1144745204213962
CC_C33959BEDDC4,0.24942602221497018
CC_C33AB30A5A82,0.08944986679665534
CC_C33F0FE8EEAB,0.23030428812256817
CC_C3405FBBDD72,0.06032999755233508
CC_C342F0C68E55,0.04631049938186392
CC_C34341BE6D4A,0.18109257554676395
CC_C34364658006,0.20589983820010035
CC_C3448A38468D,0.07402370524464993
CC_C347CD1B3E58,0.16219982228895882
CC_C34891ADA29F,0.052026616498176484
CC_C34A4ADFFC50,0.41822579134753174
CC_C34CFE39D0FD,0.6494454411090784
CC_C34D826737D9,0.0922974633508097
CC_C3507A30F9DF,0.13245633414130548
CC_C35307C389EC,0.3479407746393649
CC_C354291EB85F,0.5602397087746981
CC_C35990E8C550,0.13211135906354315
CC_C35A6B6F30DA,0.062467295679504674
CC_C35F82199FC0,0.09526181427695919
CC_C366842194BE,0.04658481096282747
CC_C36B688C6642,0.7309928660279787
CC_C36BFF104ABA,0.08290488767878991
CC_C36F82D3624B,0.05787396690043053
CC_C37273BB9F28,0.11970172788141946
CC_C380A3B83A37,0.11787571431839776
CC_C38173C3EAA5,0.11070770345735026
CC_C383F61FAF5D,0.053145747406816934
CC_C385977A1246,0.08024690010675169
CC_C38D557597B7,0.19771369535088704
CC_C38E19651303,0.16873468635493183
CC_C3951F060A1C,0.4720931805141545
CC_C3963F4C01B3,0.14057639841714079
CC_C39649F7241C,0.13134188134333163
CC_C39AA2D757B5,0.11922481428476513
CC_C39AB0943562,0.12507484417108145
CC_C39B9D44BE0B,0.44970717086226664
CC_C39BB366DE5F,0.060621159167952875
CC_C39D821A079E,0.08476731842050736
CC_C3A037C9DFE1,0.5059147940384044
CC_C3A723EF6260,0.31669082557936495
CC_C3AA47006594,0.055496111192323894
CC_C3AA6EC260B1,0.1251174253578339
CC_C3ABD9639909,0.0410622322954262
CC_C3AC38852BFD,0.1718867716205174
CC_C3AEABA676B7,0.6335897654885334
CC_C3B4344A9536,0.39961722732843297
CC_C3B4B79AA2AD,0.18586017816651018
CC_C3B7684F616F,0.311578693884317
CC_C3B799E11169,0.277932019972953
CC_C3B898E0DFA5,0.2539501752906443
CC_C3BF8F8460A1,0.17178950875296356
CC_C3C0B68E7DB9,0.05784587100036924
CC_C3C35C52D4DC,0.23421656894614737
CC_C3C56C598325,0.08683715995527555
CC_C3C6D443ABF1,0.12224188207493447
CC_C3C982A4ED02,0.06508522948048268
CC_C3CB52971C2A,0.3198364973617553
CC_C3CDBCBBE517,0.18324452717704806
CC_C3D27F154B53,0.04425640501407616
CC_C3D416ED819F,0.10859478225160113
CC_C3D5EF89B288,0.09365798862898264
CC_C3D681B2470A,0.17205900723180764
CC_C3D70D6398FE,0.7839351804679636
CC_C3D75C851DE3,0.05463676813636613
CC_C3E44D0BA283,0.1339810251518411
CC_C3E51627777A,0.13147095645347304
CC_C3E534B4DC25,0.18543658422644008
CC_C3E8CF6AB15A,0.3883000674199688
CC_C3EB1C768C86,0.09850517593673899
CC_C3EB30D04567,0.06478808163858855
CC_C3EB3B97C76E,0.7449190653364355
CC_C3ECB6E0D6F1,0.4909653412382703
CC_C3ED86B8B19B,0.12965616920124046
CC_C3F2C8D1D56E,0.0942152694005388
CC_C3F3DF32759B,0.11945037738048296
CC_C3F9685F0454,0.2490979866066548
CC_C3FFA83F9577,0.21581828446977958
CC_C400E31E1439,0.10878020535366921
CC_C4015CBF8705,0.3015825036875173
CC_C402068449EC,0.14850558922531282
CC_C402A2B81862,0.31567595646829233
CC_C4033943A69D,0.10124852445730548
CC_C409F618E80B,0.18894919982289687
CC_C40A7F5420DC,0.043799497282536175
CC_C40B54C8C4CD,0.6726867353170014
CC_C40BAB640A14,0.8041253813097418
CC_C40CCA012C0F,0.654636880072429
CC_C40D75F43C08,0.11318682153537216
CC_C4114D10688B,0.16563508179270783
CC_C414009E1F68,0.12771137028113358
CC_C4160C52C568,0.08960440305106983
CC_C418D9972ABA,0.20383915642419473
CC_C41B305D1D2D,0.33463544430316283
CC_C41BA13FF259,0.524429388179242
CC_C41E32AC7377,0.10805394423985644
CC_C41FD15FB839,0.18630809420293673
CC_C42CAE37600D,0.15157762408224507
CC_C42DD2A73F11,0.34587363463959064
CC_C439EB69966F,0.04871386930771
CC_C43B6ABBFB80,0.70761184269983
CC_C43CAB0AFBFC,0.07793916495282736
CC_C43CACB5F53D,0.060538143899713216
CC_C43D68E7ADF7,0.3020038673757314
CC_C43F3168335E,0.05305941101064787
CC_C43F7B2E5F97,0.04295126874264883
CC_C44A0A22299C,0.12541056004333176
CC_C450D879E0DC,0.04124036601171767
CC_C45790F208BC,0.1662944142385463
CC_C459F0A4A10E,0.633314929836752
CC_C45D975AAD8E,0.2326786271766438
CC_C4611B932530,0.10878768200846696
CC_C462FBF7DE4B,0.09346216496477791
CC_C463FA683C96,0.1279677987804424
CC_C46694D3AF47,0.7503330579683161
CC_C4687D3519EA,0.06902874771582959
CC_C470C4403CE1,0.16786621422539
CC_C47349B66FAA,0.12979809923525135
CC_C4744495C1CB,0.21474851684773677
CC_C4748D1D81D4,0.06964728945692016
CC_C47BA3B32640,0.17925273374119807
CC_C480A1112A98,0.16761555544562037
CC_C4822D4E2528,0.2954442865990984
CC_C482B814EFAC,0.25730197752328593
CC_C4852FCD9506,0.0499396455451383
CC_C485DC638AA6,0.15743323121533953
CC_C48E6B8D04E9,0.15346398434494687
CC_C49432C09E25,0.21475098552755653
CC_C4979DE268F1,0.04979963469882066
CC_C4988C9445A3,0.7316947090535735
CC_C49B0E97E6F0,0.7056218716663742
CC_C4A1EBEA0909,0.18937924325363362
CC_C4A8519F75EF,0.32674416892270486
CC_C4A9E45AF414,0.4406867806179534
CC_C4ABB0F3777D,0.12850562342196045
CC_C4AC5DEA0AEB,0.7309914275985189
CC_C4AC9BBD4EA0,0.5458974516253294
CC_C4AF741F1870,0.20779004887460023
CC_C4AF7CF08596,0.11204358165256408
CC_C4B3E7E7BA29,0.320088547157937
CC_C4B8C40F31BD,0.04482509641863437
CC_C4BD24E3A1F5,0.32453106437541546
CC_C4BE5E44C0E0,0.11859453175198358
CC_C4C12AA3576E,0.7167885147159154
CC_C4C1A6682FCA,0.18925864691058755
CC_C4C1DF3B3CD1,0.19670396856151998
CC_C4C28357FABD,0.1354169729240014
CC_C4C366E8FFDC,0.0706239956042243
CC_C4C3A12873CC,0.06949188305384887
CC_C4C614749468,0.7866785350424815
CC_C4C7EA16BD8E,0.29482671765948704
CC_C4DBFC8380AA,0.07699120170243504
CC_C4DC8695BC4C,0.16751302708966365
CC_C4E1C179C440,0.17005196596496205
CC_C4E5B1244620,0.09157404404622901
CC_C4E7DA72B10F,0.5313044463023662
CC_C4E90B071FFF,0.14330765131290582
CC_C4EA8396D399,0.0744158095046675
CC_C4EB768E9414,0.058858489766494014
CC_C4EC6AFED0C9,0.3994016086517046
CC_C4EDD08FC460,0.03700862028221879
CC_C4F122D9EDB9,0.129299376172258
CC_C4F341D0F330,0.2119455992397405
CC_C4F366AEBFBD,0.08083371504112888
CC_C4F587F146C4,0.043585446227126824
CC_C4F5E0825568,0.1399321199607247
CC_C4FBB4B62AE3,0.11909006072505794
CC_C503EE065AA4,0.24652366586951682
CC_C50476FCB5D4,0.11233129470134251
CC_C5049360AA5F,0.14480776805137813
CC_C50547C69113,0.08985633047577105
CC_C50736CD1BF4,0.14166604870249935
CC_C50B22085CD9,0.0472979422157605
CC_C50B7EB09A79,0.7403885280533216
CC_C50CD2481DF0,0.4118363951048624
CC_C51365518835,0.08743009424307621
CC_C5138F3B1BF5,0.06959777163394307
CC_C5162D8F0188,0.08985025327629954
CC_C51A09F3A7BB,0.23798650391060225
CC_C51DF992E25F,0.04326167702767167
CC_C51F9D4363FC,0.15848094466368703
CC_C5214A55E9EA,0.08506803228030572
CC_C52555FA7DFC,0.043411061856540326
CC_C5294142A329,0.16432453218659537
CC_C529E2E09B89,0.21746429934682485
CC_C52A0643074F,0.16969130280527484
CC_C52A56210C8E,0.05456836696340517
CC_C52DDE444A1B,0.14278354555259465
CC_C52FF99F70A4,0.05126259971987546
CC_C531643BF690,0.045499483338501324
CC_C53E4614EE45,0.06119878980132991
CC_C541EA49CF6E,0.12050064987763864
CC_C543CDDF7996,0.11860743708466896
CC_C54629B9B738,0.11206266840315549
CC_C547E2DF3A75,0.3231858759499132
CC_C548FFEB86FE,0.20858080214097066
CC_C54F5F634D2C,0.5767146721703054
CC_C557DFD05084,0.05324734617264648
CC_C5589C2EE21A,0.063507482795937
CC_C55AD9BDFE2B,0.1311053769318271
CC_C55C3FD2E35D,0.16319583654387124
CC_C55D61C9CB5E,0.07833529050506638
CC_C55EC408C72D,0.8257453813952983
CC_C560BAA43A7D,0.27592443665578326
CC_C56284990A7F,0.08116693731603183
CC_C564C660ADAC,0.4949053094607697
CC_C5652B4ACE1E,0.15125668535997144
CC_C56823816C75,0.08626300976259331
CC_C56EE3273715,0.1355142367253508
CC_C570F368FB87,0.04589578324879104
CC_C572CC50C59B,0.6356039611360652
CC_C5771981BED5,0.12367789133013618
CC_C57C1E60C152,0.4008226619114176
CC_C57C614F341A,0.04290964312514207
CC_C57D427C357E,0.5642407903985711
CC_C57FDEF09071,0.05131699398832529
CC_C5841F4BD260,0.12083085914037803
CC_C5873E69BB14,0.5572213535590957
CC_C58B86E735F1,0.08659267276613684
CC_C58F10AEB380,0.1015697281028098
CC_C58F403ED452,0.11192451459483907
CC_C58F57A93446,0.37653885632444084
CC_C58F6EE6DFE2,0.1178510604154808
CC_C5945DED7CD9,0.04164153522454973
CC_C594EC7331C9,0.0813047800140509
CC_C59844D4FAD8,0.16993178682155718
CC_C59CA9AC02EE,0.0977510026830328
CC_C5A0FEA46686,0.46654259574586243
CC_C5AA3F2EAEE2,0.0408817627179408
CC_C5ABD4234E85,0.09260346516286211
CC_C5AC918711F2,0.09673532892138136
CC_C5B3E4C1006C,0.09045494124097128
CC_C5B679E1F641,0.05175212236610864
CC_C5BCCE759CF4,0.7469104436262171
CC_C5BF1C772E29,0.19073924328034572
CC_C5BF9A0578AF,0.13300154786781782
CC_C5C965CE9E54,0.5010799695374064
CC_C5CCD4113C3D,0.10497840254545583
CC_C5CD2608F7E6,0.09517098853966727
CC_C5CD5449840E,0.04822535154782059
CC_C5D3EAC0086E,0.6549236331093281
CC_C5D54ED9C674,0.7787409602157337
CC_C5D5C9DC1C77,0.4779754075363446
CC_C5D7B8952007,0.07159963399209221
CC_C5E2D180F088,0.04496261461073658
CC_C5E4EC302570,0.07115988413248323
CC_C5E56D70C42C,0.09979809165922372
CC_C5E628EBB180,0.0707262450378536
CC_C5E811243A31,0.21999433183733957
CC_C5E85A8290A6,0.33966496451652184
CC_C5F2A6EA8EC1,0.051875330030882336
CC_C5F2BC1E1F7D,0.13499883439397192
CC_C5F41B252D83,0.34685360853214897
CC_C5FB9FD3F080,0.7814582799782376
CC_C5FE2B7CF553,0.22346575384461512
CC_C600B83C2EFE,0.17192289769534547
CC_C601F8E608F3,0.04686234218531371
CC_C6046FA11864,0.28734761956467053
CC_C605E8F1D55F,0.2251683199609127
CC_C61090B8A8C8,0.1578788429806072
CC_C615F1801A89,0.24188300510296368
CC_C617AF7F0CA8,0.07323914488068592
CC_C61B46EDB41D,0.10311242702202066
CC_C61BDAAA22A7,0.0824290800964114
CC_C61E9EDB1149,0.13605754226426822
CC_C620E0613CC6,0.3981740706551604
CC_C622B2DEBC17,0.07347961828307685
CC_C627876BF828,0.4320827613167695
CC_C629D87BEF48,0.10292132659365012
CC_C62BEEAD8BBB,0.1307869649115127
CC_C62C40278298,0.12009092906761629
CC_C630F95E2816,0.3306786857653393
CC_C634676CBF2B,0.6391817337671334
CC_C63953F107E7,0.18183869335468517
CC_C63A1284BC6A,0.04134266900985634
CC_C63D604C0D48,0.11415207198094753
CC_C6419BDDAC88,0.3075595754388174
CC_C642A8B1EF93,0.09762103097673287
CC_C64301D8110D,0.0820481606680375
CC_C6434BFDE1C9,0.13014506644300164
CC_C647F30A407D,0.15034279477241858
CC_C6497DD63416,0.1317921809273644
CC_C64DCE4BF5B6,0.05598582714040353
CC_C64F61764781,0.19447063959637567
CC_C6501429EDF1,0.1781263724002246
CC_C65123C8F105,0.16312037336479632
CC_C654C8437E33,0.1623738618405372
CC_C654D57E1AA3,0.0452001863095448
CC_C66418BB529D,0.3084988580478037
CC_C66AFB5A9E0F,0.18902228935458268
CC_C66C57777B6D,0.11164721487374625
CC_C66DA3F9E518,0.282428308982977
CC_C66F2E0C7C03,0.054870155678225264
CC_C67A2DFA8BF5,0.5733116459154567
CC_C67A33AAAC77,0.06903381830479896
CC_C67F2EEA0CAC,0.4035131996450403
CC_C682F56096AA,0.21918179466210036
CC_C687B1B2F95B,0.1298335317306162
CC_C688600E5A17,0.16100528027686428
CC_C689925BDF72,0.10311185787888652
CC_C68C040436E8,0.10513007045548348
CC_C68EDDC5A8DA,0.2484264844476014
CC_C69430FF62C4,0.17104384019013585
CC_C6960A8BADD4,0.0681708518220869
CC_C697D7EA3C7E,0.06633696411504014
CC_C69DED224BFC,0.24183230114089055
CC_C6A31D431B1C,0.12482465079863188
CC_C6A8412D798B,0.04434910449374421
CC_C6A93258D8F2,0.14979171746493627
CC_C6ABA4F2B131,0.14824135728718235
CC_C6AC9DED0A27,0.21243978989188156
CC_C6ACED8E22AA,0.14437520453758904
CC_C6B128EA964C,0.08303899937650061
CC_C6B64CDCC451,0.2610158093833886
CC_C6B9A8F1589D,0.04034895346521013
CC_C6BAF2108342,0.17454911784384652
CC_C6BC154576D0,0.07756558171070675
CC_C6BC25D84653,0.07049010570874696
CC_C6BD2F6DFFB0,0.6690629917195199
CC_C6C10AF6A8DD,0.1651882121955512
CC_C6C1FF2B5956,0.3055015123562842
CC_C6C25F3CAF45,0.044491050743420635
CC_C6C3AE29EC99,0.09709923986649589
CC_C6C45EE07AD8,0.061224617420533124
CC_C6C849075081,0.6459741436469907
CC_C6D01DCCCF3B,0.3443716539078414
CC_C6D3A5398C6C,0.10990745391397867
CC_C6D3DBF84988,0.14364882305133359
CC_C6D6D72D5E98,0.2232328255637323
CC_C6DEF9616C2B,0.05840118005181014
CC_C6E2A9B0D4B4,0.09198288402586469
CC_C6E30229A446,0.8325117494005336
CC_C6E5E3AEDF3A,0.7302734444461042
CC_C6F137F97E08,0.0562351668879897
CC_C6F5C27D3D9E,0.13392783298288116
CC_C6F8B50119CD,0.14386256835418268
CC_C6F94C3CAAF1,0.04891771490413397
CC_C6F9F75ABA90,0.4933300169508799
CC_C7010319A561,0.20594196966983822
CC_C701CE3B1CCF,0.058322713894675374
CC_C706C553C25F,0.26895319994485883
CC_C709B3EAAE3D,0.09288558335848356
CC_C70F8F00183D,0.3813251596713362
CC_C7152397ADC0,0.19296459241538738
CC_C716CDC40B74,0.0930619871995732
CC_C719A6E021B3,0.1579504810881865
CC_C71C0D4F723F,0.13805468409055993
CC_C72314E8BE9D,0.7286749113352499
CC_C724ABCC806D,0.08177004906536105
CC_C7251F485884,0.11853784100887524
CC_C7275AD42EF6,0.15955872665583642
CC_C727EE3E1913,0.06000826823427001
CC_C72A44041A8E,0.7183076877371871
CC_C72A9C2CD4DC,0.7739337742152371
CC_C72C268C5103,0.04757787887931798
CC_C72D8904E9AC,0.2858558884428452
CC_C7300A89C53E,0.6909920145688007
CC_C7325E35F855,0.7577470291242234
CC_C733C198445E,0.05614386438859239
CC_C7394AE78284,0.7193760079086539
CC_C73E4CDC73FD,0.08804273387728774
CC_C741BC2B01BE,0.10547499592066409
CC_C744083ED319,0.24909746904562136
CC_C7456BA8BAB1,0.28735765689094056
CC_C749032FFAA7,0.496787449273262
CC_C749B8F86021,0.06155875962253793
CC_C74A09A07E71,0.09709964727020187
CC_C74CF8A6DC47,0.08964135201623806
CC_C74F689DFD0C,0.1491953813997397
CC_C751B163B237,0.04807706479357494
CC_C7555E318BB2,0.07403539561035104
CC_C7555E508C77,0.1320854927924548
CC_C759455A9611,0.14911447885874554
CC_C75B219E83A8,0.39895480769996217
CC_C75BD778864C,0.10046386083483501
CC_C75DC0654E6F,0.06615827616395488
CC_C75F2B4F053E,0.175177388753104
CC_C76475151991,0.6670188199107977
CC_C765BD377D92,0.5475006901029598
CC_C76C059CD366,0.23866221870033164
CC_C76DE2C6F3CB,0.12548848993421502
CC_C76F55318A93,0.05639202376725072
CC_C773CFB676C4,0.0487757073542659
CC_C775F911CA46,0.34878103533198834
CC_C7760466BA78,0.06099356803780141
CC_C77994DE6A2B,0.13834075218140635
CC_C77C0A12F6C8,0.2527989222740397
CC_C77D303071C5,0.11544910270967959
CC_C780963C6C6E,0.07803731780830642
CC_C78232D19D1D,0.09272783486027596
CC_C78283BCC788,0.08990927676562488
CC_C7853345C480,0.418717599799266
CC_C785F6CD4201,0.14106606761737142
CC_C787B2209854,0.07585546171130518
CC_C787CDB0E116,0.11155548234222068
CC_C787F96951BE,0.36234651220376507
CC_C7928E931BD5,0.2505862256749195
CC_C79442EA56A9,0.04651616932728377
CC_C7964F88356D,0.1185480550986584
CC_C79A2904A2E3,0.11320496648925611
CC_C7A1A40AFAA2,0.0689201205512375
CC_C7A2010B5835,0.051988406047274185
CC_C7A2D400E8FD,0.058567798448342846
CC_C7A55149832F,0.052183206773230094
CC_C7A5CA0EB3A0,0.7647781176618255
CC_C7A6481EEE0B,0.07509655114574769
CC_C7A6C2C80066,0.04445751657946852
CC_C7A86DDF4B3B,0.6099676829307629
CC_C7AC72ECAD3C,0.06689878960602494
CC_C7AEBCD68F81,0.17639128757094236
CC_C7AFE39D299D,0.1212200868895181
CC_C7B1B22E24F4,0.12943212957337621
CC_C7B7909B209E,0.1854725592459568
CC_C7B8A8D76CDC,0.17010520504159712
CC_C7BA86FDCE4F,0.12165512470557856
CC_C7C201574121,0.16132256255082206
CC_C7C43201AC36,0.20182343957282556
CC_C7C7552715B1,0.6785748962477112
CC_C7CA41306CC2,0.24074941679250655
CC_C7CAEFAB24E6,0.05669484410825174
CC_C7CBD5C23E71,0.39696115831738654
CC_C7CDF47AA4F4,0.054352561990088644
CC_C7D091C512E9,0.06899554625478058
CC_C7D0CFACBEC4,0.7122062843984401
CC_C7D4054B186C,0.08983554281597117
CC_C7D813C5A6AE,0.15892333970776842
CC_C7D841CD3A92,0.2130682221566412
CC_C7DCC4194BBF,0.1028873134471735
CC_C7E3237B0721,0.08515526809742567
CC_C7E365D021C2,0.16321850001198676
CC_C7E637928783,0.1345862011814242
CC_C7F44BDE483D,0.09603141785580814
CC_C7F52F9865B0,0.15487092980599235
CC_C7F5474B713D,0.05544865306011151
CC_C7F6567AD1D7,0.6586071222025203
CC_C7FC57C695AB,0.22755671945375244
CC_C7FEAAF6617D,0.0788581019047891
CC_C805F792A877,0.611284519822578
CC_C809EFCF1026,0.4153310265901292
CC_C80ADBD24835,0.26258487114861057
CC_C81454E55BCE,0.20674096018062854
CC_C816BE3170B8,0.07546644466509747
CC_C8171A854C54,0.20140358657264862
CC_C8182F4F9B34,0.08466188545340178
CC_C81D56509657,0.1400378578969592
CC_C82296987913,0.1371564507589994
CC_C8247B6191A9,0.12349304862612365
CC_C8288B08BACE,0.5797515128004942
CC_C82F457BC010,0.10572501747345305
CC_C837D03193A9,0.2493154588780556
CC_C838B1A59AE8,0.1122078528355955
CC_C83998B840BF,0.4008244357148552
CC_C83E92A89B11,0.13380363478866486
CC_C83FCA32361B,0.23808172971989322
CC_C83FCB35347F,0.1888454028919182
CC_C8405E4534FF,0.14856837236732115
CC_C84442515604,0.1907010076581294
CC_C8468266C953,0.1296195057666679
CC_C84D36A131AE,0.08669044976930226
CC_C8524F52CE16,0.7818426455474854
CC_C857D3C45610,0.6796396382325931
CC_C8601D1DF95A,0.17079765655644122
CC_C8605CE54AB8,0.16719554648676221
CC_C860E1599172,0.07630213893521755
CC_C862DE4318EB,0.19698315070044192
CC_C8641A6F05A4,0.10335456889766134
CC_C86831D62785,0.09556968788342665
CC_C868C3BCC388,0.1322104636908861
CC_C869947883BD,0.7547131355411125
CC_C86B9055B9FD,0.1390501749174829
CC_C86D53909F65,0.06170172232672748
CC_C871AD7AEA70,0.7551411502941268
CC_C87372B6C468,0.20036603232352856
CC_C8739A70C7FD,0.0731499087877838
CC_C8744EDBC78D,0.3258089836387702
CC_C874C1FAB2AE,0.04431010289395086
CC_C87551989839,0.23246570072039402
CC_C88124CFDC8B,0.09825879772544874
CC_C881BB1A2085,0.1103996928018847
CC_C882FE58543F,0.12066775845677244
CC_C8852211226A,0.05497216409903771
CC_C88565327E11,0.5079139113645799
CC_C88632F5C47C,0.11308906215575884
CC_C887AE4CCEEA,0.06914669589617475
CC_C888B74F972B,0.4042962322717675
CC_C88BA0073839,0.10296480210966703
CC_C88D40CD9FD0,0.05866386621178911
CC_C88EA6752AF8,0.7703833045092409
CC_C8903A9F6CEE,0.031141771416114804
CC_C89097BA8BBE,0.08686382621558933
CC_C890E63AAB39,0.0522191554213464
CC_C891ECC0BDCA,0.059840726028887015
CC_C895203364CB,0.5538414310199801
CC_C89687934609,0.18239963877904583
CC_C896A13C497D,0.3247343735644242
CC_C897ADAE2036,0.07063318104940727
CC_C8981624D0E2,0.1740495023003351
CC_C89A4232FC73,0.07064333592421648
CC_C89C07EF8EB5,0.0695025205527177
CC_C8A5057564D0,0.3216967028988057
CC_C8A69E04E2F5,0.1939511850612273
CC_C8A7D0F28325,0.33667819473132965
CC_C8AA9ECFD9D2,0.052579214919068494
CC_C8B23B5E0745,0.06965572344630448
CC_C8B268B998AC,0.27737505792542777
CC_C8B942D630FC,0.09426833782729113
CC_C8BD6E8C33D4,0.21308168721249957
CC_C8BD9944198A,0.133729630566744
CC_C8BE20EE38D7,0.20316920099207048
CC_C8BF9AFC1E87,0.1509636516003339
CC_C8C1E54B9F56,0.04828322818207296
CC_C8C4B6786C77,0.09131361623742522
CC_C8C6D6E9BB7A,0.6993017925134569
CC_C8C8A04213BB,0.1668996212490024
CC_C8CA842C53A2,0.05296767972670842
CC_C8CAA487E819,0.18385351708745806
CC_C8D16FED8C27,0.09963725399875495
CC_C8D5CBAC5E4C,0.06914891540281191
CC_C8D65E0DA703,0.16116178268817144
CC_C8D7145DFDBE,0.09242306736133694
CC_C8D742AE2450,0.35518564559142346
CC_C8D9EE3F7FC1,0.08333027543276746
CC_C8DB8903B4BC,0.32768423198137475
CC_C8DC7A496C50,0.5753256299181339
CC_C8DF621E331E,0.12006699963019649
CC_C8E31E94AC2C,0.4073023168292608
CC_C8E8ED6CE4F2,0.10920740959703552
CC_C8E9B8021F37,0.10663093182911539
CC_C8F5EABEE44D,0.03847263323579144
CC_C900D141C57C,0.25440079650790903
CC_C9033236B7EE,0.730626793938349
CC_C9043EDBB231,0.10247860552253625
CC_C904D6B5A2FD,0.7427579803260385
CC_C905A7D2E6E9,0.20477135044032818
CC_C905CE1FE90F,0.13150030948779742
CC_C907BD8161CD,0.647267132816863
CC_C909FC8E1615,0.28777128033342075
CC_C90F7E693B71,0.222494608593549
CC_C91063EF7DDE,0.6560749363957765
CC_C912D1E79920,0.6627062403295286
CC_C9137B67FC52,0.4356361694749288
CC_C915FD1F0791,0.21467821253514444
CC_C91702789CFC,0.10146140898194651
CC_C919F88B180C,0.2931292343458919
CC_C91B74E08BEB,0.1433244357903118
CC_C91D155EFF8C,0.4150800695005093
CC_C91D7ECE34DE,0.2395457390686989
CC_C91F86D3342B,0.08697229669305696
CC_C91FE7F1F0D8,0.2030001765697813
CC_C9208453E0E8,0.245651403627765
CC_C9255ABCA9E8,0.3920690714492946
CC_C9280BD3BA8E,0.10486666224066077
CC_C92BEBE82383,0.6583085963033402
CC_C92FC80DD829,0.18441111224916756
CC_C9317B42E4DC,0.22822523338958783
CC_C935356EA1EE,0.09321243102849705
CC_C936F20E596F,0.6437418779267989
CC_C937BCC44936,0.1251177792818799
CC_C9380948938E,0.20382606705454057
CC_C9400CD86083,0.12574589057226743
CC_C941B4DEA9E6,0.11299888713226607
CC_C9430858F2F5,0.3432481579217309
CC_C943B5BC0F93,0.5201191296457746
CC_C944FEF95DFC,0.2030614116281181
CC_C94A8CF51750,0.0751909308114199
CC_C957BF0B65F8,0.13879288322370725
CC_C95CAE4068CD,0.093689334153956
CC_C9641ECB87B0,0.1572899022872441
CC_C964EBFFCA07,0.18865496114228286
CC_C966DB0BF2AA,0.4384311846010017
CC_C9691234DEF4,0.11874049764436656
CC_C9697ACB78E8,0.07593171699038362
CC_C96BB22A1D4F,0.20757721956777725
CC_C96FF1B424D1,0.07468193214517678
CC_C972B23A9DD0,0.3498922528328293
CC_C974F0915755,0.16192708596286617
CC_C9762F4C6B4F,0.15998537948189023
CC_C977D8962020,0.19864336205957395
CC_C978C2A053AC,0.10897635195264446
CC_C979272BF197,0.08942355793646879
CC_C97F42624CE2,0.09921556555228069
CC_C9804F57EDA2,0.11184002539050386
CC_C9831B920EC7,0.29719975920354236
CC_C9834872142A,0.7320105821179468
CC_C984AF5DDE80,0.20320918287108247
CC_C98506A9AF43,0.051031814837827635
CC_C98999925DFB,0.26246955037070957
CC_C98C806E777B,0.12210324839400302
CC_C98FE19D228A,0.2574040775852528
CC_C99544E0B5B1,0.4582350104269987
CC_C99D968EDD1E,0.0499602162082949
CC_C99F50AA946D,0.204825883607683
CC_C9A8C178EF0A,0.173417840711694
CC_C9A9F2CEA77C,0.07334640879261622
CC_C9AAAC5E2DEC,0.709626272758485
CC_C9ADE21A9CF4,0.11470002856843187
CC_C9B08DC7459A,0.7039304080314649
CC_C9B5CBA1D0C1,0.2408431650379379
CC_C9BAB81E5207,0.1369801916490611
CC_C9BE6C6A14D9,0.12084800344170599
CC_C9C062746AB0,0.6856776568411258
CC_C9C27FE45DEA,0.06097292344581094
CC_C9C6BE196913,0.09685139960650395
CC_C9C7EF23E6E0,0.08860893044751439
CC_C9C995E5CEB8,0.15016867830100625
CC_C9CDED3B72F4,0.4501650385505876
CC_C9D04AA29954,0.783138263835542
CC_C9D0D02806DF,0.03238575038181516
CC_C9D36546BF2E,0.13633398964235915
CC_C9D5952DB717,0.07346372219021899
CC_C9DD473789EF,0.33806468841574583
CC_C9DDBAE7F34D,0.12222862663691099
CC_C9DFB99BCFE8,0.23597567081388174
CC_C9E16AF708A3,0.14582103852186323
CC_C9E33613FDB0,0.21142915945065915
CC_C9EB398A0504,0.16727651128041415
CC_C9EBCA9088ED,0.11221614395779647
CC_C9EC2E9153F8,0.2127455045055716
CC_C9F0CB8623AD,0.2091541160217309
CC_C9F5E09FDEFD,0.06540873652934814
CC_C9F9351F65B1,0.09106229102456127
CC_C9FBC87F4A94,0.07803430542655579
CC_C9FBCF584FC6,0.0865669423960064
CC_C9FFEC2A78BC,0.24086570277445324
CC_CA03722716FC,0.07379657386266117
CC_CA06C2235B8A,0.1370404722927509
CC_CA0D4E74B044,0.06578584131657186
CC_CA13E2862A33,0.1914468961356653
CC_CA150634B585,0.05421957503293782
CC_CA15FA4FAE7F,0.2326631181850547
CC_CA177B1FEC56,0.058704764111155994
CC_CA17BFB4092A,0.05807676347414702
CC_CA1BA399C918,0.10319030324258424
CC_CA21C0F30251,0.163915152232524
CC_CA262DDC214D,0.18400935804070356
CC_CA2744AF5050,0.11150232236261279
CC_CA2786DB1355,0.7236559363685613
CC_CA2BD0C96FD2,0.10414130430477883
CC_CA33D05CC9BB,0.05145265306360425
CC_CA3711A95CBC,0.19688149756554824
CC_CA4352E71F6B,0.16786925928215485
CC_CA44BEC1548F,0.09285832465414383
CC_CA465282A76F,0.07132255030763196
CC_CA4817D9D817,0.6527002965999742
CC_CA4989F1924C,0.10345421797834853
CC_CA4E509D03CC,0.15121296977971171
CC_CA5A9CD9D974,0.8385753998663862
CC_CA5CBBF27FC6,0.6947173026094695
CC_CA5DC7719F54,0.17492764899871288
CC_CA5E3DD0CB89,0.14581270707104163
CC_CA5E88569CC1,0.11991114783487326
CC_CA5EB27B6FEA,0.20385813746006737
CC_CA61F2DC606F,0.09105704965785232
CC_CA626DE5A5DE,0.12046955885676185
CC_CA6529E97C3F,0.31742314630132185
CC_CA6641DF0FD5,0.10383821021914344
CC_CA67290CCF8A,0.05468329346348616
CC_CA6A08FF575D,0.1337063846683861
CC_CA6DFE466B37,0.11155334362691709
CC_CA73F18EF78E,0.15212372741050476
CC_CA7900F4EDA4,0.6461645261450123
CC_CA7B9F724A04,0.10122928846689103
CC_CA7E66FDFFDA,0.7067046370436179
CC_CA8688470E4E,0.11011014006079418
CC_CA86A9301946,0.17332917238233625
CC_CA887F83B4A7,0.2543185596076113
CC_CA8C71AE1DDA,0.2885291196274803
CC_CA8E86D716A7,0.12133752498479573
CC_CA92579D282F,0.0949410994623093
CC_CA97FA9E55BB,0.3453729284096301
CC_CA98ECED6A94,0.07870315953835816
CC_CA9AE8F42550,0.10407824079417578
CC_CAA098E267EE,0.3177776217872777
CC_CAA16A8CCD7E,0.12048630552777617
CC_CAA64FCF32B2,0.3704429374506781
CC_CAA7DCA33D3D,0.1996322002308733
CC_CAAD0BEDF103,0.04141838279440242
CC_CAAF8987DDE0,0.24583702469240717
CC_CAB1A5D2F8B7,0.043293262337007705
CC_CAB366670069,0.4405926640010745
CC_CAB4E8D6144A,0.633357432675832
CC_CAB7A5C4F512,0.3419540592889806
CC_CAB80AED6419,0.07086332193647887
CC_CAB8A3688A23,0.0673652984514408
CC_CABA26DBCD5B,0.16601400978145184
CC_CABC1BC43641,0.2271511612887692
CC_CAC1118EEB57,0.7183340350027032
CC_CAC186316291,0.14720017746805247
CC_CAC25F35620D,0.1297573408775664
CC_CAC392AA1A12,0.321225637351241
CC_CAC57BE205C0,0.07404688653245141
CC_CAD3A96B9991,0.08072245494865603
CC_CADD8356DD06,0.6136003906411406
CC_CADDA919BA80,0.10360407337165586
CC_CADDB83F8044,0.0666719305408294
CC_CADF09213D34,0.10010278200573046
CC_CAE01AE56C41,0.20990827835136017
CC_CAE79898A101,0.07706857004533021
CC_CAE82BB097F9,0.25443399096092983
CC_CAE99DD82474,0.40574882589698225
CC_CAEB53EA79E8,0.1457164263028498
CC_CAEE66E255F9,0.0698937278515677
CC_CAF6BE41E01B,0.32656075180411653
CC_CAFC8DBA6B89,0.06315453830441772
CC_CAFFDF46952D,0.3283015884491527
CC_CB0144C9A52F,0.147578937867265
CC_CB01E80A56F0,0.21278685645552545
CC_CB04E892A85B,0.39565270982259115
CC_CB0582EBA7D0,0.05365159736282639
CC_CB07C0AF435A,0.14469146263587201
CC_CB0C7126E336,0.11929880196599363
CC_CB0EBE4F4A46,0.4401795260354767
CC_CB0FA6621EB1,0.13164944265128756
CC_CB0FFAF7B22D,0.12684071624640633
CC_CB1285151690,0.539069496129589
CC_CB1A4E8692A5,0.03646230549231426
CC_CB1AD6FB8ABA,0.0708134159626979
CC_CB1CB77A6733,0.05346649751444925
CC_CB21AD4E272B,0.12341832379496205
CC_CB2238CF6445,0.4903235107567051
CC_CB2419A37A4E,0.08900858305802224
CC_CB28650CDF7C,0.7193982319509532
CC_CB2B8B608539,0.11954771219256355
CC_CB2C234B67C1,0.1985040750596627
CC_CB32AC35E1FD,0.2074010659496298
CC_CB34EC76FB21,0.7649417781240289
CC_CB3620170747,0.037054005356867044
CC_CB36B6BBD1B1,0.35194706347975185
CC_CB386BF83036,0.10896468718190762
CC_CB389682A258,0.04063868070361755
CC_CB38A949EE17,0.2658126757481338
CC_CB3AB4E7A03A,0.14757988595321356
CC_CB3CFFB2638C,0.6135811732288211
CC_CB41549D6CD2,0.0576907398035683
CC_CB471DE5968B,0.2256861475347396
CC_CB47D32B5B22,0.7233461514439953
CC_CB4BF4D8C73E,0.15647228869020408
CC_CB51990E6A7D,0.12450009875096699
CC_CB559309B998,0.24451856220053925
CC_CB568CEC1826,0.04429558842638777
CC_CB5B1476943B,0.15666781616458708
CC_CB5E60525643,0.03617680050468125
CC_CB63B6882A78,0.16116602554532286
CC_CB680F671C46,0.06733958967288967
CC_CB685B625B15,0.22929653566033698
CC_CB6CB00D9CE0,0.3840371834869458
CC_CB7040CEE232,0.2144397334739093
CC_CB715F47A1A7,0.2306506135434055
CC_CB72B584D22B,0.5720283074923687
CC_CB72D5FF9813,0.09232732023634754
CC_CB735F49DF92,0.6054856380832483
CC_CB748A086A6B,0.0984520934975743
CC_CB775C59AF82,0.1076676629665367
CC_CB7932759942,0.05270923187684808
CC_CB7B74274876,0.21506624989263184
CC_CB7BEE073BBE,0.06752611018414341
CC_CB7D50B39905,0.0803988694714072
CC_CB7E75B5E417,0.22125704535837656
CC_CB819CBEB3A3,0.17535771143578097
CC_CB83E7815195,0.10476015061903059
CC_CB84564702A0,0.06907704594750172
CC_CB847AE61423,0.19755084794551978
CC_CB875B71D034,0.17946459907895143
CC_CB8BE55D4A82,0.2507604264803962
CC_CB8DB4A409C7,0.16188733034987957
CC_CB8F5A065319,0.5481935304835908
CC_CB9022D2D371,0.526979017774463
CC_CB9081352865,0.3074423510594769
CC_CB91A3703686,0.12760236957460216
CC_CB9432376672,0.05713040307771698
CC_CB9C1C7A42DB,0.08006551792738589
CC_CB9C9DEB3DCA,0.11497373613604833
CC_CB9DF0E28C84,0.08094631721405188
CC_CBA1128FC93F,0.21639455016149012
CC_CBA2A1D03DC1,0.3198437647504117
CC_CBA41E42FAFA,0.05375221929735165
CC_CBA7168C407D,0.22026827065711854
CC_CBA757A0308C,0.2572539965065235
CC_CBA7ED13504E,0.06493637086347046
CC_CBA930306D08,0.33831111575001727
CC_CBAAF3E0288B,0.49861021288642676
CC_CBAC98F162CD,0.07539055863749518
CC_CBB11A05DB72,0.07226538885232657
CC_CBB145FD833C,0.0829701622951843
CC_CBB2CA39F7A0,0.08972645418981048
CC_CBB3556F13E3,0.052466148352391676
CC_CBB66D0FB69E,0.16047510279466687
CC_CBBA35547F67,0.09412077533951238
CC_CBC0BD52E7EA,0.17086632679922956
CC_CBC1D55EBE04,0.06891546734516926
CC_CBC220D6E5B0,0.2615604247412198
CC_CBC288F713B1,0.4869020099418944
CC_CBC45F7D5688,0.13582467937337117
CC_CBC9934AD9A3,0.4842008864398427
CC_CBD24EFB2E0A,0.19448726561350643
CC_CBD4433AF9F1,0.06092213927810701
CC_CBDBD546C8F5,0.6790390245309768
CC_CBDDD31791B9,0.1193092784187357
CC_CBDE1A0C9ABC,0.18068918220923727
CC_CBE0F451157D,0.042529129256943896
CC_CBE104D92013,0.18648825722353296
CC_CBE24C2F91BA,0.11641747246063952
CC_CBE45A31DF70,0.6525776516473251
CC_CBEA3C6B7CFD,0.05816120715041815
CC_CBEAD50C5918,0.4062123371576254
CC_CBEE5222FF56,0.10994011321256147
CC_CBF603B2AD22,0.14951789734240042
CC_CC05EE4D74EF,0.35994112882907797
CC_CC0C6F55B470,0.1053177581201585
CC_CC10C3D883B7,0.1428243180906356
CC_CC13C7A53935,0.13897711234212973
CC_CC1496C2007F,0.5474301451804561
CC_CC14F013A76F,0.06711180771715873
CC_CC18BF39668B,0.18882951272868553
CC_CC19C6FEEF56,0.2503073661243542
CC_CC1AD95C8286,0.11242930549195859
CC_CC210C9E489E,0.13400666575546966
CC_CC232491BC18,0.45647564602888097
CC_CC2383C355D8,0.10454265636970062
CC_CC29446A2B1A,0.6726663162812715
CC_CC29C0EF675B,0.12654174323814021
CC_CC2D3E33FA20,0.6999809287873864
CC_CC2DF55B07C3,0.4939134983478034
CC_CC3A67A99602,0.1919271091206906
CC_CC3AFC539FBB,0.05885506427208555
CC_CC3BEA7406A6,0.7079365462412694
CC_CC3DD4F4CDD2,0.039598481958931786
CC_CC412E2C4293,0.12050936022305656
CC_CC479EDB70F1,0.1834597622104101
CC_CC4E0F6FF0BB,0.1055745918749128
CC_CC4F3CFE3912,0.14094435696510346
CC_CC51100D34C3,0.047087333750647206
CC_CC53B6A3B921,0.4166791606093147
CC_CC562D9CF241,0.11820853864278962
CC_CC564338C65A,0.14301675226464314
CC_CC5B20CCCD4F,0.3156232219832531
CC_CC5B51DF0B8E,0.17089196107415416
CC_CC5D78E54484,0.2628004640143955
CC_CC627B317CF2,0.7284378227347946
CC_CC647A6C2C19,0.08487193976325015
CC_CC6746F4E1BA,0.05808316648274355
CC_CC6809387789,0.05011628410053849
CC_CC69B601D6B9,0.09727208091618829
CC_CC6CF0916012,0.1566682477176246
CC_CC717A4DEB6A,0.07244236041185192
CC_CC7499FBA229,0.15905432910650022
CC_CC769DA17ED1,0.07127757725354766
CC_CC78148D92BD,0.191054954752051
CC_CC7C05FBC368,0.25181497549247583
CC_CC7C6E822C2C,0.1066044928452432
CC_CC8171F4F8E4,0.13895208681325805
CC_CC82089F7601,0.11193733715541247
CC_CC868CF2A4BE,0.08254617380981145
CC_CC87965EE9CF,0.07435796175810896
CC_CC88F893937F,0.3818140086684997
CC_CC894AAE61C2,0.7092020745829531
CC_CC89A5F809CC,0.18231110834690495
CC_CC8A3E1DFF06,0.06209492551761385
CC_CC91B3CEC31A,0.1098278257702626
CC_CC965379300A,0.5553206183078044
CC_CC96B061AD4B,0.19527914113229172
CC_CC96B88B3060,0.09091873713567172
CC_CC98F99AB259,0.10079146035286266
CC_CC9CDFDF33AF,0.12871232413787395
CC_CC9FAA3D3389,0.27377301966733214
CC_CCA3E72FA8E6,0.18921658126019947
CC_CCAAB0190D28,0.09042658576468941
CC_CCAC2DE37C23,0.12445460140144657
CC_CCACC31D3BD1,0.178228345168682
CC_CCAEB2B0D557,0.04688649268767765
CC_CCB2023A51F1,0.06684845646233079
CC_CCB2687D05E8,0.36526275844514283
CC_CCB4AF5B3988,0.06549532894228764
CC_CCB4BA607C8B,0.1664198999872482
CC_CCB5A2A0F5A4,0.04348596043525231
CC_CCBDAF745265,0.17361488372172512
CC_CCBF4942D1A1,0.2013683304416737
CC_CCBF5FBFCF83,0.13498487908569634
CC_CCC15681956F,0.04974229081040098
CC_CCC59E089058,0.18997779632623724
CC_CCC62F3822D2,0.14775334175445537
CC_CCCB6FE86C24,0.37859358695298306
CC_CCD0A2F9B976,0.1784887212501598
CC_CCD124365C33,0.2597536493414182
CC_CCD210E33CB5,0.1179151053475277
CC_CCD3596AA9D8,0.1168248611267824
CC_CCD638E372F9,0.08901560759206845
CC_CCD8ACF4407F,0.1467003352409443
CC_CCE19C403D3B,0.06757472304559015
CC_CCE3EA0E360B,0.24958808664497076
CC_CCE4DA605E0D,0.1677280395999072
CC_CCE751F2A8B3,0.1021218168313256
CC_CCEDEA24E68C,0.18135511312261574
CC_CCF11F401A80,0.099694263736618
CC_CCF19563ED3D,0.14670858052940447
CC_CCF4C872C617,0.042824496574677656
CC_CCF6C5723581,0.06803260884964105
CC_CCF9CD340595,0.04542842887987058
CC_CCFB1D30D24C,0.052282589234372054
CC_CCFC0A51113E,0.09315503795757943
CC_CCFE7BE30757,0.17795876847934938
CC_CD0520BA4B68,0.2607156516925221
CC_CD07605C1FC4,0.06908239201360263
CC_CD0C5166F30D,0.18202749034616214
CC_CD0C5A992C6B,0.12381216789285647
CC_CD0FD4ECDB5E,0.2553299395484486
CC_CD11832FE4BB,0.05436571717042349
CC_CD19A062161E,0.23089850009784518
CC_CD19EF3BC41E,0.10908530775758588
CC_CD1E8E5060A2,0.5673557195677673
CC_CD1F637A0DDB,0.10193944027825123
CC_CD2059E849D9,0.09535781772178144
CC_CD27CF37BA86,0.10733628152669247
CC_CD2EB2984AA1,0.0490684340047356
CC_CD2EE3D89714,0.13630637502610185
CC_CD2FCC99F99A,0.24171478386223252
CC_CD315C06D010,0.11306004109691319
CC_CD340704F0A5,0.6493335391481017
CC_CD3624297DA9,0.06620335755957579
CC_CD3F9D67B0E3,0.20093442248718923
CC_CD41E5F69968,0.08609648326195782
CC_CD42C0175654,0.21914235572216456
CC_CD46C0200AB3,0.24489753144667467
CC_CD48B0A61CCA,0.17053662679384748
CC_CD4CE1A48C45,0.1503792930064433
CC_CD4D310F0C20,0.09522035889531419
CC_CD5597EB38CC,0.18887282205352968
CC_CD55BA38C7BB,0.33213065800986946
CC_CD5FE6711E88,0.11501311342937211
CC_CD609865264C,0.7125288162881717
CC_CD62466EF288,0.09213049918968623
CC_CD635FC53124,0.20139509051818189
CC_CD6487907D92,0.08151098211947981
CC_CD668CFA696C,0.1816279123002369
CC_CD694F358863,0.09995462509196888
CC_CD6F3473A5D6,0.17507077363379706
CC_CD7A72AE2128,0.08136106080939012
CC_CD7C2DCDF5D9,0.31432450218494357
CC_CD7CC3578431,0.07373547738973743
CC_CD7F00F6212D,0.4023134524129094
CC_CD805C832FF6,0.3051753834240984
CC_CD82F347D6EF,0.1252953877501813
CC_CD84320D7069,0.0929910593860863
CC_CD85B41F4F6E,0.7083354447058438
CC_CD87A2BE2461,0.49359754710355713
CC_CD8D98CE1832,0.6517018041084429
CC_CD9068BAC08A,0.20087220385816212
CC_CD90F5FCB1C7,0.15221462937717717
CC_CD91D3F48931,0.2126608336515999
CC_CD93CEAD21E7,0.09474436118381444
CC_CD9428253184,0.3271670545274363
CC_CD96617B1882,0.15150121431579072
CC_CD96E2770ACC,0.05796017773022194
CC_CD9CC04F0DF8,0.07103901364395007
CC_CDA0CC30868F,0.20030193732575335
CC_CDAB4BBF0BCD,0.14313448364675588
CC_CDB603689517,0.08297321041862228
CC_CDB70B498E05,0.6763378169396063
CC_CDB7A37B5791,0.11320234498536683
CC_CDBD745E1090,0.16366876815965473
CC_CDC10A881E49,0.35887456737349444
CC_CDC2A8052BE7,0.07989616899369847
CC_CDC4FD37691F,0.1770934463346957
CC_CDC68B8CA730,0.10942377494342286
CC_CDC6BA37FDAD,0.29279805258230185
CC_CDC7656399FE,0.13011492838771438
CC_CDC9DB42F71D,0.1057212418233805
CC_CDCF6A31F4F4,0.1463242525719432
CC_CDD17C2884EC,0.22699996633918337
CC_CDD17CCC85CB,0.5629881641904502
CC_CDD28EEDB117,0.17169901772189072
CC_CDD410741E77,0.40422128751381187
CC_CDD6B3AA2ADC,0.3801003051935149
CC_CDD8570C57AC,0.3300348796564757
CC_CDDA751BBBE6,0.5650721152332043
CC_CDDB2C757599,0.132565255181397
CC_CDDF924C38AC,0.056904856802918534
CC_CDEB8A279A15,0.08795227399828048
CC_CDEE2671B798,0.15525071601441956
CC_CDF0FF22CDD2,0.24813188112754925
CC_CDF451A9E411,0.18732004960902443
CC_CDF75481B0A7,0.2123167304560405
CC_CDF8869408ED,0.33556430787608393
CC_CDFB36360DE5,0.4441259111474742
CC_CDFBFE0036D7,0.04290583934160826
CC_CDFCB8C4ABC7,0.5468250745208793
CC_CE03DD4703AC,0.10028194514496228
CC_CE0412DCD62A,0.09331943478877792
CC_CE049FA1154E,0.20195828033711183
CC_CE067BE113C0,0.6919591184048254
CC_CE0E9331ED51,0.7341127737867046
CC_CE147A53851B,0.12659539917566548
CC_CE181DE7E3F8,0.19585794639735427
CC_CE19B53F579F,0.42785455582842963
CC_CE1B40BE0113,0.424714699521373
CC_CE1B4D9621B1,0.4505811179163053
CC_CE1C5B5C0675,0.05599735247794204
CC_CE1F3EB9B4F5,0.1393066412740248
CC_CE1F426D2345,0.12398004815325248
CC_CE20503BFD55,0.5105381565531681
CC_CE245BC3956C,0.3027154268264687
CC_CE27DE3C66E7,0.07683951767415469
CC_CE317BFFE599,0.0476577772202463
CC_CE3753196FE5,0.06555470230326424
CC_CE3998A937FD,0.2982704433097051
CC_CE418F9DF0D9,0.07718609301497606
CC_CE425DA77784,0.03240656273593611
CC_CE4425995049,0.45920921420995964
CC_CE470FD8A3C3,0.2121707934336908
CC_CE51729C3ABA,0.1671589896321029
CC_CE547B980864,0.11664175322083628
CC_CE54FA0A1537,0.16029235755475796
CC_CE5B5EA40B36,0.07778028042727558
CC_CE5E916074C8,0.06052965672610998
CC_CE5F8568ED79,0.1466373643852343
CC_CE604CB6BA07,0.2229179991356877
CC_CE651090FFE7,0.06531620510840744
CC_CE6844D81392,0.10571375816449824
CC_CE6F6B3732F5,0.07558980822804509
CC_CE712558D8AF,0.6302159969835253
CC_CE7257FE6539,0.6253320745022402
CC_CE7626E67D99,0.42683021373461294
CC_CE77AE742AC4,0.7356685830901571
CC_CE7A1BC9CD98,0.22253060379302703
CC_CE7FA91BB43C,0.41431300598152954
CC_CE866C0C5B6E,0.1864656611531482
CC_CE86B8F0BBD1,0.17583657737137798
CC_CE8C5CFC05EC,0.04655370561421886
CC_CE8CD20A2C45,0.1358986564489577
CC_CE8DC62A613C,0.37149876034466994
CC_CE930CF75F1C,0.13610103087893086
CC_CE99C7E8FD44,0.7377778962930125
CC_CE9A1A5BDD51,0.5905731857772083
CC_CEA4EBBFEFCF,0.1573546470666381
CC_CEABF4532E14,0.0521560752674875
CC_CEACE65C9752,0.12535908470849721
CC_CEACFE7EDEA6,0.0813652949026328
CC_CEAFCA6405FE,0.3166245360990327
CC_CEB0990A3F4A,0.20243610114047933
CC_CEB0994981CE,0.05271183003725808
CC_CEB3D5B5172C,0.043812967292943865
CC_CEB97A7C92B0,0.10159911021177144
CC_CEBAFD98678C,0.06490625420303209
CC_CEC30CD9E429,0.14339269945524563
CC_CEC8EC5490F6,0.06332147283375848
CC_CECAA6645EA6,0.15857228002927037
CC_CECC2BE42CEA,0.08747494640016659
CC_CED294DB7A45,0.05008549739408863
CC_CED43447F756,0.15125117603390623
CC_CED5042A9A47,0.07120362075835855
CC_CED5A70C9A51,0.5791621599240331
CC_CED64B9AD109,0.1772296287458323
CC_CEDE79C4BD03,0.15802556099837786
CC_CEDF1142FEBE,0.05240873852435329
CC_CEE5A07A87EA,0.06560473037112066
CC_CEE9F9382609,0.08219151903076827
CC_CEEB3E83FAAF,0.1859295908117737
CC_CEECDDD36368,0.09914556404601202
CC_CEF427149551,0.4156704839451132
CC_CEF6A74D6C4D,0.14727962504201741
CC_CEFC59B67B92,0.23630707423402683
CC_CEFEF9E415F2,0.10617952966656705
CC_CF009DAC8E64,0.10829250762844733
CC_CF05CDED4CAD,0.04347394089963917
CC_CF0682C8DC63,0.06388035527602239
CC_CF0AD663CDD5,0.18199466854240676
CC_CF142EC1D17A,0.050491499436940625
CC_CF1D27BB19EF,0.1900042294125037
CC_CF2110BEC9D0,0.0901185401778779
CC_CF23AE889426,0.10210157826338144
CC_CF259C0D7753,0.06492842452519787
CC_CF2A41DA98A9,0.2983982549407593
CC_CF32BBCE2F0B,0.2468159793189299
CC_CF3488B42273,0.20190382172358431
CC_CF34DA195752,0.3802214256666438
CC_CF36103555E7,0.06621717935774003
CC_CF36403A45C8,0.11704882918622687
CC_CF39BC33863E,0.686607833134827
CC_CF3F059B66A2,0.1403175518708159
CC_CF405017459E,0.381262160735965
CC_CF4141DFAB98,0.7033201545931651
CC_CF474F880316,0.12915166015463198
CC_CF52F22A2656,0.6523430132269096
CC_CF5481F063C1,0.06064131382180234
CC_CF5999723BC8,0.04855726476930562
CC_CF5B67D5FBFF,0.04970407614964605
CC_CF5DAF79181B,0.06788167479340708
CC_CF67B1EB47C8,0.43125829252069964
CC_CF711FDEBE6D,0.18475341994238922
CC_CF724E0761C0,0.20761100874610464
CC_CF786C6D564D,0.10718467938369569
CC_CF7B7E158244,0.05541227139770216
CC_CF8083BC282A,0.06646854169286082
CC_CF84CF3EC0EC,0.06351168399206301
CC_CF85F73B53BD,0.12195335343999605
CC_CF8A438618B0,0.03728067596184844
CC_CF8CAA9F2DF3,0.1105180887835248
CC_CF8D37E26502,0.08436577583826434
CC_CF8E24366F5B,0.6788203286590465
CC_CF97060B68E6,0.06177698707703343
CC_CF978B6D4E45,0.12173114199086872
CC_CF99582282E5,0.16642308368013842
CC_CF9CC5E12D09,0.7342807276194994
CC_CF9D851AAA80,0.06948523981310359
CC_CF9DB2F89DC2,0.12002155556984784
CC_CF9DFD2CA132,0.17808553297941435
CC_CFA23A967FF4,0.08689955799440788
CC_CFA3FB1CDF0F,0.061356340995119996
CC_CFAA20584DD6,0.2294990277095273
CC_CFACF48E2FDE,0.2339307252016553
CC_CFAD5E7FD77F,0.15873593454657686
CC_CFB70E34E6B0,0.6066913889305446
CC_CFBBBF5EB282,0.2085471033980863
CC_CFBD88E9D0E9,0.14859085384232779
CC_CFBF4293669B,0.07008353081719303
CC_CFC010959608,0.12611831192806655
CC_CFC12ADA99B1,0.15686858729313333
CC_CFC257ED71DC,0.0642862923188084
CC_CFC35A3AA942,0.07792989091850172
CC_CFC581549A1E,0.7495516817288866
CC_CFCA0E4C59C4,0.05422319332799071
CC_CFCB7433BAF8,0.36492071319108105
CC_CFCBBE5E397A,0.24408471757591116
CC_CFCE718B4584,0.12750688293695833
CC_CFD2A6E0C6AD,0.041336473583462804
CC_CFD3D259BE77,0.1821572575710013
CC_CFD7F4954B0F,0.11215436326174943
CC_CFDE4B06509A,0.20657356721360737
CC_CFDEFABAC332,0.44928812432433335
CC_CFE022151E43,0.11016747119037813
CC_CFE302E59120,0.538723887059284
CC_CFE343CD94EE,0.19419212626269483
CC_CFE3E56D034A,0.5284315985392815
CC_CFE9BA58A35C,0.6511510239362492
CC_CFEC78A0C00C,0.09831006314214659
CC_CFF0B3CB5293,0.4405650515917686
CC_CFF9E7A46FBF,0.14162496496492055
CC_CFFA03B71F79,0.36204246552345964
CC_CFFA1202DB3D,0.1948440285913087
CC_CFFAB6961C09,0.0809670538900574
CC_CFFDEAD4C87E,0.1878859301491026
CC_D0008EBFB8FB,0.504648715996578
CC_D007FE1DF18C,0.37616263461822463
CC_D009B605E470,0.07236040764941203
CC_D0105531852B,0.06429906231164426
CC_D0110CBC10AE,0.6658454178670926
CC_D0136CB2E7A4,0.05124989404247621
CC_D01769281FDA,0.17006024239446443
CC_D019A4951C31,0.6620981667380806
CC_D01A77C80F84,0.4615079737515573
CC_D01BC4935FC0,0.19683809906622937
CC_D021720FFB07,0.2669833521632505
CC_D02B3BBBCE57,0.3440943091099527
CC_D02C2B0A9B48,0.4831885574793726
CC_D02DE4312B7C,0.12478011488579144
CC_D02F4D3A590A,0.32156234721222876
CC_D03164E7EE63,0.29024938239148523
CC_D0331286AD8F,0.35905131356515885
CC_D0331836BCAF,0.36452330217422557
CC_D0367EF146BF,0.781003726248516
CC_D04054FF9C7C,0.41472412354050003
CC_D041F0DEA64F,0.08986394119378896
CC_D045D02AD88D,0.07246162666009374
CC_D0461C30DFAA,0.23966437578678237
CC_D046AE57FFE2,0.15298110484344257
CC_D04B0E7F2C9F,0.06997038969250242
CC_D04FCED830D2,0.2010773472138498
CC_D052684AAA5A,0.09665173785866273
CC_D0550D6CB744,0.21890105638243726
CC_D05646333CE0,0.294817632713326
CC_D056D77ADFC0,0.1706154768954257
CC_D05BCDC1B9DF,0.0904397901697463
CC_D05F492609D6,0.10272165618856985
CC_D0626E48ADB0,0.06970143819080898
CC_D06464485898,0.046179347331774444
CC_D067A36C1E51,0.1419856029591566
CC_D06828D5C645,0.20477478942089652
CC_D069094135C9,0.21700495735972178
CC_D07102B9D96C,0.3839791212696145
CC_D073B3BA57E1,0.05708882780932377
CC_D079FE778858,0.695506351444829
CC_D07BADF951EF,0.5156142125320435
CC_D07D1C064D11,0.147213818853904
CC_D07D4F0C0791,0.19616394780026683
CC_D0819118C1FD,0.34025601157278745
CC_D082D9C12729,0.07674895260642116
CC_D086C787E28B,0.16714438459549796
CC_D08708D29694,0.12014398571162344
CC_D087E763481C,0.03612299352379487
CC_D0882397DE50,0.16151394070895603
CC_D090F476345B,0.22125450425047677
CC_D0958D95AAAF,0.31671167846241205
CC_D0968FD5D434,0.17299010126777778
CC_D09C5CB7071D,0.07136621843230498
CC_D09D2025F4E3,0.15846389638572675
CC_D09D884D201E,0.08756910200970847
CC_D09FD701D415,0.1226999648364681
CC_D0A289D8595F,0.11794025070164675
CC_D0AA89439858,0.1691913628278881
CC_D0AE4748F321,0.125391676007232
CC_D0AED3590B9D,0.33200391178597366
CC_D0C4B5B3D7EA,0.10044492733699698
CC_D0CF9DC33290,0.10073866349596491
CC_D0CFE197344C,0.14344598324798774
CC_D0D47B6683B3,0.07759527766324835
CC_D0D78D9695C9,0.13767720797032795
CC_D0DA1AEFBB2B,0.11036021022358977
CC_D0DD8D2E76A9,0.2801235898838502
CC_D0E7C88F6768,0.2838517309266575
CC_D0EBA7792316,0.1115034644896002
CC_D0EE60B79B5B,0.12643230273000208
CC_D0F679FB7CCB,0.13081567823919255
CC_D0FC0A74A47D,0.2481687403487424
CC_D0FC69802CB5,0.10624202121333111
CC_D10092325095,0.05835751714754428
CC_D1012509F3E9,0.1557776818674898
CC_D102AB7C4360,0.0718147999977615
CC_D104ACBBAD56,0.6695324830326714
CC_D105B1734E83,0.3724265192113182
CC_D105FAE17246,0.08909350180678278
CC_D10B3641735E,0.2802239588395681
CC_D114959B2A7E,0.09319083696746391
CC_D11617CD97D5,0.14100292036681614
CC_D11DAB4B88D9,0.10048240637306967
CC_D11E7780E2B9,0.13118815977656778
CC_D126400948F2,0.08700836046482582
CC_D1264962E93E,0.06753872866528395
CC_D1297ECF79C3,0.08503658363374636
CC_D12DD972BA1A,0.08584418178209305
CC_D13008A67FF9,0.1822862533606502
CC_D1302170046D,0.25350133914249573
CC_D131FE4E2195,0.05218217383559133
CC_D132B42FBFD5,0.21797181759496403
CC_D133C6BFCA80,0.056265146849346116
CC_D133D280ECE3,0.19148622156627443
CC_D13E12ABC70C,0.06959450695900983
CC_D1408DB0172E,0.1497733175466947
CC_D140F8236B19,0.22744241752410063
CC_D141A70687D5,0.09299662894201746
CC_D141C5241C8C,0.06960856893539902
CC_D14A61E81C09,0.20115016993625967
CC_D14CE392C84C,0.0973795129261565
CC_D14DE1D9835D,0.7019021049599702
CC_D14F1D15E651,0.4155355715278836
CC_D152F6CA72C1,0.27955481263965787
CC_D1546778D8E9,0.19245880933831533
CC_D15AD64E2808,0.18950683232839277
CC_D15B6AE7EFA5,0.16884963919498014
CC_D15CC7A30B8A,0.09530903810864108
CC_D15FC81FF15E,0.6921422856262904
CC_D15FFD3CE564,0.07262267930328592
CC_D163357A61D9,0.1383020369070551
CC_D163A4FD6C65,0.07177473891562755
CC_D165F7DC6B2B,0.05358497511568472
CC_D16B00A050A8,0.29324064414187656
CC_D16F4F8FEEAA,0.0775992488849795
CC_D170915B1FB5,0.2789963071193645
CC_D173A4D62F91,0.04979052898304831
CC_D17415042E3A,0.5660200839999255
CC_D178185D8984,0.647230712085669
CC_D178C8484E55,0.6708518857909619
CC_D179DF4431F5,0.08733171965965915
CC_D179E8B6AA77,0.11144315375955734
CC_D1822B5E5073,0.10392525101464498
CC_D1879D798435,0.10927097866127344
CC_D188508A53D3,0.3054022110910303
CC_D189C876078F,0.06380715366310565
CC_D18F866D83C5,0.04904754312557707
CC_D18FFC354239,0.06643797686236408
CC_D191FE071112,0.2217698714883623
CC_D193DD5E737D,0.10444181279356253
CC_D1945FE7A0E5,0.08498627781393511
CC_D1961F82F1BA,0.49713785551976797
CC_D19A8F690460,0.20826580400030767
CC_D19F0F071992,0.1804793187156712
CC_D1A32F128E07,0.21376195415684815
CC_D1A3664B4E80,0.06686235340378263
CC_D1A3F09E73FB,0.22769000303171122
CC_D1A90C6FDF13,0.4042427960270164
CC_D1A981B0B6DA,0.12753586574232137
CC_D1AB0F78FDBC,0.6009521810917156
CC_D1AC6A47A169,0.6600118314184378
CC_D1ACA5CA4446,0.0479499105295564
CC_D1AD99E473C6,0.5699060672408276
CC_D1B22566A74D,0.1699531038754508
CC_D1B6E274FD67,0.06304803828516378
CC_D1B7729EE94A,0.07017305936460104
CC_D1B9FF47D595,0.052546499249540565
CC_D1BB13ABF21B,0.06396615901329904
CC_D1BCD967C0AF,0.060458046871648644
CC_D1BE5CBF3DD8,0.2762268181833164
CC_D1BEF2EDDC92,0.18330097377429933
CC_D1C132FA8DB8,0.03851682572501673
CC_D1C559E97E0D,0.6911831917715539
CC_D1C81FA1DAEB,0.8033464267222676
CC_D1C9D215017D,0.7597177262460877
CC_D1CBCB6AB6EA,0.2739395900885927
CC_D1CCF0BA34FF,0.10650690535549075
CC_D1CE829274A9,0.24903992931662217
CC_D1CEE9BD220D,0.042875065545967525
CC_D1CF010CE88D,0.04419442069617379
CC_D1D1A37B55FF,0.07240241824301354
CC_D1D6419D1AC5,0.37723057689812767
CC_D1DB03BBA961,0.14227200370163381
CC_D1DBEB2521AB,0.3846140537724608
CC_D1DCC960FE8A,0.32748468760345883
CC_D1DEEE008DB7,0.1191498370049199
CC_D1DFFBEB0D49,0.14513828703212844
CC_D1E03F3A6E69,0.1068482549559624
CC_D1E4776CB77B,0.3066617530929333
CC_D1E9940689FE,0.19280649213815237
CC_D1F08540BE4B,0.04333008815337978
CC_D1F19CB4E1EA,0.06368109967472152
CC_D1F2386471A1,0.28793736722390817
CC_D1F24AD519FC,0.06726697156471641
CC_D1F296790CD7,0.0685614084532227
CC_D1F7D49BB3DE,0.17955306950323385
CC_D1F9CF8B6D7B,0.2567885066350873
CC_D1FB13EC0812,0.3216460940709905
CC_D2019C5948FE,0.6668169619748493
CC_D2040C7FFE9A,0.06757464607715849
CC_D207FD9D8578,0.29341664801392203
CC_D20A05A00AD8,0.13156603361426739
CC_D20BC003ACBC,0.1161482671822974
CC_D20C5840549E,0.3452619790034361
CC_D20E2832F913,0.7298273134781574
CC_D20F94A9C4B6,0.29505559626277333
CC_D2117FF71FF0,0.09755194107990921
CC_D211E9AE94B3,0.15119710179578022
CC_D212CDFEF986,0.15517657706374818
CC_D2165642FD6D,0.04799687086791942
CC_D216C0419900,0.07216179589565858
CC_D217092B9BBA,0.16243522925465959
CC_D21989FDB44D,0.1497269209111495
CC_D21A4ABA9070,0.0640471345746764
CC_D21A74F9E93F,0.22050182392104012
CC_D21CB0395CD9,0.358085829579384
CC_D21DC5D3265C,0.1997819844194745
CC_D21DD6755FE2,0.14249048460953992
CC_D221354D8B09,0.1639165101013326
CC_D2254B292EDF,0.2527135155287796
CC_D2273560C5F0,0.7971035390304597
CC_D22BEF80758F,0.055688945653983336
CC_D22D6C7CBEF2,0.14433585176502944
CC_D2379C730044,0.45667163155427337
CC_D23841DE7ACD,0.24359134665817228
CC_D238DDD7ABE7,0.47642044643273984
CC_D23E86F674C3,0.2603490731259314
CC_D23FCE500A40,0.13075379438609055
CC_D241A3C08817,0.15274740404598514
CC_D2425B113E8D,0.17480545416674206
CC_D24410CB0F55,0.31624031288920296
CC_D2450F09579E,0.2823085860670687
CC_D24615CAACFC,0.44043534709667737
CC_D24841C611FE,0.23437222523564766
CC_D24A92824E36,0.2525284309528603
CC_D24B9BF999B6,0.1857541597622348
CC_D24D4B1467BF,0.17165142142811385
CC_D24F23CD8480,0.7233897430972486
CC_D24FCE310CEE,0.4363310970634542
CC_D24FEA8563A1,0.07181334794485443
CC_D2541BF5A6D9,0.15211537350048215
CC_D255679A7067,0.20253770148428818
CC_D25D6AA21EEE,0.7538687304178882
CC_D25E936DF38A,0.0394051318143254
CC_D26123F4966B,0.11607550605674344
CC_D261C22A377F,0.06140714968852031
CC_D26286415E11,0.160336182521878
CC_D262ED491565,0.10731192281491546
CC_D2657ED752A0,0.17176272875036766
CC_D2668DA59C8F,0.31663433505014493
CC_D2669F81D2A4,0.20171088842878787
CC_D26EB2E60B56,0.39924752196298874
CC_D26FB31E3AB9,0.04909652482194045
CC_D271E028158F,0.6104169845485606
CC_D2720CC4A83A,0.5998779531129955
CC_D274499A57E0,0.7319810573490372
CC_D27A3A9D2F6C,0.11700621527648766
CC_D27C8F3501F8,0.712421207564356
CC_D27D21CBB3D7,0.30428198514167343
CC_D27D3985DEFD,0.12090087909722529
CC_D280B89DDE05,0.17836328406292645
CC_D282B68A6D71,0.31636759108193185
CC_D286219989C3,0.21682505596802618
CC_D28ACD8901C6,0.3852219039810911
CC_D28D5AA3D4A1,0.07688363577016927
CC_D297120DAB56,0.10906113550967203
CC_D29A8F33C839,0.04920289306262368
CC_D29BCB76CAFC,0.08303036000596101
CC_D2A192239CAF,0.21755561546531627
CC_D2A46C988D4A,0.0765826688385069
CC_D2A657EF14EE,0.07573186280087539
CC_D2B5FC7C38DF,0.07940583073431025
CC_D2B61DE45855,0.05963824162124095
CC_D2BE14587D36,0.12070323350104255
CC_D2BE8B463529,0.6763373084652677
CC_D2C0FF3AF6EC,0.05211960586117975
CC_D2C3A3CF8C43,0.14907525380614794
CC_D2C663FD2B34,0.2987812199932839
CC_D2C8F386C890,0.13769111977359175
CC_D2CD6F111899,0.4370658255130556
CC_D2CE804BD304,0.049620508466067456
CC_D2CE9F62425D,0.26143594390060476
CC_D2D039B8BFC7,0.17712047437348727
CC_D2D5DEFED456,0.5709685986344009
CC_D2D6E402CC5E,0.09832752010736971
CC_D2D792A9A4CC,0.10546301327180882
CC_D2D9134BCE69,0.7794408210164314
CC_D2DE1E3664B2,0.15577936735020517
CC_D2DED6A9E044,0.22913771570148705
CC_D2DEEA125614,0.15762925038268744
CC_D2DF820CD197,0.12430786712780657
CC_D2DFDDB1E8F9,0.084984338763106
CC_D2DFE9A1967D,0.28250903099398367
CC_D2E269AEF461,0.18953343149087482
CC_D2E694711D50,0.5929226999028604
CC_D2E885A14B34,0.10207293317223462
CC_D2ECED58EEB0,0.10118427931467007
CC_D2EE9A0520F0,0.20304703949696284
CC_D2F111C79D63,0.03904478427849364
CC_D2F16DDB2F86,0.1780578759466367
CC_D2F1D6805985,0.7397879413826575
CC_D2F437B47AF0,0.24728957798605564
CC_D2FA5D087CBC,0.10243943942213432
CC_D2FB67928254,0.12431329647929383
CC_D2FB807EE276,0.10400958785261205
CC_D2FD7B0D8B34,0.1668123145322014
CC_D30259D4AE64,0.3263878783123476
CC_D3038ACDF752,0.7293094037880457
CC_D3038C299801,0.07222479445024571
CC_D307F79C971A,0.061190562285886596
CC_D30BBC7AD658,0.08138290069472212
CC_D31051013E58,0.09351049661339478
CC_D311F59BFECA,0.07543729750227535
CC_D312F8274754,0.08673797502555908
CC_D31513E751D3,0.18773563430619095
CC_D31BAFB2E16A,0.0986093309416905
CC_D321AB865DC7,0.42162342487585447
CC_D3241471BDCB,0.0768912255043272
CC_D326CB82A372,0.40336004796435515
CC_D328B9E67E65,0.13446383017440994
CC_D32B6AE58AED,0.5466553841111786
CC_D32FC5DDE730,0.3342425586510003
CC_D333F59A0877,0.21812429249842022
CC_D33AB9982EED,0.13091684595812267
CC_D33C6EA896A6,0.11339251935666272
CC_D3454F3F4C2F,0.20705988201493591
CC_D345983E82DE,0.10213675310555245
CC_D3476644188A,0.05708411087769181
CC_D34AFCBB4312,0.34367609066407934
CC_D34C0C572354,0.07059082964129991
CC_D34EE8EF4A0F,0.08675924118476908
CC_D34F08703FA6,0.08307454584613364
CC_D34FB9B21386,0.7052368976019022
CC_D3542F5E6244,0.03888051371459661
CC_D354EEB02D80,0.0537230432463693
CC_D3566095CE43,0.17365028444920738
CC_D35D3BBB5C65,0.5720074238991881
CC_D35D3D201CBD,0.2248483851996271
CC_D35EC5D38FEB,0.42136282911370715
CC_D362B82DF21E,0.17656733330554966
CC_D36462358A57,0.13494904275144198
CC_D364E6AE7D90,0.08342649544454346
CC_D3693EAA812A,0.11043730801585576
CC_D36B6847D67E,0.1710508399892693
CC_D36B7BA76307,0.12694461164310675
CC_D36BB11E0FA7,0.16300355860431098
CC_D36D6C1A33A3,0.12813657535541392
CC_D37184A9254B,0.06774392879703983
CC_D37758B14921,0.05347477921915247
CC_D3778E20CFC2,0.13063822292264166
CC_D378C1F7091D,0.39080824554193955
CC_D379299E0F99,0.11396183180237289
CC_D3796039EE79,0.6553348094798539
CC_D3867188DFC2,0.09727085264230048
CC_D3908B8051B8,0.1973323261053146
CC_D39307AB7E8A,0.08477964350267411
CC_D3966F181FE3,0.03585088728784002
CC_D39682A0DFC8,0.06655048484997456
CC_D39752AFEA75,0.7364788580752534
CC_D397D9DD9272,0.8141948528846734
CC_D39A6914D1CC,0.22452937756099836
CC_D39BA5427404,0.3667703017000589
CC_D39D435485BB,0.04192681271766231
CC_D39DB7F6050E,0.04833002840807036
CC_D39E809D8FA6,0.26062474079362014
CC_D39F9382AB3F,0.22814129809332825
CC_D3A41831C0C2,0.18091590184881465
CC_D3AA942E84C7,0.19085093275562764
CC_D3AB84DCD29D,0.07993270158152961
CC_D3ACC16BFB7B,0.17436729910827184
CC_D3B5CBDFDCBD,0.058546782462037136
CC_D3B941DB7A79,0.6666393249628009
CC_D3BC63E2F339,0.7761394245732305
CC_D3C08D8E747F,0.11279694819082633
CC_D3C14DDAA15B,0.12730879441951878
CC_D3C39C93F423,0.13808764950972127
CC_D3C45878B875,0.11407223539438383
CC_D3C65BEDBE29,0.11323550879792862
CC_D3C963739232,0.6726852257889279
CC_D3CD6179558D,0.2609038578067642
CC_D3CE59984E11,0.06837675695312107
CC_D3CF771B872D,0.061213041190417185
CC_D3CFB84F655B,0.28205461942576565
CC_D3D086C4F645,0.1348245366769047
CC_D3D095D6121D,0.17009248411678227
CC_D3D4903DA282,0.23390313893017653
CC_D3D68BDCD8A9,0.1512169325715586
CC_D3DB217BF289,0.09866939781765359
CC_D3DD7BF44AEE,0.16863850963789892
CC_D3DDAC9F1216,0.7080440061393488
CC_D3DED803C042,0.6342139929008378
CC_D3DF80A94AEA,0.10345230585432888
CC_D3E23627B45E,0.1631293278326489
CC_D3E2E9727887,0.055884263033553684
CC_D3E3FC61AA16,0.10520887111928696
CC_D3E6428FAD86,0.08277625497623323
CC_D3E89CF79C1D,0.09647347032867233
CC_D3EEC5574F6E,0.7074180411562787
CC_D3EFE102C1D4,0.16714767190453267
CC_D3F6B908DA1D,0.16231324585990112
CC_D3F6E968C913,0.1785953776517785
CC_D3F7481F33E4,0.15530343474343009
CC_D3F7C98C6392,0.061116930709499195
CC_D3FAA1172A83,0.368012390328495
CC_D401FF247864,0.26272339192157385
CC_D402AA6A0EDA,0.16778871396311862
CC_D40366FF4DFE,0.7581293088493188
CC_D404797FE4C8,0.1388668597913722
CC_D406BE13BD9A,0.13271983844548088
CC_D406C5FE3ABC,0.12729993349658333
CC_D40E1461BA58,0.4031709257214307
CC_D415D9B6C366,0.11521670834472286
CC_D41B1351AEAF,0.08001859583780638
CC_D41B3719D7BB,0.4408601605801522
CC_D4237565AA66,0.18123523265179214
CC_D423987544DA,0.26313269272596884
CC_D4275FDCF3AF,0.07871431057394143
CC_D429C424DEDA,0.06952230920266098
CC_D42C0B72CA29,0.18643459601161716
CC_D42D1C42C2E6,0.16085753657642535
CC_D42EC9A5D1FB,0.5689914782331009
CC_D42FFA8F3169,0.6681865175193188
CC_D430AD797054,0.09637183492992123
CC_D434963D1147,0.05014479702901562
CC_D434E30C3619,0.08958769596950028
CC_D4378A238AC8,0.20251171365505288
CC_D43AA71F891F,0.2254211688297067
CC_D44135D745E2,0.05055086759941467
CC_D445807B5C61,0.18573670027626327
CC_D447F85C2DA9,0.1972676013768911
CC_D449C9463913,0.7436259187649473
CC_D44DB6A794B9,0.10446612816324548
CC_D44E2EE70A16,0.1461829780564045
CC_D450F59B7FDA,0.8262920164237645
CC_D451AA90DA94,0.6015080091072607
CC_D45366071D78,0.07711339389537794
CC_D4549F4D112A,0.06570204266827556
CC_D454A91ED4BE,0.07692890711027586
CC_D4560BD446D4,0.268676303106706
CC_D4585F3BA979,0.3496411879072613
CC_D45C72ADBA41,0.06724737111047789
CC_D45E9E364846,0.25283008168230153
CC_D463F4B81D2E,0.10357080567303353
CC_D46F15239114,0.17201279217733342
CC_D4758B2ED70D,0.2869115956616732
CC_D476D2A870F2,0.13156142367727758
CC_D47737A3F8D6,0.13531582171894124
CC_D477FD58EC18,0.07643994134530084
CC_D47BE18B5B11,0.04913658820830442
CC_D47D5407FBA7,0.038568214964925296
CC_D4800E51EA8F,0.5834799452081703
CC_D482D79EDC54,0.7197760341965604
CC_D483D735A0FF,0.13518020662804517
CC_D484D97F139A,0.24278576699892934
CC_D48A5222D7E8,0.7614340944277538
CC_D48ABFDB1118,0.15734453358405817
CC_D48BADA0D657,0.10609546759281092
CC_D48C2D07FFC3,0.0865633751320746
CC_D491A7F1C9EE,0.24498599738824503
CC_D492CE57105F,0.1125192791679257
CC_D495145DAD2F,0.07580734952607082
CC_D497EAC15351,0.06531867356466992
CC_D49A23D8A5CA,0.6633085689782845
CC_D49C6111B381,0.10256039594316366
CC_D49CA4139769,0.10060332251395603
CC_D4A1AD0C9DF7,0.23008493348462072
CC_D4A2C3AD56EB,0.19533127929820604
CC_D4A57BDF8148,0.10447315869955276
CC_D4A744C3AFE7,0.08859391720835015
CC_D4A922C06B8D,0.1310631207792406
CC_D4ACDA4FD85C,0.13594105452519042
CC_D4B177D13DC8,0.09512263265993232
CC_D4B2657C05F6,0.16504648863642774
CC_D4B41319640F,0.15350532953515955
CC_D4B9866EFF62,0.03836899865567311
CC_D4B9D3D0C209,0.09067682346245792
CC_D4BA0989254A,0.09314931926533095
CC_D4BA33FD0125,0.27305796913851
CC_D4BB3EB8D4D9,0.08746147037780175
CC_D4C029F67176,0.3399403179807047
CC_D4C8EBDD846C,0.42471702303929515
CC_D4CE0555C2DD,0.19106566702267172
CC_D4D009E2F58D,0.09206346645325633
CC_D4D14E7F3295,0.1812587034434822
CC_D4D4D53CEAE2,0.059236880373110146
CC_D4D633EDAAB5,0.1281536254790329
CC_D4DDF151EBB1,0.17106491536380197
CC_D4E01FC49F1A,0.2543597771016938
CC_D4E2C6924B4E,0.568142923216976
CC_D4E8CEB23FA6,0.3467631078061036
CC_D4E9D50AF4C9,0.13337435282448973
CC_D4EA2BF9B258,0.07506169174992357
CC_D4EB3A79F2C3,0.5988821039183994
CC_D4F1868FB6A2,0.05844131680725796
CC_D4F1FED7AC0E,0.05038342357959855
CC_D4F351A53A94,0.13971943187428298
CC_D4F8A339FF16,0.073640017276174
CC_D4F92B3A2375,0.3805453597207457
CC_D4FAA038D994,0.10065775410466318
CC_D4FCC1633979,0.0382351975995209
CC_D4FD0FA4BDD8,0.16679395338421615
CC_D4FF6E78764B,0.1640912976537911
CC_D50037B1FCC9,0.10233467746388636
CC_D502283AAA08,0.06662457117879798
CC_D506E134BDFC,0.26570779476474765
CC_D5125E84765B,0.16798330113416315
CC_D515509A602A,0.15287953912471838
CC_D515BD5845EA,0.05532366712143275
CC_D5160A512B7F,0.09129106898277416
CC_D516E35A78B5,0.16388236500400147
CC_D519406BC995,0.08206522821849167
CC_D51C84976ED6,0.1919283353714371
CC_D51E05C25275,0.7080922898758697
CC_D51E9F3EC439,0.7717204542034798
CC_D51F77AC5BBB,0.3255953077542286
CC_D520C6A31ED6,0.06466417312768137
CC_D5240CE735A2,0.16548063283995612
CC_D52A0987F80F,0.0934001764764725
CC_D52BE54FF386,0.17120084602989907
CC_D52F264961F6,0.509241111538487
CC_D530D5BAAF38,0.7456911163174096
CC_D531B5EF2B50,0.1175223082632046
CC_D53330AE5DBD,0.2203415978167465
CC_D53514D412DB,0.11696607954518086
CC_D535D3A5474E,0.6859603597988676
CC_D536704B6764,0.1779812497196916
CC_D5398708F838,0.09719609081097562
CC_D53A623898DC,0.49448588682139727
CC_D53D1602C69F,0.09393041025376805
CC_D5459D97C01C,0.13085554834079238
CC_D54851664574,0.08692575888020702
CC_D548B13848C6,0.17320728982980488
CC_D54CA7477ADF,0.4152342620053493
CC_D54D5281D251,0.30704258917706373
CC_D54DF0838CAF,0.35132401948526537
CC_D552A9B5B960,0.11903112844307465
CC_D555A7B67B3B,0.05496234009152867
CC_D556FDC5966D,0.1304023606794161
CC_D558E04454C0,0.04658540741611979
CC_D55A98E39501,0.15923917405827462
CC_D55D672116FB,0.21626980600070383
CC_D55F551D3210,0.15862464009711294
CC_D55F55DC196E,0.09060121073588208
CC_D56282147102,0.7693228756256867
CC_D562CEEE6A2F,0.17470264280739126
CC_D563064A1548,0.13266570774130534
CC_D564D2AA15DC,0.11616830072172298
CC_D56A450323C9,0.10060440287063677
CC_D56D100C07F0,0.8338056485596361
CC_D56F2152C73A,0.21922434021248277
CC_D571187B1C70,0.0630991708508427
CC_D571AE0ACF88,0.04847601888657665
CC_D5725D4E3CF2,0.10874434609977619
CC_D575368B6FF2,0.1947604180983144
CC_D5790BFC8988,0.11910656490540705
CC_D579487A4A94,0.16973443921862233
CC_D579BAEE8B34,0.07992136279786564
CC_D579E137FB97,0.14479666848524256
CC_D5868C04EC3E,0.14285441976476548
CC_D58727BEE89B,0.23812259854661733
CC_D58D0F46193D,0.06470358371527643
CC_D58F3CAAE820,0.09517111620008262
CC_D590B277F862,0.1822319671525859
CC_D595E3C32990,0.047701343446027535
CC_D596637152BB,0.10350453139053806
CC_D599363DA090,0.057701578346957216
CC_D599E95C96D2,0.17885520908739047
CC_D5A1F66E28AF,0.13052433112425357
CC_D5A7829DDDA8,0.3021805761019508
CC_D5ACFCB0FAC0,0.5357625946386965
CC_D5B1468B1D65,0.061249052018325034
CC_D5BD6FAD166B,0.697416600893014
CC_D5BEC047CB8F,0.0802797626614208
CC_D5C13E9667EA,0.24034553105598863
CC_D5C65AB848BC,0.15078552577912138
CC_D5C9503563CB,0.0783956708848915
CC_D5CA3445543F,0.10031027065275337
CC_D5CD19E5DC55,0.13768837966722172
CC_D5CDC8E71E4F,0.08025610035344737
CC_D5D4482D6AB6,0.5031121333396185
CC_D5D4DC36B22D,0.3981920037646315
CC_D5D501A7A4BA,0.19585012720707376
CC_D5DD1BA297C1,0.24704673246023862
CC_D5E1DB12F6A3,0.06805704199706923
CC_D5E34124820B,0.10166692974879296
CC_D5E4B0516E78,0.22560964250862345
CC_D5E667665E0C,0.2717348981676747
CC_D5E7B18A98BB,0.10823036571229958
CC_D5E808DDA012,0.07238255770530674
CC_D5E80ED7BA91,0.042180097408294384
CC_D5E9ADA8827D,0.08020103114749375
CC_D5EB4BC1791D,0.11788918130017619
CC_D5ED88759533,0.13606534153159214
CC_D5ED8FB753E8,0.20910431620271447
CC_D5EF0A01C613,0.05473036411921175
CC_D5F108DB60D8,0.05748307552668817
CC_D5F3BC12B278,0.06152674169840172
CC_D5F92C73B8F4,0.7611443212034654
CC_D5FBEB929658,0.17532660749957363
CC_D5FFA79413FD,0.06516825900227727
CC_D5FFAA421FEB,0.11660201216495378
CC_D6055E1252B6,0.04780810619491175
CC_D606659BD359,0.08722299820013188
CC_D606DC703264,0.21091578911904882
CC_D6089B5CE984,0.19783861316701562
CC_D612967B387A,0.07809084108007834
CC_D61505C6C0F4,0.06822581832830724
CC_D6170164D4BF,0.2202840149355561
CC_D6193328683E,0.13476498592804373
CC_D61D2B1D4B78,0.2933482025535469
CC_D61E7FCC91E6,0.7204396641086073
CC_D62049402E86,0.09411721980966394
CC_D624EA7C29B6,0.16853040780183964
CC_D6264BBCFF2F,0.06302885103704804
CC_D6333E73482B,0.14571338494276917
CC_D6340AF9CD64,0.16012227297621456
CC_D6366AFA48C6,0.16322617919748103
CC_D63834E2237C,0.1465932025608299
CC_D63882D26B64,0.3468434639980865
CC_D63A9390D33A,0.16862752516991714
CC_D63B6EC93F0B,0.2019758761943275
CC_D63C622774C2,0.09895077985085239
CC_D63DB1F30AA1,0.13378368818322786
CC_D63ED494CD5C,0.31850594960802575
CC_D63F07D11783,0.3430723208147887
CC_D640653E2B30,0.5856631038305242
CC_D641DAB36A81,0.101245338057714
CC_D641EB8FAAD1,0.053322833795103185
CC_D6421E8A0EC7,0.07501718998554589
CC_D645773ACCBD,0.12573824588923266
CC_D6465C0D0BA7,0.08838891428548092
CC_D64786ADE3E7,0.21994276561507475
CC_D64ED727CFFF,0.20462081370080765
CC_D650C38490DB,0.06235151390301798
CC_D65141E001DE,0.1371692466214551
CC_D651B35BBEF1,0.07472345444532995
CC_D653C7E9B209,0.04651561098370166
CC_D657BEAE4B20,0.1282011092009097
CC_D6591E377B60,0.18797504500438972
CC_D65BC3BD8FE2,0.17329435840917423
CC_D65D47CD4278,0.16090126253842243
CC_D65F05F4104A,0.3528522338751754
CC_D65F33ED6F35,0.0660134892812764
CC_D664F3E2FEEC,0.1652587360336178
CC_D66E20927674,0.1981429388525935
CC_D66E21C86AC7,0.0859155828957743
CC_D67137D854DA,0.7557860722447419
CC_D6727C42CDCA,0.04834415661007973
CC_D67529F00FC5,0.05087057999816935
CC_D675A9841C09,0.13821156911578142
CC_D676883F33BA,0.27798315127245776
CC_D6783DDF0C4E,0.3695264557092263
CC_D68061DD74A6,0.0937844930397165
CC_D6820311B0A0,0.18404155122348353
CC_D683A5E9EFA8,0.28852062854319277
CC_D6872761F067,0.07336809674895259
CC_D6905883A8A7,0.04987439245546466
CC_D690869322AA,0.09432855277616965
CC_D6921F08F519,0.08049404469247845
CC_D693529C2D39,0.2003184953662788
CC_D69E2AC4754E,0.06500103845782762
CC_D69F07FB5DFA,0.087204998800284
CC_D6A0181F18E7,0.15060435964323923
CC_D6A250160643,0.19446328309464905
CC_D6A55CDE54AF,0.5624881343658601
CC_D6A5A7377DD4,0.055009291432721374
CC_D6A6B1030B09,0.07444386471732181
CC_D6B0FF5E6118,0.47031979432592264
CC_D6C030C952C4,0.4814959597131456
CC_D6C48B5540BC,0.22609487783045581
CC_D6C963BCAA91,0.044951077267868685
CC_D6CC8D247E7A,0.07675712099751768
CC_D6CD93E594E2,0.06111969108419948
CC_D6CE1A5DF0BA,0.0419944319034914
CC_D6D1D466A98B,0.14459693472681473
CC_D6D2F88BBC97,0.1058958121057986
CC_D6D329E72DC6,0.7586903351121584
CC_D6DC10F3C8C7,0.2620386293546236
CC_D6DDD7A1AD4C,0.0977812851008195
CC_D6E0189402EE,0.27197232539806365
CC_D6E3F168572D,0.11786290465930012
CC_D6E7DC170BEF,0.2098203082937602
CC_D6E87506F009,0.15819887176694808
CC_D6E9B159673A,0.1562208452531296
CC_D6EA3ED7E326,0.7126916855500447
CC_D6EAED72D334,0.17869954326513418
CC_D6EB912BEAB5,0.049202597382949284
CC_D6EC154F536A,0.35626296856827755
CC_D6ED615280E0,0.08517344623507503
CC_D6EDC24EED1F,0.16201827583310063
CC_D6EE82C2E883,0.24638717971364107
CC_D6F2E45399DB,0.7660729339875656
CC_D6F4804C79B8,0.1384828286846776
CC_D6F8BBAA2239,0.25915187866592587
CC_D6F9B49F7F27,0.28930481824394294
CC_D6FA2F7DB3E2,0.11263087745999131
CC_D6FA643DA378,0.7773965215866396
CC_D6FC0215FE8E,0.1501656081394977
CC_D7038C89DFAF,0.0701009594967946
CC_D703A0A1E9A1,0.12462383457272452
CC_D704840B68D3,0.0453327415754052
CC_D705E98D2CE6,0.146274223398093
CC_D706D8B4B811,0.09524087691813188
CC_D7086EE0407B,0.0955338811351724
CC_D71011D31E6F,0.6190843500154922
CC_D7124C326C9D,0.20153466583530197
CC_D71949348E58,0.042563772576112324
CC_D72424AA9FE2,0.05657255367511995
CC_D7289930B5D8,0.09222619188810022
CC_D729E17924BE,0.07967397002681938
CC_D72B29D5557D,0.0932161656344455
CC_D73215111768,0.19857790700056036
CC_D732F7DE061A,0.06274489155827274
CC_D73627BC0C42,0.1146184497990566
CC_D741BE3FD260,0.16414854813110863
CC_D741C8AFFFE9,0.14146273255852843
CC_D746F0614398,0.16562146908149172
CC_D749CFACCEFA,0.08610585396662455
CC_D74BED2343C5,0.6810091841395761
CC_D74D437133A8,0.19270643998945708
CC_D74E3CAABAC6,0.5532097160933142
CC_D750EDBFA407,0.19161305159729267
CC_D7525D1F70F2,0.08736698004913375
CC_D75A6A9A0738,0.12828896033569376
CC_D75A9389D75F,0.1472681612579218
CC_D75B211749AF,0.06357652231553869
CC_D761EAAB48EC,0.2296197461420159
CC_D76CCABAD7A5,0.09099495855537694
CC_D76E833AF36C,0.7130225181568017
CC_D77323EA0CFE,0.34943568570056927
CC_D77AF3FD7C8A,0.3401507931838806
CC_D77B0F488E08,0.29135018928964307
CC_D77B3E03DD3F,0.25742460376349735
CC_D77CE50A5F5D,0.058271699159971456
CC_D77E24D9A860,0.38171877401491666
CC_D78180DE6BF3,0.09334698487240345
CC_D789A6E9BBBB,0.17796682219905008
CC_D78A7315B53B,0.5962333076003086
CC_D78B3851FFD5,0.10121955078575084
CC_D78FD0B061DC,0.051940077741506906
CC_D7943FD353CF,0.7434473400073012
CC_D7946FC8CC1F,0.13283664945125256
CC_D7965682307A,0.18627858083403084
CC_D797C0BE9AD5,0.7145240318374275
CC_D79DA07C35CA,0.1255620041274515
CC_D7A0C3CAA4D8,0.05983645533116379
CC_D7A2944FB72C,0.41212870422143794
CC_D7A3033CDEF8,0.1451648916097833
CC_D7AB20450937,0.05591228077649215
CC_D7AC664F5E53,0.2571705779990885
CC_D7AE1DF635F1,0.11574781880678722
CC_D7AFEB65CB77,0.05055625065093559
CC_D7B1A11903C3,0.1860036085004696
CC_D7B6240818EE,0.11065324200876578
CC_D7BA515150F2,0.2678043791720368
CC_D7BCC11E90D1,0.06084710736478547
CC_D7C455F303EF,0.16293865230741017
CC_D7C464EA9258,0.0869870602521233
CC_D7CBF4964B7F,0.32701857176555166
CC_D7CD7415AAEC,0.15461136899172362
CC_D7D03DA9CF41,0.08234113221299454
CC_D7D159A9A5CF,0.2441771072794961
CC_D7D1CA714C68,0.16396696744348668
CC_D7D1E0504B83,0.15474629748953037
CC_D7D39147F659,0.18568298352893056
CC_D7D59F1707B3,0.0828194573494104
CC_D7D94704F84F,0.06629616683062409
CC_D7E047CE185E,0.09187374068851602
CC_D7E57BF8B92A,0.13666743068522683
CC_D7E5ED8BAB71,0.1196987192372242
CC_D7EB40D9C407,0.10159870703321058
CC_D7EB4CB5AC83,0.07320238783326874
CC_D7EEFF88E2C7,0.6535993539516346
CC_D7F6A56D2CE6,0.07943291086525452
CC_D7F6C6E09979,0.276853603157226
CC_D7F83106DB2F,0.0746073566110381
CC_D7F85AB2E2D8,0.10301719216716583
CC_D7F9FF003F99,0.12319274725985603
CC_D7FB99824C59,0.04496865234829541
CC_D800C6566DC9,0.05592364584987651
CC_D801888CC024,0.04470343687473456
CC_D801D55F0141,0.057523548421610116
CC_D802E81D86B0,0.1104117469354637
CC_D807F321FC52,0.07225238308949171
CC_D80CB0F888C5,0.48254351436095294
CC_D80FF39DB7AD,0.10981961294191411
CC_D81349090F58,0.053843904763512584
CC_D8154DAB5DB7,0.09017618962380373
CC_D815BD1731C7,0.15383846687470787
CC_D81A9D67E98D,0.14385270135867986
CC_D820037F6F2B,0.6095374606070665
CC_D821A1CD6D8E,0.08356420674440035
CC_D821A446A48F,0.13859838435897404
CC_D82901C966D0,0.7877475716421285
CC_D82A3794DD85,0.33883536705132034
CC_D82F774F0FA0,0.1869478300124506
CC_D831AFB64AA3,0.07710089864285147
CC_D831BF8DF693,0.19546621004471293
CC_D83594E2EF70,0.10869035193731284
CC_D835DF64E886,0.5751355473680795
CC_D83ADD41A543,0.6238079616908169
CC_D83C2633BCA1,0.3218287343231164
CC_D83E0A8A6CED,0.04465589890841482
CC_D843C11B9EEE,0.08593406136247364
CC_D844597C2695,0.1274994686797957
CC_D8529AFAA00B,0.1344161648004894
CC_D859B3C45B82,0.0541156035108656
CC_D85BF9D11E1C,0.11706553957602402
CC_D85CE7C86842,0.7474970667827232
CC_D8645E47C05A,0.12712659887807692
CC_D865273FF242,0.2105982420954668
CC_D86A4D053552,0.3086215208619721
CC_D86C0A727E85,0.4440812088332694
CC_D86E0FA2DC35,0.05093092496372752
CC_D8759AE5C68E,0.05138161021692369
CC_D87770823699,0.30955965685798803
CC_D87806249E02,0.04429255415144177
CC_D878BBF51F57,0.29973173634548644
CC_D878DCEB60DB,0.27880815887041616
CC_D879027D6F91,0.19376940214069602
CC_D87F4135D638,0.08482397562661873
CC_D881DACFF890,0.7133118226058965
CC_D8857D3B3558,0.05489953117516133
CC_D886BEB0EF53,0.04907849227364519
CC_D8870FCBDCD2,0.1390885742870674
CC_D8874E50A33E,0.09229869192412321
CC_D8882D8F31A5,0.3842046894154475
CC_D88F5A21FEA6,0.08260534816009839
CC_D8914B4D4DC2,0.23855611855992082
CC_D891F45EC7CE,0.18365864807417212
CC_D892DCCE8211,0.227399844385125
CC_D89846448FB2,0.08382614052431878
CC_D898DBDD230B,0.05581717414517688
CC_D89B7BB829EE,0.32428925787490975
CC_D8A874E53DB2,0.06318840197266833
CC_D8A90DBD390B,0.247470432540144
CC_D8B286D870E9,0.09470911481883873
CC_D8B4E4A0C29B,0.09788466764305939
CC_D8B669B0E2C2,0.07831109805950623
CC_D8B9D70CD2C7,0.08157949708430981
CC_D8BC07EBA480,0.21923840984295798
CC_D8BCE6B90BD6,0.29095820764265906
CC_D8BDCE599EAD,0.6491052955484171
CC_D8BF873D7D17,0.166205015432863
CC_D8C7D58D2DEA,0.13610725201536328
CC_D8CD317B8622,0.31662254730662315
CC_D8CE880ED1D4,0.04183991025060816
CC_D8D49B1B7017,0.040512795641867536
CC_D8D679103945,0.16765650418465625
CC_D8D6C2E566BA,0.1792472273763606
CC_D8DD8400CFA6,0.12161054814284016
CC_D8DDC480C029,0.4781428163054488
CC_D8DE0194910A,0.10161644527777296
CC_D8DF6FFF159D,0.37062774607088217
CC_D8E0B16756C2,0.04554235061742461
CC_D8E2FE13E8BF,0.054386217511012455
CC_D8E3D41E003B,0.7392036249969284
CC_D8E767D04107,0.06855516553092858
CC_D8EB09BAAA00,0.20149459198399455
CC_D8ECA5CFEC66,0.32905408451912976
CC_D8EE946FD3FA,0.16434265514769994
CC_D8EF40B722E1,0.34435029533526035
CC_D8F59EF058D8,0.25948957343412493
CC_D8F8B5430C28,0.6461358362992192
CC_D8F9CB40401C,0.519142409642597
CC_D8FAEF9DBD35,0.06432878509722874
CC_D8FE805FECA8,0.15858725984826377
CC_D8FEF8FAC3FA,0.2983846532319817
CC_D90468FD7B0D,0.2516770794559657
CC_D90A90B1C9B3,0.36583628027976933
CC_D90C35653B1B,0.6497658938336185
CC_D90DAE603829,0.1165279905966469
CC_D90E4DE653DA,0.13603854586924724
CC_D90F0EEFC950,0.10346912378633019
CC_D9119A09374B,0.12484022765233385
CC_D913D64B2092,0.28148177514773576
CC_D914C13BD0D5,0.12806247211358263
CC_D91B67879DBA,0.15574741912805007
CC_D91CA3DBB8C9,0.1012546324794326
CC_D91D6DE450A2,0.21394008534821926
CC_D91FD2EA0D34,0.083800304619806
CC_D92582A6F2AE,0.04314863767472699
CC_D9283D9CD1CD,0.1578136306904659
CC_D92E4228FB8B,0.707418641628471
CC_D931C4B20B11,0.2177766309022179
CC_D9322F47555B,0.17248722828662139
CC_D93248EC62F8,0.21768047193669723
CC_D933874DF721,0.043506453585614245
CC_D9361DB8EA11,0.18713517885211545
CC_D937FDD3BFA7,0.6811450679687171
CC_D93A4CE7460F,0.1421011071039805
CC_D93A8365A559,0.6097912748118999
CC_D93CF5192B98,0.14913783289815613
CC_D93ECB8EECED,0.11837799610337367
CC_D942B32ABA3A,0.6221014488371478
CC_D9454132539C,0.04550365994001661
CC_D945D9AC7F13,0.6269557203983998
CC_D9488AEEC569,0.1325662234213466
CC_D94B21F92B14,0.09341464084213313
CC_D94C46327CB2,0.3905573617777449
CC_D9526C70D29B,0.27415577003029695
CC_D95D8A2DF621,0.490477489320296
CC_D95E60D5806E,0.04575514798903167
CC_D961FB1794AA,0.06111316023147397
CC_D962F5D3E256,0.29978291002731966
CC_D9661ECDC459,0.06422721237762327
CC_D96ACE835D02,0.11404894107718644
CC_D96AE7CEA168,0.49600193377644813
CC_D96AEDED5E02,0.07730247354778852
CC_D96EA783601B,0.19539297348683796
CC_D9718D1A5314,0.12883666115060124
CC_D9753BD4DA44,0.06343684259788077
CC_D975C2463C67,0.05721298353258304
CC_D97E9E7F414E,0.09071813302858175
CC_D982BA24D58E,0.29546970712726006
CC_D982E8496D2C,0.18570440995995194
CC_D984A06988D6,0.07017385948187814
CC_D984B7B19057,0.11218016664732174
CC_D98699C2307A,0.7673227018615527
CC_D987307A6F2C,0.12402511017246172
CC_D98B015BBE8C,0.686841618186879
CC_D9927EC41BAE,0.1297226491427615
CC_D992FC5AC396,0.7416502951566502
CC_D9934BD55F53,0.6706584730513218
CC_D9945C099880,0.09575851141765364
CC_D998D9D21571,0.058263677004311974
CC_D9990E69C9F5,0.12515386413534083
CC_D99C1255CE42,0.31514960257812247
CC_D99D0606FF27,0.03537620864841475
CC_D99D675D2BBC,0.22952400963114283
CC_D99DFDCA0CE3,0.7497878330972456
CC_D99F456F74E4,0.2873600725720272
CC_D9A03C1EBB79,0.18994675362705798
CC_D9A050EBDFDF,0.12888877282035144
CC_D9A1129AF2AE,0.312185446689624
CC_D9A1E3A167F1,0.04974347920597496
CC_D9A39632264A,0.36650986741172514
CC_D9A4A559869A,0.3104318359876129
CC_D9A6FE8D7CAD,0.08236244586769173
CC_D9AE1DA4131E,0.11082201305205212
CC_D9AFCDA45975,0.31245391713828263
CC_D9B06754C03D,0.4159189159700179
CC_D9B7279BB5F5,0.08344114903776512
CC_D9B75DBAA66C,0.12546832464387703
CC_D9B7BE52255C,0.04254301453354294
CC_D9BE09C06464,0.04718241585448982
CC_D9C1E75FC3F9,0.22193526655157486
CC_D9C655121E24,0.09522295085961743
CC_D9CBE08DD2D4,0.6782063086934608
CC_D9CFF63BA03B,0.22049739403155671
CC_D9D3E96EBB73,0.1682255000592143
CC_D9D54968151C,0.1973057878215406
CC_D9D56017EE01,0.05424153763899938
CC_D9D87FFBC7D6,0.10977462064612427
CC_D9D8D8846C65,0.2532518462575054
CC_D9DB8321BF1F,0.05209867910150527
CC_D9DE99B7EDB0,0.23484387171082544
CC_D9DEA86EBE5C,0.11655258699162216
CC_D9E238CA9EF8,0.1700957227123375
CC_D9E327E8F83E,0.29162277675144377
CC_D9E779F3E12A,0.11787858696085074
CC_D9EA36E0B62F,0.1118064380502187
CC_D9EE2BD4C09F,0.049299053916230816
CC_D9EEBE161760,0.1760385579784807
CC_D9F20AE4FA11,0.16765755352319855
CC_D9F27347B1CB,0.12995263745899316
CC_D9FC3352988F,0.08003184973165742
CC_DA036B31D42E,0.12642768716252423
CC_DA03F3C05DF8,0.05092437143272679
CC_DA04A01DFED3,0.056210705575905705
CC_DA0750A99F59,0.2725422441606398
CC_DA0895402C42,0.05780550934525873
CC_DA0AF5C09B73,0.35044811097660983
CC_DA0BB6DC6253,0.12854565251531436
CC_DA0CA3A4A504,0.12164056778502082
CC_DA0CCD0835D9,0.21185130759890272
CC_DA0D9D499B89,0.05615822342166724
CC_DA0E3C3E2DF2,0.09984769494489662
CC_DA15418D8D33,0.7340292959799868
CC_DA1B6B406CEE,0.18321446380989315
CC_DA1E7E21E61E,0.07987009390392788
CC_DA230FBB96ED,0.14557730680006278
CC_DA24FA2FAD45,0.13844546477341013
CC_DA25C468A7E9,0.7940177286735106
CC_DA308AAFC9FA,0.19064102888342824
CC_DA336354A61C,0.06166357137509807
CC_DA38919613DD,0.06943881335707143
CC_DA397567DCCD,0.13488742185707076
CC_DA3E4103ACAA,0.07339798057598344
CC_DA3F07A15666,0.04215050609882241
CC_DA40BF7C8A45,0.3790323473146312
CC_DA427E24F55C,0.07391664940594538
CC_DA469A21AD02,0.6774204191715854
CC_DA48090EEE65,0.7758171959479372
CC_DA4F49757BFE,0.273962818613373
CC_DA4FB713841D,0.6753176607288734
CC_DA572DEC9EEB,0.069010177699351
CC_DA5D5C14D361,0.08226787896888098
CC_DA5E8EA4CF0C,0.08130946753451021
CC_DA60F7F5BADE,0.25736810552421263
CC_DA61D140E487,0.1001397067424636
CC_DA62856B7BBE,0.2584841877034053
CC_DA62B2294102,0.3633888767277459
CC_DA6664AB0344,0.2510618369619257
CC_DA666B011859,0.0861213547500106
CC_DA66A3A3751E,0.032289139183884555
CC_DA66E0CAB79B,0.08500756013402107
CC_DA6FE3209CFE,0.0636741513523077
CC_DA751E9E0651,0.45200159716340804
CC_DA76C8CDEACF,0.125200856989587
CC_DA7ABF62F809,0.6345387791359263
CC_DA7C2A3067EB,0.06346791417737795
CC_DA7E95C1D00F,0.3396576442914273
CC_DA82C1D82588,0.22519933850275714
CC_DA8309F38659,0.1473025584378961
CC_DA836364059F,0.4910508721428359
CC_DA8E14F3F845,0.23104287126835704
CC_DA91B198FA8D,0.09325534218207723
CC_DA931D89B29D,0.2588424675232083
CC_DA949950469F,0.14692726854869403
CC_DA9884A3EDB5,0.06069758880252953
CC_DA9A9ECC25C6,0.07078467796733975
CC_DA9AC8C518A8,0.0771259471764695
CC_DA9C31D23666,0.1757550122625704
CC_DAA50D64AB37,0.13453467967261634
CC_DAA922E1B0EC,0.18838033321002695
CC_DAA9ED474393,0.09545273280109286
CC_DAC3D6FDC20C,0.05619913041385803
CC_DAC3E996DD81,0.3029296430556333
CC_DAC75D9971A9,0.061123504729118774
CC_DACB5AE91072,0.37800458876038906
CC_DACEA802ACAE,0.049348968432341475
CC_DACF0C999923,0.15372319620172087
CC_DACFABB212DC,0.11443708132259964
CC_DAD202AEAA4C,0.4622899258148342
CC_DAD728D9879C,0.12480982744588132
CC_DAD760E77E78,0.07541921122364148
CC_DAD7CF01227E,0.06442163244022961
CC_DAD909BAD907,0.07823227600386531
CC_DADB5F68FC6F,0.07032197771558138
CC_DADBABD48123,0.43910556575696
CC_DADC181D6EBA,0.23991229175091294
CC_DADDBA49D338,0.10090587786840614
CC_DADEC4296C7F,0.5965956780754058
CC_DAE919F9CD5E,0.3182521457452562
CC_DAE96420D560,0.06585245461370891
CC_DAEDB284DF68,0.07463468208829396
CC_DAF6491721B5,0.06320760708227076
CC_DAF709C74574,0.09663798186276132
CC_DAF8EEB8FE30,0.42039930251341884
CC_DAF926BA3010,0.15304277061258859
CC_DAF9BEBE74FA,0.0859582103529716
CC_DAFAF8D7CE0B,0.04712914745061868
CC_DAFCEB37A993,0.21607733693247239
CC_DB0174751689,0.4163829018429256
CC_DB02D2A13B2F,0.22063580987164172
CC_DB0885F62F84,0.056664841825425596
CC_DB171312A42C,0.06902392322777605
CC_DB194266EDED,0.3271809575993504
CC_DB19C8E300F0,0.06427808530140706
CC_DB1E59275D2D,0.5656766804067709
CC_DB280065CA4F,0.173613767173491
CC_DB2AF8229B51,0.2022420289033186
CC_DB2FAA0B00F9,0.0750520437688111
CC_DB31F29705F0,0.6049899456985297
CC_DB321A664E36,0.22364359854232174
CC_DB3546E75AE6,0.075564695689072
CC_DB356447A811,0.14946380268449438
CC_DB36E4CFBC41,0.04130506435200122
CC_DB37967A953E,0.34684893305863584
CC_DB3C797F3558,0.056827761450584914
CC_DB3E7ECE0C9D,0.2403913392638135
CC_DB40F0DDE097,0.2420104198106185
CC_DB47534272B8,0.21556608377047523
CC_DB4B9B95EEB4,0.20554897980206874
CC_DB4E052B97AC,0.09859706336001897
CC_DB4E27F735D9,0.05555530537772707
CC_DB508282E901,0.6551320170745006
CC_DB528BE48BB1,0.12479394755822444
CC_DB54001E999C,0.04486762400612885
CC_DB55186D6C8E,0.20300242445419808
CC_DB5913C59DC2,0.21414164599068114
CC_DB5D09435FCE,0.045758877655306035
CC_DB5D9EEDE96A,0.5253248016830357
CC_DB5E137EC491,0.13931585699878632
CC_DB5EA4472CAC,0.14690397235754965
CC_DB66EB0D5EEB,0.14690676905426073
CC_DB69052801D4,0.05603221571110799
CC_DB6C65AC58A4,0.10842603321474072
CC_DB7022D4F20B,0.16240176172378046
CC_DB70AF79D293,0.08773024283955813
CC_DB732975484D,0.13870465991936531
CC_DB7389D89F97,0.13003377151229537
CC_DB741F6C450E,0.7602950240768874
CC_DB748FB51F13,0.07511390112293417
CC_DB75EC24C095,0.34490495585172415
CC_DB781A357DE0,0.06293477682547276
CC_DB7E1813373A,0.2178537034540562
CC_DB7E5D89D825,0.1144339526720177
CC_DB811EDAAC28,0.3257603419106765
CC_DB81A194546A,0.7942821648463713
CC_DB83EC01413A,0.17814100871132263
CC_DB86699EC029,0.04241449653557515
CC_DB88A88F61F2,0.22457441587013438
CC_DB8E3AB69DB4,0.06095250225688734
CC_DB96F3CBBC18,0.07143397484963537
CC_DB9853346E7C,0.04143374797913811
CC_DB99BED223E2,0.1480208998191795
CC_DB9BE9F4B01B,0.6768656867001093
CC_DB9C49D4C527,0.23442346505380893
CC_DBA013FA1E67,0.6448328516136882
CC_DBA33794B76E,0.5493684358504355
CC_DBA67A160F54,0.5349340623854641
CC_DBA84A23F29B,0.3521162550148677
CC_DBA9F8D7FBD0,0.13303574528599188
CC_DBAF55AECC9C,0.1260937267064684
CC_DBAF62856E6E,0.07471860996376131
CC_DBB029EEC4D3,0.0874392727410134
CC_DBB02E040D7C,0.2982074607970544
CC_DBB122A0E825,0.06588092353450826
CC_DBB2081577C7,0.14602902955755437
CC_DBB2403B6AF5,0.07478849931085936
CC_DBB8797AD01F,0.15343760369985007
CC_DBBA158A31C4,0.050350209638249474
CC_DBBC73098365,0.6177204252885751
CC_DBBD523F9F73,0.08754111855963952
CC_DBC084BD54A5,0.06732460233722638
CC_DBC491F049E1,0.2347708496096455
CC_DBCA076FFA42,0.12112680291904247
CC_DBCDF66A0C4F,0.05676859654950881
CC_DBD178A66E5B,0.3010562133967829
CC_DBD1FFC21A48,0.5395498123911053
CC_DBD351B13341,0.6722991448266293
CC_DBD36983740B,0.07591141445411041
CC_DBD70E1CC761,0.17261381515781762
CC_DBD710FAAAC1,0.20323642783803283
CC_DBD817234E9F,0.5581142847903608
CC_DBD90B2F202A,0.04729666311180585
CC_DBE4042D8E18,0.04607111910592274
CC_DBE84B60FCC1,0.22748101126561154
CC_DBEAABE7BAF0,0.256377203146274
CC_DBEB39543505,0.05975223777622744
CC_DBF10C5E2AA8,0.178535169746944
CC_DBF70F7AB9F3,0.18245273788501826
CC_DBFF83A9795E,0.10121336485201096
CC_DC027E8B3E68,0.640643405847461
CC_DC05375FD185,0.4155734505042602
CC_DC0A1C9E108C,0.19922026322189837
CC_DC0F03F74BCC,0.04670055869011258
CC_DC14F8B9D225,0.19412707289898362
CC_DC1610F0E38E,0.6694159192638532
CC_DC228CB3EECB,0.08713932320076558
CC_DC277C84F66A,0.13989721497447793
CC_DC295542395D,0.12961738708087958
CC_DC2C5D514BB8,0.05310861793439061
CC_DC32A00641F0,0.11331485951645277
CC_DC3423897E8B,0.14414739508224228
CC_DC350DAA5603,0.06110240579556758
CC_DC381FAED937,0.19013911045164875
CC_DC3AE13943A0,0.6726680425615899
CC_DC3D9BF33B67,0.09620748628535565
CC_DC3E2AD15C37,0.06501187173620343
CC_DC3F4106A8FE,0.15271789495891247
CC_DC41EDB0ADBD,0.21070441113315574
CC_DC425FFF857C,0.09564881433433398
CC_DC42D605616E,0.054187171091046496
CC_DC43FBCCC69A,0.03911670600770327
CC_DC46DFCFBDAD,0.7868387501386628
CC_DC4946E9DE04,0.6882863766901082
CC_DC4A786D3465,0.4758042308605755
CC_DC4D52AE0B8E,0.47053044548299
CC_DC5ABD5B3A4F,0.5691475903825159
CC_DC5FA60DA469,0.19165174695829884
CC_DC6069F06090,0.056311428826351574
CC_DC60FEA018E6,0.12233822312124358
CC_DC6122013CEB,0.2561369952505252
CC_DC639EB455E1,0.44769097476507
CC_DC646364090D,0.19225987679600545
CC_DC65E45B8384,0.0858054031723886
CC_DC66D13BDEDF,0.7597571328083287
CC_DC6B511FB23B,0.12373879182890465
CC_DC6BB249D201,0.12678004761288036
CC_DC6C482633B9,0.11410957330525998
CC_DC6E58F21381,0.5381500154820116
CC_DC7A25BD1F47,0.13305703581809292
CC_DC7A33783DD3,0.1250324503458923
CC_DC7D93FEFDD1,0.05969690579190188
CC_DC85569D2145,0.21979314686387852
CC_DC87C2BD05BB,0.06961059454191208
CC_DC888B4BE014,0.09608933517647814
CC_DC8B9B3C9C54,0.368168759339751
CC_DC8C3E2B80DE,0.11372415443132008
CC_DC8E2CD505B3,0.0699600505031172
CC_DC8EF53206BD,0.0757520821613996
CC_DC92D7EA50F0,0.05209049467397474
CC_DC93C55F6BC0,0.2306323333296007
CC_DC98CA1A4B96,0.37061517738426897
CC_DC99538F16CB,0.07351653777969488
CC_DC9D6028EAD6,0.050340742479708225
CC_DC9D84366AD7,0.6879595963321518
CC_DCA0D62B989F,0.13144268095640704
CC_DCA607649830,0.053974849411623615
CC_DCA7ADA16CC2,0.2711160024773843
CC_DCA8343A158D,0.09889850954095661
CC_DCA8FFAE6CDE,0.32747214988516465
CC_DCAEC4DEE0FF,0.048055215692394675
CC_DCAF2FEBA684,0.12747640521063827
CC_DCB0507CA510,0.27797311520760376
CC_DCB24419E157,0.19182853747577028
CC_DCBEA6B1A50B,0.054233849756845344
CC_DCBFDABE8696,0.06061563384483211
CC_DCC00591B5C0,0.1340939554394271
CC_DCC678B2DFB2,0.07265368554473359
CC_DCC76DD2645E,0.16911612329165074
CC_DCC7F60C5B5F,0.07009081226455817
CC_DCCAA25A8475,0.0877538707609011
CC_DCCB0D2605FE,0.5012473731404914
CC_DCD225A46B83,0.17533778255671895
CC_DCD2BB868BFD,0.20586456449048302
CC_DCD6E9A41D1D,0.04427815375783846
CC_DCD8A65038D5,0.21126320650576158
CC_DCE260ECF456,0.07365224319429622
CC_DCE86D38263C,0.04618886320404427
CC_DCE9572B02E6,0.358933373352082
CC_DCEBD70B9469,0.4951781670745727
CC_DCEDFE5CFD9A,0.1401000206296677
CC_DCEEA6D94B6D,0.1190138512288463
CC_DCF8258D01D4,0.5037785147343501
CC_DD0473B1DDAD,0.08000905331520901
CC_DD0796D73A28,0.10935709870617198
CC_DD09B7D190B5,0.13650553695741413
CC_DD0B370AA195,0.1482649369377037
CC_DD0BE6C0B0B8,0.04818248476424911
CC_DD170CB70F7C,0.30773913563051386
CC_DD1D396CBC81,0.14014107909355392
CC_DD2010A0DFD4,0.048899131114868315
CC_DD214D0D8F73,0.264868416221424
CC_DD2226E11DEC,0.047061226217628246
CC_DD264BA70FD6,0.03933551064690773
CC_DD26AE101046,0.13630590473527252
CC_DD2747CFCA1F,0.16730758656918102
CC_DD27AA231F94,0.09959041576565368
CC_DD30091281E5,0.05584103659830695
CC_DD30667C5EB5,0.5519527687972783
CC_DD344A519B52,0.07148038184697257
CC_DD378D9ABB1E,0.14928113455498498
CC_DD401FF9D632,0.24376960062768954
CC_DD4705C23936,0.4141452923261363
CC_DD470E62939D,0.33134079876084915
CC_DD4A9F0F7664,0.3354069058269576
CC_DD4C20E3C024,0.04929495991317812
CC_DD50CF72BF65,0.6902108147428044
CC_DD50E190D34F,0.05739931966410141
CC_DD532C622568,0.15641824436111312
CC_DD549CFB1855,0.6406734708099439
CC_DD57688DF0C3,0.03966107969012702
CC_DD5A028D5099,0.04184432697723868
CC_DD5A0DD291AB,0.09883399384621719
CC_DD5A24B4F5C6,0.09455767732897899
CC_DD5CA9EC574F,0.494416476621789
CC_DD5DFBC2338B,0.5232946086697633
CC_DD5E578831F5,0.04927693314232224
CC_DD6264A01733,0.11278490473816564
CC_DD655358B37C,0.22770760556654945
CC_DD68C4E7F50F,0.08328047317273826
CC_DD6A6A8F0C38,0.7980502187913813
CC_DD6D2F87FEE9,0.42930856906817033
CC_DD6E2151ABDE,0.18998809709436604
CC_DD71023F3208,0.7432453428208569
CC_DD72ABBA8454,0.06940957837741715
CC_DD7C6057FAC3,0.20419164240330293
CC_DD7C74420340,0.2055820092742891
CC_DD7CB3085E01,0.04068273746290264
CC_DD7E6E7406E9,0.07395926669355761
CC_DD7F23AF9FCE,0.10591107257871654
CC_DD8592353C9B,0.6053665764442948
CC_DD86C40C567E,0.04431476173950654
CC_DD877659E2EA,0.10793530450723288
CC_DD878356DD8C,0.18160404272782363
CC_DD8936EFFF6F,0.7834310181043446
CC_DD8A105EBD00,0.21723464897002512
CC_DD8FFE50D15A,0.5676805756215235
CC_DD90D7070424,0.15848765353306615
CC_DD936452095F,0.7629289381863681
CC_DD958AB25545,0.28188825930646366
CC_DD95ECE66D81,0.26591414875250907
CC_DD98E612EDE7,0.15125690618261523
CC_DD9A6DA9E33E,0.18515802978084897
CC_DD9AA52D676A,0.15289489713673848
CC_DD9BEB03EC0C,0.057782765647888715
CC_DD9D74BD2E07,0.056212260846949316
CC_DD9EC719B677,0.18812729841370482
CC_DDA2B36E5162,0.18348160170284658
CC_DDA34EC134E5,0.048098251248577875
CC_DDA3C8719F11,0.14893565281930235
CC_DDA86B178B93,0.1619903604655612
CC_DDAB629C4494,0.26277392717650017
CC_DDAC65170D72,0.06210365545638833
CC_DDAFEAC05706,0.08960953823915759
CC_DDB0996657E0,0.1857244850804552
CC_DDB0E3799A25,0.06236689572340213
CC_DDB15585951B,0.09408856461966195
CC_DDB438F6A4E0,0.06730353763831864
CC_DDB4E2800DC3,0.04727281302217301
CC_DDB7A56F2956,0.11250149925711497
CC_DDB7F2F4453D,0.6406952226839898
CC_DDBA915748C0,0.34673536054503834
CC_DDBC63A115B9,0.10701303480732263
CC_DDC48C1205CE,0.19443608866374434
CC_DDC657F294FA,0.04433636945451823
CC_DDD0F59501CC,0.26896591299532513
CC_DDD1A6AD1230,0.07943364677620608
CC_DDD41934730E,0.785713290820634
CC_DDD5B1A62190,0.3307460663098917
CC_DDD61B172FFF,0.11729317060307953
CC_DDD62BB41A28,0.19025333916318604
CC_DDD66C64EB82,0.45839788855224717
CC_DDD9A64F74C2,0.11767662268381651
CC_DDDBBCFF3D06,0.06157020588882587
CC_DDE5211A7FE3,0.05878220225524585
CC_DDE8AE0F9BA7,0.14430506491934136
CC_DDE8DEACAC1E,0.16102749075726022
CC_DDEA0C915DC7,0.23172457693285303
CC_DDEA97C11085,0.12147254636773885
CC_DDED3962D79C,0.13252160040015454
CC_DDF2FD124B4B,0.03900786733825072
CC_DDF373A9025D,0.6427332646271496
CC_DDF53F58D4AE,0.3135691548758711
CC_DDF677B937DB,0.18737940866153396
CC_DDF7ADE283CB,0.15770020778712832
CC_DDFC09E969B9,0.23266543688385338
CC_DDFECE91C0E1,0.17670482596965917
CC_DE0116B4B77A,0.23761240451530513
CC_DE01465CF2A5,0.15885003004031684
CC_DE021F992913,0.060332920583050995
CC_DE0C5AE6C4C2,0.13246770888118897
CC_DE0FA1D681F7,0.18785291131787782
CC_DE155CE81B7D,0.5493549524287028
CC_DE15FC5C3C39,0.14410398079242553
CC_DE178814A91C,0.20351797246107947
CC_DE178E9DFDEE,0.16332826606845044
CC_DE18C03C57BF,0.04270074212854032
CC_DE1A7D54AE9D,0.12153525476914859
CC_DE1AC08B1B21,0.09040368025717892
CC_DE1ECC3E3FA6,0.055399617154173776
CC_DE1FF5C4DD4D,0.11825685889906383
CC_DE230F93BE79,0.14283934691679492
CC_DE270F3A836F,0.25124445966659675
CC_DE29A7B3DE44,0.08797003773092898
CC_DE2AC7DE1840,0.04031086125134275
CC_DE2E8A168C64,0.1636233445747227
CC_DE30E1CEA4F4,0.3077953441344072
CC_DE30E73B67B9,0.058159145586204455
CC_DE31BA4C60FA,0.35723061213880014
CC_DE38B43177E0,0.6579782344110174
CC_DE38C1FD8931,0.12482318953856428
CC_DE39B6C45807,0.30206366141993957
CC_DE3DB57C3690,0.12449648429667999
CC_DE3E3EE56158,0.13194369852904997
CC_DE4150A3931D,0.049627647284954966
CC_DE4350DEE95B,0.033130037225868894
CC_DE4485E3824F,0.04846243861956822
CC_DE48A30D1A71,0.09882672384631805
CC_DE4981A2E229,0.3654866493176573
CC_DE4A852DDDE2,0.5870268042788058
CC_DE4B771F128F,0.14563837052102085
CC_DE4DC4E32636,0.06078360578182016
CC_DE50ADA853F1,0.09773160026645608
CC_DE5175ACCF8D,0.7354992921054222
CC_DE51C5652ABF,0.7794916416552016
CC_DE53B93A9831,0.05287015147746689
CC_DE53C32AE57B,0.1391715993201394
CC_DE54E672C371,0.12491776332870133
CC_DE568E56B0F0,0.04134158374251742
CC_DE59C0EA0A92,0.11361905934835922
CC_DE5AAD402639,0.15922142418801194
CC_DE5DCE778244,0.6790680237858102
CC_DE608FF86370,0.27802640698748216
CC_DE60B79B7778,0.21206286787830503
CC_DE65D3E13013,0.47213823028290863
CC_DE71361EFA0F,0.6887100853973955
CC_DE73B4D7A3BF,0.4452241742903495
CC_DE73E885D320,0.05370398120140739
CC_DE747E315B86,0.09646550372859655
CC_DE74FE492F5C,0.719111395175964
CC_DE75D9C16CA9,0.037108490976796346
CC_DE7A43988757,0.13858753610097985
CC_DE7B02356DD3,0.25988345032386573
CC_DE8266E59DE7,0.1547095428557233
CC_DE86385D4847,0.2170009820713031
CC_DE86A36BEC43,0.0487144484907751
CC_DE8C3A08F8F0,0.07970980353930246
CC_DE9289CDF2C8,0.25789942175962494
CC_DE9C23977973,0.053780371852453844
CC_DE9D2C8683FA,0.12460204361454483
CC_DE9D3EA56548,0.15436688151594197
CC_DE9F3689ED58,0.6584957269284991
CC_DEA1566C3DAD,0.04635990514479642
CC_DEA314653B33,0.7266867186561347
CC_DEA4EADF4791,0.03541460567822939
CC_DEA683EE5447,0.09704620590075673
CC_DEAB62BCA6C0,0.055139800173375164
CC_DEB29FDA5FA1,0.21455730914500587
CC_DEB4E3A5E705,0.055652859323219596
CC_DEB6FA392310,0.41609301127299136
CC_DEB7AEE91E40,0.0836151693870778
CC_DEBE53587422,0.08958685404256798
CC_DEBEA5DE32DF,0.7841339736727243
CC_DEC5AD790E54,0.1260579126631339
CC_DEC5E2F68D6A,0.20796169838025058
CC_DEC66F139CF3,0.08725409308241745
CC_DEC8ABE16F7E,0.3906640982727487
CC_DECB23187471,0.040463922266617804
CC_DECD169609E8,0.480366748915369
CC_DECEC71C727B,0.7528393961157536
CC_DECF12601A14,0.1925485884818822
CC_DED2750FC4F4,0.5042207223244489
CC_DED50EBCAB9D,0.19470570264390968
CC_DED8103EE2B1,0.19239676287614008
CC_DED9D6364C01,0.2548661051743881
CC_DEDAFDB152A9,0.2040174076281457
CC_DEE2D726EC80,0.12225986599911276
CC_DEE6DAA06603,0.09401503151955885
CC_DEE8F5BBAD1A,0.05181855982237614
CC_DEF2AB202ADB,0.6163487901438767
CC_DEF6ED18E300,0.24967987806508812
CC_DEF7E37A28C8,0.14575736966279534
CC_DEF8624E80FF,0.04627890328018975
CC_DEF8A128000A,0.13408064082737164
CC_DEFC14B9D747,0.10722062939223467
CC_DEFDED306916,0.0960379456129838
CC_DEFF4B3F6502,0.3826529260673201
CC_DF020004B881,0.32144092877473784
CC_DF0A0E8705F2,0.4663626181112015
CC_DF0D2AB34461,0.23233401527005132
CC_DF0D92BF4383,0.08391905462931064
CC_DF0F3BD504AB,0.21129013773533276
CC_DF18E2866296,0.3807349984226913
CC_DF1A2D632711,0.07337815935238136
CC_DF1AFC31E0A9,0.17274033836653976
CC_DF1B0F0AECDD,0.27696410521740467
CC_DF1B52E05171,0.0697536963555149
CC_DF1C8F2534CE,0.16236219681800884
CC_DF1CDD8E94FF,0.17274905964418735
CC_DF1F0C3A1A28,0.12908693729587267
CC_DF1F2A0C6749,0.31820954470844975
CC_DF22018BE819,0.16993414551186037
CC_DF226168E19A,0.2187026291304377
CC_DF23FBF35FFB,0.10209602804957088
CC_DF27B1151475,0.6599484946764437
CC_DF2FC8D911E5,0.5160350648539941
CC_DF3177285D36,0.22700584340471738
CC_DF3644ABB48B,0.641152929962838
CC_DF3EBB56E7A7,0.13402854464530917
CC_DF42CA6769A7,0.107286910299449
CC_DF450916B7A5,0.13338477301690335
CC_DF4B6D90D841,0.06841044028283828
CC_DF5866596DF3,0.090124678055133
CC_DF5FD024CC9E,0.24077248401478846
CC_DF60032550B9,0.2370808254326755
CC_DF61AB5D1DD8,0.20678218065960868
CC_DF643E3ECE2D,0.7596011859855858
CC_DF64638289A2,0.11472693884054257
CC_DF6B30A1CA19,0.639456782695024
CC_DF6D2CFA7111,0.6627481649095858
CC_DF6F8B7F2A77,0.24511284598436936
CC_DF72F93B3981,0.06329343320736017
CC_DF7598215627,0.09675529745916947
CC_DF79BECE2801,0.078679214764133
CC_DF7F74BF30D2,0.05922322611165981
CC_DF80B75F6AB1,0.1071021930908789
CC_DF840845D217,0.05625027126262659
CC_DF8BC385B15C,0.1308521446933097
CC_DF8BF8EB664C,0.14365086094513238
CC_DF9141FDF38B,0.10747060501278524
CC_DF9895952AB5,0.1356158755622989
CC_DF99662BAD44,0.7088826491690331
CC_DFA421C51A61,0.28699123390357156
CC_DFA575B71665,0.09781799567382186
CC_DFA62A37397F,0.11917853260068353
CC_DFA63E92D478,0.06652171218465179
CC_DFAD15C6A8C8,0.16737838722578768
CC_DFAE2F290D00,0.25413444753640013
CC_DFAFC7F8A535,0.7666028097120494
CC_DFB30BA03A2A,0.1316693543376019
CC_DFB6A351102C,0.1349177167425877
CC_DFC27ECF8E81,0.3635611400777891
CC_DFC7FEEAAC57,0.1726747846560211
CC_DFC8B8BF7B28,0.30707735132802016
CC_DFC97C4A698B,0.17657820386272394
CC_DFCE24623E91,0.23343120592919936
CC_DFCF17899643,0.12396344299102194
CC_DFCF2FBC9DD1,0.06071924573300622
CC_DFD1FD5775DA,0.37864355427602725
CC_DFD35F46F8DD,0.05107964436592296
CC_DFD4CC58B15B,0.33731931673267745
CC_DFDA1AAD92B7,0.341334461439422
CC_DFDCBBEE2CE4,0.2907640855554814
CC_DFE216BC75E3,0.16424548181593251
CC_DFE4DD5ABF2F,0.16868186814743766
CC_DFE612433F6B,0.09653228950061099
CC_DFE698E9FD81,0.2066517942390441
CC_DFEB23F3A318,0.07564996278230673
CC_DFEECBFC923F,0.0734124897204738
CC_DFF26DB00B1F,0.18443602570677137
CC_DFF2859DD407,0.26431959325678245
CC_DFF9E2090E96,0.09745795656203805
CC_DFFAE087D62E,0.05008266070406494
CC_DFFEAB670BD8,0.22815801230643276
CC_E0014667464B,0.08438388289351362
CC_E008B14F52A4,0.03656926715117585
CC_E00986CD7C4A,0.08047353549364054
CC_E009DCACFCD3,0.11786665548870123
CC_E00B8B30BD5A,0.35391831063142787
CC_E00F2A20B692,0.13888268809242502
CC_E012544971F9,0.1112378868120969
CC_E014A349C264,0.10397784606715321
CC_E014C86052D2,0.596930997137189
CC_E01FF409E55F,0.1358863936848111
CC_E0211863F5A1,0.053847330156978734
CC_E0226CFA9A84,0.08042780565184723
CC_E0240639BDDF,0.25954934960354137
CC_E025CCC69AFF,0.17762144774747995
CC_E02B3D7881CA,0.24810456264292147
CC_E02C2CEF5997,0.047400059641941016
CC_E02C662033F5,0.714765081287357
CC_E02E382211BC,0.08186876141946492
CC_E02F29C76C9F,0.13093531354432159
CC_E0305B030C03,0.11169504492037356
CC_E034CAEAD3B8,0.1213156746620812
CC_E03545F31E37,0.07002079423503169
CC_E03791395710,0.6358524087770189
CC_E038CF038494,0.7061876595695171
CC_E03BF06D8F94,0.21656429756846313
CC_E0416A530F09,0.0981387036549168
CC_E0464446E2D7,0.11434164271623834
CC_E048508E6B83,0.22366779755988012
CC_E049E4D867C8,0.06445415853760823
CC_E049F4C94A8B,0.16380915935505888
CC_E04BDB95681D,0.2487595809937777
CC_E04C217338BE,0.0730399872799416
CC_E04D96317FA7,0.20766085964460315
CC_E04E382B856E,0.786285067011238
CC_E054BCE1468B,0.0932121560751223
CC_E05639FC5803,0.20698748780027737
CC_E05AAEAE5680,0.6690324887639552
CC_E05AE59F52FE,0.19695842423632942
CC_E05DB6E3F41B,0.5645791294977908
CC_E05EFDC41DD5,0.18970113529255944
CC_E060BF94DE5B,0.16697477736429392
CC_E0670050785F,0.04644695526906485
CC_E068F5CF14C0,0.1344717879437934
CC_E06BC299F614,0.2712818336429016
CC_E06D5E0BACFE,0.2569086283481882
CC_E0713EA26101,0.07466872933707912
CC_E07237A34828,0.7137994842526081
CC_E0730A97CECC,0.15233847443820792
CC_E073E8909575,0.11685564316259497
CC_E0753942411E,0.14987777294037855
CC_E079E28F06A1,0.188972798006739
CC_E07A42AB5D9E,0.1187049528142714
CC_E07A52E2554F,0.12992433969888165
CC_E07B6FB6AFF1,0.12817177183553852
CC_E07BBDFF9E09,0.12991035015981395
CC_E07F52A9F8E0,0.05185328399240659
CC_E0807F7E8008,0.1255503030711885
CC_E0842F0A7FD6,0.19869606011069463
CC_E085EE56B805,0.05222123913737382
CC_E0884676DD40,0.08626112353578824
CC_E08AC7D8506D,0.26402384987053973
CC_E08B30029BC6,0.09395371987665777
CC_E08D7A5B8830,0.66882446630477
CC_E08E1275DC8E,0.12435060957222907
CC_E08E25A58155,0.7321243224736685
CC_E0934104B880,0.758062661202636
CC_E09613F29FD0,0.1895788006851268
CC_E097E82F433F,0.039457059384663755
CC_E09A0A80E542,0.1899675481985065
CC_E09B31DE56BB,0.7757178287209611
CC_E09EB9A20F77,0.19715917003164912
CC_E09FD9089459,0.4910731340520559
CC_E0A4511CF406,0.07033389363059478
CC_E0A58A6367B4,0.24484650096159402
CC_E0A907B7FCAA,0.10039193374781666
CC_E0AC6E0C5FD8,0.11200917986901338
CC_E0B14A42C8E1,0.18361284270295197
CC_E0B24419A872,0.6550058562963837
CC_E0B39757CBDF,0.21381557096689713
CC_E0B50F6BC3BC,0.10982546507539478
CC_E0B5EF598248,0.1860055639785866
CC_E0B6FD2B34DB,0.17159607952822667
CC_E0B778FC4B49,0.4962709724412572
CC_E0B96E1705CD,0.25711857115783
CC_E0B9F7EBE958,0.17832354382652196
CC_E0BA62F9FD6F,0.15211788407825078
CC_E0BA6E36FE5A,0.04409082231869186
CC_E0BB6AD7D546,0.1260605941488185
CC_E0BCAC8C6E71,0.08331825284628938
CC_E0BE0A9CBBD3,0.11299288049866903
CC_E0BFAB2CD756,0.08218585474280121
CC_E0BFE715F38A,0.1664639214779776
CC_E0C05789E7D8,0.6325958975257298
CC_E0CA7757249B,0.22163371554794753
CC_E0D04BA3EE94,0.09573814294186643
CC_E0D09DD42E08,0.18629966896775357
CC_E0D0C32A97D2,0.1194491781364374
CC_E0DFE84211DA,0.1430620091858013
CC_E0E20855CCC2,0.12229710366102516
CC_E0E408E4A108,0.13060378787085195
CC_E0E5C75D2EE9,0.04168030792782061
CC_E0EA5A0D7380,0.11461481155905498
CC_E0EE1E9794B7,0.05412616044840095
CC_E0EF649D6E7B,0.12093785952442457
CC_E0F22FFC0A0B,0.7460200612559997
CC_E0F3ED7061D2,0.7561745529384832
CC_E0F4168EFD1B,0.6228156510148646
CC_E0F7921AD0B3,0.08620931245861843
CC_E0FABC220981,0.05697789854277193
CC_E0FC530F5819,0.6382380508433825
CC_E0FE795DCBAB,0.06428397846060319
CC_E0FE9B064DB0,0.1517795453823451
CC_E0FF808AD412,0.5804176280036052
CC_E1038741DF84,0.13679044659738054
CC_E10397A85874,0.13924640406049268
CC_E10617C99F30,0.0946092064575659
CC_E109EE6A33B5,0.04259725996345755
CC_E10EF1DA6840,0.04401231722322636
CC_E11575CBC9B6,0.07822977127348275
CC_E11B3460C7EA,0.4569298904277773
CC_E11CCE11D7B9,0.2534292696120757
CC_E11E90E8D932,0.13555423743663036
CC_E12096B5A4E8,0.30222725570246634
CC_E124F88913D4,0.19557038984902658
CC_E1269A014F86,0.17198217830520823
CC_E12B30D5FFD2,0.579267207622029
CC_E12C6D9828FD,0.172087727530486
CC_E12CD127A155,0.15990740412379584
CC_E12DE05F2AEC,0.23031538911295302
CC_E12F90C2AFAB,0.19897282382468426
CC_E133CCC2AFE2,0.10390691958015792
CC_E134FD05C1D1,0.4496036441648714
CC_E13A9ECC47B9,0.07195940040025102
CC_E13D76A272A3,0.18463551111157234
CC_E13E943AEBDA,0.1326079984486126
CC_E1426771C207,0.24416130539095665
CC_E145A187E849,0.4040693889384248
CC_E1480352EEF2,0.170151493952908
CC_E1488DF1824D,0.2703508422521065
CC_E14BBBFA9055,0.18666469882102898
CC_E14CECBD2810,0.16775182177404407
CC_E14FB50FA19E,0.10552824963734668
CC_E150935A453F,0.10463092764791024
CC_E1562A2BA784,0.2392584762776401
CC_E158E15D7125,0.08867472405144783
CC_E159311CB9E3,0.2095563184676954
CC_E15B0973182B,0.35833548145194916
CC_E15B760716F4,0.05083279853898158
CC_E15C18C42308,0.1454970840265308
CC_E15FE2E73C9F,0.0876975320391871
CC_E16CA51FBC53,0.29172135388024584
CC_E16D44C8BDD5,0.3368072359472743
CC_E170591FAAA4,0.09647266124470713
CC_E1720795D57F,0.1883674397388138
CC_E175121718FE,0.6565601525237607
CC_E1761202E394,0.04997486385103368
CC_E17E9FDB30FA,0.0931356205350469
CC_E180BC6E262B,0.22168452490838786
CC_E1816BEDFACD,0.6274001555536672
CC_E182647B1053,0.09534695262930312
CC_E186CD8C2D4B,0.4308879102433137
CC_E18AC3600E06,0.3180158072777422
CC_E1904731953B,0.22469980380455254
CC_E190BF966024,0.20527646474364386
CC_E191CED7F0FB,0.20103358117341355
CC_E199F57F6406,0.06539306206506436
CC_E1A909AF924E,0.22606904521477636
CC_E1ABD1490378,0.10560935728601109
CC_E1ACDE23527D,0.1243799955107491
CC_E1AE2F27C9A3,0.7208245496037724
CC_E1B1F8EEC0C8,0.05558383280561339
CC_E1B5179676DE,0.1712032721667254
CC_E1B9E8934453,0.23117975846326266
CC_E1BBB7DF75E3,0.09499906744818186
CC_E1BE0D583C62,0.07347575407796245
CC_E1C17F96F4DB,0.3132147578829361
CC_E1C32B0EF917,0.29754449278245554
CC_E1C32DEDB9D2,0.20360544606649555
CC_E1C3A7378069,0.08538430438646301
CC_E1C67A5D7019,0.050569612941501564
CC_E1C8F841DA22,0.15097869755169088
CC_E1C972A64D63,0.2237716743722656
CC_E1CAB2D98D0F,0.7397014790321272
CC_E1CB079746AA,0.25995086429628744
CC_E1CDB29AEE5F,0.1920467098393884
CC_E1CF3EBD220A,0.11224207180736154
CC_E1CFCA39D594,0.6978238170261813
CC_E1D4360A629C,0.07546343414997476
CC_E1D57F784810,0.08811925026396425
CC_E1D8CF491435,0.12702319480846422
CC_E1DD1A408C4F,0.6460919847352756
CC_E1DD96114993,0.40380838811207437
CC_E1E2EC897F44,0.132852564821809
CC_E1E3869F1C11,0.17664114439104922
CC_E1E5024D2EE3,0.1592122975070825
CC_E1E56B3BD0E9,0.657715544686394
CC_E1E5A9D1F306,0.15832448550449008
CC_E1E72217A429,0.08664557748051574
CC_E1E767B5BB50,0.12441280474776124
CC_E1EDC60F3B8E,0.05568570439805189
CC_E1EDE017F568,0.10134566824587295
CC_E1F1D70522CC,0.23455670410386928
CC_E1F4375CB415,0.03759947989702798
CC_E1F971707291,0.15305696478621492
CC_E1FE2B0A3FB0,0.13963209553190942
CC_E1FECB29F559,0.36054182521559774
CC_E1FF46B4D7A4,0.1447344446618513
CC_E2008A9ABECD,0.09029161454727573
CC_E202A1652A3A,0.42979785294378203
CC_E203EE196FE6,0.21920461932568852
CC_E204D7083794,0.2739566368988407
CC_E206E1FAC10B,0.40483933584498305
CC_E2084A230B88,0.3988050791536862
CC_E20BD1CDE7ED,0.5612724554845998
CC_E20EDDA9A6A4,0.0547234114195362
CC_E210086CD940,0.1807437656803865
CC_E2126171969F,0.5383115525316071
CC_E21401CDF1D5,0.16168732942961697
CC_E21E69F7123F,0.0787039059268946
CC_E220B5B5FAE7,0.17892853883136223
CC_E223AF828F1C,0.041689605868358154
CC_E223FC003892,0.07037231638940197
CC_E228573DB4AB,0.11086223322369422
CC_E2305AF128B1,0.04209265052270954
CC_E23186620BF1,0.20529386970199526
CC_E2325CA5103D,0.2557786318821096
CC_E2326DE99EC4,0.7898738092167041
CC_E236F644BE19,0.16060509319886507
CC_E23784CE96BD,0.2567193644470721
CC_E2384EEDE4C2,0.2110247099574735
CC_E238E50B0622,0.14663089732295656
CC_E239B7B71C0D,0.7632527608604189
CC_E23DF4C634A6,0.5539796121276204
CC_E23E406EB0FD,0.12158304992357823
CC_E23EC6ADC6AC,0.08628338348810947
CC_E23F6C58E76F,0.09936264852352351
CC_E2484CA4E5F0,0.0917982603030912
CC_E2493EBF2DF2,0.18257864899934914
CC_E24FC1F7A8C6,0.11997873126831567
CC_E25207C0B055,0.7297078763327237
CC_E2523F13FDFC,0.2102629384979716
CC_E254A229528C,0.18723412883445598
CC_E257E099AF1E,0.2737085487057909
CC_E2593409EA04,0.2805797504173871
CC_E25EE5180AFB,0.060885415206711105
CC_E261F3EBDFB7,0.14335772266649666
CC_E2633F084581,0.08813223646683319
CC_E264F8BB8E72,0.09392987567520202
CC_E269F114203B,0.13392732508362828
CC_E26A679FA03B,0.7902886800943798
CC_E26DBE4CA133,0.39420071182631383
CC_E26EA4404C72,0.7331789747085672
CC_E26FBDF5BFBF,0.07976036836328267
CC_E27440C0E6A8,0.08434733561397371
CC_E27447633409,0.19820431883059814
CC_E27A90AF08A6,0.10783097794324978
CC_E27BEE8CCBF2,0.6505893955043909
CC_E27C5845031C,0.251000309362664
CC_E27E298F1478,0.5355491157546485
CC_E280593EA297,0.5039347266349552
CC_E282B8BE9902,0.0860828380947577
CC_E284E681BC68,0.0902099497726232
CC_E286528923A1,0.16980129075119846
CC_E286EE4AF086,0.18507712255910783
CC_E28CCF1A102F,0.36696347623633524
CC_E28E8AF792C6,0.33117469129666105
CC_E290F8369D1D,0.761011430483857
CC_E2934918E22E,0.07460557139759363
CC_E2957ED0D53C,0.11532841926324244
CC_E2964A30652B,0.1254571464582859
CC_E298DCC0448C,0.12141149541703758
CC_E29A601CE4BC,0.13450484557436188
CC_E29E02E0B058,0.04294566727675248
CC_E2A2F39983BE,0.19466864395278344
CC_E2A8851810B0,0.04841458930538421
CC_E2A9A918B783,0.6796201003492774
CC_E2AA32DCE49E,0.2299713934024929
CC_E2AD2AF05EC2,0.04290651292028546
CC_E2B1D19C96D4,0.11139957533921516
CC_E2B83893D6C7,0.062099439768620424
CC_E2B88447F84D,0.11170886437002922
CC_E2BA938E0108,0.11149373726146361
CC_E2C5CC1CB6E3,0.053679904496631695
CC_E2C83D649394,0.0532444304102664
CC_E2C859523D8D,0.2697036646804701
CC_E2C8D9D323C7,0.6450008764017433
CC_E2CA1556E4F1,0.1309791357941386
CC_E2CA42EBEBA9,0.6209658571305511
CC_E2CB0C18E8FB,0.07013119615230733
CC_E2CC5AF0528B,0.0873181480307219
CC_E2CEB6116245,0.42939202522922837
CC_E2CEF6E7A70D,0.16175023275170833
CC_E2D4BA776D05,0.42656111657214535
CC_E2D5B9F55DCA,0.19274854588323684
CC_E2D69C4F3E7F,0.09016194417608822
CC_E2D6BC2B1BFD,0.07086723101230097
CC_E2DA0B239920,0.4259088709299177
CC_E2DD7242472C,0.7072847001849822
CC_E2DDD815B031,0.1826789961521001
CC_E2DF5177A0E5,0.5593602702105663
CC_E2E8B6E6DCC1,0.16076278071171674
CC_E2ED8CB68D13,0.1507045695138147
CC_E2F9103BB6E0,0.08252341757807691
CC_E30249EBD2C8,0.2116508612862721
CC_E3068761F8E4,0.2833027413546665
CC_E30734169FB3,0.20558602166984255
CC_E30832DAF05A,0.3230019529692182
CC_E30D2157F495,0.660508114874816
CC_E30E4C77A3E9,0.173965880029545
CC_E31028EC2792,0.183148631969213
CC_E315692BE08D,0.32484797116922715
CC_E3186CD9857C,0.7365762488495757
CC_E31D60E8DB11,0.39626807849696394
CC_E3238DA22FE2,0.12179244431070266
CC_E329957940BD,0.13083565061055374
CC_E32D9F5EA3A0,0.19464291741516712
CC_E32E2887C610,0.0974993512619794
CC_E32E67B9D820,0.09086574587310473
CC_E339CD2AFD04,0.11837790312190857
CC_E33BF06FBAC0,0.09974491488948392
CC_E3451F83DC89,0.7774149362666377
CC_E34BA2A08E1C,0.3685381263296737
CC_E34BDCD50D0C,0.1129304043693499
CC_E34CD180654B,0.21694812414693437
CC_E3518E1ED3D7,0.7226625361932444
CC_E35223B9B39D,0.1083575282439575
CC_E355ACD70489,0.09579526278308573
CC_E355CDE49B4F,0.5515125254587077
CC_E3581B0344C9,0.05164320268450047
CC_E35994DB17F6,0.20898400207995352
CC_E3626398F431,0.09256317652880397
CC_E3638AC5AA62,0.4011963188782236
CC_E365DC687434,0.7993865713994417
CC_E3731ADE9CFE,0.08989303597926472
CC_E3733F8A6A20,0.22610772480187125
CC_E3748C4E4E35,0.10933441985730193
CC_E37738A9B59A,0.3418357908222184
CC_E37774387656,0.20025196689309382
CC_E37A73808FD1,0.10540229275999835
CC_E37BA37C2473,0.2166939468352232
CC_E38068898C84,0.15274270004777948
CC_E38092E7D68F,0.18217792332365468
CC_E38512C880E9,0.09412313167624087
CC_E3886E8800EA,0.09617545994121399
CC_E389BCE2ABED,0.20000064443717647
CC_E38B9531CD89,0.12402077887397174
CC_E38C2861F557,0.10508916028866129
CC_E38DEAFC0B96,0.03508199059743396
CC_E3900E2633EC,0.1865803508910717
CC_E3915B9EF937,0.08114173162163449
CC_E3916F1B1620,0.07296303375677061
CC_E3931BAFE8D4,0.1040805961451503
CC_E39341C3632C,0.5677866668496884
CC_E393B0450882,0.09662359427777081
CC_E3950B375AA7,0.40451900631653076
CC_E3982040232F,0.2842275694146993
CC_E398D7602F35,0.7318684928014134
CC_E39AD1EF1232,0.1298582306499915
CC_E39D2889F88A,0.256603275643006
CC_E3A13AD2AB11,0.4927953568962457
CC_E3A22A6794F6,0.12248638260249314
CC_E3A3C37D0121,0.6330640287488528
CC_E3A7CE0A89F7,0.16749246090229725
CC_E3A8125ACD26,0.04247429241513177
CC_E3A83C61ED6F,0.33218762326645185
CC_E3A98A117270,0.058473962094197564
CC_E3ABD9C7C7EF,0.39548534599724317
CC_E3AC1C06DC21,0.1592326651255326
CC_E3AE51FEFB4F,0.15120809620758574
CC_E3AF609E6870,0.4966079593564194
CC_E3B43931EC27,0.16737129580318322
CC_E3B54914410B,0.07338794612456066
CC_E3B5EAD5DF2C,0.5702111821149687
CC_E3B653A99722,0.13129261284349839
CC_E3B95AF06F16,0.10100252881492007
CC_E3BE2369130B,0.4877239473507979
CC_E3C0455949F2,0.047822892585848174
CC_E3C26C52B0D0,0.13838130444390656
CC_E3C96E2F9D8E,0.18634121071075316
CC_E3CA93972E23,0.15308495568012334
CC_E3CBC5F634D4,0.12802629673509652
CC_E3D032D6644D,0.11343111025013357
CC_E3D554925593,0.6989783702795057
CC_E3DB3D043F0D,0.07177429633037304
CC_E3E05288FE44,0.08210919450728513
CC_E3E0E89CC175,0.7078390280897102
CC_E3E3964646DD,0.09091491166300367
CC_E3E5B162D648,0.10195662376114085
CC_E3E9AD07A5DF,0.2525163229306019
CC_E3EB1A9E5527,0.12565633441315893
CC_E3EB55B89CA9,0.205412275324759
CC_E3EC5A3A9F75,0.18982092278942828
CC_E3F0CB331C1B,0.06726926600748598
CC_E3F18E5F019D,0.056666995311309545
CC_E3F2809C0CDB,0.11339267719003672
CC_E3F39D3D28A6,0.7832410565081186
CC_E3FF72B6D1A9,0.22427190659099855
CC_E400717D9AF7,0.06888238330794605
CC_E400F6B304F1,0.1812619505373204
CC_E401556360B4,0.1963989691273142
CC_E403AABE6A3A,0.23018043330327997
CC_E40552CB0047,0.6468555644375428
CC_E407BFDD5B48,0.11889392715863459
CC_E408DC6865E6,0.055895288363157006
CC_E40A8EF9B8B8,0.09996452915066764
CC_E40E08D7295F,0.057021745178777075
CC_E41D305E552C,0.18098443874521833
CC_E4206D02DDC1,0.2690291517970654
CC_E4214D176F67,0.4581160940599219
CC_E4266E9B176C,0.3440153859089569
CC_E42A82720EB7,0.3659274340691122
CC_E42A9723A2FE,0.7753357911198591
CC_E42BF2743F50,0.09855254689063334
CC_E42F7667F3C8,0.7563623279036805
CC_E433B89AB8C6,0.3347561602026679
CC_E4352E84EE6C,0.04845655412047502
CC_E4390AA74FF0,0.11704327659992013
CC_E43C13F00CC9,0.06277874422731501
CC_E43CED1ADF2A,0.11009730971798115
CC_E43E3F01A8EE,0.17749202791931945
CC_E43FDF1DE1AF,0.47874570851892234
CC_E44049754483,0.5331585978570388
CC_E4471F9CACBF,0.07038351729487927
CC_E44AF434C827,0.7574139930644841
CC_E453823F0DBD,0.31913370318066736
CC_E453C8F9D686,0.1563143185393325
CC_E4550B5E95A3,0.7588971940563453
CC_E456DDF80B76,0.3598689720005313
CC_E45A59DF525C,0.1518874857509722
CC_E45AF3AB21FE,0.47736272278957037
CC_E45D55263552,0.04724378157924592
CC_E4606011CF77,0.300927743286842
CC_E460B0437938,0.15610209892248855
CC_E469F9E5328C,0.2756063672618819
CC_E46D2A5F3DD9,0.12609467513474787
CC_E473F025CDCB,0.1708713834382454
CC_E475120CD736,0.3758249154016099
CC_E475976AF01B,0.24171605427276335
CC_E476D2A6A01F,0.043570917229164605
CC_E478A2E54F35,0.04050881345457587
CC_E47AC52C1D97,0.3781138775668679
CC_E47BA9F5AC9D,0.04527839623560102
CC_E47C0EEC065E,0.0918537394128862
CC_E47C31871930,0.04183350464934051
CC_E4823CDA8267,0.16167850926869481
CC_E4828212C213,0.09015401559822282
CC_E483CBD0A0E3,0.06129517459542959
CC_E4898C87B72D,0.6438469784203535
CC_E48CDC41C4FA,0.7897913423645124
CC_E492DA3C8EA2,0.31461245064249904
CC_E49633AB89C2,0.27288014429569124
CC_E496D1F36489,0.3957966947654151
CC_E49934925445,0.10889314028184968
CC_E49A2DFD1800,0.5587420933954886
CC_E49B16DA2AB6,0.0791778774212176
CC_E4A3FA875443,0.1470998789414059
CC_E4A53391C1CF,0.12537155755419765
CC_E4ADE70F017F,0.10550539869338331
CC_E4B0F4C14F74,0.10549540154379584
CC_E4B146FE98E3,0.20529974467815587
CC_E4B696EE8F20,0.31747354762750185
CC_E4B854D38796,0.17402621463453505
CC_E4BB5C8534C6,0.045829974836115894
CC_E4BDA30E9FD0,0.790068572765957
CC_E4BEA78980CB,0.046381904424382364
CC_E4C040DEDE49,0.05049268637376002
CC_E4C1588C313A,0.17185106919508436
CC_E4C60C982093,0.2787700618206524
CC_E4C64AA93465,0.13699115581589724
CC_E4C6CEAECD29,0.049714345626221394
CC_E4CE365C6403,0.6330566629712482
CC_E4D7E66D9E89,0.3157674823475831
CC_E4D8578BDC10,0.09108864588977275
CC_E4DF804E3776,0.07341042196982872
CC_E4E279EAA480,0.2102654011908697
CC_E4E84A4BBDFF,0.05432957832615994
CC_E4EBB46F37D7,0.2896134623554203
CC_E4EE9502E6AC,0.05287624298629039
CC_E4F384E6E5F4,0.08361254343350538
CC_E4F3DD712869,0.6252472181233704
CC_E4F7B790DC3B,0.8364488087228057
CC_E4FDB23EB20F,0.08645197138959523
CC_E50092A966D2,0.19559924410837434
CC_E502E0D98642,0.08220437344493561
CC_E5098AE61EB1,0.05826325947512585
CC_E509D3153768,0.05257731529254207
CC_E50A5EDCCDC3,0.18027645917283658
CC_E50C1CF8A619,0.6475592122309016
CC_E5176F94F9BC,0.11027987569928537
CC_E517B174D143,0.13111299911119673
CC_E51902481C2C,0.07729421319653748
CC_E519B4C672E6,0.05945851284992554
CC_E52098BD9950,0.20304697351138562
CC_E52496E6762B,0.05046181023172469
CC_E5258E3B410E,0.2680509994817347
CC_E52663EAF0C5,0.07749071019192463
CC_E52E68DF862D,0.261272862222373
CC_E53852322CD8,0.21001229598041987
CC_E5390D02ABE1,0.6058818111519806
CC_E539EC1DCF7A,0.5863543556082677
CC_E542E234D01D,0.04681726451772507
CC_E5439A3F42EA,0.0684807406274258
CC_E54472F8D9E9,0.04373805525021983
CC_E54545C8C9D3,0.23320223302742726
CC_E547CDE900DE,0.32433513947975284
CC_E5492A15F2FB,0.05212573876994896
CC_E54B44522F72,0.2421470675427005
CC_E54BDF038AE4,0.2565612182254752
CC_E54D2DEDA848,0.06855786756456725
CC_E54E155C6936,0.05484509455573507
CC_E54F67500C63,0.05785168390619142
CC_E54F9564F46C,0.16237912321504339
CC_E5500A4EB3A9,0.33513247665609136
CC_E555BF610D50,0.678843428172651
CC_E55DCC89228C,0.32474331120611255
CC_E56168B3673A,0.13038486489553283
CC_E563953C3CE4,0.2064648424230179
CC_E5658170669F,0.05548332835186596
CC_E56C1156E56E,0.10776853151652255
CC_E56C33F3D25C,0.0612500546087585
CC_E56DD8238058,0.18660632001700597
CC_E56E10020158,0.046849910239067837
CC_E570D1044648,0.18329550015164014
CC_E571078B7998,0.467336876876847
CC_E573B3ECBF5B,0.4049761069396937
CC_E5746533B675,0.28244181558076653
CC_E5751279B52E,0.15139003868085127
CC_E57686543950,0.09435018501226622
CC_E57C2183BC74,0.16984221261327312
CC_E57D3D6C76E8,0.07606888861051156
CC_E58023625304,0.4513558499675231
CC_E5834E24EA33,0.21448746223167472
CC_E585F75AA335,0.13912747156322353
CC_E587875B2CF5,0.19360092616221666
CC_E588DB08A06D,0.07358723513707195
CC_E589471382BB,0.15256120399567677
CC_E58B2A34C238,0.21776379353870326
CC_E58C38C6A4D5,0.13795640195533615
CC_E59025F117E9,0.09496321353057331
CC_E590A71EB003,0.31139208283904096
CC_E5923E11108C,0.14144878845445516
CC_E59524B7EF85,0.046647481338858765
CC_E59BF1C4708F,0.3987276526109314
CC_E59C86AF6608,0.05258654682456866
CC_E59E33733B2A,0.6520067929292594
CC_E59E54CF316A,0.08754438931315227
CC_E59EBA31F7F5,0.1348526578420016
CC_E5A038445333,0.6598107346030937
CC_E5A0F1608224,0.19168419587221888
CC_E5A11E71BA8F,0.3913397217336616
CC_E5A57CEB6625,0.051630492614172664
CC_E5A629872101,0.18051921377957741
CC_E5A991A887BE,0.8175239257613669
CC_E5AA49FDE681,0.19846392370242363
CC_E5AB6B7ECEF4,0.1143854723704268
CC_E5AB72BF162D,0.0671594488593897
CC_E5ABCD0FE328,0.13106429728763952
CC_E5AC34F0A1C9,0.06368719433118449
CC_E5AC8248E057,0.19766239244574454
CC_E5AD829BCB39,0.08880011733118229
CC_E5B16D4F0F9C,0.08600002173412821
CC_E5B3C2040958,0.7498857068377907
CC_E5B4F0563DC9,0.24319319552899515
CC_E5B59C393061,0.07124277111172657
CC_E5BAF7CAB6DF,0.08608645356251417
CC_E5BCC2F0A03B,0.0851483371884278
CC_E5C565CE9D86,0.15014166061095202
CC_E5C9017E7B46,0.10179695541678721
CC_E5CADE06FE7B,0.15365451831329852
CC_E5CF62FBE157,0.0833379819141152
CC_E5D146A589F6,0.050016720341250764
CC_E5D22444BA42,0.16365438117153813
CC_E5E06B4B87A0,0.051489417741706456
CC_E5E3C2C58C61,0.1570042585078271
CC_E5E3E75B64B0,0.11585143321853501
CC_E5E4AA87650B,0.048931335683580095
CC_E5E779B4A1FB,0.08107887816811642
CC_E5EA3A63EC37,0.048957240143121285
CC_E5EE8407D4E7,0.1819212379944129
CC_E5EF77D1DA79,0.6637984409535831
CC_E5F11B6D7F01,0.1351196390436649
CC_E5F34DBA3ED9,0.46436983206983556
CC_E5F46DA46972,0.676877931064993
CC_E5F7A898C5FD,0.2348876014471971
CC_E5F927E50E5E,0.12569462974721596
CC_E5FD649BDFC3,0.1585825399013827
CC_E601E8052E99,0.6783234651383042
CC_E602B7CD4021,0.20624229864111734
CC_E606CBCC8E51,0.0727014149904321
CC_E6087D494C6C,0.05050390553457901
CC_E60886215B21,0.12729165968890108
CC_E608FB8E9327,0.04485839989247115
CC_E60B2D530847,0.16274352761100047
CC_E60B674D73F2,0.5307974087871086
CC_E60DF0D32F44,0.3840689300127506
CC_E61384DB1522,0.16698679115569964
CC_E614034AC465,0.23877943205879187
CC_E619E9D46CCD,0.07127881737401656
CC_E61B32EBEA5B,0.25953201589423747
CC_E61BF6DDE412,0.29714561194847067
CC_E625717A3010,0.1635142361006469
CC_E62A4CFB6A5A,0.17805416587124984
CC_E62DD1001F83,0.09107929986747924
CC_E6313E360FD4,0.4658372217730685
CC_E6354F14838B,0.33969918887032047
CC_E63B9E117292,0.6902793492560537
CC_E63D6F022C61,0.20474782684686366
CC_E63F39DBAFBF,0.6822964743782645
CC_E63F8B4900C8,0.07082001311098506
CC_E64360D4B42A,0.07843627205586853
CC_E6452975FFC2,0.6358181578931058
CC_E645686CF93D,0.19700179350821795
CC_E646CB4238EC,0.3714259334173169
CC_E648516C219E,0.4230588185819487
CC_E648BB3857CD,0.07180577468202816
CC_E64BF22E4067,0.335949430299892
CC_E64C190D03BF,0.27708228047163624
CC_E64D7261A9A7,0.38868392418911807
CC_E64F1A036D78,0.46436089250121776
CC_E65423ACD3BE,0.27859253806513634
CC_E656FF867B6D,0.7568906065706781
CC_E65A0D1E20A4,0.11421011659578306
CC_E65B59C65515,0.12843421617848655
CC_E665B0F0E562,0.05173050790274528
CC_E665CAC70A2A,0.5142612995582635
CC_E6671D5962B2,0.4251757402568138
CC_E669DABE2DDB,0.39834066827963177
CC_E6701623C493,0.7851594534746786
CC_E670B30CC528,0.10276889851323527
CC_E672F94277EF,0.04348019765592093
CC_E6789779D830,0.6688967175052614
CC_E682627BB7D6,0.07357528054176904
CC_E6852EF7C1AD,0.09448931030789276
CC_E691EA882C81,0.6455332841776882
CC_E6980B7C5C2C,0.047978179507018937
CC_E69AA5D43556,0.15624822681606415
CC_E69C19CCE926,0.2527166464156491
CC_E69FC24628EF,0.08526803851635147
CC_E6A223D9581E,0.11175558956792771
CC_E6A30A0D1787,0.25375288978380794
CC_E6A477B00619,0.06406869509858708
CC_E6A923EF3C4A,0.04949824066734643
CC_E6A931F4E9CF,0.04587401787061941
CC_E6AA56E47E0D,0.3931692740090125
CC_E6ACE9944656,0.15492583235092688
CC_E6ACF598C901,0.8225623258700854
CC_E6AD1DD3D6CE,0.3270258900337032
CC_E6AD466887E1,0.6372382226622151
CC_E6AF1C1AF0BA,0.18644939762838594
CC_E6B634926970,0.08544199360551988
CC_E6B8A7293A83,0.7969686661219404
CC_E6BF2E6F901A,0.14824091064978168
CC_E6C3CAE52949,0.07437014414942308
CC_E6CAFC31089C,0.27208328340915433
CC_E6CC8278D79E,0.05576497312511961
CC_E6CDD1287F27,0.29367846053676094
CC_E6CFCD63F1A1,0.24555327639924335
CC_E6D1CA22184F,0.12396805252862006
CC_E6D36BF17966,0.07247002325551384
CC_E6D9BF1DB697,0.6442403907907941
CC_E6DBC3737D2B,0.1772117962271353
CC_E6E4B191D76D,0.14233221200774882
CC_E6EADCE8FA84,0.08728620477303858
CC_E6ECC4B4CE39,0.11438974604977666
CC_E6EFAE48159E,0.20065950597430054
CC_E6F70B347212,0.19893459884686812
CC_E6F81AAC15AF,0.06534323228416646
CC_E6FA81CE5664,0.40459225310005226
CC_E70016A541B9,0.05321546288142568
CC_E700F89EABE5,0.1295741735215573
CC_E702A67F5CEC,0.10948838159424745
CC_E7043053BE9D,0.13368850759082979
CC_E70CB5C9CD57,0.04529685899142871
CC_E70E3D44EC68,0.146887834070024
CC_E71086EE2EBA,0.0806424865831874
CC_E711C26EE640,0.15250481868001534
CC_E7126DD369D7,0.16952232081911583
CC_E7138721CDD3,0.13503514511840753
CC_E71530E6BC3E,0.054130522822010155
CC_E719EA58E545,0.2672027026152894
CC_E71AE603C605,0.10440608964583964
CC_E71D5EE78836,0.10039714954937291
CC_E71F21581898,0.152795601344122
CC_E720ECFFF380,0.128044002753213
CC_E72CA51C1DC1,0.22595928938690873
CC_E72D7F8AEBAC,0.10765757931383953
CC_E736D756B2E9,0.22847800740023178
CC_E736EB6CE07F,0.05989194381385656
CC_E737D533E48C,0.05081995369652281
CC_E7388E4F981E,0.29936067102824776
CC_E739113D986A,0.0803393434059732
CC_E74764A4E074,0.09494598987782966
CC_E74AB8C7A576,0.6570309729778465
CC_E74D4087A6F1,0.6318799737098452
CC_E74EF4E479F8,0.05531161482973548
CC_E74F0895DDE2,0.5385314065166636
CC_E7526B00355C,0.12214974833935846
CC_E754A2E09EDD,0.07492676096381382
CC_E75A1F34FA35,0.32019225266383794
CC_E75A82A39EEA,0.6217819580475386
CC_E7610FED53A1,0.15676459967387257
CC_E766079103FE,0.7231023477827769
CC_E76788031090,0.7326802357073787
CC_E76C40512F52,0.07828061324877703
CC_E76C9E1B7999,0.10938433976416233
CC_E76EBD35E386,0.2907093009536317
CC_E775F39F509D,0.2588443504015066
CC_E77738DEC1EB,0.2270992461052888
CC_E7922E732958,0.14688775910567342
CC_E795BAEB3343,0.19651701774956248
CC_E797E3B49C08,0.1130922732267674
CC_E7985D42AAEE,0.2122909320642977
CC_E7988F0F3D46,0.12872656014622524
CC_E79BB4CEEB46,0.1828916084649421
CC_E79E60E87EF1,0.15603368636863071
CC_E79EE36CD75C,0.23722765895088002
CC_E7A2F0560D90,0.19501418738982157
CC_E7A4BD015CFA,0.16567151965666227
CC_E7AA96E56E34,0.2191524529414409
CC_E7AD9E5EDAA7,0.04221646663068771
CC_E7ADE1D83C0E,0.24994143158495197
CC_E7AEB1E0311F,0.6055174104499399
CC_E7AF19625E34,0.8046674787366763
CC_E7AF8C11600C,0.19856109960512833
CC_E7B6CA4141DE,0.3099504700950964
CC_E7BB3647979B,0.10136169800571597
CC_E7BB8ED6CCAB,0.7510702322551689
CC_E7BD86430DEF,0.13318353278772269
CC_E7BEE72BEBD3,0.13912678411201734
CC_E7BF1F00B1E3,0.07137610004394215
CC_E7C1520A2978,0.12856799272476
CC_E7C1E7E528A3,0.6504752431613465
CC_E7D07DB95330,0.391795356702438
CC_E7D41DAE1957,0.1457962018514739
CC_E7D62EAA2B6D,0.4590902670083864
CC_E7D790C7AC29,0.07690023737653746
CC_E7D9068DE770,0.08582074644514744
CC_E7DD51E18DC2,0.12882632870162986
CC_E7E7C3C7C004,0.08191175601169623
CC_E7E9C5F7E633,0.10323237109686285
CC_E7EC87151971,0.09407130152109248
CC_E7EE02FCB3F2,0.5540988717656761
CC_E7F9F6D69EEF,0.17624877092792687
CC_E7FD00A2C312,0.1456239863611883
CC_E7FDC014DF53,0.19137372223087534
CC_E8008B4C78F1,0.0666658939473123
CC_E80155EC5BE5,0.13914502193212264
CC_E801EDDE6371,0.22037203618522888
CC_E805872C69A6,0.2525676175492765
CC_E806C2F286F0,0.12618947859594049
CC_E808536859C8,0.05301556944236736
CC_E809899A7216,0.07914310031526552
CC_E80BF89E912C,0.775712114941121
CC_E80CED444572,0.1476198123347233
CC_E80DF00B488A,0.09909519912249133
CC_E813CBF7FD3D,0.6284414976190732
CC_E8184C4A69D2,0.06380539206795319
CC_E81D95787BE1,0.17277782421498009
CC_E81E8461373B,0.18157726969788474
CC_E81EC53846D4,0.18733472450058827
CC_E81ECDB07CC9,0.32287433262174997
CC_E81ED08631D1,0.2371032076931711
CC_E829EA4F6FE9,0.16029028436845255
CC_E82B7B528E5E,0.22054202866401235
CC_E82CEF50DED3,0.07354178248875652
CC_E82E02D0AB70,0.16264967965695726
CC_E8309C84A73A,0.3071156176488919
CC_E832EA5DC991,0.2191124802508065
CC_E834C76B0938,0.1974237571132519
CC_E834EC0C0D90,0.346343440672353
CC_E838F7242977,0.0960845674556584
CC_E83A5CEE40C1,0.1088808534381509
CC_E8497D28F348,0.18976151308541708
CC_E84A0F03AEA2,0.08770114056393374
CC_E8559E621286,0.07708333359787091
CC_E8599562BC4D,0.25157370312240285
CC_E85CAE4CBC2B,0.6349417922615697
CC_E85E4D5D79BE,0.12234246973921441
CC_E85F2FB53AD5,0.18180928482565364
CC_E8686DD6AF19,0.5554675053079251
CC_E86B2EC02830,0.1438470954521059
CC_E86B3598E615,0.11123877914965677
CC_E870AB9BDA63,0.3752416843705135
CC_E870C8B4BC7A,0.5198412494209143
CC_E870E10FC84B,0.14738273526617626
CC_E8749AF4712B,0.19493040721959073
CC_E875232835BD,0.06429858486882674
CC_E87790BB1DBA,0.05012618032340642
CC_E878FAC1E8A8,0.7853884711067821
CC_E87A6C15E797,0.33845693309134156
CC_E87E0AB7675C,0.5443598033033438
CC_E8806410D330,0.10171097326644966
CC_E882169B92AC,0.721804085525455
CC_E882EDC03BC1,0.1708961243173161
CC_E883C0F7E1EA,0.0909328094603853
CC_E889344440DE,0.1862298842050615
CC_E88B523B3BB2,0.6242319010148143
CC_E88D1DED124D,0.085783572405878
CC_E890F389827A,0.05456781228737456
CC_E8911D7595AA,0.6557196083162568
CC_E89502C8091F,0.14392786353849574
CC_E895F54BE602,0.5353434558404796
CC_E897CDF73DF6,0.06268166362962735
CC_E8992885B912,0.07352729725313195
CC_E89CF07FB342,0.10013749154879377
CC_E89D321194E4,0.12239758904257772
CC_E89E5E0B590B,0.2997261878369609
CC_E89F382A180E,0.5959335208664676
CC_E8A06F4B3CE9,0.13478432656999653
CC_E8A293544A46,0.06291348131196521
CC_E8A30AFDD2DA,0.22985945276722486
CC_E8A357D114B6,0.1813421751079064
CC_E8A472F97EAE,0.11656850222407181
CC_E8ABD6298721,0.19780555079997567
CC_E8AE43360A31,0.05260763166453762
CC_E8AF505C8293,0.0693463317755586
CC_E8AFDF802E05,0.057704639676376866
CC_E8B2620D6693,0.5564580905018909
CC_E8B36F0725AC,0.121031973461462
CC_E8B539E04C81,0.18443474484605737
CC_E8B5F040DD9B,0.05635786987031795
CC_E8B7811166EC,0.2223146517511993
CC_E8B9A4AB3A5E,0.6641917401233124
CC_E8BED367B82F,0.09141506018274104
CC_E8C315689990,0.1329598343765656
CC_E8C51975DC0A,0.3387497342062799
CC_E8C81B6D48C1,0.09466419419451806
CC_E8C85B8BDA52,0.33880788437754483
CC_E8CAEADFCF88,0.21005520520481022
CC_E8CF19C1C43F,0.16246334571746224
CC_E8CF7D4DC686,0.132916137575241
CC_E8D0235046BF,0.21209355467940272
CC_E8D125C2CA8E,0.5000488859705798
CC_E8D8AD88276F,0.09313897875200906
CC_E8D9E5FD2022,0.130723606822931
CC_E8D9E86B4438,0.31882988995431105
CC_E8DA4D4D1752,0.14359528765035412
CC_E8DE03A586F5,0.13406936360013014
CC_E8EA6E6CDC90,0.12979461209823595
CC_E8EDA7E25155,0.19015625506153824
CC_E8EF9DCDC2D0,0.12109031398975748
CC_E8EFC5F1DC3C,0.136995163951272
CC_E8F173F0EDD3,0.13937493320061317
CC_E8F1FF53B877,0.6795585245158924
CC_E8FBCD25E80C,0.08277028684945562
CC_E8FE4ADE9BA5,0.19519467894944253
CC_E9026D11FAFE,0.06174877896045518
CC_E9045B7DA288,0.6369172902757045
CC_E904D74B956D,0.08661481715148324
CC_E90B74D0B7B0,0.14733891433616392
CC_E9121DF4CD76,0.06777933579822287
CC_E9145D7BBB2E,0.33673675499505584
CC_E9161F25EE9B,0.12419960788523084
CC_E9167F41551D,0.17967359181608938
CC_E9186835C14B,0.1710112676962043
CC_E91A7B817630,0.08939873774943322
CC_E91BE6B096A4,0.1089857120931244
CC_E91E39E971FD,0.28236070765465515
CC_E9222F10C0BF,0.6809046503468406
CC_E923357D8F22,0.059420801937861735
CC_E928E2480E7D,0.06267704670918418
CC_E929F2EB364D,0.6504589059698662
CC_E92E6F3E7A55,0.24966451843858758
CC_E92EBBECEC6C,0.04398389890165036
CC_E9338D167285,0.7137684816720087
CC_E935FB0AF4C4,0.07300422517442917
CC_E93626953BBB,0.22276740539498802
CC_E9371266DCED,0.13727048275478212
CC_E938B94428F3,0.2034225133035597
CC_E9399EFF2520,0.09111395988726101
CC_E93B657707F6,0.6275732381921085
CC_E93B940D6F8D,0.12343365551933043
CC_E9443CCB0DBA,0.04121760146161298
CC_E945BA064EC3,0.08429922893152121
CC_E94693C81D99,0.21886372610484442
CC_E9487119C5A2,0.1886938234608538
CC_E94931337477,0.12291969987231541
CC_E94A1F3ADD6F,0.07196356698207583
CC_E9503D532411,0.2778557111726109
CC_E951909734B9,0.05519849935577557
CC_E957BEC20BE2,0.47339879327066614
CC_E95CCA2D2AA8,0.35990485609244266
CC_E95E3351CFEB,0.8026319327490634
CC_E96018A76436,0.0726419530676972
CC_E96696A2083F,0.33457954726101014
CC_E96741915556,0.07711836330159808
CC_E96AA99C6964,0.1174665796340743
CC_E96B0A49AF02,0.09545600593495661
CC_E96F586675E1,0.6525920554929383
CC_E972CE81024F,0.08678445012216446
CC_E9794A4051DB,0.12399780451265592
CC_E97A7394E1DC,0.18195381389316567
CC_E982938F4254,0.7186157877322256
CC_E986F50D542F,0.324561273508282
CC_E988ADCA9CA8,0.3970858469035223
CC_E98B0E1F0229,0.16477970489689087
CC_E98BBE98DCAF,0.38740172856119603
CC_E98BC1809327,0.2788593119940329
CC_E98DA7C0A566,0.10839091687596918
CC_E98F67253D44,0.3300609173623094
CC_E98FA77D0944,0.19924620566359694
CC_E990B045F17D,0.3750426125557727
CC_E991525F04F7,0.14570834286712075
CC_E992EE6A14F7,0.17345681989956566
CC_E994AEFC2051,0.4404454235940135
CC_E9963079E7A0,0.10862288034484813
CC_E99BCEAD6849,0.14802436163600688
CC_E99CEE0E042C,0.12131476277283504
CC_E9A2AF5F8E21,0.1691656793045344
CC_E9A423E46E5C,0.06741908181894682
CC_E9A4F6393E3C,0.23843577813506975
CC_E9A7A7FF54FF,0.17585415376134994
CC_E9AF9516B345,0.06827395840374442
CC_E9B11AF9F3A6,0.14061564978143548
CC_E9B8480FE25F,0.06073363630825783
CC_E9B84C4A0B42,0.2087604365449678
CC_E9BE22174848,0.14251389189250147
CC_E9BEDBA9D634,0.12849072312059498
CC_E9C2929F29A7,0.08531429035969378
CC_E9C53F80E8F8,0.10031749743109072
CC_E9CCBC3D6BAD,0.12154956308766422
CC_E9CF7A47AA69,0.2990665259132245
CC_E9D154767E12,0.12093714710449657
CC_E9D1FFD9C024,0.4213988026179042
CC_E9D3771F58DB,0.5450242413682218
CC_E9D3BF8495EA,0.41277111588554316
CC_E9D724344E0F,0.7726246226625211
CC_E9D97BFCF700,0.10791743544235684
CC_E9DAC2AC0694,0.03309195953833513
CC_E9DCB9374F91,0.12252592042804
CC_E9E30F204CDF,0.12808581425204993
CC_E9E48814E35E,0.22697624200512231
CC_E9EB68851F38,0.08076325109888814
CC_E9EBEACB80AD,0.05047708107936042
CC_E9F255EB361C,0.22519750979789288
CC_E9F2B2678E63,0.4300716263202057
CC_E9F4EBFF771E,0.6317424061162705
CC_E9FAB73E8178,0.15609494555624676
CC_E9FD1C81954D,0.09649106616691563
CC_EA01174B971D,0.0978997940382216
CC_EA07CA7A5302,0.16226528340844154
CC_EA0D7FA1BDBE,0.11865335739549161
CC_EA0E85246B2A,0.16699469537249384
CC_EA0FAF4A35F4,0.16549468323676378
CC_EA13E7CF90C1,0.0829727016141166
CC_EA176CDD8BD8,0.25039277708096364
CC_EA17B4E5C763,0.1656926712914768
CC_EA1BBFBF2F81,0.27683820631656064
CC_EA1E94D6A4BA,0.12703449796788588
CC_EA20568B0A19,0.10040460601975391
CC_EA216B5A6996,0.045351530700635315
CC_EA231668298C,0.3808363493801662
CC_EA248FAF452C,0.08311501670472245
CC_EA26CEF8A491,0.6543759914593104
CC_EA29C9EBBB09,0.5083206288728933
CC_EA30702481A0,0.19628947467602723
CC_EA406D520043,0.10495795123205784
CC_EA42F6745A8C,0.6375198793160718
CC_EA45DCF9324F,0.2295917004668008
CC_EA4896A371C3,0.28186803167589175
CC_EA4BAF44BFA5,0.14057158247961377
CC_EA5502B341B3,0.6782978955929331
CC_EA55E483AE06,0.1197200737755292
CC_EA5AA4C385A0,0.3303525226038054
CC_EA5B18E28772,0.3308595970366682
CC_EA5B31BE5B10,0.3165695416691201
CC_EA5BB1040E58,0.10810152368025425
CC_EA63351970E6,0.05350654180300736
CC_EA6B12BC3CD8,0.2673043808437603
CC_EA6B86240B8B,0.09875398554984377
CC_EA6C11EF512B,0.6259820045137247
CC_EA6E24483267,0.11643810238449007
CC_EA6FF23CE6CD,0.08493890290895459
CC_EA70F3DC8596,0.14989569874805414
CC_EA710F5C6E45,0.10452015642793593
CC_EA74C5C33DB2,0.7936393269897228
CC_EA78499820C8,0.07609970879523638
CC_EA795F09D340,0.15398412734767386
CC_EA7C6D4018E1,0.2980407862457294
CC_EA7D0F46B4C3,0.19088783022023187
CC_EA7EEBC86C8B,0.15309789802317172
CC_EA83B1BE7EB4,0.03789804367426318
CC_EA8C5F13F40A,0.15727379122194973
CC_EA8CB236F453,0.05386503587096706
CC_EA91E2C66143,0.2417987237131861
CC_EA927B42B7BF,0.7402585471359451
CC_EA978C1C1952,0.4723668156108133
CC_EA9B4814B8B6,0.053713478712697174
CC_EAA356EF2E26,0.04669102740729008
CC_EAA52A3A12EA,0.12403277265208086
CC_EAA612F8B407,0.7732726208749654
CC_EAA8BC350AFE,0.4786077930729733
CC_EAA9A876A27F,0.2653582115569404
CC_EAAAC2A8111A,0.14310238031774128
CC_EAB093C1E5B4,0.07386336190241409
CC_EAB19FB15301,0.15017138610624398
CC_EAB22B201C32,0.7614522921502788
CC_EABA7499A018,0.3701847015689059
CC_EAC549C8A756,0.26081975699888094
CC_EAC592B85D4E,0.07381535621510599
CC_EACA92153F6B,0.16605388792906187
CC_EACAF6B7E353,0.12016906350857041
CC_EACD468C77C0,0.04162268418948138
CC_EAD955ED0D3C,0.1289351932716494
CC_EADB40DE1DCD,0.6232147290051551
CC_EADB8AD25670,0.14451859418307808
CC_EADC476DAA21,0.15783945946520886
CC_EAE074802A8D,0.2098772960062333
CC_EAE281A68259,0.39478629307700214
CC_EAE2D6922852,0.15876001692403469
CC_EAEEA57E8B43,0.10777559786695134
CC_EAEF35C6770E,0.15527509844436066
CC_EAEF4CA3601F,0.09571447081944291
CC_EAF4FD59C854,0.19641637790313593
CC_EAF51DC7D7B9,0.7203533962647511
CC_EAF757E54BD4,0.045247220543256826
CC_EAF9FBBB9026,0.07709601427394527
CC_EB0BF2C738DC,0.36076393182943206
CC_EB0CDC09BBBD,0.12340257933332513
CC_EB0FF1327701,0.11601149263566406
CC_EB175477065D,0.0930746289252258
CC_EB1AD28ACB4E,0.3817021301624188
CC_EB1B09D381F4,0.20274794072467608
CC_EB1DE3A1D1DC,0.6101442236045022
CC_EB1E3F604267,0.7056376246313822
CC_EB1F9EA888C8,0.0529821325182098
CC_EB20F76537EE,0.624400559320329
CC_EB2192737AF2,0.049113586800704774
CC_EB2350B49336,0.18577358122911497
CC_EB2388977CB9,0.04501712855162704
CC_EB29EAB0CF17,0.19247489460356176
CC_EB2A62A5AF7B,0.2601949653283711
CC_EB2B76A4AECF,0.19600126248649638
CC_EB2B94FA3981,0.12644976749996117
CC_EB3083DD8929,0.0723198102495716
CC_EB30F04903CA,0.0580912605776559
CC_EB34B89D8505,0.5718174949453642
CC_EB36118731A1,0.22611781372298073
CC_EB381AB6F35A,0.06043848755744171
CC_EB3BA3DF3C18,0.32447460897664593
CC_EB3EF79EAB12,0.16386115287245936
CC_EB4052DDFCEF,0.24989269394844701
CC_EB42352B9588,0.18242147254434146
CC_EB4601E1CC89,0.05055476474706031
CC_EB464007A114,0.12150775162880526
CC_EB46D4036172,0.18665004347184094
CC_EB48C7C78653,0.25298242887309635
CC_EB4AA09C7534,0.684872125114159
CC_EB4AC42D266B,0.04473858653642014
CC_EB4E68BCEABF,0.08407268756478156
CC_EB57A734AD02,0.2885595980470729
CC_EB5B521738D3,0.6789356619053339
CC_EB6427AF9995,0.14672733476410899
CC_EB6545D6F6D2,0.07624306137475981
CC_EB6581CDF1EA,0.11711058792168201
CC_EB6855895E7D,0.16694220326842452
CC_EB69C43339A9,0.22906609678078876
CC_EB6C54AC32F7,0.06766631725829045
CC_EB6FCAF10761,0.22056071224383933
CC_EB7049C755A1,0.06849911498768796
CC_EB7068001E47,0.057818493628447445
CC_EB707520966B,0.0760309639881627
CC_EB753AC5E853,0.22448233030055129
CC_EB754FEF91BF,0.12123721040386981
CC_EB770754E335,0.04159527693289912
CC_EB79653B77B3,0.14859720656977665
CC_EB7B3A9BB3F7,0.08192219560633635
CC_EB83BD5C28C5,0.4797354740835442
CC_EB8CB59DE2E4,0.13920043855520464
CC_EB9173AF621D,0.15805680227878438
CC_EB96D8BA6A28,0.14564014500091363
CC_EB996D05539D,0.7062872737232266
CC_EB9D01E2D1AD,0.2930809799694272
CC_EB9D7033D900,0.16295950171018905
CC_EBA05E8FC8D2,0.4052411779883891
CC_EBA0B84CB166,0.20250924555196526
CC_EBA73BEF5B02,0.04184084767845406
CC_EBB390469208,0.6871378536290138
CC_EBB67F2C0B93,0.06803791159376672
CC_EBBF1F28BF8F,0.13689196506166837
CC_EBC2F3252F38,0.07612274308381659
CC_EBC51B8B8448,0.038829457474928816
CC_EBC77E840F24,0.20574422497131312
CC_EBC851D42221,0.12521434404970105
CC_EBC9503593C4,0.037170603691590164
CC_EBCCE82CC45A,0.19555448923162022
CC_EBD50C380D5B,0.7273577799056783
CC_EBD5189292C3,0.11409280195500818
CC_EBD7E8ED8EE9,0.14654803648520615
CC_EBD8E3E32B28,0.14308729196533068
CC_EBD9FEA86C92,0.25054366350960916
CC_EBDBC75638EB,0.18045652236373325
CC_EBDC9ECE9D77,0.24825845130015695
CC_EBDD4EE88246,0.04264612934712758
CC_EBDEC771FD96,0.30233319585330287
CC_EBE56835F074,0.25170540363513594
CC_EBE7BCEC15F3,0.10811907039045716
CC_EBE895B500C0,0.1754512989470988
CC_EBEAA4D80C7C,0.1816839543024277
CC_EBF2729A1828,0.6235023556721576
CC_EBF6C17EF48D,0.2315927621295546
CC_EBFB26EE25DE,0.11392320966777805
CC_EBFBFF0F73EC,0.050931166646696426
CC_EBFF2BEFEF35,0.06701367819232827
CC_EC06D788F73A,0.10398820970000122
CC_EC080F50F3D1,0.474210146622528
CC_EC098F46A688,0.10546472394557546
CC_EC0C72BA1101,0.23857190792832653
CC_EC0C9FD04136,0.7717239060388075
CC_EC0F13957E70,0.3212044674820608
CC_EC119AC05997,0.18976423869995868
CC_EC154CF7CB4B,0.15204904958663518
CC_EC16048BFF6F,0.2312185837631125
CC_EC19F23318B7,0.11458981784156688
CC_EC1A76BA5182,0.2008310161649028
CC_EC250D38CC6C,0.4264806130191234
CC_EC253B21ADF4,0.12292646937434384
CC_EC27234CBDFF,0.07369961373650026
CC_EC28CFBF2690,0.06610952016393237
CC_EC2C517F4F95,0.16608498579785075
CC_EC3328A2345D,0.08248656105596498
CC_EC3769F89C75,0.5179268708458689
CC_EC37EF984DDD,0.18660616953297793
CC_EC39E2D03D48,0.0861497510383872
CC_EC3EF2A25A8E,0.09880937399044909
CC_EC4402AB90E6,0.062024030490724524
CC_EC464AAD9B0B,0.7493622070928164
CC_EC475254F940,0.05774120504035017
CC_EC48D8242187,0.21497566977555443
CC_EC49B892FD1D,0.7116007460952452
CC_EC4D602BCE2C,0.6656907210020705
CC_EC4E88D4C944,0.058607401205322776
CC_EC4F262AA299,0.19947750472451425
CC_EC50D69E4D08,0.12205440112823913
CC_EC51F1E3D71D,0.16058948180022323
CC_EC533D5070E7,0.16803771435784792
CC_EC53C9F5DB64,0.1437930523849633
CC_EC54B735E44F,0.15320078904417458
CC_EC5598FDDEA6,0.6866086603437551
CC_EC561A20B494,0.045177326576510614
CC_EC591AE4A848,0.12318804384860702
CC_EC625DACE44B,0.6420481557321015
CC_EC64332BECDC,0.16204941853678984
CC_EC659A59C135,0.21642866153113133
CC_EC66109A1B41,0.06580124705822944
CC_EC66C8E52D77,0.09224549794045282
CC_EC67602A267C,0.09170233058312054
CC_EC6E3B5A0CEF,0.6856742375733079
CC_EC6F25231E3F,0.31624468230848163
CC_EC6FE59BE0B3,0.556697514813613
CC_EC772D33E67F,0.08838882254340591
CC_EC7CBE47FBB0,0.7408483726421421
CC_EC7DE6D7A2B8,0.04368658352516559
CC_EC7DF46BFDBE,0.20205827517365643
CC_EC7EB73E2514,0.2047591891070087
CC_EC7F3FAF05AC,0.14547913631777756
CC_EC82C16CED63,0.07749024794830198
CC_EC8650C58539,0.10329662870332604
CC_EC8651491815,0.11287772395425211
CC_EC8879F84D28,0.2537254971299034
CC_EC90CF50F02B,0.059695221910864335
CC_EC92402BCA32,0.053315029549803994
CC_EC92B0E7FFF1,0.4512749043679096
CC_EC93320B05EC,0.04700745818066918
CC_EC964AACE0A9,0.12868197160128841
CC_EC9A3E06E2D5,0.17215624325908435
CC_EC9AAFA5B21D,0.12436180603783997
CC_EC9B07F8AC81,0.13123656994542
CC_EC9B0D9E88B5,0.16704109388376182
CC_EC9DB69794B8,0.11907091253173438
CC_ECA31FC82853,0.14039466915590068
CC_ECA9294220BC,0.5616104447925696
CC_ECAF97A82D4D,0.4147305741295469
CC_ECB21CEBBFE3,0.11705186946139237
CC_ECB37981188D,0.7249690383913777
CC_ECB5D7633883,0.24917720551564856
CC_ECB7F056A2AC,0.05671099527493686
CC_ECB92AD9BB63,0.10770699358059974
CC_ECBECDD68AFF,0.7434622006010301
CC_ECBF19FC42A5,0.16850749464175804
CC_ECC735ED381F,0.12685940507005636
CC_ECC835B9DCD5,0.06859531411059498
CC_ECCA800BD1BF,0.1815120849877328
CC_ECCD81789A3D,0.08187549346044026
CC_ECD743C1E1C8,0.6785988111807251
CC_ECDCEF050026,0.176179228391479
CC_ECDD25CEE7D9,0.1716484011320238
CC_ECE090D64DF0,0.7514654535115857
CC_ECE3714B7945,0.23128931063082483
CC_ECEEAA2F7E0D,0.06823220992108428
CC_ECF3C1A69115,0.1032970055995229
CC_ECFA6C416622,0.06165828045392535
CC_ECFC083D67F0,0.1875859294223595
CC_ECFC8B937581,0.05930215449138716
CC_ECFE98A2FBC8,0.34429695590180637
CC_ED05577CC680,0.045971713010183116
CC_ED0692E63D34,0.11589369395650222
CC_ED08663CE966,0.05501339010989233
CC_ED0C85F40EBD,0.07211784535868744
CC_ED0DFFDFE461,0.14751877041423897
CC_ED0ECB1E8364,0.09374693310039164
CC_ED0FB01240E3,0.05522434543952274
CC_ED11F03114EB,0.06772068647963951
CC_ED157470C70C,0.2047678317879928
CC_ED1A2D2287E9,0.4448583959111379
CC_ED1BCB92F597,0.3731761497152621
CC_ED1F7A4CD40B,0.07123775666826118
CC_ED2166005629,0.19533969455485936
CC_ED24E4FA2A58,0.11193323349421251
CC_ED27D77A875F,0.11165861018897964
CC_ED28CCB10D84,0.05876277447191984
CC_ED29FD94BA66,0.13181533248945163
CC_ED332FF4D1F1,0.09730316402345192
CC_ED35F2CD6162,0.5402151410189988
CC_ED36A6E8DD69,0.09160534684545889
CC_ED383BBFDA93,0.12437532479885367
CC_ED40A464BA02,0.16587892417543673
CC_ED41695EB7AD,0.086633038379861
CC_ED43C454BCE3,0.7178206789562851
CC_ED4811DB1C69,0.171627057502215
CC_ED4D45895A05,0.0645096836109719
CC_ED4EC738D389,0.11872571024065892
CC_ED5220DC8CED,0.05040294831238683
CC_ED5931D973D5,0.07625316874283669
CC_ED5A1FF8AC1A,0.09969669445363458
CC_ED639F6E5FB9,0.5765727920346724
CC_ED647ABF1DBA,0.11247220779734697
CC_ED65EDA44E60,0.42707360400764205
CC_ED6744A74F3C,0.17460492434397706
CC_ED816A7D5555,0.15400542332793843
CC_ED820DC67B87,0.5861915476262565
CC_ED834E81704F,0.16054587185388164
CC_ED83B53E7B6F,0.12419494474260998
CC_ED8878C1AF7F,0.6730697454933918
CC_ED8A3BEBF4E9,0.13478925698557198
CC_ED8DB528A20D,0.12763936822082092
CC_ED8E6B781B0A,0.14012289838349984
CC_ED91B665D8B4,0.11444584301401724
CC_ED92D6A9B7E5,0.6769870090932395
CC_ED9328889A4B,0.7471962645683088
CC_ED96F1E0C08C,0.06008010131274143
CC_ED9ACE1CC7BA,0.1720175820383953
CC_ED9F1261F6E1,0.18840943330102405
CC_EDA660DBEE87,0.6332894347106005
CC_EDA7B2E91C0E,0.060447019261945276
CC_EDA7BEF5F2CC,0.7357573180535395
CC_EDA7FEF5C8E2,0.08963795345603795
CC_EDABEAC3FF84,0.1884028483662919
CC_EDACBCDC2BA7,0.041676092448741174
CC_EDACF32AA3BC,0.32208534437050934
CC_EDAF6FA9BB77,0.19038323233815474
CC_EDB622974E3E,0.051605312558511085
CC_EDC77F50BD58,0.1582193961785025
CC_EDC87EA02652,0.07656186294606676
CC_EDC8AE18C2ED,0.041063499589683757
CC_EDC9D8D832E8,0.30942694466122933
CC_EDCAD9E69F60,0.1369358039831287
CC_EDCDD3DF071F,0.6663179159757148
CC_EDCE9C766DE8,0.47084899225645066
CC_EDD164A66203,0.602800281978775
CC_EDD48B8A728F,0.15199612116815575
CC_EDD58E9198BB,0.14660508087844015
CC_EDD714B26133,0.7274265395522959
CC_EDDCB6758AA6,0.0780629327467983
CC_EDDF9FA11244,0.0969269520470081
CC_EDE2749E9189,0.054158185748324386
CC_EDE3698A586B,0.36190746810474594
CC_EDE4881E4F07,0.13637700046111023
CC_EDE51E1BD669,0.5380963827459049
CC_EDECB672816C,0.19624385596068664
CC_EDF042542DFB,0.5916265838196956
CC_EDF1028681DC,0.19611151509093377
CC_EDF119116CB9,0.10582417009647072
CC_EDF2A74D974B,0.14071628955386814
CC_EDF6C5AB3D1A,0.1642063714473442
CC_EDFC31CAC741,0.10547564189494693
CC_EDFCE6736A22,0.16565544088896741
CC_EDFF7FBC6627,0.10581525227746875
CC_EE0460BE25CC,0.2608067261722076
CC_EE05E41E7E4C,0.09156864044054226
CC_EE09DA40E6DE,0.09760495385391309
CC_EE0CAD0F2BC3,0.08087817068517847
CC_EE1578598854,0.16748027735214557
CC_EE17D1DBBDBF,0.13322833103884493
CC_EE222E8D44A5,0.04951454790655864
CC_EE27AA5CB335,0.35514406531312576
CC_EE2CC2961E14,0.10529634369186584
CC_EE328E63D6D8,0.07614587604029607
CC_EE33D826A97D,0.20150445178071247
CC_EE3601FA7B16,0.18900597605022681
CC_EE371B032A9E,0.07787880091578843
CC_EE3765BBE328,0.05864690230816718
CC_EE3B4314470F,0.24890306145499422
CC_EE3DBA944A25,0.1786138186382467
CC_EE3E700C788C,0.06741037331849559
CC_EE43D45FE4A8,0.21692148152297838
CC_EE45B446CF48,0.33008911121563855
CC_EE48BF6C9DF4,0.4231089455460326
CC_EE49E9FFF12B,0.1008134889339077
CC_EE4B989B7B31,0.08747371679402496
CC_EE4F65F176D5,0.28933820054756704
CC_EE507EE68DDC,0.04449227959976009
CC_EE52100AC56A,0.128629926011874
CC_EE5779B6033F,0.21528000657308435
CC_EE58E1526116,0.09486806299031922
CC_EE5D41758D79,0.3963872017460929
CC_EE61533810DD,0.73463502993244
CC_EE64B74DF737,0.09142794118316072
CC_EE6583A0F80E,0.6064625001823735
CC_EE6659B36E51,0.7441488080699962
CC_EE68D60EDE2C,0.7111331883305082
CC_EE68DA343C48,0.15737263008134814
CC_EE6C69176E70,0.09278198886002934
CC_EE6D8A795FEE,0.04558779209856513
CC_EE6FC349C56F,0.11465184992106352
CC_EE6FEF413AC1,0.0729024552010701
CC_EE714272917E,0.10888086051244136
CC_EE76B5671F08,0.09151295793838338
CC_EE77AB339ED9,0.1502163899581796
CC_EE81183F31F2,0.11774967023101841
CC_EE84081424E4,0.09259667821707782
CC_EE88C0EEA0AF,0.09515593794038393
CC_EE89337A31B5,0.6010452102524915
CC_EE8AB880CE6C,0.11286718283030676
CC_EE8BEB97C001,0.09858769118925689
CC_EE8E3F9C775A,0.10044591009179078
CC_EE90A7D76732,0.4308338070190218
CC_EE9130769CC6,0.14145499720195492
CC_EE946C42EA46,0.1439340983453318
CC_EE94726D5872,0.39048256986366353
CC_EE975F05AF4C,0.07119051953492112
CC_EE9C2EE848F1,0.15337970961337993
CC_EE9CD5180D13,0.08758461243033774
CC_EE9E96A419AB,0.20299780909473242
CC_EEA269C6EBA2,0.04406563875000413
CC_EEA296E9E5D8,0.17590993291044707
CC_EEA328E82AA1,0.05719369355036034
CC_EEA5C07397BC,0.22387608977705642
CC_EEA83F308FAB,0.2380219684358996
CC_EEAA9DC55078,0.1952465334662452
CC_EEAF84C32F09,0.12382088838178495
CC_EEB0568FB212,0.7301180968346211
CC_EEB0C64038BE,0.12963127576028147
CC_EEB730E88848,0.18917745486342388
CC_EEBC541BEA2D,0.2065854233193707
CC_EEBECB3AC0F8,0.4883446611523998
CC_EEC48CD0FFE3,0.344009060970195
CC_EEDA34505077,0.06213145997556567
CC_EEDDF5D6B012,0.1250283262338199
CC_EEE123B5BA3A,0.2295597379028242
CC_EEE244106242,0.10918388192042479
CC_EEEA5436F575,0.27464627425042126
CC_EEEEDDF24BC8,0.06998661602764523
CC_EEEF0FE0661E,0.04938199968212092
CC_EEEFD4269123,0.09914827914004745
CC_EEF361FB89F9,0.6949137031838711
CC_EEF7E7EF23EA,0.12447332951452925
CC_EEFDF0A3BBA7,0.14380331645258
CC_EEFF0A757763,0.2776134964107012
CC_EF01413E0666,0.7330160598288736
CC_EF04261B4CCF,0.28910067645979765
CC_EF09C78B0A0D,0.10643907283579337
CC_EF129850DE9A,0.6690651939090673
CC_EF14090B9FF0,0.10343563888999
CC_EF1744B34E03,0.6560862997654204
CC_EF193A2B952C,0.08462406105595775
CC_EF1CDAF85A45,0.2092992687624137
CC_EF1FE720320D,0.12602535845685986
CC_EF206A266539,0.264531919988381
CC_EF2B7E79B236,0.4846244232451652
CC_EF315A79538F,0.13587558884309253
CC_EF32320415A1,0.6054873681930516
CC_EF333595BBA6,0.14781728683014758
CC_EF336D3B7A1B,0.09985401056176645
CC_EF347FF343C7,0.17871628227274292
CC_EF391F06A44F,0.06017154117820257
CC_EF3984D5C286,0.5988241820242506
CC_EF3A9A3D1E9A,0.10946983403094712
CC_EF3BA7A4773A,0.7698875829558521
CC_EF3CC8C5F7E7,0.11283446414580833
CC_EF45126C25F5,0.23930585124857967
CC_EF45D4364301,0.13481897261031825
CC_EF4841C3201B,0.7058467126815846
CC_EF4BD33A9E96,0.3794317927155842
CC_EF4FEDDF74CB,0.048304697241923385
CC_EF535089161C,0.09419407551440287
CC_EF54004B514A,0.06471863862161475
CC_EF5881201E77,0.2640794667989278
CC_EF5B496A7594,0.32183262347412805
CC_EF5EDAAF841C,0.25404735238813286
CC_EF60D154223C,0.06747799712720941
CC_EF65E1938828,0.061266402084521596
CC_EF660B5F76EC,0.05008900022208172
CC_EF6B8D0EDFD0,0.07507574505617663
CC_EF6BF42B3266,0.2373431155277582
CC_EF6C67C300C9,0.05847177464310906
CC_EF6D4E927165,0.15850165659556148
CC_EF6E80B9F7D7,0.10769387240546935
CC_EF6F99402FC4,0.10415200664800686
CC_EF73D5E689EC,0.15787881687282085
CC_EF7B562D12BF,0.14665344031578845
CC_EF85640DE9CE,0.6522281183151862
CC_EF8644863F62,0.08547021644645272
CC_EF866307A998,0.21791648231237043
CC_EF88DC5345C7,0.17486572429208208
CC_EF912B3C6B12,0.17825967258632952
CC_EF91F629B22A,0.3480340995517552
CC_EF93FC3615E5,0.21495972842277883
CC_EF940D14E5F7,0.16223231428632992
CC_EF9557DCF793,0.7793296233257814
CC_EF97EB80153D,0.1641177859655005
CC_EF9D9EFA12ED,0.5263364858100511
CC_EF9E4D8577F9,0.12494905538531242
CC_EFA516B42608,0.12364666525882877
CC_EFAB4AF06AFE,0.45015696418236023
CC_EFB57D1499BB,0.04024135998365773
CC_EFB880EDA169,0.7531149809926206
CC_EFB93AA9796D,0.4864029500456267
CC_EFBE0F8BA5E7,0.10211191036810001
CC_EFC22C7E3C02,0.16158397558579468
CC_EFC308099CDC,0.42138031053195035
CC_EFC464849CE2,0.23758040311525708
CC_EFC48B85AC6B,0.7618855797620396
CC_EFC7FB7AC4D5,0.640261311519628
CC_EFCC52DB6CDD,0.18598566108429038
CC_EFCE34FDAEE5,0.19094500372902518
CC_EFCE548BB532,0.04831946271923336
CC_EFD2130B746A,0.09185264531568753
CC_EFD3DE750A0A,0.051379488305400844
CC_EFD57744EC7F,0.10186381091884741
CC_EFD5C10A0F08,0.33416799740122916
CC_EFDAE1EFB7F7,0.14194737380138478
CC_EFDBC1AA5B8E,0.09280730500083392
CC_EFDC44D002D6,0.08646539778201798
CC_EFE087A2CB70,0.1671194743559155
CC_EFE257EF20D7,0.18129565104296502
CC_EFE2E51E3797,0.19062730168853478
CC_EFE4A8E34A4C,0.09770671937285648
CC_EFEAC2F8277E,0.23497968967277388
CC_EFEFC956D905,0.1644453349170258
CC_EFF2A9FCCFCB,0.03721286301636338
CC_EFF7E405498C,0.20034287139130863
CC_EFFC3DEC541F,0.16970554010181219
CC_EFFC53FBC4A1,0.1335750041206031
CC_EFFDBD7FB8A1,0.06072589196644875
CC_EFFECA7C0BFD,0.4509148886913204
CC_F00121415C83,0.513627606728639
CC_F00212B43D33,0.09174850668369594
CC_F002B98419E6,0.3058661119908245
CC_F005196CFBA4,0.40962335594568716
CC_F0068CF9801E,0.16224780873971764
CC_F008A5CA09B9,0.08671905889982241
CC_F01192CAF0E0,0.03377168503892582
CC_F01504D76328,0.2370706077417611
CC_F01591560A02,0.11853473199022795
CC_F01A958E3E91,0.09360603023113549
CC_F01B6EC922C7,0.11485496274492799
CC_F01B8939BCFA,0.07818524437109947
CC_F01D7E8264D1,0.04630484919850851
CC_F01E9004A196,0.11102102883160185
CC_F01F627EF23E,0.10582723491500323
CC_F0224999F146,0.05455568039331253
CC_F0224E66C3EA,0.07556745490503806
CC_F02475E95762,0.09443446524912937
CC_F024A411DD18,0.07172759998876721
CC_F025DD2B2145,0.5761907869627735
CC_F027115AE758,0.20566763188608878
CC_F02949DFDDB4,0.6522172287421357
CC_F02C105EC7EC,0.1408786540378493
CC_F031DF1017F4,0.19429094545510503
CC_F03229E0EB18,0.12355390510851591
CC_F032CD494CA6,0.1274964073679134
CC_F03540DA339A,0.11115961961006304
CC_F03557288154,0.061637926095532626
CC_F038466F0F7E,0.7379901725351097
CC_F038E2B33323,0.05960702774841935
CC_F03E920DEAE2,0.4548683034631223
CC_F03FF44BF7BC,0.22090773045912876
CC_F044EDA4E2EB,0.03797872153341769
CC_F04638DDCC44,0.07217676873199022
CC_F048EB35197C,0.1863667071184925
CC_F04D4204A9B1,0.15429539205091516
CC_F04DA3F95FB9,0.1232300084270597
CC_F053CBC1A7B7,0.11612792469020258
CC_F0580F774791,0.32625248349950614
CC_F05873B3DAC3,0.15638611252990095
CC_F0598C24DC1B,0.22351786111721367
CC_F059CE6ADD3D,0.7172245886133346
CC_F05BED120C50,0.21779489910317779
CC_F063DD982324,0.09328897421675605
CC_F064862A8699,0.19590498520142974
CC_F064EF8099E6,0.23387445310263044
CC_F0717602DA13,0.11291455399124331
CC_F071960D0446,0.11576738058829994
CC_F071B8BD7754,0.562820941116409
CC_F07355B27180,0.15374768773029904
CC_F0742E912901,0.13894972273132783
CC_F07503347B5B,0.6413736856681743
CC_F07656D893AF,0.1851481858397692
CC_F077FF269F20,0.11213037041648528
CC_F07886655001,0.04307649918949191
CC_F07BB6FA77A7,0.2530036120860678
CC_F07DD9F7684C,0.19526451885792112
CC_F07E912FCD12,0.15824919924711933
CC_F07F365A516D,0.12390350700185486
CC_F0825952AA75,0.2264797611632276
CC_F0848699A936,0.2580828735459004
CC_F0852F39E666,0.06124190883009937
CC_F08535932C23,0.11085090649176524
CC_F086D21788A6,0.06212377921821292
CC_F087E706B69A,0.42355837594143414
CC_F08B6F00055F,0.17691315696010773
CC_F08E52D4CE57,0.18119677908509135
CC_F08ECF60FF95,0.1838007852063525
CC_F090C29D83E7,0.16907938774171105
CC_F093C4E63614,0.09230309231337593
CC_F0944BEF615C,0.6730842012114064
CC_F097285DCBB2,0.043006414187705795
CC_F098969753D1,0.3760088126106103
CC_F098E444ADFF,0.34407398300607117
CC_F09BD1A86972,0.16675488624745088
CC_F09C18D5213A,0.07894955423613162
CC_F09E6B006B39,0.1938163404064716
CC_F09EFF3E864E,0.0442160704326091
CC_F0A174B66C59,0.191654087294371
CC_F0A37249FC3D,0.05114776144274099
CC_F0A6407599D0,0.07030110047693454
CC_F0A89DD5B693,0.18547880409744
CC_F0A90C69BF97,0.7220939719553802
CC_F0A97D71F422,0.37390060091292243
CC_F0AA46C1AAB1,0.5405022606454495
CC_F0AF0C640143,0.09791151124221324
CC_F0AF1F806F1E,0.04667815143094074
CC_F0B2DCEB407B,0.13318441279017207
CC_F0B2E781B398,0.24859352812946015
CC_F0B4DDB2CB1E,0.6914394343775059
CC_F0B506A10506,0.09462501718497682
CC_F0B6DCDA050C,0.22360970179903114
CC_F0B820FEF1F8,0.7616922559131674
CC_F0BAA550C57D,0.11202387099081654
CC_F0BC9438DEE5,0.3626402430407315
CC_F0BE6E29798E,0.0563489504001312
CC_F0BEA2B24A62,0.06981767402393485
CC_F0BFD800091E,0.17795070695710943
CC_F0C3BA8BAA9A,0.5847147974915567
CC_F0C4EFEB70CD,0.1454978513238681
CC_F0CBF8589340,0.7695079957831077
CC_F0D1CE9C0D86,0.5505156468266532
CC_F0D242CB0665,0.1258322301098597
CC_F0D5A167078C,0.2895585581314314
CC_F0D5B97987AC,0.31695470565936434
CC_F0DA10F4F5F0,0.06422836168282728
CC_F0DFF5A56B81,0.060958913988505836
CC_F0E34E485A9A,0.19312046135331948
CC_F0F0067686A6,0.09759714740962709
CC_F0F239532433,0.0689115862524782
CC_F0F9398E9E72,0.11811480882281522
CC_F0F980496A42,0.6070563375022395
CC_F0FF4F02A7A1,0.5980484583104716
CC_F100E3F2E74F,0.12602709397140394
CC_F103C98F4F79,0.04863523320582748
CC_F1043549D5F9,0.3996481379154876
CC_F107DFD57C55,0.2875241293199435
CC_F108BB9E8232,0.1947670391086628
CC_F10F392E2C46,0.048344262705775284
CC_F111A9EEF85F,0.06053786998217355
CC_F1136887B346,0.11147970826342177
CC_F11414589B94,0.04982091229282136
CC_F1148ED1D3B4,0.1392911180804765
CC_F1181DE8132B,0.09279594379408226
CC_F11AFF99461A,0.0716732324846677
CC_F123A4170C6D,0.19102794014876964
CC_F123BB19DC6D,0.07486424529884611
CC_F125713B2232,0.3336210479698577
CC_F1289F79C8AB,0.15348687561392935
CC_F12964D84B82,0.09562716658093082
CC_F12B2AE8E25F,0.264671553129329
CC_F12D366FB382,0.12346810002578543
CC_F130BEFBDF2F,0.13434394232219793
CC_F130E39084F9,0.1901623857417397
CC_F1329C651393,0.3615399518874113
CC_F136CCFEADAF,0.7420030036285872
CC_F137564BFCB3,0.04969004543604257
CC_F13AFA5B577E,0.28374231439474606
CC_F13CE7C6FA72,0.11706095280875686
CC_F13DA6490C0D,0.15152195213008873
CC_F1420D7B2785,0.08422714177264756
CC_F14E928CE2A2,0.051444000333817894
CC_F1502B631457,0.04821863768179112
CC_F153A43730CE,0.18918801294910717
CC_F1563F545ABA,0.21530073208740808
CC_F156A55927C6,0.2371804600911204
CC_F15C5AAF89C4,0.7120610781670502
CC_F15EE866C042,0.11540192604720075
CC_F1602D59040A,0.11274640983641733
CC_F168940F3DF9,0.20513537283304503
CC_F1699E6FA160,0.6727771798988826
CC_F16C94351E01,0.18258325630228517
CC_F16D6DF0964F,0.39973006587915205
CC_F16DB505CDD9,0.047323324608345665
CC_F16FF2565D40,0.033601871051066254
CC_F1728D9FBA32,0.19788953924961775
CC_F17356647B15,0.7599354832777779
CC_F174CD062E07,0.09746400995069202
CC_F17762E38971,0.6674544038311224
CC_F17C793DBD17,0.18886125272764312
CC_F17CB99562C3,0.10330999716610756
CC_F184FB7B3159,0.45168133886658257
CC_F18DB774E4F2,0.16792946965070293
CC_F18E1B98C133,0.5794512566352374
CC_F18E4A262409,0.041373651815353074
CC_F18F38BB9224,0.08017740287188105
CC_F1908FC01A80,0.2818109618346493
CC_F19257886E20,0.17919281533188114
CC_F193FAF607A4,0.08455134399907153
CC_F195ED8AB75D,0.11239945483615639
CC_F196544CF99E,0.6198114239238177
CC_F19D51DB234D,0.6296723830046448
CC_F19D804963F7,0.3218411346677007
CC_F1A12A724B55,0.2131236996402845
CC_F1A5FD1E90A9,0.16998534913205338
CC_F1A9055F2D15,0.1628345046400283
CC_F1A9474D7191,0.4130762937528337
CC_F1AAB7E7C1B6,0.18283565400628893
CC_F1ACBC7B0225,0.616111725340817
CC_F1AEBA6B17DD,0.08194899617518211
CC_F1B3B594360A,0.15851549886270927
CC_F1B40F8C9674,0.2838402722767316
CC_F1B47BF48C1F,0.3850470884216048
CC_F1B53661973F,0.4734619968322912
CC_F1B5ABCE840F,0.18141481852582086
CC_F1B68B98D5FD,0.5009906917292446
CC_F1B68E399DF3,0.06521806577804581
CC_F1BD3E53C52C,0.07368438345739677
CC_F1BED7C6D854,0.1673733336458816
CC_F1C567222616,0.04744417201927574
CC_F1C6748BE3B5,0.20396008667725107
CC_F1CA2918ABC6,0.1064608884847553
CC_F1CADB3B6F77,0.14283600817089087
CC_F1CBA5DAE755,0.12367533020620754
CC_F1CCDF1385EA,0.10282339255495995
CC_F1D17EB5C2D0,0.13745990797993285
CC_F1D25F99725D,0.052511560757348474
CC_F1D28BF651B6,0.10658777461546147
CC_F1D2A949F154,0.13231445302682154
CC_F1D49596FF97,0.16655585882067775
CC_F1D968B41468,0.32215874787797394
CC_F1DC1A019D7A,0.08936255823984628
CC_F1E096081C2B,0.10107475445687131
CC_F1E4AC889C75,0.3254726370240938
CC_F1E7737074A3,0.5204734715087723
CC_F1E7BE57AB11,0.5468912486752507
CC_F1EB0B3A300F,0.6851897110254757
CC_F1ECBF05B902,0.07545539877661504
CC_F1F1C2C9792C,0.38053401936293774
CC_F1F54B087468,0.15865687144770982
CC_F1F681D2AC76,0.23961343529093132
CC_F1F85F206AB5,0.19202094886121648
CC_F1F8F9D1D48D,0.14867721670390668
CC_F1FB4050851B,0.12530429288274986
CC_F205C66E7B96,0.07207799868262446
CC_F206D95E0364,0.5540540200537375
CC_F2097FD4ABE8,0.26692546989855276
CC_F20DFCCCC743,0.046912725682171946
CC_F20E82AB322F,0.14572616094242152
CC_F20FDF9AD50C,0.4163183584363999
CC_F2133C080609,0.1574860947020092
CC_F2136E2AE569,0.1749744180376435
CC_F2155BA9A37D,0.16520330161377045
CC_F21B86862F7F,0.09080889047341702
CC_F21C91CB7601,0.13698668961728827
CC_F21FF9A07F2F,0.24561942403750886
CC_F222B6F139A9,0.23534304075968696
CC_F22392C764CD,0.4060959090317152
CC_F2280BFD4026,0.7192719478451597
CC_F228D4293785,0.06560617265474403
CC_F22ACC0B0994,0.2833973567616347
CC_F22CF4614943,0.16678240068556577
CC_F22D44B6050C,0.7244550271037205
CC_F23B33354AA5,0.5240406062670453
CC_F23D6D61770E,0.25247768425612094
CC_F2429920A80A,0.3934351621497215
CC_F2443F5D2F9B,0.2765744179318934
CC_F2455168E50B,0.09698300386430743
CC_F2460A021469,0.07562823028482275
CC_F246E3533F40,0.17697890644774392
CC_F248FE586573,0.25347717696250627
CC_F24901DAF60E,0.6089691945154047
CC_F24A993BD366,0.17951834682245166
CC_F2555B05221D,0.05336837658772002
CC_F255720E7BBA,0.2326869026793978
CC_F257BDCC0C4C,0.17535057478597582
CC_F258BFBF5D4A,0.052711701063753245
CC_F25A224A1304,0.17694133629981362
CC_F25D5BF6E1DC,0.27758666725410486
CC_F25DF2DF521A,0.08358559950657704
CC_F25F9C7AEFB7,0.1318502356964336
CC_F2658FEB5443,0.10041451943689392
CC_F265D45E9F86,0.0848245902762423
CC_F265E3D87C2B,0.2012048838640844
CC_F2679FF037DF,0.19250648800658388
CC_F26BC4969ED1,0.13233968568016358
CC_F26CA761F6EF,0.17006944733430776
CC_F26D1BFB46A0,0.19746859143404905
CC_F26E81CF67E0,0.7818336274214343
CC_F26F973EC52F,0.11839504504332439
CC_F27100B5A20E,0.05993771193497614
CC_F271177F9688,0.5615429084796683
CC_F27282A36DD4,0.7324304279699418
CC_F273CEC05F25,0.1755960422629385
CC_F274F50ABCCD,0.07516650059356966
CC_F278675EC100,0.05667129278586862
CC_F27A092E7E2D,0.13784301226046208
CC_F27CECB7567A,0.18590419320534612
CC_F27F168BFF13,0.11907629204784567
CC_F28A17DFB9C3,0.6280294526927428
CC_F28ABB34057D,0.1124529780728157
CC_F28AC6446F94,0.7353574598059232
CC_F28D1AC62260,0.11029508644906008
CC_F28E4D9A28AA,0.10261508409156594
CC_F29090CF8FF2,0.1518471426217284
CC_F291FCF60DB8,0.7601038183514548
CC_F297D7BF2FAB,0.07999186276967664
CC_F29A84E4823A,0.13617777922563518
CC_F2A1D94D0996,0.15538431738564198
CC_F2A3F2A3BE54,0.19569481236371047
CC_F2A583F5AA68,0.15371256318991394
CC_F2AC86180A59,0.11484548054115304
CC_F2B0F1CB7E83,0.10214397438596141
CC_F2B6734A4F1B,0.06869715627537798
CC_F2BB21A879CB,0.2940941181122544
CC_F2BC7AA5ACF6,0.041928565522705394
CC_F2BD5C04AE65,0.6784460563186897
CC_F2C1E6D623C9,0.13761884236429472
CC_F2C95C927F6E,0.10619095979358946
CC_F2CA8EDE6A68,0.2375202589017568
CC_F2CC422CB271,0.1486294962007339
CC_F2CE3AF4CC30,0.1782808776253513
CC_F2CFF8EC8FC1,0.3547048808757681
CC_F2D1AEB816C0,0.16762676655632494
CC_F2D296D157A5,0.13884099124036106
CC_F2D2E4BAF62C,0.08863286474565527
CC_F2D33B5202E1,0.34775319364057916
CC_F2D505358E4D,0.20251833117754808
CC_F2DD0DA05CED,0.06848089511051408
CC_F2DD8EAFA0C4,0.0663588248426734
CC_F2DDF7E7CF7E,0.7842247654907439
CC_F2E45102E18F,0.19978456653725224
CC_F2E6D6E5BD58,0.08959877801213782
CC_F2E8AA3DFA25,0.12989213304935215
CC_F2EB542EF2DE,0.12037812353502116
CC_F2ECC4893AB1,0.2034424215276709
CC_F2EE029A1334,0.5555669019090173
CC_F2F743F15540,0.058981389952109574
CC_F2FCBF57D54A,0.21688872506206466
CC_F2FDB39FD5E9,0.1868685949215842
CC_F2FE454D5B6C,0.07019374696518114
CC_F2FED154EEDC,0.09655169179707102
CC_F3002BD71AE5,0.05686452840555979
CC_F30225F6E051,0.04787248492744325
CC_F302E01152E8,0.12855177422386457
CC_F3043666B0CC,0.12717581990617713
CC_F306F4765C7A,0.1022494005568717
CC_F309E3004616,0.09023429831520562
CC_F30B52ABB80D,0.3732094346203111
CC_F30E6440B169,0.24451681577357678
CC_F31626E8FD43,0.21343370629273245
CC_F3170EB08148,0.12380221497804778
CC_F318CF68356A,0.7725172024898385
CC_F31A25F0DC30,0.09613192283262331
CC_F31E73E9EECF,0.07119440468283489
CC_F320632851E0,0.37788579143216544
CC_F320CCF9676B,0.5183291094068243
CC_F3230DD2B006,0.22047934627420201
CC_F32B8BCC3B73,0.08168099235298684
CC_F32C05757B6B,0.15065986206360346
CC_F32DAA63F75B,0.08850498884576713
CC_F32EE5E63CE0,0.17552497968914374
CC_F32F942B2709,0.21445052109116255
CC_F333288D9FBD,0.2218129644572211
CC_F3376CD9AD32,0.15488801626519938
CC_F33A5700002E,0.17784152768338288
CC_F33E1FC06D8E,0.7051727455272878
CC_F340FF356811,0.3301903949963124
CC_F3417A14035B,0.12361579397357751
CC_F341954F9855,0.09381734045249167
CC_F341E12BA14D,0.28061963934129863
CC_F342B8B0EA70,0.7557475359910688
CC_F346DAC39A3E,0.19341452469381576
CC_F34A0E69CCC6,0.160172933415241
CC_F34A39AAA63D,0.2441251481747162
CC_F34A8C8E3DB6,0.20978966050644612
CC_F351F4283846,0.1521789573191119
CC_F3524E458D33,0.6265879059555802
CC_F3533C7D3715,0.10662766374032433
CC_F3567C538578,0.10973515603613067
CC_F361C628FDCC,0.18871570811307173
CC_F36F37D538BD,0.1657827102936566
CC_F371C87BF909,0.1384167662981852
CC_F3763253BC89,0.7547654708316506
CC_F381ECE54D5F,0.14667748115551607
CC_F383879C56FE,0.15611560741606642
CC_F38403DDEE30,0.13295173369258223
CC_F384C49FBD2C,0.12478022829590027
CC_F39079291E4F,0.09963250808846733
CC_F39485FC53FC,0.046966226713765845
CC_F394A2A50053,0.1821066421458027
CC_F397E199AB54,0.14492600683577112
CC_F399F02036EF,0.5694988013351535
CC_F39A263EE1BF,0.04142591116121935
CC_F39B22FAEAAB,0.07354628803000043
CC_F3A059EC2309,0.38509290210080643
CC_F3A25B3186CC,0.20980149175080456
CC_F3A25D7E0878,0.1724781930513652
CC_F3A67CDF27CE,0.20395663084926058
CC_F3AC394C5300,0.10648347773881499
CC_F3AF935D8C01,0.11142261329387881
CC_F3AFA8FC93AE,0.1748585116971067
CC_F3B22C31382C,0.2923536578195481
CC_F3B47152B00F,0.6850664058193068
CC_F3BC8E519431,0.05545151210713608
CC_F3BF8EE921DD,0.17935860330228526
CC_F3C029F1F345,0.08532250410724082
CC_F3C45D47E372,0.05303146134034652
CC_F3C7F2893619,0.0741337928085326
CC_F3C8D1481862,0.6587788333789706
CC_F3CD14BA890C,0.14148819704723387
CC_F3CE9E47C80C,0.13750639123084363
CC_F3CF4DBB008E,0.8267590218002002
CC_F3CF9A62675E,0.23127334463883376
CC_F3D2BA0EEE6B,0.8087322233998355
CC_F3D3C1EE4A30,0.06981940184487498
CC_F3D422C870C3,0.7096798841914806
CC_F3D5FDE6F00A,0.20200256384653592
CC_F3DB0DAEE97A,0.11143616307120088
CC_F3DC4BBBD418,0.13254389404541017
CC_F3E726DD1CA8,0.12881393219482956
CC_F3EA4118A40D,0.10982969219125083
CC_F3F023F94C82,0.3172219955566411
CC_F3F88E4949B1,0.32732030780185783
CC_F3FD29CE30B6,0.16575902994702954
CC_F3FDBBB70286,0.1779920721289474
CC_F3FDF87582D0,0.590574454996721
CC_F40457DA1529,0.6541895463179797
CC_F404C85EED0A,0.17620358252782442
CC_F406F145871F,0.2006228883740877
CC_F40749CA5C15,0.18150809107158192
CC_F4075EEEDA2E,0.1916697950875457
CC_F40BCB3AFAC6,0.1377325763032349
CC_F41832D9C0E9,0.059107879419917506
CC_F418C79A09E4,0.08824571001117144
CC_F41A42DC52FE,0.17819377546886322
CC_F41D12A9EF9F,0.21580763415329543
CC_F42246A9D47C,0.12240772034115073
CC_F42671222BE3,0.17784791805668912
CC_F42B0FBDCDF2,0.3155869021144198
CC_F430C7EB5678,0.14351238364313018
CC_F432336B68BB,0.09382134556803585
CC_F433FDB0D60C,0.054625486882358576
CC_F43664462DC9,0.11973573947176364
CC_F4375474A41E,0.2006690474355623
CC_F44356B9A2BC,0.25733892889246995
CC_F447A8D67984,0.2048804267503732
CC_F4491F242AD1,0.07363168574259402
CC_F44A19E54573,0.03921704456013625
CC_F44BF365B78B,0.0642408996090132
CC_F44C6D96E756,0.3084954955825685
CC_F45018EAC26A,0.1657318221152923
CC_F450D5403E2D,0.12312856723160939
CC_F451F4C3EB57,0.7110050460965944
CC_F457B0F30080,0.34640727779386016
CC_F4581F86823B,0.7315787647045776
CC_F4598285F6FE,0.04598163737265224
CC_F4598BD7C459,0.07274698331124954
CC_F45A16CB0785,0.13062715823406368
CC_F45B0879E7AA,0.06164369192003648
CC_F45B48BF7AAB,0.5666355428366009
CC_F45DFFBA6675,0.057634952048391294
CC_F4631BA1FFEC,0.09817428272279664
CC_F46A355991F1,0.16827975249942284
CC_F46F99736E46,0.07010393238374385
CC_F471FF623B87,0.06347118882628996
CC_F47372B5A0E1,0.07335318967891757
CC_F47432438411,0.10038739830057557
CC_F4751B466436,0.05562894466629551
CC_F479AA17E0E2,0.06328484768836734
CC_F479D213BD47,0.14166802643441825
CC_F47A2BDA106E,0.3844154595286023
CC_F47CA2FECF36,0.09419883278199954
CC_F47F87B773D9,0.2462430202857932
CC_F480A3797F14,0.12406250303907677
CC_F48104FB6562,0.27555563284773144
CC_F48677E0DACB,0.06321216455592295
CC_F48E0985510D,0.09137900271696718
CC_F49750F79B53,0.11087228645819151
CC_F4985439A092,0.1274243126755383
CC_F498A81CCB08,0.05973791611183686
CC_F4A29B1F93A4,0.7062923010758126
CC_F4A6773365B1,0.17550141753769513
CC_F4A80E78D005,0.04580413615436522
CC_F4AC2FDB16BA,0.12308615093703937
CC_F4B1B247103C,0.17659542791024252
CC_F4B5C696B4FB,0.2222978576997557
CC_F4BD2F89D667,0.17937479557906216
CC_F4BE602AC329,0.6556914614774952
CC_F4BF3F3A2CDC,0.06388907295325219
CC_F4C03CB79174,0.18895678243199157
CC_F4C51E07FD3B,0.46837599029154814
CC_F4C662E01454,0.0860170270935879
CC_F4C7498C67C6,0.07178786235642595
CC_F4C79661EE2C,0.22265218239213885
CC_F4CF4B82F463,0.17688215467420287
CC_F4D18D918517,0.18811573261346334
CC_F4D482119A70,0.06372117598153684
CC_F4D49727D091,0.2529286023723028
CC_F4D7BDBD77AD,0.22687498987903826
CC_F4DB6135D118,0.12106263741642254
CC_F4DF72757CF8,0.23256126429468912
CC_F4E48F88FABC,0.674297312978574
CC_F4E52381E3A2,0.08304514250911268
CC_F4E78743AFD9,0.15146303108009268
CC_F4EA23AE3CDE,0.07690651412660449
CC_F4EABE9E9A75,0.11258549090324103
CC_F4F03572B457,0.1325219062399829
CC_F4F45AB04AB8,0.7977128271459935
CC_F4F689245C6A,0.4557183619226281
CC_F4FE1A798D39,0.6417569541168601
CC_F501C6A93D4D,0.13292566283957852
CC_F50284B2304E,0.6929720565045913
CC_F503D39880A8,0.11253686564032483
CC_F50CC8EDCC82,0.33389715124945557
CC_F5108F45CE03,0.30177930662467956
CC_F51278E29768,0.1047543426737565
CC_F5131D420FCC,0.0469000290600267
CC_F5145F9A5E41,0.09929612461912396
CC_F51D37205C90,0.3196062938290479
CC_F523194EA1F7,0.6650478559371259
CC_F526BEB5F93B,0.11144726547070778
CC_F52BD50B632F,0.12300361603657248
CC_F531DE2CF7EE,0.7656728165472542
CC_F534C514E954,0.057341714786892165
CC_F53E189C01C9,0.13309114131750668
CC_F54211EFEDF5,0.16198907892353118
CC_F5451A0A8513,0.06688304388231459
CC_F545F57CE1F4,0.6298254189773239
CC_F548ED4164A6,0.0988416540923719
CC_F55172B357E8,0.05637263430165159
CC_F552A3B8FCDA,0.10647087987141579
CC_F552FC3EACF5,0.12289645304603239
CC_F55615FC6ABF,0.18313425006958822
CC_F558A40AC73B,0.769950520740407
CC_F5597B02D919,0.2044445746313778
CC_F559B6C6A263,0.05486109379398653
CC_F55C154FC307,0.06933951859190908
CC_F55D9F5EA5AC,0.09544895264043701
CC_F56035C46960,0.29336260309134266
CC_F560B14EDD0B,0.12009837528729705
CC_F560B2B2BDD0,0.1638540285124325
CC_F566142B66F5,0.25076143178991445
CC_F5695C992830,0.2230506059601216
CC_F5734E41D4BF,0.15167660852399178
CC_F579EA981AA4,0.0729427049489504
CC_F57D3110D580,0.22610078890807875
CC_F57D877B6299,0.2850220448551274
CC_F57F75A4935A,0.24436963002643833
CC_F58377ED7337,0.19521387935438844
CC_F586585E530D,0.12196938873845871
CC_F58CEDF54E4F,0.07008603933351527
CC_F58D22BD9A8C,0.15259843233688739
CC_F58D7B909954,0.07623842864397232
CC_F58DC140871A,0.17786800533865807
CC_F58F47730145,0.15733815865115575
CC_F59128793CE4,0.09030685791163313
CC_F59254728A99,0.656768774986577
CC_F59398F5BF6A,0.3702281453101771
CC_F59A01FC3713,0.23021790949491625
CC_F59D2FC5C99D,0.32086844905627143
CC_F59EAEDE1054,0.15811877744731276
CC_F59F30FDDB27,0.18525238172522598
CC_F5A1BDEEF186,0.09185387390171824
CC_F5A33037392D,0.09176883057786343
CC_F5ACC62A98EA,0.16171586251761044
CC_F5AD570CF8CB,0.1552228856683702
CC_F5ADEBDFE67B,0.2552101988208923
CC_F5B011A8618E,0.25072684485671515
CC_F5B36EB7F2D5,0.39855504824944343
CC_F5B5FF54F84F,0.051252808808673354
CC_F5B97B7787DC,0.1308395701839916
CC_F5BA90063BB9,0.1782521731077099
CC_F5C6EAE32824,0.350940982729556
CC_F5C6F4EBF470,0.07222796873653319
CC_F5CA127023A2,0.1400224724057198
CC_F5CB98057659,0.11506264150276053
CC_F5D06824A148,0.15593396408011495
CC_F5D0E91F7F82,0.15918624646103274
CC_F5D1CD23F53D,0.1510393866151833
CC_F5D2E47D3F40,0.08490636576561639
CC_F5D3CD54313E,0.3183185555298771
CC_F5D5D8278A46,0.31882884528123545
CC_F5D5E3162C52,0.5733341380517053
CC_F5D63C221897,0.173549781294909
CC_F5D94AE91777,0.6448887708758555
CC_F5D9C3E5FCCC,0.13420470350843247
CC_F5DB2E49F057,0.10632095984037979
CC_F5E1E55DB43B,0.12018886933905615
CC_F5E8535DECCC,0.2556444459854905
CC_F5EA0ACB8BEC,0.16806251347199277
CC_F5EB6030BF91,0.10454845407366001
CC_F5F2724EEE96,0.5192416759305835
CC_F5F6B3773549,0.052493583204458495
CC_F5F9E37D4FFB,0.23567601244313968
CC_F5FCF245BEE9,0.2507319190577719
CC_F60433B2B286,0.15731927299169218
CC_F60A4914143B,0.31654673686632634
CC_F60C6C46199F,0.1730071833079316
CC_F60CC08C6E87,0.07346604621636457
CC_F6100F165F0F,0.46631711171176315
CC_F61AB5DEDCF5,0.23006945855364708
CC_F61F3DA59328,0.1389740916461791
CC_F621C4DF6B2B,0.18400354828951931
CC_F622072836CA,0.29130648288875266
CC_F6222CC1DF5D,0.4836942862347563
CC_F62298098EB1,0.07141669385082937
CC_F62448D781EA,0.15136775480282488
CC_F6270AF942F9,0.06429920866841825
CC_F62748561A8A,0.6112817476252154
CC_F627BEED6F1A,0.09398968533753867
CC_F628FEE82CFB,0.3273997074576178
CC_F62C55B9E4D3,0.1641049888798834
CC_F63240DF2195,0.41796357865770906
CC_F632E0DD954B,0.14644598839451536
CC_F63BA14056F7,0.21399317257317838
CC_F63C8B2BFEFE,0.05476067214306185
CC_F63DAF570F1A,0.1647420691089436
CC_F63DC4445192,0.09364567041248043
CC_F63E6BE04183,0.20046212376261102
CC_F63F5BB4EC72,0.1268213387493084
CC_F6409EFF796E,0.34322407223171414
CC_F641608C703C,0.09130851846095894
CC_F6421A10C936,0.7695690245250478
CC_F6427E23F97C,0.11927119435379345
CC_F6451CECC1AF,0.19385358209326883
CC_F645C60A1B13,0.13764044335188225
CC_F6494A25DC92,0.0910360062232902
CC_F64972182028,0.09165791617897985
CC_F64A001812EE,0.1561757681545744
CC_F64BE498059A,0.22863485498387365
CC_F64CEC6DB1BD,0.5198326635765003
CC_F64FC11F68F5,0.32708580125395115
CC_F65433B2DF33,0.10224155243297314
CC_F654DF2ACA67,0.20017503555120544
CC_F65AD5DF8486,0.08746413997833598
CC_F65F5EC2648A,0.23506900757567312
CC_F6622928C861,0.05226035952815984
CC_F6638E8BE14C,0.14054127998476945
CC_F66A7FB8294D,0.12241104944262551
CC_F66B0D5D33B0,0.18304566122843585
CC_F66D4193F947,0.3133973537178519
CC_F67072EA036F,0.2595814492595223
CC_F6734B2BF846,0.47030349293048185
CC_F678E0AF7480,0.7750308966059938
CC_F67B6C85594A,0.3396215429306559
CC_F67B99617E0F,0.35757977190428747
CC_F67CA099A07C,0.13694814765062138
CC_F67EAA8DB604,0.05716153315343311
CC_F67F4BC2BC80,0.2497922958429636
CC_F682F12F08DD,0.3076298800130926
CC_F68EBAB45F84,0.05379595948604867
CC_F69ACDF0BF59,0.07163685718582465
CC_F69C57031A8B,0.16919678701703444
CC_F6A1077E651B,0.1774642002672863
CC_F6A13446882B,0.14105773175243994
CC_F6A53C7494E9,0.047802922285183416
CC_F6A66476DA81,0.6931585172380764
CC_F6AEE34A6286,0.3013060333732466
CC_F6B4991CB99C,0.12854740086167044
CC_F6B64FBF2D6B,0.09951027166084754
CC_F6B663401126,0.09705041167000587
CC_F6B9CE83EB98,0.16432372524682998
CC_F6BB5D272F93,0.06553468890162806
CC_F6BBA7AD4FB0,0.6436647921871742
CC_F6BBE5962972,0.16430418827189466
CC_F6BE8C24721F,0.2061095389548838
CC_F6C25DCD0380,0.10902075789879166
CC_F6C424087C73,0.06351298914568163
CC_F6C53D1BAAE4,0.11614354244721362
CC_F6C5AA39EE2B,0.06023124142498727
CC_F6C6D0699D3C,0.15948774004349836
CC_F6C7B020AD44,0.04957804004117318
CC_F6C7DF32135E,0.29654074653324036
CC_F6CC9D4FE59B,0.06193728757082743
CC_F6CEF5529D2C,0.037319917965098356
CC_F6CF1352D8F8,0.08877282687036744
CC_F6D004840630,0.10760615501890658
CC_F6D3CD509C20,0.187822762616147
CC_F6D49BA682B6,0.222123687644737
CC_F6D7DFA3642F,0.25642771626835054
CC_F6DA929C669D,0.19274684323071667
CC_F6E0B7F9E155,0.11077399896988178
CC_F6E2DF4BA561,0.05604593547934098
CC_F6E589CC1A3D,0.6672537903716936
CC_F6E690C75C95,0.405326931490069
CC_F6E8D1F4A932,0.2119587177389343
CC_F6E96837B74C,0.14957100858717612
CC_F6EC1BEAB6AD,0.4385567729478799
CC_F6ECC830ED5E,0.12466125676808779
CC_F6EF66DF455D,0.3253471806178826
CC_F6F2A479FA31,0.0634511329193757
CC_F6F4AE1396CB,0.16202092406672713
CC_F6F876A0E0F8,0.07914163440798763
CC_F700C46F9CAE,0.10327413149297655
CC_F703E5052D2C,0.7138317022938199
CC_F70EC2E7BEF7,0.1257317106176198
CC_F70F50C316D5,0.29244542634897513
CC_F7116434A0E0,0.27578722036638526
CC_F71328FE8228,0.21220821907970358
CC_F714D50B3EFF,0.1323131093675296
CC_F715002B1651,0.06290443577551637
CC_F715FB7FE72D,0.061802362742829464
CC_F71813653495,0.7748623978406236
CC_F726491096AC,0.11235902833022411
CC_F7274DA1113B,0.14539377969201112
CC_F729647BDF24,0.3422039348785383
CC_F730B450DD0A,0.12044755075185729
CC_F731A0361498,0.3718552422407039
CC_F7366CA6A0F2,0.12285595091805712
CC_F736FC094982,0.2245055169678991
CC_F73777432443,0.038189590749082084
CC_F73D0DE13A60,0.13413930771024352
CC_F73DAEAEF28C,0.06056251958527348
CC_F73F87705A2E,0.15948553918803257
CC_F74103054AD5,0.14699526704270385
CC_F74407D93115,0.07669887473447781
CC_F7448896BA63,0.1929203761894724
CC_F7468D34F4D8,0.22339990996629192
CC_F7546010F01A,0.10687095597379623
CC_F75499AF26BC,0.06915954367878172
CC_F756C13A6AE1,0.1713535414003145
CC_F757D8BD788D,0.05869411055936863
CC_F75B13FBD9BA,0.04433833529033657
CC_F75CA4CCFB05,0.21589811549709698
CC_F7639C52EED2,0.06679037894131387
CC_F7648C2B28F3,0.07952313637231251
CC_F765ADB0EB29,0.16151926055862514
CC_F766E347C3A5,0.6320484639691097
CC_F767D37961E1,0.10595496159888614
CC_F76B0C9C817E,0.16076548719680972
CC_F76BB562BED4,0.10124137332133645
CC_F770222FEA18,0.18426488919721976
CC_F772F2B30736,0.12245546686835265
CC_F77319C5417A,0.16362037500978083
CC_F7739AD04B4E,0.281991421854365
CC_F773F1FEBF43,0.09451932823756251
CC_F77532FB553D,0.23621453110526178
CC_F77A0D18EB0D,0.6952824211337527
CC_F77F35199AC1,0.11632034638787714
CC_F78036249EA1,0.3961913176735299
CC_F780F9B5DC91,0.09113463449528977
CC_F7811743B594,0.13343132283103135
CC_F789349798CB,0.050476211962340645
CC_F7909532FCD3,0.7273136210958224
CC_F793A59F8534,0.1187773035883795
CC_F793B38ACAE2,0.2547200955858484
CC_F794D08E2643,0.12456865568898283
CC_F796392A7562,0.25224444650489125
CC_F79850403C30,0.2609014503209803
CC_F7988358F940,0.12517747481067537
CC_F79A09B10F6B,0.7209345511809182
CC_F79CDD28CBA8,0.0673403342452613
CC_F79DD3F410A4,0.38542051633894825
CC_F79EB5F121F1,0.5250890786833691
CC_F7A0F4610902,0.1641981933922613
CC_F7A20820A63C,0.22950003354522125
CC_F7A219CDFE8D,0.20683262280920728
CC_F7A5782FC2B3,0.6828004908409067
CC_F7AB852E9674,0.18348513460875734
CC_F7ABF02F59EC,0.250356227124621
CC_F7B088BDE5FA,0.05158725026408926
CC_F7B0A3CD694C,0.08090307694707614
CC_F7B40F88EE53,0.230785325760885
CC_F7B4A4075178,0.14666899358237187
CC_F7B59DD073C6,0.06535725220706988
CC_F7B9D8E0EB81,0.24258818843001123
CC_F7BD8F91EB59,0.08612545337920904
CC_F7BDDA70526F,0.4866018624671507
CC_F7C134EAEAD8,0.09803156869208882
CC_F7C4EB38C238,0.0767788933083288
CC_F7C5333856CA,0.053027991086955974
CC_F7C629F4E8D1,0.0528522334988812
CC_F7C8A86C48C9,0.1870377222410301
CC_F7CF1BC341B4,0.076205017455174
CC_F7D36BDBF81A,0.16378300346215013
CC_F7D46B97D91D,0.7778345972151317
CC_F7D76F987586,0.6110314921581296
CC_F7D84A5C2D14,0.2365475998746222
CC_F7DAFE861FD9,0.1639550010004302
CC_F7E61DF9CB59,0.10035063556009931
CC_F7E6DB41145B,0.16665412829772036
CC_F7EACD529D7D,0.482569007515563
CC_F7F13B7D3B60,0.2100730424195249
CC_F7F3D5C8FEB9,0.04251543919857231
CC_F7F44CDB5963,0.7535780871801215
CC_F7F5C5F7C12B,0.046722234989960296
CC_F7FD06A8501A,0.26499352747102395
CC_F8020B5287AA,0.2277031193068087
CC_F80357E1BBF1,0.16488053926448615
CC_F805D99359A8,0.08731438232294575
CC_F80ABD2E670C,0.21138775948327507
CC_F80B0600632F,0.11483296032788586
CC_F80CDAD91DF9,0.2779420428963449
CC_F80F4A72535A,0.7555313908675575
CC_F8108E923454,0.14180234229259375
CC_F81382B808CE,0.7474763819761209
CC_F81956DC9737,0.14351402182136702
CC_F81B6634988D,0.3985646343074635
CC_F81E26974772,0.4851778704879542
CC_F81E6DE5732E,0.04355677792256691
CC_F81F9411962B,0.12251666093252662
CC_F820606CC422,0.12193069212795778
CC_F823B852B9A5,0.6703365471811755
CC_F823C9E8D563,0.12218470637132635
CC_F8245352D2E9,0.2406393118179277
CC_F82652A9AAD0,0.09383174474081805
CC_F8268889AA39,0.200076137780986
CC_F82691F0DEE8,0.11525700708025566
CC_F82B87B46F8C,0.35645852429680097
CC_F832971A4715,0.5278850359364713
CC_F836CBAF7ADA,0.08378465556957955
CC_F837B048CC3C,0.2518490284665583
CC_F83E7A3CEC1C,0.14577518740442627
CC_F842328B6012,0.06023249190835219
CC_F844D730FD87,0.22488841367772036
CC_F846E4C6DB8C,0.10782488269440778
CC_F84855FBC8A1,0.22026024771390457
CC_F850163DF606,0.7382122680922037
CC_F8501C1DD7A8,0.05237270012052877
CC_F8565EB95F01,0.05345073330240311
CC_F8585285EC22,0.5244293156658612
CC_F85885743E31,0.190018728631399
CC_F860E3546293,0.17085172836449858
CC_F8661CC2F776,0.13527448556589605
CC_F8679B7225C9,0.6713439594571085
CC_F86F6CB40A7C,0.1896576938809125
CC_F87006FDEC31,0.21466427775585245
CC_F87148990936,0.043117536317120675
CC_F872EDB2A023,0.14766899695405747
CC_F873C1BCC217,0.10903399089203843
CC_F876B18BD1F2,0.14945659919401647
CC_F8792D34E4F8,0.11854443071091
CC_F87DCF18E3AC,0.1984047969591056
CC_F87DF3C9F121,0.07739343516153568
CC_F87E703A8D58,0.18741487493542724
CC_F880E8F65E3A,0.0946138304815112
CC_F885E5032235,0.07296365523500777
CC_F886CC8F8D4C,0.133559663760972
CC_F8884DC00927,0.13439864230667425
CC_F889F7B5B8C8,0.15221972354401087
CC_F88B127FDC02,0.08031775452859133
CC_F890B09FE8CA,0.08830394452554544
CC_F8918AB16EC9,0.07786686755737282
CC_F899B5A120C9,0.3033537226082781
CC_F8A0FB88C202,0.07946791131398272
CC_F8A6A691165D,0.5565642519078328
CC_F8ACC47C7359,0.08962400812345643
CC_F8B0A8BA8297,0.39019722927190875
CC_F8B1FA6C317A,0.14433741645014822
CC_F8B3DBD45C73,0.06264718773172928
CC_F8B560B78278,0.11427347373613186
CC_F8B7A68D10AB,0.09685171894628017
CC_F8B829C22402,0.1322806154966074
CC_F8B8F3626687,0.11082865302639988
CC_F8B98F1F0D1B,0.30895210545960383
CC_F8BB438FFCCD,0.06277239147817917
CC_F8BB6BE899D5,0.7856120297160314
CC_F8BDAFAEA76F,0.12508875671077474
CC_F8BF4B981E80,0.12195857349967869
CC_F8C076754B94,0.183735678663193
CC_F8C0C8B6D61D,0.7590014047481999
CC_F8C4F3798BBD,0.10104371774916283
CC_F8C86BD5D5B7,0.6048105683766835
CC_F8CB10FF8C14,0.04225562620851754
CC_F8CDE04312A4,0.045221874689710236
CC_F8CE9AF3B65B,0.07047968616354924
CC_F8D964558443,0.12737554758158268
CC_F8DAD74106E4,0.08558847459892364
CC_F8DCB0559F1E,0.3069552083198939
CC_F8DEDE53874B,0.21464872167509497
CC_F8E04577EB92,0.04621759600690731
CC_F8E1AF9C8D6B,0.10394891333530906
CC_F8E1DC6DC229,0.11548073288358227
CC_F8E3AD927A75,0.2761683197982293
CC_F8E3CFEA87D2,0.1409333058975405
CC_F8E8CFFDBBD8,0.11205381411058173
CC_F8E9A18EB1BC,0.1307107995422269
CC_F8ECB2B11893,0.10294677351508949
CC_F8ED86055743,0.09918843092399007
CC_F8F6498DE1FF,0.6525787701280727
CC_F8F7242BE8D6,0.11538907751342062
CC_F8F77D9865BF,0.6436837050462618
CC_F8FCDE833571,0.22193271955913377
CC_F9014AAA4EB6,0.773509315797557
CC_F9025BFCE0ED,0.15514605024469813
CC_F902A27CE585,0.054954391932482936
CC_F90680B62868,0.1371180689917197
CC_F90753BC3181,0.14558313295422926
CC_F90CD2C878A3,0.0473904998909908
CC_F90DEF5C532B,0.04274168562141186
CC_F919EB348F05,0.15762948237124078
CC_F91CA16642BF,0.09783452434467228
CC_F91FDDE6F783,0.06912700251100642
CC_F92471F9048D,0.04918589315959547
CC_F9273955A985,0.3364045217133448
CC_F9282F152F2E,0.11043447283152755
CC_F92B83B47EFC,0.04990380611596134
CC_F931F91A0D29,0.0911753742899846
CC_F9326647E2CD,0.34598835369506303
CC_F937B09FE9FC,0.06261128010119112
CC_F93943E60DF3,0.05708432439881532
CC_F93BADFA0ABA,0.26896983318902096
CC_F93FC133E85A,0.11029326673754884
CC_F9400A676E1F,0.04617200016705166
CC_F946BA2A6427,0.48789183257785007
CC_F949B0A7CDC0,0.15923086936810976
CC_F94AC93A0971,0.28721099404314826
CC_F94D8DA598B1,0.24166087256441338
CC_F94DC5B10367,0.19125918626843014
CC_F953C1498507,0.15423040988736683
CC_F9590CB6B113,0.12148179453122328
CC_F9625DFF8388,0.15069959089630408
CC_F9638F39BEC2,0.03617864308399392
CC_F9643C6C4546,0.06343688488079705
CC_F9664535E946,0.12751122781461857
CC_F968DFD0E601,0.10974095804348123
CC_F969BB70E7D3,0.20018999496950934
CC_F96B9FD70EC6,0.06296002374585177
CC_F96CB86375B6,0.3020630462064685
CC_F96E884B297F,0.04976251683137404
CC_F970DBFA2D2E,0.16327717033158656
CC_F97109522C2A,0.1432193384882203
CC_F97434350757,0.08545703293256146
CC_F9765A96963B,0.1444008472947738
CC_F97D466A6E6A,0.1066595101758252
CC_F98A1C8CDD45,0.08141551795690469
CC_F98A1DA65A8E,0.07416164140918846
CC_F98B955C0AA2,0.15892525999325866
CC_F98EC6895B64,0.15268153996566836
CC_F990239E7026,0.12748697664258218
CC_F99C67851956,0.08129839805358026
CC_F9A19AF021AE,0.04658629929098133
CC_F9A389D3325D,0.07100597970004782
CC_F9A3BA84B031,0.07234525571631123
CC_F9A441AA5500,0.4397574585509047
CC_F9A5175B4454,0.2127616526250608
CC_F9A5C5ECD125,0.22741671378052897
CC_F9ABA65711C2,0.2001761666696041
CC_F9ADBFD631ED,0.06398200362150579
CC_F9B0EC622F97,0.08979729286853347
CC_F9B4CCF68853,0.12828740748926026
CC_F9B6DCB9A836,0.06321817332467312
CC_F9B897921B68,0.07070400221188007
CC_F9BE72E62B64,0.16577072533201812
CC_F9C1756D2E76,0.3503396777517912
CC_F9C3641FB171,0.12813877602144377
CC_F9C38849208F,0.13137427508149305
CC_F9C527ED2152,0.055954119527007816
CC_F9CC85284D25,0.05612618447636736
CC_F9CEFD1528D8,0.14341922897430553
CC_F9CF68E17EA6,0.0656236194933015
CC_F9D152FAF3B8,0.25028091325391477
CC_F9D2C23716FE,0.14576600419500646
CC_F9D35124F558,0.6624938814439265
CC_F9DD369305F0,0.10774162763848372
CC_F9E294E53378,0.23651759110974582
CC_F9E4712F0715,0.1704225686194358
CC_F9E485AE489A,0.07822680119746034
CC_F9E78388BFB7,0.051319728132481646
CC_F9E7D1678D19,0.11507667983497119
CC_F9E9061D67AC,0.3705643124358382
CC_F9E97D1374B7,0.1446276009838302
CC_F9F0412A471B,0.28311961935317576
CC_F9F5094F8E23,0.06195687338339928
CC_F9F6CB78DEC5,0.11091684435553413
CC_F9F73F6ED3B0,0.07104738183794782
CC_F9F8E9BC47C4,0.12727563485228882
CC_F9F8FF3ED3DB,0.06085118700445426
CC_F9FF1BA04E76,0.0941245184208237
CC_F9FFAC86788C,0.10116365820657128
CC_FA01385FDEDB,0.12020667266664617
CC_FA05AAAC1E14,0.7763410180648677
CC_FA08000ADCFE,0.13545463825644413
CC_FA0BF0783FD0,0.0370827069058934
CC_FA105AB567E0,0.08623101904690775
CC_FA105F7B3C33,0.1924946414194401
CC_FA12258DFF68,0.08166550979435747
CC_FA1291DCAB53,0.6351342577316024
CC_FA1340719EDE,0.10525000264713169
CC_FA14BE472FE0,0.20099017118576085
CC_FA14C07D33E7,0.21970725536890176
CC_FA15645416C8,0.19046837456202975
CC_FA19AE8F95FE,0.3133712333606011
CC_FA1C60D73060,0.14094022905344608
CC_FA22CCE617A3,0.10383285465967389
CC_FA22FAA12201,0.19708476139787648
CC_FA247FD6BE5A,0.15438000328004922
CC_FA27643430B8,0.2520762230415112
CC_FA29082510C5,0.054348699222436445
CC_FA29D90B8B3D,0.19242717088641134
CC_FA2A4975A4B9,0.1337470934853356
CC_FA2AD2B08B5C,0.3946695437292623
CC_FA30D584BD29,0.42401511257022406
CC_FA311F31F3B5,0.13432134427961884
CC_FA37808613AF,0.05137779381540079
CC_FA395FBB9065,0.0487324440870596
CC_FA3A0584B438,0.032544936435961166
CC_FA3BFDACC799,0.2253626009370925
CC_FA3F97D21DA7,0.13180460442878827
CC_FA40CD4954E4,0.410646569658175
CC_FA41178480EE,0.09656373142708928
CC_FA44A2280E33,0.14147199831609336
CC_FA49A346F364,0.10727790581340128
CC_FA4BA7C4BB06,0.10942071886217335
CC_FA4CC4CA34E6,0.10059500116808573
CC_FA4D49BED672,0.07096301077191257
CC_FA5030F692B2,0.16109876990494656
CC_FA52CC39C4CC,0.11339889445085549
CC_FA55CC52F5C3,0.14857843114405786
CC_FA5894738149,0.17732623537296294
CC_FA59C38A52BA,0.46713161718609947
CC_FA5AF22665C1,0.24842444117954213
CC_FA5BC315D9F6,0.23117257492539153
CC_FA5BE519ACAB,0.052026325450454936
CC_FA65F8926E3E,0.08883223919263249
CC_FA6607A89B4D,0.27087258403353337
CC_FA6A02ADDD50,0.3339917147954642
CC_FA6F18EF02CC,0.12763352286100293
CC_FA759297E796,0.6666308668587294
CC_FA772628F447,0.22103321686736271
CC_FA77CBEBB775,0.20167547508741945
CC_FA7C12A11BE7,0.08873054196108336
CC_FA7E310C633F,0.10162283771194494
CC_FA80CB6C6A6B,0.5269176260080655
CC_FA8471724C0C,0.5838217494696586
CC_FA8CE85634D0,0.13181025755872164
CC_FA8CF00C10B9,0.15303532544225448
CC_FA903F26D666,0.283331891461457
CC_FA9064AE4DCB,0.10895890802712467
CC_FA96049284C9,0.10917151466944217
CC_FA9A93FA76F8,0.09013549530120575
CC_FA9BF45DD54D,0.15754132639243332
CC_FA9EF0734D6B,0.09627009276557429
CC_FA9FAB4D3C35,0.08528326739925321
CC_FAA21E1495E4,0.11618948609747788
CC_FAA2E40FB370,0.04243139674529088
CC_FAA5FAE80898,0.18877474133144445
CC_FAAAB9AF0E3D,0.1505278450304941
CC_FAB5B8C59F39,0.13419181080355586
CC_FAB63CD91C52,0.05350281838005749
CC_FAB7FA926C53,0.12268897625456729
CC_FAB879351A9A,0.19135671745128505
CC_FABBE9E7D901,0.5933979741262619
CC_FABCD3C1BB4E,0.18171671511396137
CC_FABE18B83E61,0.13999444449420811
CC_FABFFF86A6BA,0.0537627075734719
CC_FAC3A320FA0E,0.27897481094355603
CC_FAC61CBF9476,0.07852798446581073
CC_FAC825C895BB,0.07398830641319225
CC_FACA11A2F987,0.09890852340024446
CC_FACB152D9044,0.1651138847390246
CC_FACB1C3886DD,0.09152704121910447
CC_FAD23D780455,0.04708957021872075
CC_FAD5EE29252C,0.6407289705272388
CC_FAD5FCC2152F,0.1444226601802993
CC_FADD40BDDA27,0.11260950649835284
CC_FADE7956C568,0.0863801969543288
CC_FADED0DD1E11,0.1220178156224954
CC_FADF80007654,0.5524424544894053
CC_FAE187E36050,0.09440378638518691
CC_FAE46B495FD6,0.5048151538716958
CC_FAE63095194B,0.1160475822858004
CC_FAE7244F9071,0.0839442064816864
CC_FAE993C38F81,0.1052631533747354
CC_FAEDBC5CA858,0.04297174594262131
CC_FAEE002BC69A,0.44664470703699843
CC_FAEFF1F47614,0.6753405442119597
CC_FAF11A709DAE,0.11162339180996846
CC_FAF34893CC71,0.21702743649528147
CC_FAF43F88FC7B,0.372313560190057
CC_FAF4EBAA13D7,0.07638830371142177
CC_FAF95D7B8DC5,0.7258844289268903
CC_FAFA318075FC,0.10377124046801209
CC_FAFFAB5694C1,0.14610169821819505
CC_FB00970F296E,0.3947177725065385
CC_FB030FD36766,0.1024022323386969
CC_FB052ED26F79,0.058710133716621496
CC_FB0AA84A4E34,0.19017280782409263
CC_FB0C5BA8C8DE,0.14588184876939653
CC_FB0D34952EE5,0.061349864934418186
CC_FB0DB7D66A54,0.32797030684859757
CC_FB11A8EBDE95,0.13812983488691014
CC_FB169A2F467B,0.088897087840917
CC_FB1B387AEBD7,0.06291393199069746
CC_FB20DF1247CA,0.1813745626723456
CC_FB22D9ED8176,0.10869761644047879
CC_FB26E4420F9B,0.19937815885924554
CC_FB3AFBA45EF9,0.16721767009429273
CC_FB3E53D03EEA,0.15582139964394437
CC_FB3F48EA1882,0.09406693779847992
CC_FB402A2AEB8D,0.1334148143968468
CC_FB437B99FE65,0.06194518745155151
CC_FB4EC656638C,0.17363224713673317
CC_FB51A08AA255,0.1398708552638544
CC_FB52EF3A50BD,0.06047335065495679
CC_FB56FF3F72C6,0.17753289367095665
CC_FB5BE4AE7D60,0.10574251689502279
CC_FB5EA8C16A7E,0.13175968707129276
CC_FB604F3337EF,0.11941859434940713
CC_FB61C5B06CEF,0.04321692948495757
CC_FB62671B80B8,0.38047715624136835
CC_FB64F4A761DA,0.11507710245942411
CC_FB674F9B4FB8,0.32163611633555805
CC_FB6FF71A9244,0.1632204479253474
CC_FB7D28709496,0.2695749169469362
CC_FB7D799D3336,0.17279770213712609
CC_FB7D8D39B1AE,0.10860262145076123
CC_FB7F8898D335,0.21408451061218398
CC_FB8467020D34,0.12208039239095055
CC_FB875FBCA950,0.12623173726852832
CC_FB8AF7549981,0.19168414207276524
CC_FB94F25E5F2A,0.1333600552197684
CC_FB952A0CCD97,0.15162210686673538
CC_FB973DE64208,0.045959379733828784
CC_FB986C868D02,0.062303942623598486
CC_FB989101F9FC,0.2925503093860173
CC_FB9A171170BA,0.13363584510517684
CC_FB9C77E30CEF,0.1560055475196982
CC_FB9E3228A33C,0.33199056859771126
CC_FB9F5B2918F2,0.12109797868610002
CC_FBA1392336AC,0.16906719783821095
CC_FBA285A7BBBE,0.04873720266376406
CC_FBAB550F6E4E,0.7029408353308213
CC_FBABF8A2F99E,0.10924763562110655
CC_FBAC24A1F982,0.10872486456613303
CC_FBAEBBD86DE4,0.13525307518502644
CC_FBB0C13EE739,0.06490961243339693
CC_FBB2FF976D5E,0.059467041336615775
CC_FBB34481AF88,0.15901909232830325
CC_FBB57D3DAD28,0.21654745905841605
CC_FBB6F5BA94B9,0.1498441385945575
CC_FBB8EA23B5C2,0.15165010945925414
CC_FBBBFB93B4D7,0.077091074643697
CC_FBBC0931BE5C,0.2162667625261808
CC_FBBC48280EF2,0.09302417615547352
CC_FBBE7DE9B5CE,0.10484791506401236
CC_FBC38AA11D8B,0.1832640220344687
CC_FBC56DC89C4F,0.24032304393419096
CC_FBCC26C9611F,0.2341442185784291
CC_FBCCEF29A452,0.10008342275956181
CC_FBCDA82D87BF,0.13286863909932073
CC_FBCDC39731F9,0.11709503486688808
CC_FBD09F5D947A,0.044437490258978814
CC_FBDCB63B6DAB,0.11718635129813423
CC_FBDCC4B892E9,0.12972539655266607
CC_FBE5C3BB11E0,0.1053855180327135
CC_FBE6687401A0,0.7412436972630785
CC_FBE7E183279D,0.09903534894626906
CC_FBE8288ED1A4,0.6889965176282962
CC_FBE87C06663A,0.056052095980342574
CC_FBE90967E833,0.12387196178662459
CC_FBE9134C8BF0,0.09940526151537353
CC_FBEA90442B69,0.09961186780857491
CC_FBEE29902C3C,0.18339482404998225
CC_FBF2E3CD9A39,0.2061714927261749
CC_FBF2F3B49C45,0.08320566595029506
CC_FBF5A622B58E,0.24941745837168053
CC_FBF613E10154,0.15246574059822363
CC_FBF628BD333F,0.3405798870856402
CC_FBF7857B834B,0.10632842991229548
CC_FBFFF3CB0E6D,0.2694399897676567
CC_FC00B9325CBC,0.11502463666064666
CC_FC01E5D5E638,0.12936436814586488
CC_FC01E75BF978,0.7337824604317751
CC_FC0642295BA0,0.06712632948495209
CC_FC095EA68A6A,0.6762963764432783
CC_FC0D48586619,0.2033746510820496
CC_FC0FCC48E8AF,0.38866688624891754
CC_FC163D4B75A5,0.08590618670295344
CC_FC16D13DBC24,0.25870471223142344
CC_FC1700E21FBA,0.14468815120250067
CC_FC18032DF9E6,0.04280021647419127
CC_FC1825DB935E,0.17816234010235749
CC_FC1923A0ED80,0.08300128181252833
CC_FC19315282D6,0.1692654788206522
CC_FC1A4DF68219,0.0586985625444542
CC_FC1BE23EC36F,0.2744736920129389
CC_FC1DA4B4AA90,0.08711585470959804
CC_FC212C63EB9C,0.04916921063025316
CC_FC2238D156F8,0.21960164997552462
CC_FC273DC12A61,0.1146042812429167
CC_FC2EAB32DA4C,0.18057451720940965
CC_FC339FB1C9E8,0.21168675234931658
CC_FC355903A24E,0.4988246361551873
CC_FC36EC64B0CF,0.14570626302580497
CC_FC3DD928995F,0.20815096171618036
CC_FC418623C9A0,0.09738001406696678
CC_FC4359A10396,0.31213923355906614
CC_FC4966D84A47,0.05102997120896182
CC_FC4BD01DC78F,0.0917855673884311
CC_FC4E9BB27B99,0.15529355260914196
CC_FC50E903A147,0.08064123888183895
CC_FC59345896AD,0.15455720440341772
CC_FC6280D994E4,0.304269207224403
CC_FC6376BA9862,0.10812655453166269
CC_FC6684489A93,0.20349711769796647
CC_FC668A8E7C63,0.0710765351879068
CC_FC66EE00EFA8,0.21162745112717637
CC_FC6ABDE10A14,0.045223672575592185
CC_FC6C09B1A5FB,0.6848997251047162
CC_FC6F25D4C8F9,0.055982938494203126
CC_FC73989A90E4,0.17749604674878636
CC_FC7433064A38,0.6654263923029726
CC_FC777BBF3C67,0.09507055681424526
CC_FC77E5C21D41,0.2670573844952956
CC_FC7AD9973C8A,0.4150009744653539
CC_FC7C096A1B4A,0.2724471975588882
CC_FC7DB9E15294,0.22928976279665778
CC_FC7EE61E667D,0.17464766692057127
CC_FC7FEBEFB6F0,0.1491074763877654
CC_FC820930CE65,0.30009749458247936
CC_FC89BEAC50A2,0.05199450538492344
CC_FC8C22ADC4E9,0.14240834576312453
CC_FC9051A91FE1,0.6733017881168415
CC_FC91ED54111E,0.08553670779806768
CC_FC96C9C83529,0.042701699955208616
CC_FC9CF64D3C48,0.6757148008267216
CC_FC9D707E5E06,0.309521984797119
CC_FC9DBED7399E,0.11624005063266636
CC_FCA15CD66FA6,0.25191835199023405
CC_FCA237218C78,0.1861319174839064
CC_FCA563CC43EA,0.07989191091215106
CC_FCA6A25F9562,0.13490419399338507
CC_FCA8CBFD4679,0.19089499721094486
CC_FCABDF97E39B,0.06128404358161162
CC_FCB06D4308F3,0.6406135807387535
CC_FCB20F898E30,0.17783858935841926
CC_FCB421CC36BE,0.1036491764183596
CC_FCB48722CDDD,0.7182357811061637
CC_FCB4F6F68886,0.17953126596914898
CC_FCB5A45751AB,0.1514473113505481
CC_FCB90932E975,0.14896099093066856
CC_FCBD8F9A67B1,0.09290184490729905
CC_FCBF4B7E45BF,0.4718614104249584
CC_FCC2ADA78D96,0.30265798968481583
CC_FCC2FABE1132,0.49489148257401705
CC_FCC3581F19F7,0.1736632872282517
CC_FCC52A7A33A1,0.35126114758907295
CC_FCC66F3677BD,0.17779697444972042
CC_FCC79B12F6CB,0.20924906802890794
CC_FCCA7F428843,0.14337370921969175
CC_FCCAD468CC94,0.11702463624579788
CC_FCCD58499A84,0.11478210726301026
CC_FCCDF77A51CF,0.7011646821873598
CC_FCCF62CD329E,0.06300087055376467
CC_FCD00354AC90,0.16890850332661772
CC_FCD270A077E0,0.10490743160849558
CC_FCDB643C8412,0.20459955333558644
CC_FCE3B7E2700F,0.1861308097417785
CC_FCEB1F282329,0.12866721160464217
CC_FCECEAEBC7E6,0.08350111130238701
CC_FCEDF8CA3F34,0.10379996917164717
CC_FCEEFA4E9107,0.07997585186548017
CC_FCF2097ED70A,0.08076069416027379
CC_FCF475A9F4B2,0.16620952339158707
CC_FCF8C294CED6,0.24097066202745343
CC_FCFA3BAA3A5F,0.11241682515529147
CC_FCFB8F061E69,0.0888386761129367
CC_FCFCB5FCBB26,0.7685844319704779
CC_FCFFBA3DBC42,0.15173069172887016
CC_FD052271E63F,0.13955191875714187
CC_FD07037D6B43,0.6581338393337793
CC_FD0944F5D569,0.20744175192445402
CC_FD0CED6E0D90,0.19002544195684137
CC_FD10A3F4F07A,0.2271927868295606
CC_FD1351732F6A,0.18101046646719168
CC_FD15C7E1F8F5,0.6155206578947177
CC_FD1E85070E67,0.22354794753177837
CC_FD1FEDC12613,0.0670084699411834
CC_FD22E8723F8D,0.04256003500268603
CC_FD255388A731,0.24287439849348091
CC_FD25D0E745ED,0.10456545917586375
CC_FD26E15632A6,0.3994782063582231
CC_FD2953E0800D,0.6064152155294937
CC_FD2DF2B1C4DA,0.4141377177243216
CC_FD2EDA0D07AE,0.06042857876807885
CC_FD314480FC65,0.0540540252327252
CC_FD333898E65F,0.13599361786689984
CC_FD3433A63AA9,0.7259327732488283
CC_FD367090DCFA,0.13231196605011247
CC_FD389C6160B1,0.11286191273996271
CC_FD3C67FA6DD3,0.14029552375542303
CC_FD3E49CE80AE,0.13345661217654287
CC_FD3EB6479C98,0.5515262915096769
CC_FD3F88FD45B5,0.0749887540149095
CC_FD41899B422F,0.163471408490254
CC_FD4221D29B6A,0.05108099550809723
CC_FD42C93D7BD6,0.39966747618566006
CC_FD447545F7DC,0.11632124785744188
CC_FD4744AA678A,0.6186641233571247
CC_FD488D725DC7,0.21253015635251105
CC_FD4C5AE1D3C9,0.10600810647575547
CC_FD4F46863AB7,0.17918666695373628
CC_FD4FA1258EC8,0.5560283638258843
CC_FD50227B9E30,0.2165134016458128
CC_FD555226A615,0.6971167470818617
CC_FD573BB6367A,0.060001150337249065
CC_FD578201EF2D,0.4520233305204144
CC_FD5B9032F05F,0.14563275791215083
CC_FD62CF38F293,0.35036017279039033
CC_FD664D9AE9E9,0.6163195462765121
CC_FD6A2B1F34AD,0.2361439533771325
CC_FD6ABAE503DB,0.12196986898570453
CC_FD6C81931AC7,0.17792066754096045
CC_FD6C9411DB86,0.7864316049990502
CC_FD6DF051C31F,0.3690452300193737
CC_FD700598C0BA,0.07083060452369556
CC_FD70807BF3B1,0.11310193241671618
CC_FD73B1A026A8,0.05212021508435427
CC_FD73B3D56C90,0.29072920878200753
CC_FD787BC61337,0.16655909639994948
CC_FD7FA5DC8FEB,0.24679513668024686
CC_FD80FDAE6FEE,0.1123340730047971
CC_FD89E90A10E0,0.042328200098700544
CC_FD8A41496761,0.05447805173019369
CC_FD8CAF885592,0.12183155586398742
CC_FD8F3235BFB5,0.6290602629685706
CC_FD9733AE63A8,0.08300792931973922
CC_FD9B377690CF,0.13288242413577694
CC_FD9CFB4A8AF0,0.14648988859667939
CC_FD9D8E50F4E0,0.35533280540896994
CC_FDA799AB70DF,0.13440512701522356
CC_FDABFE851341,0.11423386925559427
CC_FDACB44907DA,0.521276042413567
CC_FDAEC308C5DC,0.1146792284981976
CC_FDAECB26BFB2,0.21368996247401598
CC_FDB395EE6DDD,0.1090245649016516
CC_FDB6749ADE63,0.1153591430162995
CC_FDB70BC44CEC,0.05384952487223316
CC_FDB9F46C2221,0.6638836092837116
CC_FDBE036E098B,0.05946156414670434
CC_FDBEC8420B89,0.11893047471517637
CC_FDC08309ABE9,0.07905704024324786
CC_FDC148354EFE,0.13276419371430276
CC_FDCB22C70617,0.13458906435940865
CC_FDD360CDF95D,0.07050371653926718
CC_FDD79A02E28A,0.06330048407024416
CC_FDD9E7F09DDA,0.06449662076041986
CC_FDDA01595ED3,0.23578656819193378
CC_FDDD647C1FE0,0.08403163514141186
CC_FDDDDE5455F5,0.24611234564458478
CC_FDE021028BD8,0.08282299632288989
CC_FDE0CD146390,0.33760245715348625
CC_FDE210A9BCA3,0.07498176687345282
CC_FDE72FE6B86E,0.11593038877012903
CC_FDE7A72A2145,0.056165621626237096
CC_FDE8632A40FB,0.09581443532694338
CC_FDE9455E8C0D,0.09049026724510248
CC_FDF06DC5BF43,0.4611471582383776
CC_FDF0991E8912,0.1506771579405985
CC_FDF61BAA26D8,0.15270979442207355
CC_FE0031793C30,0.2551734227361736
CC_FE01D7D9B6A9,0.04766556786770744
CC_FE03B1388596,0.28078178938695864
CC_FE0A48B90483,0.09954242711881113
CC_FE0AC3EF98FD,0.27063010118310243
CC_FE0FD6832676,0.7374921148028182
CC_FE13764F9C26,0.15558345126145018
CC_FE163739876A,0.15279470955194804
CC_FE17DED3CD52,0.05796956221208814
CC_FE189C55F164,0.05886160376704645
CC_FE21452482C7,0.1448322275010057
CC_FE2576431359,0.16698947703737615
CC_FE27A4EB7D11,0.052296160506517975
CC_FE2866842D4F,0.12594175054192075
CC_FE2B71599C1F,0.09416590700933403
CC_FE2C96DC5FBB,0.053350602316733976
CC_FE3193FEA26F,0.22027914189603162
CC_FE33AF742504,0.3533729805647973
CC_FE38B1F98C4F,0.06026320978055727
CC_FE3976ED66C0,0.24477812210685101
CC_FE39BEED5CF5,0.20151284372687606
CC_FE3FC8EF4983,0.07871972374731313
CC_FE451BCDFFC5,0.271557994318063
CC_FE4B9B199585,0.11023921579592795
CC_FE4E4870DC6E,0.1389603417136143
CC_FE4FD4C1C0D9,0.12949713200919638
CC_FE50315A49C0,0.24561932490137445
CC_FE5131C779F3,0.24175564426712515
CC_FE54C4D0384F,0.5262994102197145
CC_FE588B9B667A,0.07437713310066629
CC_FE5ACD44EECD,0.2880999612152991
CC_FE5BC4C2D1DA,0.7678544572945327
CC_FE67B66297CF,0.32594359725296507
CC_FE67C7923DA4,0.1796053440059607
CC_FE6903C2A5E3,0.051322911967129216
CC_FE696D6B31CC,0.5777413393175419
CC_FE6CB6B76AD9,0.7455268061660808
CC_FE70BAE67758,0.12302368844691584
CC_FE74C5922E5F,0.3914418020092095
CC_FE762EE309BF,0.16840219660923306
CC_FE76CD1DEC07,0.059479570284652374
CC_FE78805B03F0,0.045120090399596864
CC_FE79682CF8C2,0.07252432618759233
CC_FE7CBC4BD347,0.035790497052799124
CC_FE7D9465B93A,0.7644877966184667
CC_FE7FA5E131B9,0.09763892274894975
CC_FE80A787FDFD,0.046628914587415804
CC_FE8701C45028,0.22712457299879496
CC_FE8A8B337323,0.5093677958559104
CC_FE8B07108311,0.13432403480017902
CC_FE8FBB84F5A8,0.6495479141425702
CC_FE8FE83C14DB,0.14799843809965044
CC_FE9019A1C801,0.06803349985112599
CC_FE9030F236D2,0.13926166094860787
CC_FE9D6FB53C99,0.1588363438507766
CC_FE9DCBDE53CE,0.22876272014322332
CC_FEA05A98AF8C,0.07439909429045519
CC_FEA383106B2D,0.058856907342654655
CC_FEA564B04019,0.1065577595106925
CC_FEA6EF74C0BC,0.17671357986177957
CC_FEAF73BEF7D6,0.644202478253656
CC_FEB521C3683A,0.039581317546995384
CC_FEB52BC018DE,0.06236190887382157
CC_FEB5C85BEB6C,0.31883541561666806
CC_FEB67C0CA768,0.22807828141091707
CC_FEBA3B927C6A,0.27886838317378876
CC_FEC0AE6192D4,0.12340187101066595
CC_FEC1336C8A25,0.4399420706413448
CC_FEC606B5067F,0.16801594865037478
CC_FEC8B7D5C49F,0.16934343791452897
CC_FEC998CF52A2,0.22369805997091574
CC_FECAAC6AB098,0.07087639246485132
CC_FECB777603DE,0.4606294407263823
CC_FECD2C9F42CD,0.18859147109693583
CC_FED102A5E84E,0.1700950552318344
CC_FED1E15E0E22,0.23708471004248727
CC_FED3E1400D0F,0.149058420119433
CC_FED43B17264A,0.05395095693487099
CC_FED4C4709108,0.2907064198380058
CC_FED53ADD8D32,0.05181825966674304
CC_FED57598FACF,0.16096958073184556
CC_FED881B4A673,0.11474835161426467
CC_FEE426752E74,0.06753317278839885
CC_FEE6325F6282,0.6498810274404757
CC_FEEE13772173,0.2503276719203053
CC_FEF23FE521CA,0.11619627972552968
CC_FEF321584842,0.12290977169425385
CC_FEF4D5B60906,0.048627326798164505
CC_FEF91802528D,0.66605660314408
CC_FEF9C7E26B47,0.2023323726440367
CC_FEFA23955604,0.07825268424026799
CC_FEFC6DDCD3D9,0.06804301330120228
CC_FEFD242E03A8,0.7517081034815607
CC_FEFF05A05F52,0.13093522676413016
CC_FF0256787EB1,0.15796747573609643
CC_FF0758579608,0.0588144381150882
CC_FF09DF998DB2,0.10232270046187689
CC_FF121B54F8C7,0.10799878467443513
CC_FF12AB681D84,0.14430621343168282
CC_FF131ADE507A,0.26667637272624534
CC_FF19D3446CF6,0.051968274434066854
CC_FF1F8C563939,0.1664070666790863
CC_FF1FFCCE10C7,0.0754588863930613
CC_FF21216E235A,0.08322499478654939
CC_FF264C4065B6,0.15736399505715992
CC_FF26577EE6F6,0.248622467496387
CC_FF2885B0F9F5,0.11807044499729255
CC_FF29B2D1F5AD,0.7768435676261566
CC_FF301B2E333F,0.11738728722381805
CC_FF324A4B5CB4,0.11199778466504222
CC_FF3570405583,0.39124779601848414
CC_FF3958C83A71,0.19805306312955204
CC_FF3B0CE20CD3,0.12192411796797038
CC_FF3B794B72F8,0.16084412799136735
CC_FF40AFA25015,0.11383538259751572
CC_FF41DA6895BC,0.12737467842304956
CC_FF4791D6E996,0.06373050662534725
CC_FF49460A1003,0.1791962626605374
CC_FF538598CBAA,0.550323709703871
CC_FF5C2E378773,0.08798617080659125
CC_FF5D42F25E2F,0.2638788652508891
CC_FF5DDBAF1153,0.10033238780213147
CC_FF6185862D21,0.07373643351204248
CC_FF6841C9BF75,0.16937268528946242
CC_FF6BC4641A91,0.2900515379622947
CC_FF6BF221A592,0.14204244440994315
CC_FF70EA06E63E,0.09296923835435081
CC_FF7159CCD4DE,0.22117150407399833
CC_FF738455EF88,0.7207873830980492
CC_FF740C18FD33,0.4751764167585183
CC_FF75B8C60B63,0.10749573136060438
CC_FF77ABCB5316,0.10999183427482999
CC_FF785F248CAB,0.1516615586116187
CC_FF7A6A55F388,0.06398194609599105
CC_FF7BEAD19BA9,0.0976909874168486
CC_FF7F54CCD531,0.7146650567567925
CC_FF81939E2D65,0.060255244503433836
CC_FF84186FF5BF,0.14205136443372507
CC_FF84D6615A66,0.03900271353814239
CC_FF8AD504A83C,0.25160392412986166
CC_FF8B865BEA86,0.06248312302038156
CC_FF906284EACF,0.09902415659680183
CC_FF96DBBA87D8,0.19293343304760605
CC_FF990A1A74F5,0.13404511420480145
CC_FF99581F1B44,0.09938904116352373
CC_FFA5351823C8,0.1022118700505815
CC_FFA60EC3D829,0.21120910327314774
CC_FFA79FA2C307,0.22190377411590112
CC_FFAA76724832,0.36717909822404965
CC_FFAD9433FA89,0.1139639074778795
CC_FFB78CBDD6F6,0.07440813429610013
CC_FFB87FE0348E,0.0983993441532086
CC_FFBB42AD6035,0.6199791249551989
CC_FFBE93F5EC14,0.780161580949716
CC_FFC10C050180,0.0641086865800735
CC_FFC20FCBBC82,0.19014927055249542
CC_FFC53991A2F8,0.35426280292998896
CC_FFC8543EDC13,0.5360125253569422
CC_FFCD95C3DDE1,0.12380966712494398
CC_FFCEB3BF3EC9,0.0665604562588447
CC_FFD453AE3223,0.23828951036768622
CC_FFDA941BE8FD,0.06646855098090612
CC_FFDDFEEC47D3,0.24817962398850635
CC_FFDF192A22C6,0.07559528057674145
CC_FFDF7ED6D2A5,0.06934213491300224
CC_FFE60BCEF78E,0.07531860299376567
CC_FFE98EDF9FF0,0.1647811307988549
CC_FFED2878DDA7,0.21067140488472352
CC_FFED9CDFB0DB,0.08617325157607504
CC_FFF1E17CA6A7,0.6647115410786052
CC_FFF3AD146FAE,0.7128117752549439
CC_FFF7C7B2FB04,0.0917143589964161
CC_FFF7FD14A18A,0.17530295874591734
CC_FFF97318AFBF,0.35134938874927857
CC_FFFB28EA5580,0.18059210984262955
CC_FFFD3A829DD0,0.3265354304813911
CC_FFFEDC33E37A,0.0933893304490669
