client_id,default_probability
CC_0012A082B7B7,0.10669214209549892
CC_0012BC27DFB6,0.12095700132583113
CC_001563B2143D,0.11423264276413753
CC_001B46930B6F,0.09685100558537746
CC_001D771E1C9F,0.048265071165174624
CC_0028BD91E759,0.076326155975813
CC_0029971D7EF4,0.21851604498383181
CC_002B8C00B239,0.04740507572076679
CC_0035DFA86185,0.6892578219155078
CC_0042D11A6D0F,0.05679271335079931
CC_004D21A4ABB6,0.13344000928566696
CC_004EE05FC2EF,0.4623817802642015
CC_0050E546EDCE,0.7183020198497649
CC_005D7F31F785,0.06601711752821263
CC_0079996ED779,0.19556307757111188
CC_0082B4E1D9CE,0.04886289624210134
CC_00B01C73CEB8,0.16446267496801362
CC_00B74FFEEA53,0.23507579071882245
CC_00BF6791C18C,0.14685487856439905
CC_00C5E30B288C,0.3225239957953091
CC_00C68CE1CC12,0.3719898532850441
CC_00CC4148959F,0.13395106329637133
CC_00D428772D30,0.35531743620586154
CC_00D5806C7783,0.08813400122899909
CC_00D5C677C2AE,0.5037523785861819
CC_00DA781C4D66,0.09279258272158547
CC_00E7E2D6B548,0.23372782317677854
CC_012BC0A68DC1,0.0839691545243682
CC_014911033882,0.14089460521556393
CC_014F7EF4E595,0.6860314853608338
CC_016501B25F2B,0.05335138697996442
CC_016767D9B049,0.04490349781274326
CC_017598512EA2,0.17199687663615765
CC_01941532C804,0.25048366721630816
CC_01A66C6E22FF,0.7709628453400127
CC_01A684355200,0.17208945081742308
CC_01AC62740827,0.12107020088517643
CC_01B0EFE5DB79,0.22514585147154154
CC_01B876B2988F,0.21051959393530545
CC_01CBB64C1DB1,0.36672420843310227
CC_01DBD993A1FC,0.0632341666411805
CC_01DC49D55C2D,0.04664412698445079
CC_01EF18A3ADBC,0.5324959885965156
CC_020252D37557,0.18169389455974458
CC_020BCDBCA8CA,0.3289490096611361
CC_021A6DD97ED4,0.14797773924754618
CC_022054506F33,0.07206723147290375
CC_0225D6231EAA,0.05858855107973394
CC_024B524B0176,0.03998132674087229
CC_0256303A6DC0,0.252114457635539
CC_02589E6E4714,0.0544625931478282
CC_025927626E10,0.6895952515701848
CC_0283023DB294,0.041486526234285385
CC_02903C6FC0C0,0.20972470127423384
CC_0296E572CF21,0.04554616997202529
CC_02999E509460,0.6698208638978105
CC_029E835D91BB,0.07110389824652591
CC_02A32EC3526B,0.08509171872502604
CC_02A393632CD3,0.3023984833978748
CC_02A3E21B28BC,0.7293462802572673
CC_02A4B4644529,0.09729077220001182
CC_02B43865B30E,0.07281731788764621
CC_02B5A1A178A2,0.15031588402069562
CC_02BC4785773C,0.22981152757778325
CC_02BEDD9627DD,0.6020244647714802
CC_02CD2C1EFBB0,0.11328142107170601
CC_02D4430492D3,0.3248391631445594
CC_02F79A06858B,0.10156635131563128
CC_02FA254C9D43,0.041609478601942744
CC_03062402B4EE,0.07062247007509084
CC_03072CF2EC63,0.32143136323173777
CC_0315369B079D,0.10045817641363242
CC_03199242A810,0.15849024581373616
CC_03214BA76DB4,0.19831497414210258
CC_032735A44CC6,0.07268982863077958
CC_0330340F2FE5,0.16734484733907487
CC_033236FAAFDB,0.1934204288230703
CC_0337298F948C,0.045625849403425074
CC_0341CAE5E2E8,0.2330102778474975
CC_03434E2371CD,0.3416092116395206
CC_03547AAB948A,0.19858132375013351
CC_0354D0453D8E,0.12073831980105908
CC_03592E51F427,0.603071379704543
CC_0365DEB525A3,0.1046228440952499
CC_036782052BC9,0.3374102900200586
CC_036977A50F1A,0.1270562211148781
CC_03720D08B8C2,0.23222190530964437
CC_038AE599BCA8,0.2560556678957014
CC_039E67CDFE1E,0.3466600394425243
CC_03AC962FC717,0.20542393922168847
CC_03B00DFA3A85,0.7650052956392543
CC_03BC6380E968,0.46722440021291495
CC_03BC730E0B02,0.03985009809353213
CC_03BD4F22DA3D,0.1388761444518749
CC_03C7E1EF6F69,0.7821272094968745
CC_03C9FA383477,0.0880803890191448
CC_03D1AAE90CA6,0.057532002323077036
CC_03DBB9598F39,0.1360307475106134
CC_03F18B43797C,0.11158185926051659
CC_03F80118E46D,0.0851278306636938
CC_0405E0151A6D,0.1517854643364596
CC_041FEE6C805E,0.3656300658184064
CC_042F88EE269B,0.1778173964827731
CC_043D98ED7F98,0.18040523065111178
CC_044C3537B769,0.18053822793414565
CC_045932C46685,0.14301817551042637
CC_04629624AA8D,0.17661396403221324
CC_04690B4A6AF1,0.2517361261616817
CC_046CF40369FB,0.11362441102348686
CC_046D6EC816AB,0.4204952630345943
CC_0475CD95EDC9,0.1137818247505441
CC_04796F06B82B,0.1375425054103663
CC_04AC7C1CE736,0.384230898501692
CC_04AEDD051B96,0.32497322300251197
CC_04B42AD0E01A,0.31846776414017575
CC_04BBD1DB360C,0.2894994766613727
CC_04C767FFDA0F,0.44617797827360556
CC_04C7B819B9B9,0.13013614371382562
CC_04D127A775DE,0.12109098375757674
CC_04D9ED00053F,0.05984134028911242
CC_04E0EFC4F548,0.24767737964859637
CC_04E6848903E8,0.047458471825662756
CC_04F69D03ECE1,0.2386801979597325
CC_04FA1CFA1DEB,0.2099900731570131
CC_04FA6842AC62,0.03979922125109045
CC_0502F3791166,0.31217436152063416
CC_050B514E15FD,0.15851241178147185
CC_051ADBD6D835,0.11049068337893958
CC_051B4644216C,0.07189930660328545
CC_051C0A644DD3,0.036783935130545474
CC_051CBF566856,0.04764811414957191
CC_051EEA9AE819,0.1659986542332134
CC_0520E27BE904,0.1458822163535233
CC_05224448D290,0.12451677089396786
CC_0525DE4744C0,0.04929302133624644
CC_052F5CD81EFE,0.1722291307276526
CC_05368FAD2E6D,0.07777365736958536
CC_053788B82006,0.09465373621742952
CC_05471A48C6F5,0.1708742795506704
CC_056DBA1A87BA,0.07998391102836418
CC_05901F3E7A0D,0.17753920928099567
CC_05906BC8ED3F,0.15142197447177547
CC_059D55E32C78,0.0854738956849031
CC_05A12EF84A86,0.4816213619677691
CC_05A42D035609,0.14997874572773387
CC_05AD75A5CE38,0.05161939828580281
CC_05BBD4B92613,0.564718361191632
CC_05C8EF6500D7,0.7679266630494039
CC_05DDB7B07497,0.0700133688209089
CC_05ECAE6E0774,0.20408058685176084
CC_05F11F14DF9E,0.32741101592569355
CC_05FA9192590F,0.15028698113920425
CC_05FD764FB154,0.7623470285319001
CC_0608DBB4DF03,0.24254494315761113
CC_06198383F6D4,0.1070998887094113
CC_06199EBE2B05,0.1745919615950545
CC_062A8881A331,0.07836448773753248
CC_062F74350907,0.06279545934581536
CC_0635AD30F004,0.7688389950294906
CC_0639F539946C,0.35411273244327185
CC_063DDB42CF5C,0.0733871659215207
CC_06405C00E240,0.2773111345026399
CC_064920FC9DAC,0.08749182475545825
CC_0650AB329174,0.7641069411983815
CC_066941B109B9,0.19396719425393827
CC_066AA16F5874,0.2819635090317822
CC_06732311FB8B,0.18743223179710605
CC_06780061F889,0.12145991520578553
CC_068A81B06B74,0.40614315163319664
CC_06A1C5FE269B,0.28663836973709544
CC_06AA7138DAF8,0.042748687827901775
CC_06C0DD0D066E,0.7058408781613352
CC_06C97CFBD476,0.1330144869793416
CC_06D15F523C05,0.20526314070635412
CC_06D35787AD65,0.04469619956748578
CC_06DA375201A2,0.08773595136779518
CC_06DB455FF19B,0.6722393878464277
CC_06F3674E7313,0.4907849129990203
CC_070232DF9996,0.13419774815296148
CC_07141FA77DBF,0.14833343615889816
CC_0715F11CC8CA,0.21257820177626732
CC_07168A9C843C,0.1898817317863261
CC_072AB9F855DD,0.04689794132390717
CC_07337AF6AC2A,0.1278619160631541
CC_07434E4E5C28,0.07062940551086185
CC_074381358A2C,0.036982798568417644
CC_074E7CA75E8A,0.21278200043297624
CC_075D0C618BAB,0.18817414106585023
CC_075D804F7851,0.10404237433201594
CC_0765961D818F,0.43735884471230063
CC_07698F10563E,0.06813623810011388
CC_0773B9BA9E18,0.27209019010366314
CC_0784ABDA7F8C,0.21758412137088853
CC_0790C9F9EC9C,0.08596005539648857
CC_07A996E6CA6C,0.23897074470678534
CC_07B588ED677A,0.174950458986347
CC_07B730FD7F82,0.14779628346172016
CC_07BE6961D039,0.0825223908018426
CC_07D23A6BAF5C,0.1273007179706872
CC_07E08196A3DB,0.049061302591286715
CC_07E4850039B3,0.09487554856593207
CC_07FAAF8B2D23,0.05306222635322384
CC_07FB3FD9BE0B,0.09875057846523458
CC_080CB94A724F,0.28955523706666697
CC_0837C56711FE,0.09261067522750198
CC_084100A049EE,0.0532115527463102
CC_084113D0951B,0.2426445975768095
CC_0843DDCDD601,0.7098467947532515
CC_0846C14EAAFE,0.06501268793968727
CC_085091ADED2C,0.25481306909483814
CC_087943B4A5D2,0.13268919316825245
CC_08A97B98C405,0.15975952341546376
CC_08AA321BC4AD,0.20981702125082485
CC_08AA44ECBDD5,0.058608812597588045
CC_08AE2EE9D798,0.2054236700915007
CC_08B149462891,0.1660636737564224
CC_08C71A8D2D58,0.058397015498868866
CC_08D645F7B257,0.056504122492696277
CC_08D80BF0B273,0.0518548574693063
CC_08F52B1BE431,0.267391103546307
CC_0903571AC7E7,0.1378577030015632
CC_090D528C09D0,0.4182520968484299
CC_09106BA6CFC9,0.10452720156666392
CC_0915905A5D48,0.11440707338920848
CC_0918F67CDF01,0.140524052364106
CC_0925D0B6276C,0.14098007650101488
CC_092A2830E36A,0.7763678863940982
CC_0951489C8F79,0.04006141522834687
CC_0951FA4D5513,0.11626375891025742
CC_095C712064EA,0.09067454437836607
CC_0969AA7BEC71,0.08079659864993839
CC_0974840BED49,0.7284746852014942
CC_097BD371F652,0.09446432942759941
CC_097C8139DBD1,0.061919475656596036
CC_0981CA4DBCE0,0.03763564031452357
CC_09A5D2F129A4,0.29287613831943093
CC_09A9BE38080D,0.08497720086164433
CC_09CDC42E000B,0.18913654048761305
CC_09D8DBAB2A42,0.10967506342738252
CC_09EBB1960580,0.047684438328335424
CC_09EBF206FEE6,0.19929220718314697
CC_09F2AE996181,0.07959755331644215
CC_09F45833F53F,0.15742190495578737
CC_09F4F5C5B4EA,0.7515965990361272
CC_0A04BF4005F8,0.19059933436182508
CC_0A0E563D1060,0.08642957377671819
CC_0A0F781A999D,0.18401196341212436
CC_0A1138C37BC0,0.17828521284289184
CC_0A334A16524B,0.05956311360287648
CC_0A359CD5D73A,0.09574304200224709
CC_0A3E2C273DB5,0.07985748104444043
CC_0A4705B1E08B,0.04829636642599058
CC_0A67EB7C5282,0.1298942164795884
CC_0A6CD64871E5,0.3860846152401675
CC_0A75643FDC7B,0.06376662455305926
CC_0A8066F501AC,0.0555753684728413
CC_0A83017D027D,0.14825880092165875
CC_0A9AB7441D5B,0.3143805868742025
CC_0AAA72FA148E,0.33349221175190935
CC_0AAC488C8AE4,0.43673086565245944
CC_0AC2DB82398C,0.3357152290688432
CC_0ACA2C49A497,0.12867803810003234
CC_0AD4BBEA75ED,0.04485709841045918
CC_0ADCD6553B8C,0.06484094633190493
CC_0ADE56B56C41,0.04339085431493345
CC_0AF4B5B4162F,0.73350730712707
CC_0AF9BD814AC7,0.11630867147559065
CC_0B083BE0FEA3,0.12025681753178162
CC_0B1384331163,0.0640902484340567
CC_0B216C6AF0F2,0.03912320849412759
CC_0B3465DB0684,0.612982441548808
CC_0B442B91679E,0.17306475761480986
CC_0B455175F494,0.097480681509593
CC_0B4C01B4002C,0.19683499696490475
CC_0B544A526D6C,0.07776364602469542
CC_0B5B19AFCD18,0.0764316812118307
CC_0B5BD2D224BF,0.05954671629681779
CC_0B6407C2C9BD,0.1378816122039106
CC_0B73F59991EE,0.08954704584356683
CC_0B7579216681,0.09496520037523559
CC_0B7F3B4B32C1,0.2369941195136799
CC_0B830A67900A,0.13648321218409068
CC_0B84250F96B8,0.2894618633429786
CC_0B92212B8E27,0.2148550054731557
CC_0BB43BC4B3BC,0.10833835473688401
CC_0BB992973640,0.06034107590198651
CC_0BBC41297846,0.10806325675244687
CC_0BDDB468A1E0,0.32227851316218986
CC_0C00A631C2B4,0.10072502187142036
CC_0C011AF6C857,0.3466259831015311
CC_0C0459AB67DE,0.13453795679877545
CC_0C18B07E451D,0.13414642437306282
CC_0C19EB845CA2,0.24161748613394374
CC_0C1A736F37CC,0.08598090166874396
CC_0C335C9D86F7,0.7652011828723247
CC_0C4C24D066E9,0.1922821490992111
CC_0C5499989AF4,0.17563505823771414
CC_0C95548CC1BD,0.14741506312443847
CC_0CA2DE660B41,0.2700296649795067
CC_0CA6D8CFCF2B,0.21900191229348046
CC_0CA9DF9C5C15,0.07862676834593103
CC_0CA9F52C92A8,0.16904929727296886
CC_0CAFB6C41CE7,0.13083442091702757
CC_0CB27D5313F1,0.5289207113448028
CC_0CC9DDDB8B44,0.05541726436873562
CC_0CCA18595BA5,0.21171637450182706
CC_0CD90568D3E6,0.2430672575545404
CC_0CE0D56B0584,0.0615489599199621
CC_0CEA028BF961,0.21353050518318512
CC_0CF67D68AF16,0.378471193934951
CC_0CFAA0FB0691,0.0678431748771529
CC_0CFFD2785D2D,0.0821547090441657
CC_0D28AF91CE97,0.12027147528847724
CC_0D34E55A580B,0.1089625821814959
CC_0D3663B6524E,0.6886862353155634
CC_0D3C2864ACD2,0.29624258734131176
CC_0D5F4BE8132C,0.16782492065718185
CC_0D6D5ACB0889,0.25641611682951304
CC_0D7BFE8CC0D5,0.13651238250612618
CC_0D8852AAB481,0.20455131494613343
CC_0D97EF394C79,0.40654103815615966
CC_0DA8FDDE6DD0,0.06576998648966899
CC_0DABB89E37CE,0.07947148507511825
CC_0DAF0F2FAA86,0.09032101282413794
CC_0DB9E5F8EDAD,0.08652737227979136
CC_0DBC64F88C05,0.14085791910491785
CC_0DBDF018E822,0.13075894977362473
CC_0DC31A5A1096,0.05800170558210249
CC_0DC3870F23D0,0.04351089103382985
CC_0DD39F5D7C0D,0.06531700995354318
CC_0DDC2C18BBDE,0.06049146756405084
CC_0DE09CAA93E5,0.1521273447616033
CC_0DEA4477FDC1,0.1437936150352104
CC_0DED63EF6639,0.20174566248564152
CC_0DED7DBF26F6,0.27361079401805843
CC_0DF01CD21B9D,0.17240325421972028
CC_0DF6A478C01B,0.23511756270665018
CC_0DFE1A3FA5AE,0.13701896254350518
CC_0E07D5FB24B2,0.13386376866480643
CC_0E0CD9F23A5F,0.6638194333590153
CC_0E121FCB1D47,0.08554265293451974
CC_0E1423A4C263,0.19004550415311516
CC_0E16883EE8E6,0.41319797490677856
CC_0E1A2BA1C545,0.2284089192772739
CC_0E2B52BBA69B,0.05796811876130291
CC_0E40BAFC3530,0.15725827838236156
CC_0E48EE235179,0.09788259856381666
CC_0E4FA0FB9797,0.7318459139129669
CC_0E5162F59924,0.7546485457215106
CC_0E5E2FCAC8C2,0.26843567302911225
CC_0E68C2BE2A75,0.13330062935331444
CC_0E6C5A8D8CE4,0.10678889316940418
CC_0E6E9B0E674E,0.11196102863427723
CC_0E746EAD6CE9,0.07976755080657034
CC_0E968E7C22C1,0.27358777393532063
CC_0EA1483F50A9,0.17402118519566373
CC_0EA81362C7D1,0.14619227178845173
CC_0EAE97520873,0.3078861600025668
CC_0EBCF4228FF2,0.44945334270391835
CC_0EBDEFD0BDC2,0.07081627793128648
CC_0EC6AEDA63EC,0.2796312471568935
CC_0ED61DD76795,0.10141016115519158
CC_0EE33B1B71D5,0.1275209327999735
CC_0EE7EFF13EBA,0.057100474269621476
CC_0F0F136B0991,0.1293378343044569
CC_0F0FAF218BCB,0.05733493927536346
CC_0F125B48F175,0.10177781555865156
CC_0F292A238627,0.12503995010670904
CC_0F2949A1746E,0.08162151312929648
CC_0F2B71163121,0.09138317851925111
CC_0F393F1DE2EB,0.07267025934985863
CC_0F41B187053C,0.4272241145293225
CC_0F52EDC9D383,0.10724342751035174
CC_0F62C4F36236,0.10130864257642483
CC_0F6A29CE5D45,0.18123865202297598
CC_0F7C0515A6CF,0.16091042018308827
CC_0F8D6C89202F,0.21811908155039553
CC_0F933684CC08,0.19378986548318114
CC_0F9BA54F2AF6,0.04897562112043237
CC_0FA06CE7FAE8,0.04665382981725991
CC_0FD25AA655DA,0.156934493776972
CC_0FF5570E06EC,0.7072544271210104
CC_10197FE0E34B,0.6817182711787091
CC_10355B5718CD,0.09283454785644693
CC_103A9D18EC12,0.17599124206516542
CC_1040DB6A21EA,0.12530720128188472
CC_104D2B84FC4F,0.044565834521841215
CC_104EA2802A11,0.07355919898687822
CC_105777B1BF91,0.06892820686832041
CC_1059F1B6C0C3,0.1827005981218398
CC_1061947FDD14,0.0616348450862851
CC_10689257E68C,0.4234316502591384
CC_106BFCFA7D7B,0.042205873143727056
CC_108FA04AC10D,0.1071154461159043
CC_1092915D0093,0.11837991828379443
CC_10A30F88E157,0.14771255194788926
CC_10A657027AC9,0.7254952525929115
CC_10A6EAF27BF3,0.053715256215249016
CC_10B148BED568,0.3637650808578832
CC_10BB7101F191,0.06217211482223359
CC_10BC5BC3A9AD,0.34374263531046795
CC_10F27C70AB99,0.11660559219642255
CC_10FADDF63CDC,0.18966088802647366
CC_1107D9301AA0,0.11345368240755115
CC_111A6DE5D9C7,0.7509175338598135
CC_111DC3B1756E,0.28534983553579535
CC_1131156CC6F6,0.14161963038196312
CC_113B66D5D5D9,0.12446506487141258
CC_1143254EFF36,0.05367815060774253
CC_1145E5277FA7,0.21743893408167114
CC_11521077BBB0,0.1328790087756746
CC_1154861ABCCB,0.5098098326911742
CC_115BCAEAE2A0,0.08623049858916715
CC_115BF13E8BFC,0.23761717550661882
CC_115EBE5044BD,0.34889833298905304
CC_1165AA07FC47,0.7090462098355981
CC_116EE8219753,0.059987068184662144
CC_1176FA3233B3,0.05849108421484725
CC_117C2A1587ED,0.08967552040147045
CC_118C0A1D14B2,0.31997695982780905
CC_118ECB589F3C,0.1061729834950385
CC_1190F13FB1FC,0.1375249443375295
CC_1192EEC65A1E,0.23193190519399537
CC_119B1FEC4D83,0.23152513636994912
CC_119C413C2580,0.1722836218547762
CC_11AB74142A2E,0.7833291456434671
CC_11C8A291FD11,0.14721068803343573
CC_11D1E9C39E41,0.07898393213927044
CC_11D600EE1BD6,0.17406248532503077
CC_11D7539AC69D,0.18385172100679148
CC_11D78BB50016,0.1633082717393173
CC_11E0C583685C,0.11847746236722251
CC_11E0D2F15AA1,0.04335856653748429
CC_11EDFE67C719,0.6555525289277854
CC_11EE85F284B8,0.2035925279013052
CC_11F700202C6D,0.1558150790161916
CC_11FB668DF543,0.11845481910970325
CC_1209FA26609D,0.04167967962573174
CC_120CA1B916D0,0.1132980630882627
CC_1210186F4D33,0.10875937353745652
CC_121F621374FC,0.20429811643112816
CC_122532C1FBCB,0.11546069288907654
CC_122B19CBC88C,0.6534689919170695
CC_123C7F0111C7,0.5611017345327467
CC_1241EE42F174,0.1346317976245345
CC_125B7100F1DD,0.1421839301895268
CC_1263B255B3B5,0.14643329118570203
CC_12878596E940,0.06489873623384586
CC_1298ED71A9E0,0.06348354733318294
CC_12B555C6F086,0.13827737093311898
CC_12D22C629874,0.15072114439026937
CC_12DD89EA0C14,0.19382341550570142
CC_12E24CDE2684,0.20069046724033326
CC_12F3B7309455,0.5448216698280103
CC_12F8E7A4BBE5,0.33336845244164387
CC_12FDEAE4873F,0.17362153535780675
CC_130F7B067939,0.30621984593866314
CC_13209EDC85EE,0.6692331331427138
CC_1332B6F0E543,0.20989928348352754
CC_1334E256AEBC,0.6296536971030045
CC_1337726B2AE6,0.09125652917247001
CC_1338237BF402,0.18592413843080657
CC_1341DF38D9C1,0.16116769420986413
CC_1342F868176B,0.6857247088406991
CC_134651CCD2F8,0.15408652722990385
CC_1363E3090578,0.06711827540762229
CC_13736493B695,0.07385192653114746
CC_1392DE633D4C,0.3172852968289613
CC_139ED2E0AD76,0.09193798256942425
CC_13A5383EA098,0.587364714735382
CC_13AA272C6861,0.07186152310543596
CC_13B74E4EE3EF,0.22586205341835652
CC_13C437E86B81,0.5265830517512058
CC_13D61B077E7C,0.07555741822470577
CC_13D7115A8FCC,0.19389852412857472
CC_13DFE319B21E,0.7707320721642816
CC_13E0F0B3FAE6,0.21084129421265072
CC_13FD88C2920A,0.7225418913210673
CC_1401CB818627,0.27002712472851353
CC_140B86E74F74,0.7826096521686846
CC_1452A0B69085,0.04582397695253821
CC_1458CA7329A7,0.25378705918448824
CC_1459E7125AFB,0.0850159011682382
CC_14633EC7F622,0.3769197382562542
CC_147B1B30DE7F,0.12059474023262952
CC_1484511F54C5,0.21574357758172533
CC_1489A941A69B,0.3022675278587709
CC_14A8B16706E9,0.07951798415549233
CC_14BE52BADB77,0.10408533005859816
CC_14D53413FBCE,0.3288546096634687
CC_14D59B58E51E,0.1545825442180434
CC_14D964327B1D,0.06118661610571475
CC_14F5D06CF093,0.13521065920604378
CC_1501D63D5A80,0.3256985016962453
CC_150E3A0E5084,0.20501495248381904
CC_15152312AC56,0.05756547618940336
CC_1522BA0411C3,0.08986700235473954
CC_1534B0241A1B,0.05351866584786193
CC_153BE2BEB74C,0.14277094138352042
CC_154BBCD4DCEA,0.22895655131070453
CC_1552EC27FC0C,0.6796542596587914
CC_1566BFF4BCDC,0.39218873586394687
CC_1579BD86A63D,0.3697987675180476
CC_1583CFD90530,0.2605464975095716
CC_1584385F38C8,0.0714329568271474
CC_159656F13BE8,0.10010072726450517
CC_159B6F6AAF1E,0.10925749973419227
CC_15A4934FD96E,0.12231985922954029
CC_15B2140CE869,0.08734305519761185
CC_15C0972DE384,0.6004783357891906
CC_15C0E30FF2DC,0.11653623833416199
CC_15D617FAB434,0.05520009005290007
CC_15DA0F4FFF0E,0.32011136759819064
CC_15DAE76D15DF,0.04826639728802598
CC_15DC7C139EBC,0.35355745030022695
CC_15EB741857ED,0.0769481273983801
CC_15EC51F4C521,0.31629397295817285
CC_15F6259C7C53,0.08268220215563316
CC_15F7C012E10D,0.44535010031576827
CC_15F7C1BEC28F,0.1821042854401001
CC_15FF58854AEA,0.2778926232670022
CC_16035CDDC2F6,0.1191235730769378
CC_16095572722B,0.05324940072005839
CC_16109F1CE0A6,0.25118429085848315
CC_16150E74E4DA,0.15618985465220175
CC_1629E47AFBA5,0.09091703759979994
CC_162F4582D06D,0.6198983520298914
CC_163194DFEDDA,0.04592588289345015
CC_1640F01B7730,0.11942651419135925
CC_16460554039F,0.0449214372936406
CC_164D308CDE41,0.21402106064985996
CC_1661041F819B,0.7621881830266368
CC_166829780A76,0.11737674382856485
CC_16798666E855,0.09936120395198504
CC_1684B5493414,0.19113816447205767
CC_168A8907C8F4,0.09326457586849442
CC_1690EC56D088,0.06006378021787746
CC_169853EEAB4A,0.11023553700082045
CC_169B7FD839BA,0.1685415897935783
CC_16AED1A3008A,0.23838477878155895
CC_16BAC7837C73,0.14209829436300034
CC_16D57E1EEA01,0.14827341974333044
CC_16D833E56D7A,0.18858232910107844
CC_1702487A047B,0.1894958796279335
CC_17029F78E70E,0.06470204070534817
CC_1702F3E986AE,0.06486429676222094
CC_1707181BB559,0.04814610030854343
CC_17117BF03935,0.2670094654168601
CC_1723E40C3D40,0.23314262080792336
CC_174FBBE9ADD9,0.15877478487043845
CC_176E6E58FD1E,0.10133004627932767
CC_1783F37259BE,0.07897337388642163
CC_178B135605CA,0.10454067093285228
CC_179AA5165026,0.3513320355288071
CC_179DBA1C4CDB,0.3074354356672817
CC_17A1090B69C9,0.09938387463296428
CC_17AA1A4C904D,0.1791677502926035
CC_17B06C06FDC1,0.14026630595391848
CC_17B89AC1FD03,0.2535557895438911
CC_17DC33AA73F3,0.07529576377012272
CC_17DE4D267831,0.09735123727512061
CC_17E929BE0344,0.3481653159023246
CC_17EB83DECE5E,0.3895755101377232
CC_17EC9982E5A6,0.17043027304906452
CC_17ED5555B4FD,0.22342752432052435
CC_17F4292DAF8D,0.11360024756282558
CC_1807B0980C86,0.07758957040308254
CC_181354A58B53,0.09306764269240754
CC_181E7266E018,0.10402261114016259
CC_182AAE7CC3CA,0.4466516418300742
CC_183EDEDC5DA7,0.09071057686735841
CC_184C47552665,0.2509240838381446
CC_185A7392A475,0.2881349148229448
CC_185FEFD3233A,0.49436005979949094
CC_18676FE5FC07,0.08287909530323129
CC_18776C4FDE28,0.09156201072738597
CC_187A8AECEFBC,0.15912226793431464
CC_187E7D0B4E82,0.7387662054088948
CC_18839D393105,0.17063601066581882
CC_1888476F6CF3,0.16123255149504484
CC_188B1ED2AAA5,0.3211771575128703
CC_18A4257C3172,0.319279985293578
CC_18A7929D9FC9,0.30371122347494806
CC_18A8695F185E,0.10270718394944653
CC_18ACE64E8F74,0.21283494498187938
CC_18BF4A29BB38,0.1371418028669914
CC_18DE36F7D294,0.16972078994344106
CC_190EB07AC1FC,0.12042950414527219
CC_19219F2C60B7,0.229536424379301
CC_192262DB0B0F,0.08153914807501311
CC_1929746E06CD,0.6593356098182113
CC_193356E72D61,0.7338732548098348
CC_193938E8EA40,0.19838730591077305
CC_193C60092202,0.5430685933461527
CC_193F669537D1,0.1985737344332963
CC_194E13150BE5,0.07431456687729444
CC_19556DDCCDB3,0.0438324742188251
CC_195A6E9B48A2,0.12180271494886798
CC_196DEC616B33,0.1187070420673186
CC_1978B23D64A8,0.11615629679640505
CC_198562A4BD86,0.132368350561056
CC_19864C9572BC,0.15990408529224992
CC_19868B6887C9,0.1254604657385464
CC_19969E05AB2B,0.1707608319740283
CC_199FC89885C7,0.13087395771840543
CC_19A40411B404,0.24167214539165652
CC_19A6D9B60B29,0.6845890374109804
CC_19AAB010550E,0.06154855408920499
CC_19B4743DFEEC,0.0901624714777493
CC_19B95A61D757,0.17964472022184236
CC_19E6A00F6A5B,0.07644634308513806
CC_19E8DEC29F47,0.6257158667862904
CC_19EA54976042,0.15994510714827634
CC_19FBBEA75B7F,0.14852488097772296
CC_1A039E58840A,0.06758524402874545
CC_1A075331756B,0.14679844060691605
CC_1A1E1302C432,0.16773398860628932
CC_1A37690EAEDB,0.19204880659440116
CC_1A3BF9F5BD42,0.13536606978719357
CC_1A4268FEB02E,0.1824124006490338
CC_1A5F8618A912,0.4974038068646858
CC_1A659D4D521E,0.41457828493972093
CC_1A879655902A,0.07848506891078298
CC_1A9F6DA46BC2,0.11207860057840185
CC_1AAB15E81743,0.04600181026585428
CC_1AAC389EF8A2,0.24327158488874723
CC_1AAD0CE365D9,0.1772622397495926
CC_1AAD9152C90B,0.055218883765478746
CC_1AB15BDA9296,0.0739849101493251
CC_1AB8BDA3041B,0.19305013689723477
CC_1ABB9CB074E2,0.7597926792765284
CC_1AC1B1A3978D,0.06602324536630033
CC_1AD20D1F9C08,0.7192403488968536
CC_1AD881A90D1A,0.3978637070722253
CC_1AE9811724DD,0.7113320637161525
CC_1AF1AAAB9D12,0.7168149649464796
CC_1AFCC4D0ABD4,0.155201818285722
CC_1B08ADAFD1C4,0.18054020476999885
CC_1B10139C7917,0.1214064279767738
CC_1B127133B948,0.14989603400534693
CC_1B25964EA376,0.1741615356814728
CC_1B27A85C7244,0.17240996253986143
CC_1B29F4378A34,0.11982952321486338
CC_1B2EC0BD0677,0.2972885715108922
CC_1B4AAF37FB97,0.07911834141444321
CC_1B5E792F6E6C,0.2574027837950506
CC_1B7166DAA790,0.1631439178163513
CC_1B89FD901C95,0.09068588056383252
CC_1B91E3A70338,0.06959057226983793
CC_1B9D9B7184F7,0.1570718511266356
CC_1BA3FDD92B1B,0.06971562676161262
CC_1BA9B3D67170,0.15098588071584507
CC_1BAF97E2BCF2,0.09230214698573197
CC_1BB7D8A54021,0.10276065589577127
CC_1BD548A5FEF3,0.13159859132713744
CC_1BDF1893ECEB,0.33007903297444224
CC_1BF117A8AF9A,0.06932954352854609
CC_1BFA7E407428,0.36739576711661165
CC_1C0066F472E4,0.7254642318051421
CC_1C09CC2385AF,0.07045440329407414
CC_1C11467AB472,0.6445988589348598
CC_1C1627B7EE6E,0.054383772344193435
CC_1C3259B85E28,0.16128259216987853
CC_1C334ED885FA,0.043903755790341205
CC_1C376760FE39,0.11423035748923502
CC_1C39A1ADF3F2,0.17390997858410728
CC_1C450FC77478,0.129973438229751
CC_1C48409023DF,0.40478252836713713
CC_1C4D03324C60,0.3266903787257629
CC_1C5F1E1028DB,0.050469350638238014
CC_1C6681C0AA7A,0.7776414664881224
CC_1C84CFE19CDC,0.19903589730227916
CC_1C8B3F689C6D,0.25829142232571956
CC_1C95674B902D,0.05461627554790484
CC_1C9A4C11F28F,0.15057562221156526
CC_1CA3F50BABEA,0.08376004139442562
CC_1CBF42D35AED,0.638364465853455
CC_1CC11BEADBD5,0.17284193067533205
CC_1CC3CE396A8A,0.20073386153434367
CC_1CD2B13C2E6B,0.08975599066597831
CC_1CE0B37CA670,0.09901938424597338
CC_1CF5A99FC068,0.14246891255837102
CC_1CF71AEB6671,0.08185720846047807
CC_1CFE066F5EE4,0.16271235439426157
CC_1D00B360809D,0.0730001417566044
CC_1D1173F82F2F,0.11560793198713251
CC_1D1E06E0B393,0.1367946916999372
CC_1D2789866B1B,0.0900320221123092
CC_1D2DD7DF781A,0.19932083694500302
CC_1D313498A2DF,0.18762447035507282
CC_1D68396533F9,0.35794236400083723
CC_1D7235BA1EAF,0.2012943405627034
CC_1D7ABAF9D080,0.052429900851812386
CC_1D7FA51D0D7D,0.4770693874565216
CC_1D8CFB3589AE,0.06048668001588023
CC_1D9421A6EB19,0.28753744427995065
CC_1DA0AC68719F,0.37160593865984476
CC_1DA366D588B6,0.11325863112054871
CC_1DACBFE0296C,0.11531039449726765
CC_1DBD6A716910,0.5878876512091311
CC_1DCB75B5CBDE,0.33399405912239294
CC_1DCDADBC0E90,0.42798389404994885
CC_1DD11FAF43E8,0.14105007935925667
CC_1DD8064E71C7,0.13022636998702475
CC_1DEC926EE25C,0.12902253095156035
CC_1DECBAE4FC5B,0.056944600248204455
CC_1DFF80E6D4DF,0.07241744737768509
CC_1E025C3597E7,0.24915777091716163
CC_1E082052CCBA,0.648187155835191
CC_1E0E30441DD1,0.20000854611858884
CC_1E20E200611C,0.11021911573314483
CC_1E354C75EB9B,0.03763596258100842
CC_1E3B2C15EBCD,0.21574661181178673
CC_1E4DF11FAF55,0.19663869480407947
CC_1E4FE60DFD8D,0.7188951324454996
CC_1E5A648D299F,0.21005161992736782
CC_1E6C0A8B3841,0.6629249965572106
CC_1E7FA6E807A3,0.22318984013832088
CC_1E93F760EC93,0.21339139443051697
CC_1E99F40FA03E,0.07657192576716036
CC_1EAD09DBC23F,0.23339806029999133
CC_1EB3D53252DB,0.25430141507501447
CC_1EC889E04D69,0.095541476601737
CC_1ECCBF6853F6,0.5080103938693044
CC_1EEC4520436C,0.17382213754096107
CC_1F2827DC99C0,0.09114886330520633
CC_1F2C184C5227,0.10350904125103501
CC_1F3FA8091B02,0.14493640698356877
CC_1F4E07BFDC8C,0.05460300366559557
CC_1F4E0E9B54BF,0.06830496829899324
CC_1F55738A6A27,0.35490279529979846
CC_1F65276D0EF8,0.15495710004016508
CC_1F65C797BD40,0.07950037869589717
CC_1F668C0AE868,0.09744514604849908
CC_1F6B19A04BD8,0.055487050705499585
CC_1F945A60367E,0.4258573864559752
CC_1FAB6F11DFCA,0.671184937729354
CC_1FACCCE95224,0.2670462554476205
CC_1FD010E5EA82,0.07143967326360849
CC_1FD2B7BCCD20,0.6695433409499338
CC_1FDAEC3D5CBB,0.11447957342620313
CC_1FDC65FE3DBE,0.12993612077447653
CC_1FE696D8A81B,0.0747464743292382
CC_20027685F59C,0.7405222287643873
CC_2009F3D77774,0.12243892037014988
CC_200C552C40F3,0.10872110212511062
CC_201459527065,0.12308232066339046
CC_20275029A688,0.07462091678056262
CC_2028DA597C34,0.22357290532909843
CC_204E557E5046,0.38487203497511807
CC_20542CFCFB39,0.054278260922119764
CC_2060F813C9B2,0.2863935944057433
CC_20813A9A7F71,0.1565720777748191
CC_208429A11E2F,0.14568929560198243
CC_208B0FE7CBAD,0.10782615798855018
CC_209A511030A7,0.0420490030850679
CC_209DD60421B5,0.06971142460337518
CC_20B26D646D62,0.17247921078694112
CC_20C47966B174,0.3002259679916201
CC_20CFE9681E4D,0.07847357167577208
CC_20D4DB0F3E3D,0.04716634870837733
CC_20DD84CE3CA0,0.11445257024363947
CC_20E57CA675DA,0.6434071063286834
CC_20F129FFBE00,0.23767765524285842
CC_20F4E0F62D2C,0.07427343216632827
CC_20FEE0B2130D,0.5417673135043309
CC_2111B298C212,0.08997549335643809
CC_211315AD7633,0.24436035011799576
CC_211504721E27,0.17169772722902502
CC_2119919BCB4F,0.6490395880892745
CC_21375C9ED931,0.18440757009878048
CC_213D2A5355FB,0.20919063781921612
CC_214B50E48E94,0.1731996508949264
CC_215F86D986BA,0.12055892597094077
CC_21600308F496,0.043112369096459977
CC_2166F3F6344B,0.13004121757876372
CC_2168BBB42053,0.0965764263705557
CC_217030CE0127,0.047662576900191
CC_2179067B405D,0.045963513064443795
CC_219B59B67193,0.1803544642812902
CC_21A9E8DB58FE,0.19018559699706905
CC_21AE679C5E95,0.23741849380282645
CC_21B98D13174C,0.10670564744403227
CC_21C81BC15002,0.11985015771333037
CC_21C9B26CFEA3,0.07056616447595777
CC_21D22081A4CA,0.7031993268519829
CC_21D29CD736D3,0.32094928989385507
CC_21D3CEAF838E,0.1711479180118929
CC_21EF792A3811,0.6893934184278533
CC_21F04E996723,0.4236166873995504
CC_21FB6C8AB8BF,0.47014378221799297
CC_22067686F6C4,0.7124847764820013
CC_2207A39B7BB8,0.1368280352750994
CC_221053121AAB,0.15708898017454032
CC_222423774191,0.06638799138982429
CC_2230EFBC99AE,0.3808978745213726
CC_223BDED2A465,0.31003106645057704
CC_223E3CA7A07F,0.2012423819426013
CC_2250B42E48B2,0.11773879903653586
CC_225935E43583,0.14283579514251948
CC_22781E93CF84,0.17044409198774957
CC_22784AF3CB6B,0.47805932881218205
CC_22831690395E,0.1754005517495176
CC_228E6CBCC935,0.6374431796842372
CC_229338EBBA6C,0.0939445701671146
CC_229A63057E54,0.4648434640013273
CC_22A2D8A4B437,0.09749827639638248
CC_22ADE1EE9BC7,0.12083150628166567
CC_22B69E7C415A,0.04345608190555009
CC_22C590B43FEF,0.2877496238454864
CC_22F06379D8FD,0.04337457095644433
CC_22F282264A1D,0.11641255320762961
CC_22FBF5F0E1C0,0.18331842111081886
CC_2302088175A3,0.23229291720261372
CC_230672EAA654,0.03994623437521146
CC_230870B121F6,0.14539030803961964
CC_230A051B2B3E,0.052264960674770405
CC_2316F57AFB7A,0.08694110840351957
CC_231D091FCD1D,0.05876231142134266
CC_231FDED1781F,0.21494035609194448
CC_2320053D1183,0.07196657371805901
CC_2320AF507566,0.189593420605701
CC_23321FF41C3D,0.2206132699822459
CC_233470D6BE72,0.6730174916095816
CC_233C8EBC95FC,0.3869864946061275
CC_235F99F13500,0.15847737043791504
CC_235FC02CA52F,0.20603443982924355
CC_236C80CAF53D,0.1587601829611848
CC_236E7222D97C,0.07527940159860134
CC_237B86FDC93C,0.06567611183686965
CC_237E7EB2D7D8,0.09385752512967033
CC_23830081EE1A,0.6453976815393504
CC_23894AAA08DB,0.5161486923510186
CC_238CBFD6E20C,0.4260367496966883
CC_2392A4A79C9E,0.04349080381702874
CC_23A474D43C73,0.2031333379700083
CC_23A9CC59BA0D,0.04447943513049865
CC_23B158D8306A,0.11874139785078563
CC_23D147F1870B,0.17531106589976495
CC_23D2E73DCFCF,0.13550659061237622
CC_23D9103D1EAB,0.04485625205541987
CC_23E142182F2F,0.7184288235349926
CC_23E43713A108,0.04249924067472925
CC_23EF2911610E,0.483464660351967
CC_24056B76BD7D,0.0446602234709281
CC_2416ECE66177,0.12272334826370064
CC_241E65816FC2,0.07704393075835282
CC_241F7E97FBDD,0.0681828140321665
CC_24217201D7A1,0.40907099640508143
CC_242301FCCE50,0.05342370760577794
CC_242C69CF0B12,0.1133628414340102
CC_243B23702DC1,0.17370523897163523
CC_2456B9C796E4,0.11220719488592508
CC_2457D89CB88B,0.5559190965819955
CC_24667210E2AF,0.21870326700081066
CC_2468D206CAEA,0.06280823923233453
CC_2469630A4F86,0.3545133995078058
CC_2469D83D9594,0.04142845552653784
CC_248C65EF54A5,0.6501707011949004
CC_24BCCA7941E8,0.0723998271477375
CC_24BDC1CE2A3A,0.2189291285279724
CC_24BFCCDF957C,0.04806946244040171
CC_24CC8A1B1CB7,0.13516751643753214
CC_24D4B1852554,0.18829756889111782
CC_24E65FA5A32E,0.18554716783345396
CC_24EF3EDB6857,0.047661099039919226
CC_24F15A19D648,0.168682523701536
CC_24F2410B5A19,0.1483990281057878
CC_24F27E7DE1C6,0.4444743407479547
CC_24FFFD0C983B,0.046188161746259934
CC_2504E9D5D5E4,0.15161902827724874
CC_250F6A0DB62D,0.06117324953927784
CC_2520E13DF0A2,0.7354127823524205
CC_2539C315029D,0.25510884656696414
CC_25519ED78507,0.19243995538440417
CC_255D49296DB6,0.1212469177261406
CC_255DC60FF5BD,0.04319729544799733
CC_2563C9EF9D55,0.06272430080098679
CC_25756EB9651F,0.12476430866148831
CC_257CC46D379B,0.4240263475057112
CC_258D5F80A933,0.694911118978019
CC_259D87270257,0.2200317566248949
CC_25A41AB21C94,0.21943834610770316
CC_25ABCDCC8B71,0.1001083914038536
CC_25AF0D0569B5,0.10029925464296906
CC_25B61D393144,0.1764544352898903
CC_25B95D7288CB,0.3542984469606642
CC_25CE2F2F13BE,0.23230645954024381
CC_25D1A5971976,0.4644815509367563
CC_25D411B46F00,0.7284093808335872
CC_25E7A2DC5E41,0.06383059840195292
CC_25F4C8E51AC2,0.5101637288146691
CC_260323EFB122,0.620296764885754
CC_260F10484312,0.05575552529185936
CC_2610D0F1D0A7,0.1703967322831593
CC_2615866F35A2,0.09341679312454781
CC_261DA4E8DBEB,0.1256660679169284
CC_2628F00B0745,0.3587691095875488
CC_26338E9AD15F,0.15827967829011746
CC_26346B99BDBE,0.6542719845677047
CC_26351DBC1AF6,0.14697983819914553
CC_2637397AA3F3,0.5768182186020209
CC_26675C32611C,0.6332066648668845
CC_266E49E49071,0.1870612978646862
CC_2696368A4DC6,0.04203942785294359
CC_2698641B68A5,0.1576484280184151
CC_269C5AE6A1A3,0.6829944856956988
CC_26A06AD1206C,0.7060633287875564
CC_26A358B0C10F,0.15515804579459397
CC_26B07CB02EA3,0.6529715542672351
CC_26B638BEA8CE,0.11117559982219825
CC_26C33B649FC9,0.07137763417531368
CC_26D5B969A36F,0.3259930280020139
CC_26E3A1226C2D,0.2082164696001471
CC_26EEA3F0224A,0.2357734580368061
CC_26FA5E5A718C,0.15774447172455505
CC_26FE119D4919,0.05529644378543843
CC_270B462BAEF3,0.040378744117926656
CC_270D929FEA9F,0.0707423349215221
CC_2731AD82BA11,0.21880588929822328
CC_274144AE3E86,0.12922991037434492
CC_274AE6E82879,0.1842374099244056
CC_2757A490C5E1,0.11351448144876908
CC_2766F6011BD0,0.3900914619518737
CC_2768E644C697,0.062431152562139006
CC_2770DF70328D,0.06157554184436105
CC_277503968C44,0.5099166852359885
CC_277CE974AA8F,0.19211429936609886
CC_277D246E39B9,0.20858428209684501
CC_27A1CC725B7A,0.07754014171775851
CC_27A798829CA8,0.7666621574265633
CC_27C938FC8DC6,0.46039651171543555
CC_27CA2D819E7A,0.08018644685536909
CC_27E3712F0E38,0.170883168210481
CC_27F3B3F43FF9,0.04287324805329859
CC_27F9832EAB8A,0.48142881472085863
CC_2809CC131F3A,0.7277521557971943
CC_2812523510C0,0.16328145208370543
CC_28151C75756D,0.05070076472006273
CC_28203CC976F9,0.13839754566871806
CC_282AFAE06F96,0.10746776613888455
CC_282C2404F4C0,0.0764128354552445
CC_2834BA2F19FC,0.2211835916873204
CC_28432E22F47D,0.5669271126913763
CC_2844882CC439,0.054803780800342275
CC_284F79726032,0.3784125793719389
CC_28544783AB15,0.4140069985442235
CC_2856104729EA,0.7315077436194325
CC_28625CD86761,0.19547343471063924
CC_2866BDB46FB1,0.11579685412147966
CC_2872415C6B36,0.08636674794709055
CC_28752737647D,0.6432480931711215
CC_2875C281EE88,0.05743222738819712
CC_287E3E9EDAC9,0.08294451473747844
CC_288A2C49D62A,0.05336356292783119
CC_288FA8CD819C,0.1825427661613256
CC_2891894CCED4,0.07592845282360308
CC_2895608A9699,0.11299750963369658
CC_28A2EF7926AE,0.5908289221000501
CC_28A7DBD2B710,0.16781145043504897
CC_28AD81DF2C51,0.13303219808308187
CC_28AEC29CEC25,0.19188025827044175
CC_28C1C3DF7928,0.10134294197580368
CC_28CA76962EC8,0.19615379411191572
CC_28CD47803B6A,0.0743423596415884
CC_28DF569DBBE5,0.08089477358384074
CC_28DFE611C657,0.10595962521037461
CC_28E11E6A6C8D,0.158686661204996
CC_28F58ADC7CBC,0.16519022471353886
CC_2916479EBC84,0.11341203985049178
CC_2917C6CB0B2C,0.1399600359381774
CC_291C7830D4B5,0.34349020071583697
CC_291FE1744E5F,0.08478214522851667
CC_293124F1ACD1,0.12170018086977302
CC_293C2D704AA9,0.29255315162406054
CC_29432A6B2555,0.1329582167986226
CC_2944B427406C,0.1904944455894648
CC_29468B7035D6,0.09826574161645872
CC_294A9A24E473,0.06280768790716797
CC_294B94EB0E07,0.17041526758237077
CC_2967C29E4C3A,0.12866820088064054
CC_29716D5835F4,0.2024985561599994
CC_297179FF2BCC,0.43476801707744855
CC_29803690C939,0.2430805750706274
CC_29821539DC4D,0.14148659056056234
CC_2983C1D2A273,0.14170852656102784
CC_298CAC5A1868,0.5954009646941789
CC_299EBE0FB429,0.16640746019427385
CC_29A1C0073882,0.40747953714992774
CC_29B6065F187B,0.32845072120080837
CC_29BC66C10F87,0.679327941964607
CC_29BF3C3D9682,0.21629588209855422
CC_29C4425FB2DA,0.16501821695125213
CC_29C5D0D72D61,0.1510952666688953
CC_29D65E313500,0.1343455853952973
CC_29FD856F47A5,0.6498811539415484
CC_2A097F88615A,0.10399172215935311
CC_2A0CB4CE1A48,0.19924381104586197
CC_2A14C1652D6D,0.20589489911010023
CC_2A1F96F80938,0.1257267278948654
CC_2A23F71805A2,0.1397540579284415
CC_2A2BF2FD0498,0.12191244762611345
CC_2A358A1D3DDF,0.6412780413087971
CC_2A3E371F0DAD,0.22885411680105347
CC_2A423FC8A330,0.3210037139843014
CC_2A43368D54F9,0.34375329731740806
CC_2A47A21C0E07,0.6522768199333351
CC_2A4CB02E7A1E,0.12436551475567988
CC_2A510080BA29,0.16998190527688828
CC_2A5316E550F0,0.07617863200941923
CC_2A59695EF90A,0.4920494847336468
CC_2A606D00CC46,0.04905791305628062
CC_2A6C69145AE0,0.09301129489846952
CC_2A6CD71471A6,0.11178420233602455
CC_2A70D6EF64E1,0.0817958312132399
CC_2A844754AE67,0.6540393675439017
CC_2A85A7B242FD,0.16942446451447768
CC_2A9A51067D7F,0.14878060075098962
CC_2AAAD4020436,0.22738533992099547
CC_2AB62BCF3704,0.07743310552028014
CC_2AC1C8DE5649,0.10780734622692117
CC_2AD10D78793D,0.675440234232027
CC_2AD26446A7AE,0.04645231296101067
CC_2AD2D35975D1,0.08987374903224782
CC_2ADA07B0211F,0.3243957162552435
CC_2AED2D284351,0.3190717826180121
CC_2B01FDE2552D,0.2549172840556804
CC_2B06DDFD7F8A,0.07434506374286025
CC_2B08FBC0A948,0.164211692996849
CC_2B1914218468,0.7268278225668642
CC_2B1D93E12DC9,0.23953239496144937
CC_2B248C488918,0.09179913501344761
CC_2B256891C60A,0.573000827827683
CC_2B2801591A25,0.43648843784076974
CC_2B2B7CF1E40F,0.11722874429546712
CC_2B2F4204834B,0.19668830990969613
CC_2B5443C7AB87,0.06632412010586278
CC_2B5D780AC244,0.5814205386724128
CC_2B64E67CFF13,0.062498723516983185
CC_2B6B872C8D21,0.11419283305078176
CC_2B85D931F011,0.10097585337597682
CC_2B959EF030DD,0.18216525244736886
CC_2B973D1AC16E,0.12694019571631293
CC_2B98983C2687,0.04788265973589799
CC_2BA581E7B8D2,0.13331418263917752
CC_2BB2C432C369,0.12423694773035775
CC_2BBE19587CD5,0.09178463901878375
CC_2BCB838A9581,0.15742331579228344
CC_2BD0E9336EB4,0.056994270871277904
CC_2BD1633FD528,0.08062032091999041
CC_2BD58FC8C2B9,0.0513509167630847
CC_2BD6083CAB0B,0.7717447377262333
CC_2BDD47B177E5,0.7862071198901388
CC_2BDE889EB05C,0.18741506126676466
CC_2BF8DB192A49,0.49395264935625477
CC_2BFDF46F3AC2,0.1470637689439279
CC_2C00CF2FAE22,0.16078611943533003
CC_2C06DDBA1073,0.3303510751788579
CC_2C16C7838FAB,0.7797830284539533
CC_2C263A1A732C,0.22233439652654538
CC_2C34105831A6,0.19525761737998754
CC_2C43FFA06F31,0.09490685864122549
CC_2C4DEE4CA1CF,0.06550329799282009
CC_2C56DB55E40E,0.11127313118299882
CC_2C59F565C183,0.15330274455216542
CC_2C7F54E56925,0.1615578957391931
CC_2C8CFCC646BE,0.04024703429611795
CC_2C91AB1DB754,0.0584544253875986
CC_2C93356976AE,0.38957332167214376
CC_2C9DADC294C8,0.07682302671187999
CC_2CA94231028A,0.22667057917387326
CC_2CC8CB17283A,0.1805436635711509
CC_2CCD42AA2376,0.17405272235608074
CC_2CCFE560A79E,0.07178200711768828
CC_2CED227E5216,0.13040533766930604
CC_2CF326E90715,0.048846792981222104
CC_2CFEA03CC6A0,0.6708607391161269
CC_2D1D032137DA,0.13082412920814343
CC_2D258781011B,0.24362060245383327
CC_2D30260A1CEC,0.1953872206544449
CC_2D35C002A9F1,0.16149984460405925
CC_2D45DEA4EB25,0.15611539145388822
CC_2D5494C13FFA,0.09596752365509258
CC_2D5EA2953E81,0.20391780055626843
CC_2D6E7894EA16,0.6588638274173652
CC_2D7DA36360AD,0.19628961326020566
CC_2D7DFEACA38C,0.3188989402769633
CC_2D836654A121,0.15098664992278957
CC_2D9CDFC6C57E,0.680349608590345
CC_2DAC67585B03,0.2091738926279438
CC_2DAE338809DE,0.32064563220744974
CC_2DB062A18C75,0.5219639736628819
CC_2DB2C55CF89E,0.7705281632731175
CC_2DBCBF870292,0.04343317662543117
CC_2DCBC03B4FA3,0.7484077839169038
CC_2DD78131B5A1,0.11249866970876153
CC_2DD7BCA75AB9,0.11678423258000592
CC_2DEB49017220,0.1409902083105015
CC_2DF6C71ED372,0.17098199866442584
CC_2DFBFA1A4FE8,0.17419575209293747
CC_2E12A41F7733,0.07951738379479326
CC_2E1A348EB1E6,0.11064441494213588
CC_2E23CB0F6F7B,0.3478892045216933
CC_2E3634587158,0.06858467421568713
CC_2E3F4B14D8DF,0.389685730958386
CC_2E3FDDBF4F48,0.19971939060879826
CC_2E61C46BC16A,0.20489742327299607
CC_2E62AEB14351,0.35678239677965223
CC_2E6F1C0ADEB8,0.14530579473605112
CC_2E7415FAB62E,0.08479874953092104
CC_2E77F7444FDF,0.04229591547938008
CC_2E78431BE3DB,0.07674816954336362
CC_2E7D44FB8075,0.20370881441946975
CC_2E7D8539BDA6,0.35146337353190304
CC_2E7F248874AA,0.7000564510443809
CC_2E85BB8F3BB5,0.08816111580163245
CC_2E8897E4D9BB,0.2590601824822454
CC_2E8CCDE89E2D,0.2536476598207908
CC_2E927D910813,0.15829768955502646
CC_2E9891F5A2D5,0.12652340601079495
CC_2EA56A7EAC04,0.21778661097886956
CC_2EB45D13B248,0.13310089802819597
CC_2EC924B0EAAE,0.1259647832839518
CC_2ECC248C96B7,0.049822546628458045
CC_2ECF0C98B06D,0.4255808247697976
CC_2ED3F6481454,0.1417914369199521
CC_2EDDF0B40ED8,0.14796846839389508
CC_2EE2A139642B,0.18199047484266434
CC_2EEE072DA301,0.16952758939043133
CC_2EFEBB85DAEB,0.16122792440243952
CC_2F133BEFAA69,0.14332675044067597
CC_2F1AAE3B81F2,0.07987315814193333
CC_2F1BC47CC90E,0.04993322774683616
CC_2F2128FBBDDC,0.15700861128377938
CC_2F3D3342834E,0.0680409318074795
CC_2F42D39F710B,0.6358646501378881
CC_2F4AFE398419,0.725270664972289
CC_2F4C24B38EE6,0.07041061669357346
CC_2F508C0838A6,0.09455905158442336
CC_2F50EC193942,0.19106879800313364
CC_2F5BD03D4900,0.07056300134975421
CC_2F73AF6728BC,0.05658753501302986
CC_2F7EBEAB9CF2,0.21221915493552992
CC_2F9AD2BC25F5,0.06213153353885247
CC_2FA3172ED3FE,0.7147014355109519
CC_2FBEF8808F48,0.20064352153018172
CC_2FC014F0EA3C,0.07240160028960833
CC_2FC3AD2EC986,0.2056417697836909
CC_2FCC82AC097C,0.2443575218164164
CC_2FE2ED7D464E,0.25813521178321885
CC_2FFCC9802D2A,0.17222588696948105
CC_2FFE32627DF8,0.20952179620140932
CC_300BEA90EF3F,0.14134947148987545
CC_3017B64D0364,0.19490091178274638
CC_3017E5E87C94,0.1347423569667871
CC_3028375CC87E,0.7684261151158539
CC_302A48CFCEDA,0.08062367322451935
CC_3031F96196BD,0.4695315044840999
CC_30328ADA0AE8,0.10186228839176545
CC_30451015D913,0.040054564274062336
CC_305D33AC15A9,0.7414283932184962
CC_306015CFB66A,0.17849208239809772
CC_306413849CEA,0.40238680486371536
CC_306EF0BC7CB3,0.04216102023566033
CC_3075C5B861A8,0.09470944929981293
CC_3083D9B76858,0.05588273630609878
CC_3096994A495B,0.19742243795627396
CC_30B106BC1657,0.19087821963996085
CC_30B967417C42,0.21227242362217644
CC_30CABAFF5453,0.08759073455931643
CC_30D68208FB23,0.349216237862493
CC_30E2A90BACAD,0.2130172133794722
CC_30FFD856443D,0.5875679861189318
CC_311EF26786A8,0.07398427222903756
CC_3129843EADE6,0.7540548626356376
CC_312C34EF683B,0.048571137905946526
CC_31302B64C078,0.10909694929308834
CC_31344A25B569,0.040410636763372934
CC_31397A399AD5,0.08256698356757378
CC_3145B5EAD7AE,0.2520924558663317
CC_3146EE0BF81A,0.10306942417526735
CC_314D02632843,0.3264867033253021
CC_315133406E42,0.23343463309553208
CC_3180D1C6FB7E,0.23958918042512278
CC_31827EE8A968,0.30079470055474966
CC_319BE06CC27F,0.048727642778822224
CC_31A0A97AFFCC,0.4187944065256367
CC_31B22116E36C,0.2049680283106746
CC_31C78D9B6494,0.3389440945353053
CC_31D3FA367B41,0.11509749444552284
CC_31DAAB3E6DA7,0.18795636044819644
CC_31E36F666FB7,0.06712509509614119
CC_31E72EA14FE4,0.1279478939796622
CC_31FC6DC9482C,0.23043175192504567
CC_32076DA6AE23,0.1725063482686735
CC_3209FA12D938,0.32400848919191555
CC_320E17F947CD,0.3858507560503666
CC_3223C706DD92,0.22523949281504563
CC_322EFB2E377D,0.09816304762791304
CC_3248EB928073,0.09537193157501464
CC_325D5DC52B1F,0.10074334531332717
CC_32662A6DB78D,0.14844202474996743
CC_328DD3BA068A,0.24661696774694533
CC_328DF7798F91,0.15910464010126205
CC_3295CFEB188B,0.09272697215357992
CC_329DC79286ED,0.6195746294446504
CC_32CB77D55C73,0.1319379652082101
CC_32D129B9E651,0.10899051153326013
CC_32DB12551D37,0.6737406095708235
CC_32F00D77D5CD,0.10202135001049317
CC_32FF5F6892D9,0.16732158364609553
CC_3301EF60877F,0.11047688542500636
CC_330F334BD816,0.11455707616475733
CC_331285B3494C,0.1694288270109565
CC_331364283D5C,0.1174149840835762
CC_331718E0F54F,0.174716870936658
CC_33194D48FF66,0.09432814458716805
CC_331E8B8BCAB8,0.07564877356415199
CC_33254134ABA9,0.7658200602198114
CC_332E42439579,0.06913515920323335
CC_333102AB964C,0.17451097144502775
CC_3338AC0E8112,0.22977033262766924
CC_33656EEDE6F2,0.43069319836957
CC_336777D934E0,0.49378958934358835
CC_336DBFE464D1,0.4605222208602332
CC_3382BB2F3152,0.12483529027898767
CC_3387207793E4,0.04575357574431679
CC_33992C973839,0.22965825292443154
CC_339C36703675,0.0797168719498892
CC_339CA5814519,0.10556799337094272
CC_33B157F2A921,0.08597394091879113
CC_33BBD10F239D,0.06649213951828833
CC_33D3B12EE56E,0.09301612783850714
CC_33DB68EA27CB,0.09746595798258172
CC_33F0B95E70CE,0.2597619518674595
CC_33F40275D630,0.04921919362595661
CC_33FD5DE22692,0.08085983894972466
CC_340961106343,0.1511577257895554
CC_340BB1F4CEF0,0.1322795876312374
CC_3410B11F1FA3,0.156636936574105
CC_3424972707B6,0.5714900650119633
CC_34452758A645,0.04011163885381012
CC_344D239879D6,0.15010364818945188
CC_34503B6891CE,0.25199958005481676
CC_3451722A3813,0.08806069601865939
CC_34517B513D8E,0.4683497606454116
CC_346ECB4CF2F8,0.12739223093866717
CC_3478E8B6B56A,0.06845582165866096
CC_347AFDE16722,0.09072712558185175
CC_347B1A01467F,0.050245315754055955
CC_348AA62FF484,0.2809573511320145
CC_348D3F098A4D,0.09592011601718543
CC_349290E4D0C9,0.16766273738414847
CC_349347D553D1,0.2551256039224878
CC_3495CE27BB05,0.25283787193417073
CC_34B10A654721,0.14125528876273027
CC_34BD2C5130C8,0.13526052448167908
CC_34C433439160,0.06525266570104488
CC_34CA271F73E3,0.33723394209545887
CC_34CEBEA3B15A,0.07546825466396073
CC_34E58CF793A0,0.14715861561363686
CC_34E6909B6027,0.5438897075315055
CC_34F4292A8B5C,0.17828657987544003
CC_34F6DD223594,0.04890920097031149
CC_3508A7A5E9EB,0.14475799380838217
CC_35094977DD75,0.12112342621824122
CC_350DE157CE6D,0.17272581261624484
CC_351BD5C2EE8B,0.03505910837391047
CC_35486249EDEF,0.20459582854682676
CC_354C9ABE6DDE,0.06736049763727656
CC_35578162927A,0.1328366426906791
CC_357C3E7518D3,0.705395838547205
CC_3584C15BF11F,0.046828619998214076
CC_3588C5166872,0.09320934715984613
CC_35A68306B19E,0.29733715240372455
CC_35BFB3093D02,0.049394111734651
CC_35C085ED37BD,0.5495335173425301
CC_35C695C13279,0.07986550963219954
CC_35D1668A4C13,0.23994048711293206
CC_35D27495E0CB,0.7656164548324973
CC_35D562E1DBE1,0.6342904498945675
CC_35DCDC74A757,0.5114216439507642
CC_35EC2AB1D1EE,0.1292942740384294
CC_35EEB90317B9,0.5630870525075747
CC_361A9EAF7706,0.24048430939204843
CC_361B968FEB98,0.28560629673007076
CC_361C9FA031A7,0.7636053437251307
CC_3620C5D1B3E2,0.05677137510730881
CC_3622D7221940,0.06214257033777933
CC_363175E92F74,0.32898867844046914
CC_3638C9146BFC,0.13265014259829092
CC_3643A4C7EC5C,0.06458632447234995
CC_36690A9AE112,0.6988628855381726
CC_36719170F638,0.09438121231325897
CC_3673466BA7A7,0.09752017221978795
CC_36847054DF52,0.3567044389029792
CC_3691CE792752,0.7144997823908598
CC_36A27FE53743,0.4769416635294106
CC_36A3FB06D1D8,0.7697471829317932
CC_36B0F2AD5413,0.05616395643378692
CC_36B1B7BF5F75,0.13353109912271985
CC_36B68E66951E,0.35960324169874447
CC_36D3F09AD810,0.4524424077050677
CC_36DBD8424220,0.6082596003285673
CC_36E5645D8018,0.09721335371843667
CC_36E6592E4E23,0.18872388148552893
CC_36F143AEC864,0.11928909877201602
CC_36F2A735DF73,0.15513953436637068
CC_36F81C003E8F,0.03898619397920612
CC_36FCD55EE425,0.46657917157834483
CC_3701D5DB7FA1,0.07113655326454892
CC_3706E1EB2587,0.5231467082599032
CC_370E0F8EF86F,0.5388630380374337
CC_371D47444D5B,0.6740986164027721
CC_372CFE308EA4,0.5662308798372478
CC_3731D90357A6,0.32667395030903473
CC_37322F66C543,0.05661894408279239
CC_373539DE38C5,0.14910967029954653
CC_375225700242,0.3343541658951852
CC_3762D0B6F3C2,0.1464127983069899
CC_377A277E831A,0.16326982921617916
CC_377B6066B91B,0.28737713145339194
CC_378D71726B5E,0.10323863627913571
CC_37A46BD0DCBF,0.04805182845188688
CC_37B447368F02,0.7053596893029423
CC_37BFDFE369A3,0.23364738716585468
CC_37D09FE492BD,0.0718606011263581
CC_37D3F4C07235,0.24640277748566108
CC_37DDACE48E3C,0.12609631173301364
CC_37DEF85C0A37,0.27771090694485645
CC_38020CED9EEF,0.0937539181621676
CC_382207621EC5,0.7714324007030973
CC_38374AB27F95,0.08335447959817154
CC_383A5544DD5C,0.11801425821765371
CC_383C129A5B96,0.24284736903357448
CC_3847AAA649C7,0.1405929206338182
CC_3849D992C1E3,0.08542791989659096
CC_384BB17F0F0B,0.5920178512714993
CC_3851177E5E76,0.07699363980034118
CC_3862F88850B8,0.29143509386845207
CC_3867CFCFCC94,0.23054491585831494
CC_3872ED018F85,0.17882084248295382
CC_3881A587C072,0.14769299553907075
CC_3882F8EB5EEB,0.4853578559436562
CC_38911341EA6C,0.08278446415139357
CC_389E5B71E254,0.5331872914347804
CC_38A0DBCD3728,0.10498882541926542
CC_38B3E9142747,0.163012743837595
CC_38C1B8860300,0.06409355085621708
CC_38C8CF250B60,0.039350684025643505
CC_38D32B790B4A,0.1333475285606897
CC_38EB304A9915,0.1616071222988041
CC_38F26461C872,0.7878945378454523
CC_38F942257E28,0.5650619176047114
CC_38FA5D78A8A7,0.05750836001509625
CC_3903D7BCCA95,0.07528014474514819
CC_39043D7ED04D,0.2266249441989827
CC_39098B256732,0.06424990486618454
CC_3909A2E4C679,0.13584761173324894
CC_392344DF8D55,0.24130291694152195
CC_392628C8AD47,0.09629478427052562
CC_39285F4C42BF,0.33223317689531656
CC_392A376EA1A2,0.07998715354245477
CC_3932E086F150,0.16327984422368963
CC_393D1D3640D0,0.06518170395201238
CC_3943B3490B49,0.6879223689212928
CC_394DE164DBCD,0.12696022205111615
CC_395600E84A54,0.12863869092980434
CC_395D181A7E1F,0.10037312752503694
CC_395E8CACC437,0.1254363441461448
CC_39635AC6A70E,0.05868693600086502
CC_3969352E3ABC,0.08477133169276616
CC_3985C0DF9CB5,0.5020560590925779
CC_3989F2C6A9F8,0.23623525103841206
CC_39A82672A1B2,0.08926382416841933
CC_39AA15DAE17D,0.5857663774872254
CC_39AA2A3D98CC,0.037275947278812775
CC_39AC257B00C5,0.11790792576231703
CC_39ACC63CDAEE,0.11873096914317119
CC_39CE40784C2C,0.20613253775494558
CC_39E1A306D418,0.16461996251886152
CC_39F2B11C46D7,0.08568478694536902
CC_3A10F5F50A27,0.05162181900474928
CC_3A27CF9D162A,0.5194979293508833
CC_3A297424A7F7,0.13121382837310547
CC_3A39F7930BF3,0.1053968410616179
CC_3A57566F9977,0.5276558511427463
CC_3A61121254E6,0.056927195000295326
CC_3A81C568A7F8,0.1785384620822052
CC_3A82E7050A4D,0.051773645828543574
CC_3A860AADE6CE,0.16049829305106414
CC_3A8B3FC29C9E,0.13680717366925654
CC_3A8E9056A5A2,0.11561926617198054
CC_3A9617A5777D,0.4388053121779238
CC_3A99D25777CD,0.14144218343196477
CC_3AA9E8D01340,0.5626436155950474
CC_3AAEFC09C290,0.6906517950872076
CC_3AB5E579843E,0.25961048422846456
CC_3AB77A30AD40,0.20798042403276498
CC_3AB7BA36A414,0.27143116979019305
CC_3ABA830A5BB2,0.13913560626671265
CC_3ADDDA550A57,0.08472968902323817
CC_3AE7B1151DC9,0.15152840495990286
CC_3AE9A209EE00,0.054042232729416106
CC_3B06FCD75C98,0.05643537228411999
CC_3B0722FB5E8E,0.27866762574984827
CC_3B1C51DD7429,0.18987971703244097
CC_3B1F4696D710,0.6198133275634079
CC_3B224413A072,0.25096301936048226
CC_3B35C3783CCD,0.20483847067347494
CC_3B3626F3DF9F,0.18657489093661106
CC_3B4405C7E486,0.5736419784310821
CC_3B4C4A9C9D99,0.3250336023470019
CC_3B72F0E9E3F8,0.21962564369074522
CC_3BB02A95C6C1,0.7246169696130441
CC_3BB8B675C2BC,0.4607372460913373
CC_3BC51B069218,0.10961675327374105
CC_3BCA5BD201AC,0.16234596823680275
CC_3BCAC9793441,0.229202902748848
CC_3BCBC867AC4A,0.04727762893140036
CC_3BE51412ABE7,0.3244559061661612
CC_3BEA98B401CD,0.6769161479390692
CC_3BED6DF1ABF1,0.22304674655921747
CC_3BF0BF7CF827,0.7832938301911373
CC_3BF110035599,0.6348487358293131
CC_3BF213810DEE,0.6283652963873722
CC_3BF21CA88D3C,0.5165586369467811
CC_3C0E29764C71,0.05696194462392072
CC_3C19509D4636,0.13145215871228272
CC_3C1B038BB068,0.1530550795155773
CC_3C594CADCA2E,0.19314782413052187
CC_3C5D909498F7,0.7096016557861033
CC_3C68D5179A01,0.10513820199573676
CC_3C83955704BA,0.7646667455496727
CC_3C93218F41B2,0.3071716685887694
CC_3C9CFC8FB4D1,0.7171933206708516
CC_3CA266EB55BE,0.11595855985164166
CC_3CE49C937F7C,0.07891701386627448
CC_3CEEB9C04F0B,0.3900854934206274
CC_3CF504AD4DD9,0.07513608482762556
CC_3D1092DBC5C2,0.2221760186515409
CC_3D185833E7BB,0.05913845750100071
CC_3D2309981121,0.3236563351872016
CC_3D27A0086AA6,0.22776601201786076
CC_3D3BE7D0F4D8,0.13308367605526764
CC_3D412B5EA919,0.09899814954513086
CC_3D47650C6F30,0.0774554897119979
CC_3D55D1FD8457,0.054257469380893396
CC_3D599501BA76,0.06636891120200714
CC_3D6181EE3C87,0.6660876165135008
CC_3D65CC165F44,0.1301250955628623
CC_3D6CF6DB8014,0.3362808587277427
CC_3D7C14801D40,0.16928388566358685
CC_3D836BDBF866,0.6600404325636524
CC_3D8DF3A3DB71,0.7593287621900238
CC_3D9309851089,0.19357163689878562
CC_3D9ECB4274C3,0.12400759033190147
CC_3DC8A9A92802,0.27819120216461224
CC_3DDD3813D1D4,0.09749765171101055
CC_3DF3FFB3CFC7,0.11763809904194387
CC_3DF88701601B,0.16329787944786883
CC_3DF91A482CFD,0.327749717758017
CC_3DFD6349D046,0.602902252936454
CC_3E0D54125AE0,0.1828262227281425
CC_3E10CFE1DD57,0.05657769379169658
CC_3E13CB98572B,0.15572099828293057
CC_3E142C8ACA6F,0.09007507201124045
CC_3E1BAC4E5B90,0.06509306724884516
CC_3E2DD0D1E2D8,0.15233719345889293
CC_3E403BF08A45,0.07113399016988702
CC_3E46368104AE,0.10187097094035413
CC_3E48A086B5C7,0.2948052875205861
CC_3E54451B0F6D,0.0976905907464925
CC_3E6335ED3F4F,0.08826968413208355
CC_3E87A65C50A5,0.19462194827614707
CC_3E91109E2090,0.060173903987614866
CC_3E92A1EDA618,0.3176454641535591
CC_3E94684FE270,0.5449613025101793
CC_3E9DB402F352,0.22831243225492234
CC_3EB5A15A6C04,0.7711925261886927
CC_3EB8A9A6C49D,0.11945950044396056
CC_3EC96BC884F2,0.12481811836083055
CC_3ECA9E44B90F,0.25830850406515615
CC_3ECE4EF16A44,0.16671567833974055
CC_3EDDB8E70F57,0.19143749494532
CC_3EDF137D0E1C,0.17605299435063135
CC_3EEEE844410D,0.35876281032217655
CC_3EF4F348C967,0.11796601709781891
CC_3EF91DD11A81,0.13640170294003862
CC_3F08C55E7A40,0.18322306968304986
CC_3F171CED0CFA,0.03975403125787623
CC_3F2544EFA753,0.12862442818481534
CC_3F28F3286CCA,0.09735569700936299
CC_3F379CB37B0D,0.17778367148695953
CC_3F42D798AB1D,0.667995840838827
CC_3F48724540D5,0.16632067634934367
CC_3F68068E2D5E,0.11670903091413712
CC_3F7FBE71B77F,0.061513614389693654
CC_3F80017B8599,0.06061164277509836
CC_3F8B17953200,0.06758946125841724
CC_3F964BADC4BC,0.695676268327352
CC_3F9767602FCB,0.1842270890541142
CC_3FA84F0B23CE,0.06323421935778796
CC_3FB4B189143F,0.15402320687890436
CC_3FB7C976EB26,0.41444244594889246
CC_3FBCEB2F36D5,0.1288751978804664
CC_3FC4FE843245,0.1332436610269701
CC_3FD52E32FE8B,0.690561320281954
CC_3FDB44EC6254,0.04567290813727929
CC_3FEFBD6DC62F,0.25165362356334275
CC_4005466D00ED,0.3126963695556661
CC_40095FFBC1A2,0.05356466385542455
CC_400F1887A662,0.11985396896796471
CC_40133FF3069C,0.11329574929070821
CC_401C6F0EED5A,0.1068031578740636
CC_4021AD03FA01,0.15287969719175243
CC_402E91F3A56C,0.11094011019973223
CC_403754B6988D,0.11711897308969195
CC_4052DFCB1656,0.19707678423729696
CC_40579C5C13D5,0.7712772368114662
CC_406937FF97E7,0.10107921877446482
CC_406C4233347A,0.20970941551223932
CC_4073E42E11E4,0.24670872643881403
CC_4077BB12A5F4,0.08994855000780333
CC_4077DD5B5C4F,0.13732132223069615
CC_40824D899215,0.08853340179482064
CC_408D79189FBF,0.3241146116655614
CC_40A3F1D5EA0F,0.30515313196772764
CC_40A852A592FB,0.12576489243675784
CC_40AADA91D560,0.22149909578969035
CC_40B39CB2CC58,0.043744129280165994
CC_40CE2030F058,0.060585087964835596
CC_40EA2F8481E8,0.17663319810761924
CC_40EFD7778F98,0.1230535008132629
CC_40F278D49681,0.2505916694399788
CC_40FFCF631F19,0.4202342554372457
CC_4101D1B82788,0.1943649814813578
CC_4109B79A4B06,0.042139766812644606
CC_4119348F051A,0.12186676546179016
CC_41206EE45803,0.0802367729721034
CC_412DF740DA62,0.1278916856906902
CC_413AB4CA7451,0.11218195140221203
CC_414C06C60FF7,0.6394102426110625
CC_414F50748A51,0.05628786481861362
CC_415C65EA66AA,0.059009243193452326
CC_415CED95F7CA,0.1536139800359981
CC_416584250060,0.10455602961232105
CC_416B3A1F0F0B,0.11136373862095106
CC_41735021FC7A,0.19354114772011585
CC_417858CD20F4,0.13450609417250045
CC_41902EFB3974,0.04246607363103894
CC_41A27790EFBF,0.10062929975992897
CC_41A4A223F39D,0.16959492566948783
CC_41B464757ED6,0.11567550938859693
CC_41D1A87E1136,0.44778430555469567
CC_420FE297808E,0.049990088858096346
CC_4211096D5588,0.16589873046014636
CC_421F4D78128B,0.4572526600339175
CC_422F2780C85A,0.3265937391939054
CC_423B0296BE24,0.06987194026414807
CC_423E78000AA5,0.168950311075587
CC_4246081DD359,0.12008339183885247
CC_4249EDF2FDCC,0.7764482570673947
CC_42568C67F412,0.3679456582835941
CC_426A25EA9E21,0.6777133392717539
CC_427ECDDEECE6,0.3101618400551005
CC_4289EEC8F0A2,0.15688453789792434
CC_429A7158AD07,0.11686000667180743
CC_429C51AE729D,0.04704645213685243
CC_42A0DE1E5E80,0.0756897414863286
CC_42A7D0F5388F,0.08864295225900351
CC_42B23C8C9F66,0.2027819770094538
CC_42BD3999AC3E,0.2184999989478646
CC_42C95B199130,0.37634296744100193
CC_42CD6CE97523,0.45184954957932383
CC_42DA114F12A2,0.26870205426637395
CC_42E2736AA331,0.19114839437491704
CC_42EA825C351B,0.4259978778503956
CC_42F1B2B4D258,0.5827047328736277
CC_42F4588EB38D,0.3260518401688733
CC_431F29A12E99,0.20884529027994866
CC_432EB78A198D,0.2682479038065916
CC_43383344BC72,0.20368732421503183
CC_4339187DD10A,0.07568016394149579
CC_4344A2E7EA1F,0.5602083423712263
CC_4347468ABE51,0.5574909114731803
CC_434894BC2577,0.057590403702386
CC_4362DB93FC92,0.10446297927682177
CC_436850DDC704,0.14407509902835988
CC_43698E2EEA0A,0.12370299869100775
CC_4387F73F131E,0.16766707041039663
CC_43A33C994C70,0.36878103962113534
CC_43ACD82B5514,0.32348056382399953
CC_43B37131B8FA,0.20744215877254102
CC_43BFCAF8BD20,0.15216965018922896
CC_43C060E01266,0.1997680990267823
CC_43C41AF27375,0.0607528366389315
CC_43C5AFA48B93,0.09350974511802283
CC_43C767A44C55,0.17615448292150002
CC_43DECAB53552,0.055863227983414455
CC_43E6D931158D,0.36166380459924624
CC_43E9F88019F8,0.061985081642155125
CC_43EBD6EBD675,0.08150648866556613
CC_43F81C577002,0.3282281240629919
CC_443C4E041687,0.07470953710872288
CC_443F63BF238A,0.11837451804545679
CC_4463776F9AA1,0.10531348684308732
CC_446F1EDF03C8,0.07265750188910615
CC_447BAD4F7820,0.8234579484835924
CC_447D02F917B5,0.058626132616445926
CC_447E705746E2,0.17534613640193497
CC_44A017104F93,0.6597060859217703
CC_44A1E58CDBC0,0.04876932766407621
CC_44ABCC04C418,0.10404911947790248
CC_44BF6BCCFC2E,0.04808057704993343
CC_44D0671A3B87,0.11349385323070034
CC_44DBEE3A7D81,0.1888587181547614
CC_44F7DD6A88A1,0.19111199122409203
CC_45080C42280D,0.19537037598700008
CC_4524AD74135F,0.47455396354419394
CC_45262103231F,0.17365184961987035
CC_452D8C5D039C,0.7788293592374825
CC_452DECDBC90F,0.06983307705739236
CC_453C9B3A5992,0.4442909423039345
CC_4542AACA1FE4,0.10482665130898297
CC_455209549D3B,0.7574204102426693
CC_4555C804C4D0,0.08566000053738941
CC_4581E4190B2E,0.10161652788032098
CC_458912F91D6F,0.42759633923072016
CC_45913E1BE65C,0.32065777371899545
CC_4594791FB40D,0.1267732740250837
CC_459B49073E2C,0.30420116907914246
CC_459EA8E0E2EF,0.11852300145311209
CC_45A4A38557E9,0.1390465787040723
CC_45ACE2B1DB6F,0.06985691536875817
CC_45C1A92F0E8D,0.09633338206712834
CC_45D0673EDD20,0.13427851554128623
CC_45D70DC84DA0,0.11017523576184017
CC_45D96479EC1E,0.06154799847475226
CC_45E8597BF74E,0.07262973934742595
CC_45E97246F83A,0.2859739177585981
CC_45EC44761309,0.12833017967878863
CC_4603A6F83E2A,0.07093146027965598
CC_46045CEE8330,0.06384799196812371
CC_464E17187A4E,0.4187211470385572
CC_4659FB4B8536,0.15581679673352403
CC_465EF4F9B68F,0.1667006022203344
CC_4663FDE62E3A,0.2618211291866697
CC_466D54BE0809,0.07819176309277927
CC_466ED9BD34B5,0.08247123968992649
CC_466F7908E13D,0.2019610821819689
CC_4695A5525A11,0.1539596792300116
CC_46BBB8A4854A,0.0681113903854827
CC_46BC61EC8F2E,0.20123137860773302
CC_46C0DFA660B0,0.12249908881278472
CC_46C2DCF84CA0,0.15192121133171207
CC_46C38B9F0D8E,0.11365130788730188
CC_46CAB9AE7C87,0.5403634281695335
CC_46D0D1ADEA59,0.15675296566343097
CC_46DFC1AA0821,0.7611054378569161
CC_46ECA5976180,0.1484440693848229
CC_46F5F6D27991,0.08078538533123134
CC_46FE9F226120,0.2062209046550193
CC_47130CC63FC5,0.16449647188327532
CC_472330768F5F,0.0976635248661483
CC_47292EBB8BD1,0.121189572031413
CC_4734AB1281DA,0.06086198626050915
CC_473989E6BA47,0.2455710779617105
CC_473AE07014DC,0.1531414698195175
CC_4741EF45C3DB,0.2118992438387832
CC_474586BE49EB,0.1426539651475654
CC_47490BF44944,0.27596607891957275
CC_477213DAED38,0.07610700068104989
CC_4778086276B7,0.11776709931579997
CC_47910B073CF3,0.13489644613726062
CC_47939776FDF6,0.6779996109919126
CC_4796F6A64420,0.051936626944490284
CC_4798549B52ED,0.3120989225093344
CC_47A3714E7D2E,0.3191127099161907
CC_47CE219EBAAD,0.13590733840731736
CC_47CF9074E03E,0.1374927312283756
CC_47E4537A53FD,0.12605298045273292
CC_47E8BC938FA1,0.1329911260667774
CC_47F134D17818,0.13242879732714796
CC_4812FBE05C7C,0.3324583737995106
CC_48152725FAB1,0.5230213862909003
CC_482256495FAD,0.699340915710026
CC_4829FF15D21E,0.15739363722432992
CC_482D26D81935,0.645014986377398
CC_4838990A8D02,0.07112537753293224
CC_4862EA9CD1DD,0.05012709071832992
CC_4862F8C1B0AC,0.09008144163356563
CC_486CD67D26CF,0.1705732684320458
CC_486D8F9AE549,0.24486931651198748
CC_4877D1BDB737,0.12896549541408966
CC_4885E34F0B26,0.1217872636874672
CC_48928CA8082E,0.1716317981011179
CC_48A74FF0E6C5,0.11409759188823754
CC_48E0791DDD62,0.07280107387872375
CC_48F620B6A472,0.1412750247528268
CC_48FDBB1D7493,0.13409059034543577
CC_4910EC928152,0.1328731743809083
CC_491C18C17767,0.06843380476105847
CC_492F65EF8D9D,0.7847302871150049
CC_493DDD53B97E,0.053962535228106706
CC_495F82AA5B9B,0.14909731616414904
CC_49618412FF86,0.0893764427961294
CC_496A7CFA344D,0.7168648066547754
CC_4983EBABAE3F,0.055101454671321985
CC_4992C1915957,0.5505209786374597
CC_4993B31028A7,0.06550056473053435
CC_49945441A644,0.19411721327922826
CC_49A80692BC68,0.10697817736517293
CC_49AB67613A58,0.19402017230752538
CC_49B05CADDD95,0.49207900405332206
CC_49C6F9AD111E,0.09895135150000219
CC_49CEB94F0B3B,0.04726306148816582
CC_49D3A79B55CD,0.08468631850855783
CC_49D6671DAE8E,0.13976624298676357
CC_49E6C539B1CF,0.06959080530173582
CC_49EEDF0DA684,0.03816949466175914
CC_49FC290E33A7,0.19386085183467683
CC_4A01CF2F67D2,0.7430144473276148
CC_4A16DC668832,0.5479851942137092
CC_4A212461781C,0.07709668080109783
CC_4A237A8E6706,0.1470756517950415
CC_4A3DFA0E27A4,0.15080274555742795
CC_4A513D39DCE3,0.06061115935828247
CC_4A532B0E6165,0.1772487913856906
CC_4A5FA9F1C804,0.10264936640172474
CC_4A7BDEC665FF,0.07179723795800695
CC_4A7FC9B23222,0.3004134893795236
CC_4A8A7080FA25,0.28135996685174597
CC_4A8EFD589879,0.06459442015085298
CC_4A8F7D2B857C,0.1786719208905621
CC_4A91E8D4289D,0.41878144626077557
CC_4A93163A12F4,0.32861813383973837
CC_4A9FEF48EA65,0.12020554397472127
CC_4AA73D751AA5,0.3225239957953091
CC_4AAED0C85F70,0.13764739802038967
CC_4AB1DEF044AA,0.05028627074205977
CC_4AB5AE299217,0.2055911048440861
CC_4ABA0CDC2270,0.14662511156695573
CC_4ACFFC2F295F,0.6526919559824026
CC_4B0490BAB1B9,0.075267510414124
CC_4B28B03CEFEA,0.1059022220977604
CC_4B420765EB9A,0.11999100756564689
CC_4B47C16D9867,0.1398290683476467
CC_4B494C4D7D03,0.4007412289794341
CC_4B4C84B015C2,0.0503398435341347
CC_4B607295E983,0.05353706551531296
CC_4B6D24E81483,0.08025794285553366
CC_4B77AF6FAF2B,0.659194147512935
CC_4B7EC3F2FFBA,0.06497601683656563
CC_4B85318DFA50,0.13788847870033583
CC_4B9B36B36DA5,0.6591192253618826
CC_4B9E0AD5D692,0.44288017687257175
CC_4BA041C9678C,0.0988499462164625
CC_4BB40F2129A6,0.09771120763846292
CC_4BB8FD274E2A,0.07919622429469893
CC_4BBB8118FBBB,0.11310447903212366
CC_4BC8CB91719F,0.11361461982967107
CC_4BE447D54BB8,0.15605464563849478
CC_4BE85B1BDB62,0.3199174162483607
CC_4BEF3C7F6395,0.26453589300148816
CC_4BF03FF61B97,0.4932022608768441
CC_4BF4C38EAE8D,0.2069795847541354
CC_4BF95B8140C8,0.13111012655814136
CC_4BFE0CB61B5A,0.4418255224421962
CC_4C2A3F254101,0.3351090859028123
CC_4C351DEB6230,0.22444814513182318
CC_4C38031A2A9E,0.1252630342956121
CC_4C3E35875F03,0.09484034454208393
CC_4C4D79F933B2,0.12808404092985556
CC_4C56497F4AB0,0.6542325509381988
CC_4C827B493CFD,0.11764280327069716
CC_4C849C6073AF,0.09012677534830964
CC_4C869E6F618A,0.17029539529569493
CC_4CA21C15763D,0.12297943037408278
CC_4CB2F1CAE684,0.1051885097345973
CC_4CC0265E0778,0.05710999167453082
CC_4CC5483903E9,0.5135680655501734
CC_4CD7C76FE235,0.47264553910933016
CC_4CE2BFED4F4C,0.08018390925766936
CC_4CE751CB58FA,0.4471808941931683
CC_4CF3E184C500,0.045380928043021865
CC_4CF668E60D64,0.21055449978468233
CC_4D1A1AF53E18,0.04121602908445446
CC_4D29155FCF33,0.25484450288237
CC_4D2CC7618AC2,0.501460926350735
CC_4D350FF7402B,0.3480446583516409
CC_4D38AE84E3CB,0.19073439945693915
CC_4D4140E1056D,0.08966754363999063
CC_4D5545FAB130,0.5231140288971574
CC_4D55E218946E,0.09327162751390895
CC_4D5E14BD6AFA,0.0977462965922004
CC_4D78935D66E9,0.0620302885153628
CC_4D883AAAC6C9,0.04148276283087928
CC_4D8D8108C51E,0.6045793348591902
CC_4DB40331777A,0.7608676486239699
CC_4DBC8652D26F,0.1063162225108055
CC_4DC0E154EBB0,0.6886262562402428
CC_4DD5B8780C4C,0.08312726557241248
CC_4DE0070FF683,0.12788783605537155
CC_4DE688CDBC27,0.09196242305593862
CC_4DF37857FCEF,0.06874182570777354
CC_4E20F0249BC6,0.7505911349092877
CC_4E2F01B7B9EE,0.17943764026946116
CC_4E41C247B4E5,0.18311905368807202
CC_4E479F6989A1,0.0708003987469486
CC_4E48AF17BC29,0.10161072561248202
CC_4E6BE67E3C4F,0.04392433202757155
CC_4E70939C5933,0.4456471790999007
CC_4E70FB172717,0.16286276941697117
CC_4E726EE8C026,0.2851191657513704
CC_4E76F48DFDEF,0.09561006077620621
CC_4EA180B2B913,0.039534999107010166
CC_4EA67A160C3E,0.580646165427099
CC_4EE41FC91AD2,0.22075610563658477
CC_4EFECC6C2E36,0.6743120067505012
CC_4F22CB97C34F,0.04791250260396282
CC_4F2444DC6C75,0.7816881831361099
CC_4F2B7F512DD5,0.07003996815503859
CC_4F504A9744FB,0.1199433344393788
CC_4F6FEE589187,0.14247047402176724
CC_4F71AAF96C32,0.09532313009198587
CC_4F76E57C55EF,0.40613451918154647
CC_4F88D3E5AA2E,0.048682300958244315
CC_4F8A4384F6DE,0.12689220557466113
CC_4F8D83DCCF25,0.23598757078679053
CC_4F956AA47816,0.6298488514171742
CC_4F99FCEA10E8,0.11214279097113494
CC_4F9F10A183F6,0.09129563743264507
CC_4FA766935F14,0.08599020631236616
CC_4FB0B9E398F2,0.36412573667012743
CC_4FD0DF6CA3AA,0.05287651739491902
CC_4FD902F7ADEC,0.0614548893395785
CC_4FF1155E3A6B,0.3222993278247169
CC_50103368F241,0.08820756154669587
CC_5012B9991935,0.10367194663805518
CC_50172FF2C2C1,0.13494189168140397
CC_5017C9BA7773,0.06863417571685825
CC_502C3D0EC4CA,0.1311800911518012
CC_504157951119,0.07714295544991186
CC_5042938B5A9A,0.47023432142714916
CC_504A57293FE4,0.7605832642289765
CC_505812CFE43B,0.37013554343722715
CC_505A6EB06E39,0.2790800815823774
CC_5064CCE0EF29,0.23371721969433243
CC_507BDF639FB5,0.1782720014004007
CC_507E53684AB6,0.11262662375880322
CC_5087A0D1765D,0.23379982190612772
CC_509229AEC221,0.20298483868428752
CC_5092D3A72B03,0.19792718159623715
CC_5092DF691F74,0.5930202439822763
CC_5094BB59416F,0.23401569914697315
CC_509926B384D8,0.7482139751961522
CC_50A6C96DA7D3,0.055197018358414354
CC_50AE75A10F3B,0.28610507944253954
CC_50D4BB93EB1A,0.08186249687528369
CC_50DF7B02E356,0.21593437099299195
CC_50EB53CFE7F8,0.06062851413811944
CC_50FC7D563CE4,0.19555648441686993
CC_5100E6EAA3FF,0.20608747329084232
CC_510F2944B2A0,0.11168285421648964
CC_5128881AAD54,0.12601442966246262
CC_5138941DB7A2,0.17386751362828143
CC_5139EF8BEAFB,0.13172538291111077
CC_513E5EEC6B04,0.14086956172858778
CC_51427EF15375,0.3241743224351593
CC_5147B281DA64,0.450457962103372
CC_515D968ED36E,0.07858984543145268
CC_5176FF858154,0.12540049178882035
CC_517CB40FB016,0.08169191785313817
CC_51884D5F3E4D,0.10774269485364028
CC_51AE98263438,0.15421572277167006
CC_51C9CE782368,0.15319958309392587
CC_51CC80D1570F,0.0632878308339788
CC_51D2E3476902,0.06877185372453236
CC_51E05E706D64,0.13615184986229162
CC_51E5A5E9801C,0.061037560251241844
CC_51F5DA44F9A0,0.3275425790929939
CC_51F6BDD355F4,0.05890896473296978
CC_51FE657FE212,0.08776012978898363
CC_520950C9BAA3,0.05350651070799004
CC_520B1D31AB99,0.11982683923397225
CC_522550E1761D,0.7481810144811217
CC_524CD519E76B,0.09926629998438097
CC_524FE9E3DAD3,0.4700021709073412
CC_52629A025048,0.12201552704774002
CC_526765FC100C,0.20842655471930496
CC_526E56249FFA,0.2670331120494779
CC_528B42A34966,0.2757875377513985
CC_5292B36E4882,0.2962714559615146
CC_529A2F110236,0.14452815007251776
CC_529BC4ADAD6A,0.1667319730552349
CC_52C1C5A6F887,0.08983478842917923
CC_52C3B674FDFD,0.2465541319440558
CC_52CCBB8F9964,0.08769789622375805
CC_52D21FFA24DE,0.7439890669513188
CC_52D32EDBAA78,0.2160098615426704
CC_52D7821A8363,0.12066326998745369
CC_52D9087EBCD6,0.7701142682569073
CC_52DD62E1AC2E,0.21019298389734456
CC_52E8B04F0FA0,0.10994702366176595
CC_52E965E9E2C3,0.17109547478827594
CC_530BA492842A,0.31869407185809623
CC_530F6E906D6B,0.05340329042849397
CC_531FCFBE3B13,0.10404487760963767
CC_5320DFEAD897,0.17082778189299058
CC_53319AE7B829,0.6858001413646057
CC_53481151859F,0.047408547347075496
CC_534D4FC05F82,0.18963057823770646
CC_53687DA8C9E5,0.31314140851574057
CC_53795A7B7751,0.053036494496008134
CC_538328A6B3BA,0.3972022146449076
CC_5385266461B1,0.17920597926165602
CC_53891CB35BF8,0.14500317827639825
CC_53A6E1083B13,0.07178471355741958
CC_53A77DA726A4,0.09857591156977423
CC_53ADBC2F6E34,0.1792806691325558
CC_53B249809561,0.09611212565014186
CC_53B2DF5B019C,0.06071455741907226
CC_53C1F3E031A3,0.15303452574035914
CC_53CBF2E8AD05,0.4609168743882847
CC_53D04793ED9D,0.08489411720865021
CC_53E23A9B6F74,0.06634001593092809
CC_53EB59C99100,0.3453349701655954
CC_53EB9AC04311,0.13689091521069136
CC_53EC732C9B30,0.040646181033050725
CC_540122E71534,0.1648522175668133
CC_5405C89DF8BD,0.7023275874969421
CC_540D69F5BA23,0.14385043612794768
CC_5414446319CC,0.7346429447018339
CC_5418410F95A2,0.08368864622260937
CC_5431A01C30E4,0.08946972067350019
CC_5452437FC605,0.3902941768023442
CC_5452979BF98D,0.0782502043853231
CC_546EE83F84A4,0.514577370699273
CC_5473268241FC,0.16704085633987378
CC_5474EE64D859,0.253486050253578
CC_5476E2B2FCA0,0.1300409264514167
CC_54892024F98D,0.1998727430706324
CC_54B33C66DCF7,0.08914236652636714
CC_54CF66B660B4,0.5181560433618424
CC_54D3A35EC69F,0.07654634341168426
CC_54D6AE2665AA,0.10648267904305332
CC_54D93974E62F,0.3030685750943254
CC_54F5F552A0F2,0.12065918596761019
CC_54FC3B361BDA,0.10139564077349222
CC_550135E8FAC6,0.13555810590020534
CC_55020AD0D117,0.16570406447443875
CC_55094AF7EFEF,0.09371738147672888
CC_55126E23462E,0.05054588944519534
CC_554C21CCAF3E,0.09764785449471906
CC_554C912C7DBE,0.08194512508021287
CC_556B02A2B401,0.4064000136619187
CC_557A0B0CD0F4,0.19373356678299364
CC_559A14E729EB,0.3170044591921132
CC_559F0DD4E4A7,0.3351804398149572
CC_55A82B4E57F6,0.16814134050649682
CC_55A98ABE4C75,0.12957962413830595
CC_55A9D45EA466,0.0471846469569912
CC_55CB872FF50B,0.2300095163971097
CC_55D9E3D58435,0.20381103351076266
CC_55DFF3C3BB46,0.08007784021083958
CC_55EDC3996984,0.16050630258204318
CC_56013299D8C5,0.13067994615244125
CC_560B519C1F50,0.09234488754921383
CC_560CABF0F5D0,0.20362354168168767
CC_56178AD87948,0.23584132917805709
CC_5619A7BB54EA,0.10996168752787408
CC_5624319D7B28,0.12126796514486538
CC_5625119D6C37,0.16868166970640805
CC_562BE7245E1B,0.7030915761122037
CC_563684010DF5,0.5405267051611858
CC_563EA9A29338,0.11373032502278796
CC_564590AFB575,0.040768219647042185
CC_565E01191BF6,0.5686429602900409
CC_56612A039382,0.06768065827115165
CC_5665FB827721,0.5661566611233684
CC_566932C3CC97,0.1318423926616457
CC_5671D59B2A51,0.17109075503197224
CC_567E7DD24A97,0.1102364165067095
CC_567F47F37683,0.04204310034747715
CC_56847A91065C,0.09117997389062132
CC_5698480F8634,0.06024755316206469
CC_5698B024CECC,0.5638247800601832
CC_569DC051A2EA,0.11083560341377673
CC_56A322152604,0.37608779660182423
CC_56BFD9A8335D,0.2821459580514366
CC_56C9379BADB6,0.051837789022859966
CC_56D410FD8F56,0.32657060130376836
CC_56D4549919EA,0.13901330948057997
CC_56D918CA6353,0.1605276476791512
CC_56DB30CE666D,0.1607514207035361
CC_56E760C3206D,0.23877237769109205
CC_56F73F905615,0.8133026615852956
CC_570683C088DB,0.18126927346946997
CC_571C6AFD00ED,0.3852653882049764
CC_5725663C3B89,0.12387893396080153
CC_57291D7667C8,0.17854349629775224
CC_57313F6E7927,0.19272527936734948
CC_5735F9B859AF,0.6260133614658678
CC_573B34826B2B,0.626613683305392
CC_5744447CAF7A,0.07848412259848406
CC_574CC0FC7B05,0.07900166120821615
CC_5759E2982909,0.09533607647793044
CC_575CCCCDD7B6,0.617719293041267
CC_57603A37D19F,0.045793868102217056
CC_57639D4995CF,0.22120631873451438
CC_576E6676FD55,0.06645966978561856
CC_5775C148E05C,0.10865733960572445
CC_5798E560E9F3,0.7191360133116683
CC_57A486F61065,0.5297582357416116
CC_57A726458B99,0.07172827003420937
CC_57B0D41BD7D3,0.2978804429292737
CC_57B501E60C35,0.07217609450458573
CC_57CA90509CB1,0.7177746013053731
CC_57CB7673547B,0.08737143000702628
CC_57DE479CB61A,0.7346761838688898
CC_57E7F1A6B895,0.04570440517932663
CC_57F13C4115FA,0.33292942562762334
CC_57F480CA9A42,0.09641822018835501
CC_57FDFC6DE726,0.2606711509864892
CC_5810468B76BE,0.14209056116655494
CC_5810F212B2EE,0.3192248185032174
CC_5817759E7007,0.14788022569131307
CC_5818B5089B3C,0.10253952982314306
CC_582C78363EB6,0.0803375879533327
CC_58391600720C,0.12186286465438631
CC_583D7B177F85,0.11593057184827947
CC_584C11014F63,0.13615443061775967
CC_584CDC12578D,0.055759933486608314
CC_5852F443C55D,0.09960950668112145
CC_58565AF0F70A,0.5216564514770463
CC_58568DF9AECF,0.18376954472250465
CC_5859EE6309D5,0.45610087756640944
CC_5872B45E1C19,0.6999945718405799
CC_58797A417EEA,0.18028954726801008
CC_587A4844B482,0.1816087160430707
CC_587C0CC3DD82,0.6655002703316949
CC_5881A04052CE,0.08987749253494776
CC_589A4E02EF81,0.14249400377599095
CC_58AB46E5655E,0.155859825030295
CC_58B0CFC9F3D2,0.06968714878480646
CC_58BEFDA6B4C6,0.12141330538897611
CC_58D95C7247D5,0.06111976773587144
CC_58DBF3409D48,0.05068826023236521
CC_58E35A47B880,0.18677738362815843
CC_58E40EFF57CF,0.34555325799096925
CC_58F551219BD6,0.0758514677158201
CC_58FA76C6C45C,0.5769742733505919
CC_59018149723B,0.06576410997178196
CC_5904459ACECB,0.7609961759090399
CC_59088B2886E8,0.0440382761499391
CC_590D2E0AD18E,0.5570363140424797
CC_59146CA05E8C,0.04822913841679309
CC_592592397DC2,0.4631499939431177
CC_5926F5B4E054,0.16019958206001944
CC_592A5A163624,0.3586248565771564
CC_5941C323917F,0.07814360815116335
CC_594E4E86A1C6,0.2121210552949421
CC_595ADAA76A32,0.11309538256520411
CC_596A20270C3D,0.1817490175323558
CC_5970E93E11DF,0.2748643275953659
CC_597AD111527C,0.12013622674690509
CC_597FDFFA265C,0.08092582921172341
CC_599C287D2BAA,0.3981407098645896
CC_599E345094D2,0.13400293196235424
CC_59A4741B5A92,0.19130186146785147
CC_59BB3A5BA2A3,0.6726432672478883
CC_59BFD1200F6B,0.167159675603542
CC_59C07CCAF4E0,0.23574439284282384
CC_59C49474B501,0.12535289150987722
CC_59CFBC2CA471,0.5952449755910196
CC_59D62BE0C0C6,0.15675751426809606
CC_59D86F572716,0.10747070915907239
CC_59DF71FBA4B0,0.05061679139988404
CC_59ECB7465DCD,0.06864728602573852
CC_59ED43A803B3,0.038044650225039535
CC_59F5E81F4EA0,0.12919212846553788
CC_5A10371BE7B1,0.8059490189823805
CC_5A2F9A594A05,0.5693581444077548
CC_5A38E46246FC,0.6077920408600586
CC_5A3F52B0A07B,0.19886393370456015
CC_5A5507A49F6D,0.09078512813037039
CC_5A58A5E6DE82,0.10164048383204945
CC_5A5BB6DC1018,0.17049328658413565
CC_5A5C0DF50E01,0.10027121317345616
CC_5A633C535360,0.10634453814855062
CC_5A67E62D8D5E,0.6503819167236027
CC_5A6BA0007593,0.11623659821442514
CC_5A7513434C72,0.05030878189374332
CC_5A756D8AE60D,0.2611746574070009
CC_5A7C13841B7A,0.6188570561179738
CC_5A7CBB6E8716,0.1815369213389452
CC_5A83A1E25A2B,0.3318972148666513
CC_5A86EB53A14D,0.6940907114173309
CC_5A89E13CE597,0.14352947209049
CC_5A9466D0CF9F,0.11997818172665403
CC_5A95331BD0C5,0.11102383284782691
CC_5A9F63C3E428,0.06268806283436384
CC_5ABC76FF707A,0.05589753202824487
CC_5AD0F1B43457,0.09154285668550266
CC_5AD82250C271,0.04373200487129369
CC_5ADD27165E38,0.7095271707190531
CC_5AF32E5C8018,0.04770055320169853
CC_5AF3690FA0B0,0.20293088232066822
CC_5AFDFAA63B45,0.1620899803264991
CC_5B025DA26FE6,0.057690280070163746
CC_5B07C7DE7E7E,0.1872187532394254
CC_5B08171A6880,0.17320790719868193
CC_5B09FB1A0BE2,0.06831698036459136
CC_5B0D6BA12702,0.49049139507435313
CC_5B0EF2D4C3CC,0.1586210021359164
CC_5B195D88C182,0.4549709864413738
CC_5B1F6FE71A38,0.06512302924418913
CC_5B247961602E,0.08602112249884813
CC_5B276421F4CD,0.05352180112077683
CC_5B289AFA1662,0.24901990263817275
CC_5B3A16421A31,0.045983197817375504
CC_5B3E78897EB7,0.068607383178809
CC_5B480B44A9B1,0.12772494240395862
CC_5B546C3A21F8,0.18691311557297027
CC_5B5BC4023EE7,0.1542621336384369
CC_5B6D63DD34B7,0.1071676649115037
CC_5B6E868912E6,0.057873329354863064
CC_5B818D2581FB,0.11310403961288612
CC_5B82E8BB921F,0.28880332947593934
CC_5B8E8DA14EE6,0.1339359517784825
CC_5B900A135A69,0.09828218625493797
CC_5BB64BDF3C99,0.08354926129487956
CC_5BCB2C79D1CA,0.20803166923900016
CC_5C072DB8586F,0.06704919256057243
CC_5C0BEC2A0850,0.07319741651239746
CC_5C24010127D1,0.2978750627380114
CC_5C2DAF5E0EB7,0.41441411612497814
CC_5C3E8DB90978,0.1362742315926838
CC_5C4A7CE69975,0.32404824536582644
CC_5C5766F933B0,0.41016613767314297
CC_5C5808240054,0.09694701596385034
CC_5C5D6E15EA27,0.2003420593623543
CC_5C60C4545922,0.09883527512667228
CC_5C626D70F6D6,0.17044307751973675
CC_5C670F0622BF,0.06003803909286904
CC_5C799E57EF53,0.06559490166470724
CC_5C7B44735AF4,0.18793730723370947
CC_5C7D8DF047E9,0.18666572667138343
CC_5C80F394EFC3,0.1536537211057701
CC_5C99E6189441,0.09005168825029647
CC_5CA9AB4A6AB4,0.11999313043379345
CC_5CB78ADD2432,0.15818716835982286
CC_5CDE37CE08CF,0.051242957724709715
CC_5CE258D12432,0.34165067545949435
CC_5CEEF006ABF9,0.06110794514999086
CC_5CFD2850E277,0.22943814316735986
CC_5D01F71B9FAD,0.13819231023131834
CC_5D065A455A45,0.2177233803228755
CC_5D0AA7D4954A,0.2689961580628863
CC_5D242448B812,0.11066757897249824
CC_5D2C5115BDD2,0.14927870466638027
CC_5D3273E039AF,0.6579783879683535
CC_5D398BB3365B,0.07571371309030478
CC_5D3C1CE64952,0.08858752048440344
CC_5D4B0EBB5CD6,0.14302171947952685
CC_5D5E897588D3,0.1085379918946999
CC_5D65F25FFB8D,0.05848205618763197
CC_5D665A86C465,0.11702691739567107
CC_5D80C353E475,0.10406782647326898
CC_5D8895A0AB4C,0.19422996816820084
CC_5D88A673BF50,0.21806584028549605
CC_5D89688B69A9,0.3282139951564505
CC_5D8AC8E18A8E,0.0791689627148774
CC_5D8E7DC2FA6A,0.5318795802442352
CC_5DA29AD9E85E,0.06189327585976615
CC_5DB286EAC626,0.2732766518838074
CC_5DBC1BB95B84,0.7824150765719295
CC_5DC0A465470D,0.050825199966005305
CC_5DF82CB03C3F,0.10186352223922585
CC_5E001C93F359,0.0637946648613214
CC_5E029094A55C,0.6936430236007731
CC_5E0808121A65,0.12413921021268554
CC_5E1117E4E593,0.134307637680551
CC_5E1541060A97,0.704295809425518
CC_5E1C11540C0B,0.10751861214964528
CC_5E1DC0E143F2,0.17913820207766412
CC_5E206AC277E4,0.18948749639155488
CC_5E22B4BC8B12,0.09185382679775805
CC_5E22D889B6BF,0.14572645844558432
CC_5E38425EC99F,0.7324222575954304
CC_5E3A70C2077A,0.13430106383768764
CC_5E5607D275CA,0.13178846874539196
CC_5E73C3D2B3EE,0.12773445233917788
CC_5E7F23A07A71,0.08372833983110285
CC_5E80A96974B8,0.23563011830691646
CC_5E8C0453B9B8,0.2885786222473145
CC_5EA599FBA5E0,0.5073851358309266
CC_5EB379BA6C7A,0.11597098250499525
CC_5EBB96F65AFE,0.3702078606220817
CC_5EC41568C2E1,0.08507571063215678
CC_5EDB5C924107,0.2302985233373891
CC_5EEE5D0FF8D3,0.15949668858459617
CC_5EEF07FFC243,0.07152968428714586
CC_5EEFD690759A,0.09807182874635352
CC_5EF2176F01D5,0.11383172373812439
CC_5F17CA33D26B,0.06708290094834984
CC_5F20750D6658,0.16938842614452881
CC_5F2CE32A6EC3,0.12319048161863147
CC_5F328EE757B6,0.05152250415266464
CC_5F35B8D87D06,0.22582515191137428
CC_5F390BA40E83,0.7145593931856814
CC_5F59092CA9B2,0.09327475826030833
CC_5F5916E96E19,0.15598301667895115
CC_5F5E835B9E6E,0.09010865252118917
CC_5F648D39D67F,0.5327064576148607
CC_5F6D4104C808,0.18474288478228484
CC_5F72EBE104D4,0.04414445917741444
CC_5F765C41F051,0.058250584434418246
CC_5F8859A6F0DB,0.04024938667537816
CC_5F88ACC7C384,0.1550657372431028
CC_5F89DFA97B7C,0.45732325843770416
CC_5F93A3E31DD6,0.6156488726658037
CC_5F9A44423DD4,0.1551303531511754
CC_5FAA7965BD71,0.13806113689003902
CC_5FAFA265CA02,0.3806128656118832
CC_5FBE1A34704F,0.1599934302879399
CC_5FCAA919577A,0.20255740681733422
CC_5FCD208ADD77,0.19540169836947016
CC_5FECD2BB0094,0.10334064592698464
CC_5FFDE52E6B7A,0.11599500587140733
CC_6002BFD3F26A,0.1417271369000383
CC_600311592F72,0.06169027196411011
CC_600AE12112D6,0.2761370596700713
CC_601C3178E38D,0.1539043716711549
CC_6037EEA42F2C,0.4209982927699139
CC_604C08F76272,0.6192141649328493
CC_604C72AC662C,0.1667639313037675
CC_60510AFA8A87,0.16162904183533122
CC_605E2E26E52A,0.23988611210802455
CC_605E3904CD8E,0.16063527990063992
CC_60611B935106,0.13291070057675497
CC_6061787228F8,0.1483855985710384
CC_607270A72DFD,0.25080561601289136
CC_60738E418DB3,0.17342603632850168
CC_60961DF8A134,0.1433346747523444
CC_609B7A7FA165,0.08216139552362932
CC_60AC5C892D01,0.1008160620168939
CC_60C09FF84412,0.17621231250355215
CC_60C87349D73D,0.28150161135302887
CC_60DA2FBF1FBF,0.10587429593929992
CC_60DA539A39FD,0.17838211026924825
CC_60E974A0B278,0.06607704186124476
CC_60EF7D647EFC,0.04466516689958357
CC_60F525A39898,0.04130104626461472
CC_610009B69EBA,0.6901841317843759
CC_610FDDF5FE54,0.11491716438255818
CC_612C06CB5FF4,0.10225046894381754
CC_61307D82CC26,0.5918436085977834
CC_615030FD33CC,0.6985873231663895
CC_61649241FE59,0.1673647713553796
CC_6170051A606A,0.19306953861084025
CC_6179A630658E,0.08056081459414952
CC_617BD59427E7,0.0928483944041157
CC_617EC8BD5153,0.14219304593657028
CC_6191E14D21BE,0.058675276886264296
CC_61A798B8D222,0.04865734628126735
CC_61B4A983D1A1,0.07008598264152738
CC_61C9732AA682,0.6873909512490729
CC_61DC64E37471,0.052469427784478745
CC_61EAF14033DB,0.12492553549536414
CC_61F18E0C218F,0.07395860945099536
CC_61F1A1263F5B,0.1453045406608181
CC_6209EA426553,0.057026797370618186
CC_622BD8CB3807,0.316796498281005
CC_6234A9617A7F,0.1019046993434379
CC_623AC074EB25,0.21922485788205076
CC_623FAACE8A80,0.05872850552372009
CC_6244E2935407,0.2834047032536484
CC_624535E11F69,0.060409600953524184
CC_624EA2917CDD,0.6473094708819128
CC_62565D08DDDD,0.7473303361783273
CC_6268ACD3F95B,0.4884390785483005
CC_626B61F4789A,0.657322360573112
CC_629193C2A090,0.1984900617434151
CC_62933641AC43,0.21823390651480384
CC_629480877536,0.33293101542194115
CC_629CB045D9FE,0.08798501153217382
CC_62A84BC400F0,0.266257094101484
CC_62C36DF81797,0.18170619007965993
CC_62CC835CAE4A,0.6426085500648563
CC_62D4192F126E,0.7587497383718153
CC_62D7A3C9483D,0.07229703944364446
CC_62DF1B99B4DA,0.09321083772848583
CC_62ED7BA3E620,0.053108998941530414
CC_62FC001AFC78,0.09415222819626763
CC_630412B4AFDA,0.15082036027465234
CC_630903AD39C1,0.0427298794421991
CC_630938DCC1B5,0.06447645923544053
CC_630ACED773E9,0.4668957432849609
CC_631E1690D913,0.0728772778643862
CC_633A7C7FC25F,0.23192029408062176
CC_6342051D8FEA,0.2839400683667384
CC_634CE4E8AE49,0.1893603592799196
CC_6359692F5EF6,0.11714239712073021
CC_637278423A6D,0.2068926393509069
CC_6377AB848081,0.1051767847038672
CC_6381A65E0A3D,0.1087020461694114
CC_63871B4814E2,0.11684564516122962
CC_638AD269F05C,0.040021078165960705
CC_6391AE0FB83F,0.15394063636929153
CC_639703EE2ABD,0.05304732616340328
CC_639750C87A7A,0.7088136547682192
CC_639B1DCECD2F,0.165811530496571
CC_63A869443AC0,0.4218203012384422
CC_63CCEE26BCAE,0.06297922476097954
CC_63D51CECB6D2,0.2336546690326048
CC_63E53402FC02,0.04087954804412118
CC_63FC6895901C,0.13074050580530294
CC_63FC8A97D9C1,0.14408744069256152
CC_64117B93EF73,0.336893503116468
CC_642D9C325F1D,0.2631468485684637
CC_6436B950E22B,0.18534981457341662
CC_6445BD3DDB6E,0.044616830272911766
CC_645C15569E42,0.14279789445770832
CC_646472AD66EF,0.0949416553721991
CC_646B8254357E,0.15146504462669735
CC_647F4BB4983D,0.5882049834611315
CC_6489ECEEFD0E,0.10275326955452119
CC_64946E57306A,0.049437621069072596
CC_64976830B0B7,0.27499230548755893
CC_64BA10F3FAA1,0.09709068180773567
CC_64BA39A0DFC6,0.09001637972086401
CC_64CF9A79EBFC,0.12584512641289877
CC_64F0E0473D1E,0.09963437602900134
CC_65006C2AB2D4,0.7640977502494021
CC_6500BD19FA06,0.30221865932210934
CC_6504DCAA90E1,0.07842401075014627
CC_6509C7361994,0.15630365265891916
CC_651486189673,0.0877054229322086
CC_65194BAE506A,0.172721716627532
CC_652539353439,0.1883026459584596
CC_653CE5FA5A76,0.207521794437286
CC_6560C2F4EDA4,0.19007230389249602
CC_656137F98187,0.6221173176491636
CC_6575B4B39113,0.044836318766573735
CC_657F629D31E2,0.23008561329883204
CC_6580B7583ADE,0.19854674547284518
CC_658477BA75D6,0.04433497280887172
CC_658B7867BE7C,0.12922754570888004
CC_6593FE5349F2,0.06806856359459451
CC_659EE0F05A75,0.30372122767541493
CC_65A0D8134410,0.22970552318481882
CC_65ADD5A19F64,0.13122144214578046
CC_65C3F0F73BB1,0.09435909014978647
CC_65C47521C285,0.04199370167564151
CC_65C4EE0B737C,0.2093910857407077
CC_65CB68404333,0.19120586287954455
CC_65D6DFF1B766,0.1083450855361856
CC_65F1545C35E1,0.2286440649676519
CC_6602547E2FCF,0.22008667440128893
CC_6615D7044816,0.26379549435504207
CC_66244D4B72EA,0.09154713842607229
CC_662E5AAE07A8,0.053395758274000914
CC_66322B339E84,0.04618700452769619
CC_6634FD4B1CD5,0.7604346625844148
CC_663DCEF4923E,0.18831408799729477
CC_663FE5BF918D,0.5002200225114241
CC_6645798E740D,0.08932018609956233
CC_6649736C8321,0.7640279287926384
CC_664E1026C4D9,0.24980684673661155
CC_665603C4A33B,0.07325790692218306
CC_665BDD9C8039,0.3482773413829433
CC_665F2AD58363,0.18939911657301575
CC_666767444BC3,0.2286264115268151
CC_666C0A2A8674,0.05814994146952988
CC_666F2BCDC7D7,0.19007194801292068
CC_66775178B226,0.0658768004575597
CC_667B6F8C846A,0.6189632519021347
CC_667E909835A4,0.23022873217104312
CC_66809C278FCC,0.17616966672641013
CC_669CCC44CFCD,0.06769773749849287
CC_66B0BD3F6516,0.3657641575923683
CC_66BF02C05DD8,0.13437904319932595
CC_66C491256BE4,0.06830872303490276
CC_66CEFA65F912,0.3496511612708722
CC_66E025DB3282,0.6565013066073386
CC_66E7B423A32F,0.5887144341102095
CC_66ED26E7BAD9,0.08265757508778726
CC_66F7FF7735C3,0.14591011423869998
CC_66FD0CE6D57B,0.05335797124371783
CC_66FFFE05C2E8,0.09238552183116758
CC_6700012A39B8,0.14619225120001994
CC_670FC6A064F0,0.1895006607415371
CC_672932B65802,0.08612996393281934
CC_6742C6478F98,0.17695874784101662
CC_6745321663BF,0.06243193313351036
CC_67579CF57290,0.13574021200733752
CC_675F7483FB90,0.16328919630461747
CC_676ACFAA6131,0.685181312587452
CC_676B423C495A,0.5688598740440183
CC_6771C0D1CB1F,0.05557810197822275
CC_677EE0369CA7,0.0823256102006191
CC_677FE35855A9,0.18518463630220655
CC_678091614A14,0.11451587051029101
CC_678A43ED0803,0.6540225469167277
CC_67955C210226,0.10321521455881037
CC_6797E0B01112,0.21154894998361862
CC_679D90941842,0.14099194962587247
CC_67C05273700B,0.1456865863705526
CC_67D5172B6450,0.15786671322601478
CC_67E8CF412D93,0.11793764253477416
CC_67F6576A6836,0.2533186248307923
CC_67F985A00A12,0.09226113402742248
CC_6801AD1D4478,0.08602146859790417
CC_6803BFA94B17,0.04645828691667715
CC_680B16E5E240,0.14131579186615453
CC_680F2D0F4F6C,0.08890763141054167
CC_68221E1393E1,0.1104089076371359
CC_6822590B968C,0.17898673162896905
CC_682D8EBCEE94,0.22950861037516618
CC_68429B4AE401,0.3978726513222107
CC_686B26BDD061,0.07368073662409233
CC_687518442359,0.423463733687902
CC_6875DA61F422,0.2215804952168808
CC_68A3D749608C,0.14831549758221643
CC_68A9C3CE2557,0.0766258166893489
CC_68B9F8C6D9D6,0.6525298811192775
CC_68BC65E3C84A,0.4088869139917362
CC_68CC4D1D898F,0.06758399121462519
CC_68D0ACBD2D0F,0.03938940507116095
CC_68DA8D5488B3,0.08386857129258544
CC_68E675A69AF3,0.19981821831321978
CC_68FC9E6FA27E,0.18318499132014973
CC_69322F7C4CE3,0.13044593572383806
CC_693710EAD59A,0.1931075494674093
CC_69387752F41F,0.487945151536869
CC_693B71DDFE67,0.150777249555515
CC_693D4AEDA3A2,0.10588409724155895
CC_6952171BCD2D,0.16783882967280644
CC_69547DEB412A,0.22479603216061583
CC_695E80DBA42A,0.08695103304673012
CC_69717E76CFAF,0.46563744797272344
CC_69741BF89A2D,0.1265236239481414
CC_69825C70EEE9,0.21569474408234396
CC_6985C268DC74,0.48326567667854126
CC_698886C4AD90,0.13348373342843609
CC_6999901A6060,0.17622865851782715
CC_699ABD34646F,0.10566325595828335
CC_69A98DC7A907,0.07229458962533199
CC_69AA6E0DDE10,0.32236152648550026
CC_69AD5A48A78B,0.2507739616506311
CC_69BA7BFF98E2,0.10986280865950222
CC_69BBE365C097,0.055156893667792806
CC_69CD95A00D9C,0.048683027232189306
CC_69D328691680,0.08294066001282
CC_69D39C9F36F2,0.23720168528831878
CC_69E09390CD64,0.09042452267038482
CC_69FD49E90AC9,0.3420659151046425
CC_6A099AFE73BC,0.16197286483288317
CC_6A099E6C91BA,0.2894172345874625
CC_6A19EB191A81,0.03984727415597789
CC_6A39017046FE,0.09471092656375575
CC_6A4A401F2920,0.3517731893562233
CC_6A5261180031,0.07752293874831538
CC_6A7432494840,0.1602809175658484
CC_6A7963180D20,0.31255138531546384
CC_6A7D7E5F814F,0.5375846800947331
CC_6A8B8BBA749E,0.1534977798749195
CC_6A8DFDB0621D,0.14947655173083468
CC_6A93C436E2FF,0.11443074239267875
CC_6A97F81D9A0A,0.15701820606568512
CC_6A9D1622B4DE,0.2763016139077426
CC_6AA6589445C1,0.6118838191660462
CC_6AA7A87F59FD,0.13996362181726002
CC_6AADD44C0B52,0.08609973908764332
CC_6AB4A5EBA3F6,0.22590000895263299
CC_6ABA7D0ABAC5,0.07910372192514704
CC_6ACF1E52BE8E,0.1296511635022653
CC_6AD3513459CB,0.08675758009650841
CC_6AD4238EE77D,0.20466143019105665
CC_6ADD0FE5DD74,0.6347408189522725
CC_6AE2737BD3A8,0.08672115085082314
CC_6AE48C1F2448,0.1389685145366843
CC_6B00A666A420,0.695109396410208
CC_6B07C3992304,0.06583679831305617
CC_6B0A72BBD800,0.6434502939355571
CC_6B12B975F2EC,0.38638361153522927
CC_6B12C9507F32,0.20092083956109114
CC_6B34719D93AC,0.5659061098515842
CC_6B34740DD355,0.15834885170037843
CC_6B41081727AD,0.2260333806221497
CC_6B4902892E70,0.08592811368926347
CC_6B5BC2D89077,0.7135004412867617
CC_6B65242C2CCC,0.16758141140846214
CC_6B823BACBE75,0.3279290150786891
CC_6B83E1A959C2,0.31444685916340875
CC_6B84FB3DE604,0.04476621603318172
CC_6B8AABAA752E,0.178363735038186
CC_6B8AC0DEE990,0.3413092330930371
CC_6BA45C072D40,0.17031563336085345
CC_6BA72ECB5027,0.10498527017423476
CC_6BB560F020BD,0.0757106399473129
CC_6BDF0B68C126,0.041116665526786
CC_6BF0A9437728,0.10481232209080515
CC_6BF3B9097199,0.18053446542877263
CC_6BF7A1EF31B9,0.2450329833396884
CC_6C29DF49246A,0.06965033036466511
CC_6C3C86C2125E,0.09369934748450591
CC_6C42FF6D7218,0.7113158741478293
CC_6C541A482CF2,0.23777795509285338
CC_6C585A6BFE01,0.7907063436857183
CC_6C5CE36700D0,0.17625791029584953
CC_6C62C2094733,0.12689643054841587
CC_6C66539A9D02,0.23847619574672163
CC_6C684505E498,0.08213042322782893
CC_6C6E40927C35,0.04746622794319324
CC_6C7736F51C12,0.714061909937076
CC_6C781CEB6F52,0.0861423105394001
CC_6C7E39BF4744,0.10904892973497507
CC_6C9EE9BAECEE,0.07522283029180861
CC_6CA0F076091A,0.11994935115376787
CC_6CAD299645B0,0.192601139626102
CC_6CC3C50BA394,0.10868070698723806
CC_6CC593C5385D,0.04251126610751485
CC_6CDA4B24C602,0.27742983688112405
CC_6CE31AFF7813,0.07091043036921892
CC_6CECB68DE9C1,0.3038480691382204
CC_6CECD3DBA212,0.18131384120765748
CC_6CF17D012682,0.16197180296646746
CC_6CFCDF903310,0.17484367783746468
CC_6D08B5E62654,0.09800089853015032
CC_6D0F60667273,0.2510615398719509
CC_6D127EE83945,0.060420639462169204
CC_6D134DB29068,0.32716167466372686
CC_6D141A49D94E,0.551809464642788
CC_6D148C0A624D,0.17628555215740552
CC_6D1EFDDE2EED,0.06625999172134864
CC_6D22B938D7B9,0.07874313694966058
CC_6D27409F4956,0.08206065031609726
CC_6D2F0EBBCA4D,0.23030420485940034
CC_6D43BE30E8B8,0.23717057457606208
CC_6D4EDEAF67C7,0.18538918923700642
CC_6D72571304DC,0.49325065706101645
CC_6D7C62C7C161,0.06622724495988633
CC_6D8A18C28AF0,0.06815994567408719
CC_6D8B35007242,0.07445367127701338
CC_6D93A9E49E3B,0.21743887476484372
CC_6D9C644A082B,0.09706827627332235
CC_6D9F52BD4D0E,0.11586015493125845
CC_6DA058F9B631,0.2979968885612714
CC_6DA1F8DF9CDC,0.27301715540592514
CC_6DB000AEF16A,0.10599346307887712
CC_6DB5025899E3,0.2035959314079145
CC_6DD6FA2FA0C6,0.12192770724409098
CC_6DE4E4C1A31D,0.22572276908367836
CC_6E09CBC15C94,0.4413594786649588
CC_6E353816938F,0.049658717647118135
CC_6E3AB992A5C9,0.16901309449781496
CC_6E420A2FE490,0.15737869102360144
CC_6E46D01888D5,0.1447628886147014
CC_6E4702162475,0.06642357309044208
CC_6E548AF15091,0.22337505905636593
CC_6E5C9A2DA27E,0.04682272155714057
CC_6E610F3976CB,0.1682314811668234
CC_6E614FF9BE02,0.6479552359515669
CC_6E68D46447E2,0.10254396855335048
CC_6E712C21215D,0.04927465847140878
CC_6E84DED41B8B,0.1465239797524937
CC_6E8557E30DC9,0.6278082573541581
CC_6E8963475D35,0.19247720262441415
CC_6E9880CA0BF9,0.27932123242669926
CC_6E9FCD68ED52,0.640864501238923
CC_6EB194A93F60,0.1359258203898971
CC_6EB370F511F7,0.059078617796041094
CC_6EC722B2BC2F,0.17400093411995546
CC_6ED1B0EE4B6C,0.21643814254815522
CC_6ED65E7CABA2,0.0932124680558195
CC_6EDA84B653B8,0.33730136122506765
CC_6EEE8E7C1D1C,0.22686369592322503
CC_6EF17801ADD6,0.14570137836639716
CC_6EF337CC4BA9,0.3085779341595071
CC_6EF464EC9FCF,0.11193206221046996
CC_6EF6B8AE7DCD,0.04561862015783743
CC_6EF8C59D8395,0.8222626571779023
CC_6F2146FE362E,0.057919721535759215
CC_6F2408B665A6,0.40582335217870436
CC_6F2B8E925D59,0.03925774024553131
CC_6F3034E96848,0.10578179958460837
CC_6F3559ACC2F5,0.046363031599012235
CC_6F46C5897DA8,0.4348484640851025
CC_6F49ECAE902C,0.07122447350934161
CC_6F4B818665D3,0.11187733045271388
CC_6F4E696A1F88,0.2521283403507957
CC_6F54BD66C0EA,0.161884128933642
CC_6F786C433998,0.12180278067742809
CC_6F78BF56B0C0,0.10384574450793588
CC_6F8346F138C1,0.4690845325430646
CC_6F86CFDB23D6,0.05212136204825768
CC_6F8E30AE9457,0.15861063331930947
CC_6FC25B27AC26,0.08025951927894825
CC_6FC8BE007FE9,0.13151142868767432
CC_6FC8DA40122A,0.18359222110934867
CC_6FD8BAB1DA3E,0.06216087167207108
CC_6FE4FD09A9D8,0.08617186251639908
CC_6FE78CB02174,0.0438219398932785
CC_6FEB8EDBF2A4,0.14623694807175908
CC_6FFCF2DAD0A4,0.08649126222069879
CC_7002034B0979,0.0868866246631168
CC_7006523D45E4,0.08498870466062894
CC_70097151A773,0.0662764455089584
CC_7011BC95A91B,0.046989858128085336
CC_7020F3C11A3F,0.1658615900987797
CC_70306409A3E8,0.24684845434989808
CC_706B18DA7204,0.15919505867737405
CC_70703A59C070,0.18005128186426375
CC_70749DDFF595,0.1255230256676897
CC_7079CE5127A3,0.04333535802208131
CC_7087A46F0AB7,0.08958028098496508
CC_708B73EBD939,0.1638517175107914
CC_709315667BCA,0.08023686345820812
CC_709970475B6D,0.6517604430209727
CC_70A56ADAC199,0.05340928773971246
CC_70ABB244502D,0.04749223556607641
CC_70B0176647CE,0.13986940895906483
CC_70D3353DA1C3,0.06301057258230966
CC_70D652DF4E91,0.12419977929218824
CC_70E3121BFDC4,0.1092769980305817
CC_70E5FB8B072D,0.049723049892423134
CC_70EFECA3FAEB,0.18106613806998456
CC_70F59DA18BCA,0.4771868663689725
CC_7100129A0AFF,0.0947090687934419
CC_7113554E33B9,0.11175638308894822
CC_71260405461D,0.10482050953644201
CC_712677251322,0.18408549155789686
CC_712D31B2785D,0.05217955488995833
CC_713052DB1E2E,0.06332074390469956
CC_7139C2D6F1AC,0.10948510337986772
CC_71427FC8FA49,0.2247300586302229
CC_714912E93A71,0.11314499986103418
CC_717A5C2ED311,0.17751088097947978
CC_717C94F5C8F1,0.07673958813265162
CC_718F067F4DA0,0.041946398062112866
CC_719E714DD38C,0.07509180211889438
CC_71B169C874D0,0.15995002242617928
CC_71BB5070615C,0.12431237392490913
CC_71D37D6D19C6,0.2378819709409977
CC_71DC80205F42,0.18478095472503248
CC_71DEB636B8CD,0.6324438466243546
CC_71E4CBAA1211,0.1313387213978266
CC_71E787049755,0.10344522230104662
CC_71F1EF5575AC,0.09708817497064694
CC_7201DD8EB33B,0.19088300495732238
CC_7202C8CE2317,0.3171068540460626
CC_720B06583C57,0.04430433975155998
CC_721DEC038BAF,0.09757404344675766
CC_72219BCC83E3,0.14454799922200467
CC_7223DABA7E98,0.18412467910720196
CC_7233459FF7B8,0.2101197048500195
CC_7238A8A6767A,0.23042112587182473
CC_724559551664,0.7333981642480001
CC_7248EB4B76CF,0.051356995111432414
CC_7259B5314D92,0.08570860472392611
CC_725CA03102FE,0.05018007430076259
CC_726E05E5A555,0.11002891588668812
CC_7276AEED6D4A,0.07836138076883267
CC_72A18E8D6670,0.04714128675145864
CC_72CDBC38202A,0.5597649131446217
CC_72D8B2ABA2D1,0.7558204120777863
CC_72E4590D362B,0.38774902199941963
CC_72E8542AE4BA,0.06799527993539624
CC_73010B6E55DD,0.617025519854373
CC_7309A4693D52,0.14798564610899068
CC_730C2A3FF1BF,0.1726490986510176
CC_731C1BCED024,0.5358981829836585
CC_732C325832D8,0.15540491033431636
CC_732DFCAA0A75,0.1918416662356244
CC_73322A6A24B1,0.7128886462922346
CC_7336B19A18AB,0.21778009030719986
CC_733AF1D123B8,0.3198930266325529
CC_7344A0E90AFC,0.10421501890836718
CC_7348C2B475B7,0.12526477727792518
CC_735E1A78B058,0.08414809488351073
CC_735ED2A02DC4,0.14028942965476282
CC_736015DE4E3D,0.3394903800590752
CC_736A42761E55,0.11258965197787622
CC_736C0436B98D,0.19609977369748907
CC_7379212919FD,0.07014913188690956
CC_73859CD59E75,0.5318904357760182
CC_738B201B1CF9,0.1629854945299786
CC_738DCB11942F,0.06395125863084018
CC_739198ACE582,0.1326312698556379
CC_739D093D7B69,0.11562402164019801
CC_73A7FC903662,0.1836645776081377
CC_73A8927DCEB9,0.09811802565569999
CC_73B575BBBBE3,0.14935887563816852
CC_73B6B9AD2002,0.05011690570908138
CC_73C28D72A5A3,0.5560944814684317
CC_73C38DBDF9A7,0.0983315626501518
CC_73D44BEF6754,0.3918081636395619
CC_73D4C1D7C022,0.08244569420863856
CC_73EF383F3C2E,0.1497518411119675
CC_73F34B1607C1,0.06667815881553386
CC_74137206902D,0.1064106710115339
CC_74198E5EC366,0.062104429475381216
CC_744FB5804A8C,0.5581684147408107
CC_7451E64B6D47,0.17476827000227982
CC_745A64878AF1,0.08152371977195191
CC_746B196CECA1,0.16085365539444735
CC_746C06898D5B,0.6561198203898552
CC_746DE1EED0DD,0.2769205814480096
CC_7476938CF6A0,0.5250164245151907
CC_747CFDB7E305,0.08440146530284962
CC_74845374E870,0.7286624540702386
CC_74AD8D3B192C,0.688400530824308
CC_74B90A15B270,0.10923676660053944
CC_74BA5D46E909,0.6477328052508307
CC_74BE0AD5E21D,0.20176806917863174
CC_74C33B66F002,0.1377165470924228
CC_74C9C3F17421,0.06577729316690024
CC_74E4BD5C07D2,0.07715701758390232
CC_750D90249EFD,0.10395793801671474
CC_750DA21B7EDD,0.3249244351271036
CC_750E6537383A,0.23743350313921044
CC_75137D6F9DCB,0.1077039500020904
CC_75173A8A11D1,0.37544636707932055
CC_751DDC1FC2AD,0.10172571944646353
CC_75357E0206F5,0.08160540425838868
CC_753D160E3A58,0.13617845093550518
CC_754447632F75,0.04925815766305324
CC_7549363C5D36,0.06939779512954103
CC_754F3894627C,0.09200938713081336
CC_7562CD43897F,0.13854109993112843
CC_756A077EC614,0.4350199618884698
CC_756D3492443F,0.3111266218514884
CC_75783B3E6C6E,0.051810843286611924
CC_7598068A716C,0.04702596500035928
CC_75A37D8C1F6C,0.5538467802681846
CC_75ABDDA24C26,0.13302913103374028
CC_75B287424E59,0.4167212820122119
CC_75B2B88876B6,0.099003370526538
CC_75B324FCDD4A,0.2869092212193063
CC_75C1466E61E2,0.22329899325733282
CC_75CCCD9D4568,0.11136996354367534
CC_75D2DAF4491C,0.3575664066948353
CC_75D54090AAD4,0.12442078660347683
CC_75F1927E5941,0.6923995931511091
CC_75F99AD6844A,0.3171843322147123
CC_75FBA505C727,0.229533253597191
CC_7615CC930B76,0.15637921823509385
CC_76168488EBB0,0.4109208836279039
CC_76197A77D666,0.04150568647947643
CC_761F48F8E962,0.20851610010386284
CC_764C6ADC6D1A,0.09819110531532027
CC_7658A6B0910B,0.06132768797869498
CC_766347951B7B,0.5365977716315644
CC_76857712D8F5,0.36794164056018674
CC_76A0DF2549B7,0.09939772428851411
CC_76A636414AEB,0.29063021474874945
CC_76B01540CDD1,0.14160092943885835
CC_76B420FC66EB,0.11899237770455656
CC_76B6BCD2EBAF,0.07398361758117643
CC_76B7A0029620,0.10411609498519298
CC_76BA435EF2AC,0.170694249380816
CC_76BCC1AFDA4D,0.07857058040147476
CC_76C35913E797,0.1475387533208602
CC_76DE3DF1DEE3,0.17560571722754875
CC_76DFA4CD068B,0.0804470086480294
CC_76DFE3568C72,0.3245950029978987
CC_76E201F1E036,0.30716983946532767
CC_76E83166FE0A,0.15624720276310355
CC_76FD9E9D9ED0,0.10670911551593669
CC_7720BBD06736,0.26635113539599503
CC_77340228F356,0.6793895359332643
CC_773CBBCBAFFE,0.0961399395061408
CC_773E9B092923,0.11624786692114931
CC_773F22C3E42F,0.042433663821710585
CC_774ED295BF96,0.18304814552744808
CC_7751ED6DF76C,0.04653529167340824
CC_77571749B970,0.12175472473667397
CC_776F8B3BAC08,0.10782417061999926
CC_777889F9694E,0.049868920221821655
CC_777D08513AE8,0.09532061923486626
CC_777E3D988EFD,0.23467511006723363
CC_7795BEDE05E8,0.2826458720649113
CC_77A9EA3A6784,0.07795637845043854
CC_77B1AB7960A9,0.23006204262928492
CC_77B6EA810549,0.25913985644481463
CC_77B9889C9BFD,0.15585088021599783
CC_77BC55DC92B6,0.16959462010639348
CC_77D1DFCB0A8B,0.053613702285192966
CC_77D9AC43DFE1,0.18593535606351388
CC_77E6EF1CF2F7,0.12514270444964334
CC_77FFA8E6B36D,0.14787539320659338
CC_7801661A9DC2,0.19917335938482839
CC_78069B1BD931,0.13548732105489975
CC_780828B48716,0.11557434262873131
CC_782130B98F34,0.12196670747873437
CC_78273789B3C5,0.7071971003144593
CC_78296783E4EA,0.2325722157663244
CC_782B06291D87,0.07002645452662888
CC_783A2D4C89F9,0.4362762893880043
CC_784407E16923,0.10246999692582275
CC_78491B6255F2,0.45757297585562784
CC_784F17AC712F,0.08089402677487388
CC_7852FC3BBADB,0.08702081398104322
CC_7866E4CE528E,0.6419219479721106
CC_7867E7C01013,0.19557021548374995
CC_7869F609EC2E,0.18337451462014467
CC_7874F14ABD7F,0.1988228147415604
CC_78774E05FF12,0.15073825164841492
CC_78815A352067,0.0911644294763863
CC_788FF4549766,0.32216213604379035
CC_789977501322,0.1040884744925006
CC_789B2BA880E7,0.045721995324645937
CC_789D87F51AA1,0.06432598037364874
CC_789DC3C358CB,0.22014214822616357
CC_78A036DF6320,0.698390105951064
CC_78A3EA63B7EF,0.048049906584085623
CC_78BF1B8FC1CA,0.10888864046192077
CC_78C96E7015BA,0.6582165820999556
CC_78CC84FA2CE2,0.18965144981138715
CC_78F0087076CF,0.22223571394957906
CC_78FAA95F5B5F,0.11393639130857139
CC_79033EFDE096,0.15715414252815957
CC_79086C18A963,0.14591920502912806
CC_790DA2ED9F5B,0.11968114582582336
CC_7928811F7D86,0.10476301581471154
CC_79345478FCE5,0.24544367692157693
CC_7936C8D65B95,0.16329242858735085
CC_7948C5509411,0.4796301561415771
CC_794ADB0677CD,0.13300818980881313
CC_794FF8E7F876,0.05210985183346502
CC_79500EA652BC,0.5777000843507173
CC_795083A66DB5,0.045151212965567546
CC_7950D4B773CF,0.16229525708370163
CC_7955AEB49759,0.1522087647566087
CC_7964F862DFA3,0.4080008784787256
CC_797A700CF967,0.4780736124376642
CC_798180DDF677,0.3206227063708723
CC_7981ABA9C370,0.11257902022110823
CC_798B2DC03C5A,0.0877188590988183
CC_79BD986C23CA,0.076311623665005
CC_79C6BA680815,0.49357018328979374
CC_79D694E6F5AF,0.23889899164187123
CC_79ED9A0F6E49,0.40847376003434327
CC_79FA2512E5A2,0.17866138955882924
CC_7A0024F6FA60,0.1788617205759788
CC_7A193A453F27,0.045598611404811126
CC_7A1F071DC5D4,0.42509419655413233
CC_7A5D96BC99AA,0.7525297188883711
CC_7A6B51562949,0.14510182767833352
CC_7A6D7F9654DD,0.36637012185690915
CC_7A778E010F33,0.2827048668355967
CC_7A7FB841B669,0.5473249962484465
CC_7A91013D31E1,0.12162321270938456
CC_7A9117596769,0.0563728299214868
CC_7AAF340DCE8F,0.19090812845363986
CC_7AB146267981,0.2314617900975669
CC_7AB2A9CC8424,0.2443812681876304
CC_7AC1DF18CBA4,0.21630586264763196
CC_7AC4240DD225,0.2671496324663823
CC_7ACB325BD924,0.1603112816223375
CC_7ACB88002397,0.5104243553591175
CC_7ACD4F370AED,0.22075184315486115
CC_7AD4072A9F82,0.05577156160930765
CC_7ADEECDE4D73,0.22847582650954698
CC_7AEB48D8C5E0,0.08504529640977582
CC_7AFA5CD2B29E,0.11107237760291858
CC_7B092786DDB0,0.05668132580993564
CC_7B1B35D5628E,0.05995835270762046
CC_7B210557F04A,0.1358601739011841
CC_7B369A7C1D3F,0.15957773731266192
CC_7B4002591821,0.6863861012568419
CC_7B42BD80D79A,0.18167001955177978
CC_7B44FDF08B93,0.14765551995519807
CC_7B501C32CAE5,0.08052150479236614
CC_7B88520D4FA2,0.3788491013711975
CC_7B8ABE6E552B,0.19329833438647193
CC_7B8D2E07908E,0.3428658629058603
CC_7BA150468D19,0.4922810301100553
CC_7BB159FCEB53,0.20625361309063936
CC_7BDD72710831,0.07824261884744504
CC_7BE02C65B967,0.14386280223637274
CC_7BE382988C1C,0.6086567994590656
CC_7BE6110DBAA1,0.34297547100159825
CC_7C0B14BB0573,0.14898738932282352
CC_7C0CF5558904,0.7072797582818379
CC_7C13E7F561DA,0.6476190780341408
CC_7C46F7F667F3,0.12450499469306237
CC_7C510CE0521B,0.10408035877822258
CC_7C61B5D39E49,0.4345660409833195
CC_7C6770DDA182,0.12283379224289646
CC_7C6DBF78A610,0.11009522281865208
CC_7C7B0438E3AB,0.1710646212835002
CC_7C87DFBC3176,0.11763499576799205
CC_7C9528E94215,0.27239387240038
CC_7C9ADE65CF81,0.09939066232797666
CC_7CB6CD1B9DD0,0.05120999794636374
CC_7CB7C7E55BE6,0.1635586968017478
CC_7CCC3A690325,0.17415219558585535
CC_7CE5689488DB,0.042655887082266745
CC_7CEB758A9814,0.05716568543483133
CC_7CF7443D923A,0.06715851107777308
CC_7D0D597690BF,0.14435005297729595
CC_7D0EA0307817,0.0595033242850733
CC_7D12E6FF25C3,0.11953043250536163
CC_7D28D39AED1F,0.5957010299327836
CC_7D2D19D832FF,0.06334541578884809
CC_7D34A67E1369,0.06486872645098439
CC_7D4388B41EB9,0.1468140023077246
CC_7D46FE573D79,0.09741070768916149
CC_7D7810799F2E,0.0532856628562606
CC_7D79241150C8,0.16408489081524671
CC_7D7B92EF2655,0.16028898114880458
CC_7D8C2495C1F7,0.08189494240789656
CC_7DA4F1BA24A1,0.6218662857597459
CC_7DAF18939084,0.0695361114226173
CC_7DB8BA427410,0.05694570490117293
CC_7DC9456F1161,0.04646377412040742
CC_7DD2CBE0F0BC,0.2039562394865878
CC_7DD495158BFD,0.6084332637444196
CC_7DD5411F7A14,0.3183306561799317
CC_7DF099A7A092,0.2519396836901088
CC_7DF27D2AC111,0.0700305926682374
CC_7E0CA072EF93,0.08608390436439378
CC_7E0DA100F5F2,0.19610930927544362
CC_7E1086EFDED5,0.04604308648877806
CC_7E12E0F3CF6D,0.0952584852826173
CC_7E178CE78FB8,0.07675265136595429
CC_7E1C1A6D0E9A,0.2041951454985003
CC_7E2A76850DF6,0.7702530631569557
CC_7E3ACB15C69D,0.10765650818273499
CC_7E3F3373A73D,0.6944899559357358
CC_7E42A3D0737F,0.10814527597230633
CC_7E4679C534D7,0.2344456761912829
CC_7E53FEEB19B1,0.26113567658892806
CC_7E71CE7FC603,0.23358411132416726
CC_7E8333DBAEB4,0.3570243375593041
CC_7E843438DE4A,0.05980937136955781
CC_7E8E4747C0D0,0.6716707503913333
CC_7E952828C1B5,0.09382663796696018
CC_7EA6431FE6F5,0.12738003445937898
CC_7EA7BA7621C3,0.23754462650007444
CC_7EA8F24B3010,0.09349466359785287
CC_7EAB28B0309C,0.08001666957049125
CC_7EB4A5BDA97E,0.07815135100638852
CC_7EB4B0A36534,0.10350714130510391
CC_7EB791F4AB2E,0.12922751552385264
CC_7EB883C9D5F9,0.04924208474352284
CC_7EC59C577F02,0.06558603645168652
CC_7ED2683D26DD,0.06854281911246518
CC_7EDB3440E0AB,0.6094787839834354
CC_7EE12013C7DF,0.15299890197325522
CC_7EF824CC0D3C,0.11682819386379681
CC_7F09C6F6321D,0.6976492829655108
CC_7F1AD40DA179,0.19803363360099172
CC_7F1D38A39164,0.07078366336224617
CC_7F22B7D326CC,0.19628224334464012
CC_7F2614F1AAAE,0.22778155611437104
CC_7F2CDC7C1634,0.05144596576519695
CC_7F2D46DF9BC7,0.15746834983762012
CC_7F57A90B69E0,0.2196472910115312
CC_7F633226A676,0.33587946379911693
CC_7F753D809267,0.7045254093005018
CC_7F7EBF25AED7,0.04175171950689842
CC_7F8496CC5779,0.04639299878988927
CC_7F88D9C5D258,0.11496904155630393
CC_7F8AB4DCA794,0.11261870607836666
CC_7F8CC9509418,0.2994364383511498
CC_7F9069571F79,0.2675600558982643
CC_7F9AD27E079E,0.17534321715940518
CC_7FA281AC1C7A,0.09823663372840899
CC_7FA389E90548,0.07645153433142728
CC_7FBF4A48AF55,0.05436443392129739
CC_7FC40175A8E1,0.2382997727456583
CC_7FD58EE7029D,0.08766838427607727
CC_7FD7F635C341,0.060738228556712966
CC_7FDD458DA059,0.24791234526697487
CC_7FE85C259E03,0.10880988937302821
CC_7FE8CD30D7E0,0.08138848142001517
CC_7FFA32DE7B04,0.14994531231689648
CC_8014F1E2C5BF,0.04344167137366612
CC_8015895C1C29,0.20536385888056308
CC_802BA7E39A13,0.05970591524033868
CC_80300D23C3FE,0.523633579424229
CC_80465303B6E2,0.20944056102126565
CC_805ADFD46B84,0.06522526045739124
CC_8060F40D9522,0.15257930942736705
CC_80621E822131,0.058329996872301566
CC_806654B580B5,0.4927019745275621
CC_806CFD6A52BA,0.0454070764825672
CC_807935BBEB7F,0.050527848393365854
CC_807C57E626E4,0.0784488925193253
CC_807C91C98684,0.04290576762025201
CC_8096B589BB07,0.162221176260062
CC_809D60155E9D,0.0847885076688529
CC_80A2189E5125,0.5087773471419937
CC_80AF87F62770,0.16762195947892
CC_80C03DF9CC57,0.18144083797579774
CC_80D9B6563750,0.6038511112417596
CC_80E9638ABD4B,0.05388575969347104
CC_80F7171B71CF,0.11866947048069991
CC_80F9983BC18B,0.06079258303781525
CC_811109A98EFF,0.10355603854736974
CC_8129480B056D,0.2769624823367687
CC_8134E5DA9FEB,0.612627210894578
CC_8140399AD344,0.11671185480754852
CC_8140E278B6A0,0.22938307998028787
CC_814E0F756757,0.41192991099265464
CC_815FAAABFC91,0.22743577612451485
CC_816B28807CED,0.09227969398042601
CC_81821F9F2307,0.4609954866200394
CC_8186D7991EB8,0.0525742323228652
CC_819E203180C8,0.7763064316036243
CC_81A5E3141BDA,0.4975096438054076
CC_81B5CED8EE79,0.16953914385265875
CC_81B91198E00D,0.6954240042935035
CC_81BADC379C8B,0.20013728226848496
CC_81BF8EA390F7,0.05614594063650912
CC_81C5FC962C72,0.0581000460511778
CC_81DDBFAF1CB6,0.059000801312347875
CC_81DE637E6138,0.05217435130747428
CC_81F389DEC9C5,0.0887537988010907
CC_81F647806849,0.15319949883076583
CC_820D491B2903,0.7601046094806159
CC_82172863AA45,0.3216138973836268
CC_82195FBE9366,0.05932958944372234
CC_821F503DA953,0.07064333914690991
CC_8221AF9B0B93,0.7155774462723672
CC_8222D1C47857,0.07297147873660732
CC_824BB6CD2B25,0.06853904225808131
CC_825192411933,0.11077522822726844
CC_8270E213EDF5,0.2180507617670691
CC_82839CC161E8,0.0667620195575624
CC_828A0B6D7291,0.10715514882291009
CC_828EDE22A438,0.042540280078344095
CC_82928B5ABD45,0.3166902873406237
CC_82A7FE954659,0.19161704727411774
CC_82ABE1FFFA1F,0.16508392693227275
CC_82BDFA01C41F,0.10018575954829478
CC_82C20057CB4A,0.096830668235875
CC_82E52529A567,0.2806799979576791
CC_82EFBFCF68AB,0.1180512273977483
CC_83092F58B321,0.12317876571413543
CC_83098B4BBD4A,0.14434377066640666
CC_831F9E623C5F,0.1698837087938696
CC_8326C8A3D569,0.09828137388349471
CC_832730F42A18,0.11562078011032577
CC_832A44C3F2A0,0.05045482018421201
CC_832EBAE498AE,0.59232488333752
CC_833B196A70F3,0.7165863969991587
CC_833E14DFF4C6,0.16426916756278204
CC_834092035687,0.3505614502663662
CC_8351244DE3CB,0.07344503778289829
CC_835B90025058,0.06653193733645912
CC_836534CEDFD3,0.12877510226866717
CC_837ADC1EA55A,0.1875441523888975
CC_83884D799788,0.21469990786176477
CC_83947255841B,0.10248459014047208
CC_83A5A3022ADF,0.767837888485938
CC_83ABA98906DE,0.07268545700275186
CC_83C75D07414A,0.3962206552974426
CC_83CBA767432F,0.6977266047901476
CC_83D342F53F36,0.1430174285722395
CC_83D5CA2A23C2,0.04361482348492717
CC_83E002D6D82D,0.1945175232674691
CC_83FE1BCC83E6,0.30221123892242446
CC_840E5B830DB4,0.04646910337631011
CC_842525788FC1,0.18676360274353615
CC_843076C8EB9E,0.2722500256480409
CC_8442C97EE91A,0.10020565197333045
CC_844C3C30ED67,0.09397934280585668
CC_844E345D2636,0.23446955279250944
CC_844F26E92B12,0.1700475622076457
CC_845032D8A261,0.2660082445865558
CC_845223F606E2,0.2680156131862358
CC_846F5B19B110,0.3616231496469524
CC_84797EA9ABF9,0.21231000220932406
CC_848D59D48081,0.17067686049034145
CC_84AB057BFCCA,0.060309210344180846
CC_84B0BA112537,0.0939245825717339
CC_84B8FCEDADD5,0.07193260249584078
CC_84C61A6BE99D,0.10804272566641066
CC_84CDF830F68F,0.09232966333062512
CC_84D5B88572DC,0.22513772322073863
CC_84FABECED186,0.12836423693537097
CC_8503F43FB29C,0.1818768765331704
CC_850ACB004EE2,0.08744146232624597
CC_850B114489CE,0.10702764444612947
CC_850CC17BB13B,0.1264619692390003
CC_8518C159BDE6,0.14023620217216787
CC_85299261146C,0.06952048765540762
CC_853986C52A17,0.045353265787911344
CC_853ABBECF2E1,0.776745321891092
CC_853BF4485D85,0.14491625968279045
CC_853EED03843B,0.07987422926052144
CC_853FD1B551B1,0.17249337289457628
CC_854AAA98CC0C,0.7796449891988716
CC_854F8AB5F1FE,0.05288083099276537
CC_855E2A785BAA,0.08431477177799104
CC_85614CA68432,0.060098017313170236
CC_856B92B23BB5,0.7651087721550044
CC_856DF4A30E13,0.6938438661279183
CC_858704DBD5A6,0.06058885056348453
CC_859EF0AAA74A,0.05234773215670478
CC_859FB710961E,0.14496246793102904
CC_85A0EB3C9884,0.6071446983651
CC_85C887BB996A,0.09628385346078008
CC_85D9A6C9CA60,0.13141673090735229
CC_85DAF10E61A1,0.5211193909965472
CC_85DEF8ECB524,0.14056456920297444
CC_85E2E0B8B15F,0.6853607965516935
CC_85F018DC47FC,0.27165839848374096
CC_85F376B33951,0.14656760228362578
CC_85F745E1D307,0.13295068512057207
CC_85FAFB430486,0.25618694898919264
CC_860D4B868C17,0.03416508727598682
CC_8614E30C9FCE,0.4078465751781446
CC_861F5DC22035,0.05401523220389122
CC_8624ABB391B1,0.19105742333490777
CC_862BAB422756,0.29548106818879705
CC_8642F98E5504,0.1687131644249954
CC_8655B8862C81,0.16991166891822876
CC_865FCEE75A8E,0.040042072682597504
CC_867372811CCD,0.4067986293112338
CC_867695B5C296,0.560657102454217
CC_8682B1F914ED,0.1374543034723167
CC_8691DF144B92,0.4906365277748393
CC_86AD259FA5B1,0.1765776507820592
CC_86AEC21936BB,0.7029095073006693
CC_86B1D15F8424,0.05739824393298917
CC_86C2A6EC5712,0.7042422113272295
CC_86CF816B494B,0.06959679002067683
CC_86D4D58B1D0C,0.1570813387191097
CC_86E2C4E17CB6,0.05631946322752566
CC_86E9E191E3CA,0.40462906782938063
CC_87000C16C856,0.10234336881952794
CC_8703DD5FA02C,0.15815841526161187
CC_87065B1F429D,0.09120403856730347
CC_87434BBA1CE7,0.05069561604482644
CC_87450EA8CD55,0.6597929787564444
CC_87480F785786,0.08055991973611785
CC_8777EA6EBFD4,0.05375164001891923
CC_877A35E76904,0.08225575537121477
CC_877B37D01563,0.14083364954100694
CC_879759A5EFB8,0.36434445321068454
CC_8798AF2651BC,0.10918460176107195
CC_879989FB3B92,0.6014295879211451
CC_87A3BECEE5A4,0.15618543981930214
CC_87B7CDF4BDDE,0.04715804172830072
CC_87C13E620006,0.32920330018740934
CC_87E3AFB080F8,0.1309424238386026
CC_880044F77ACC,0.09816461404989163
CC_8809BCAC74A9,0.05554679933331446
CC_880E0019DB5D,0.042202882521728616
CC_880F027D886E,0.11346836810620546
CC_8812BC579F7D,0.08102086363341149
CC_88225FE57D82,0.19434288890154974
CC_88315318E9DA,0.32590575439430053
CC_883864E584A8,0.07757446869448371
CC_88469BAD58C4,0.0610111460354645
CC_8854EE679596,0.08916311943672828
CC_886273CC4072,0.09131805168718676
CC_8866B6D4524F,0.1529338897968472
CC_88A943606806,0.297147320413994
CC_88E916A3F984,0.7751511081990782
CC_88FDC55C31A4,0.11105096328252934
CC_890D5EE59076,0.04333249744793001
CC_890F721517F2,0.0994725189907348
CC_89129D16418A,0.28606110061292606
CC_8917F02F9326,0.13801772624365513
CC_8920B6584A43,0.08313211980516036
CC_8929DF270419,0.7205000521002981
CC_892B119F0E5C,0.1801624319067426
CC_89302456B9D5,0.7098050486302082
CC_893FAA6D1F04,0.6973685439819224
CC_895AF697BFBB,0.34280456267846865
CC_8961FF892F79,0.039815015376561305
CC_897674493060,0.06949702172666736
CC_898AFCD28B03,0.14755839734252854
CC_898CC919D10F,0.22641417067945388
CC_89A711195EEB,0.12142081724239631
CC_89B4DF07DF12,0.08061825429546557
CC_89B941079E10,0.1241987827376849
CC_89B97E9FF67A,0.10733653126720422
CC_89C5162E8055,0.19657770606860953
CC_89CA0F1E2DBF,0.19980126648996308
CC_89DEE29A78AA,0.12154356796220829
CC_89E089707730,0.13349332117959573
CC_89F0B865A6D4,0.1610325886803825
CC_8A04C5D4D02D,0.06878118632966636
CC_8A081AA1FB92,0.2926960280703365
CC_8A0C640E7A89,0.5592087085909653
CC_8A12B68246A6,0.04840794573965531
CC_8A14A46B280C,0.15511176215683686
CC_8A165A18560F,0.27830146584422305
CC_8A19196788FA,0.06984692146700346
CC_8A25FA445037,0.1075609803949934
CC_8A29EA87B295,0.1196458580818687
CC_8A2AC87CB22A,0.056150668211314994
CC_8A34634E7423,0.566599117494558
CC_8A38BC1AFE57,0.08367511038997076
CC_8A4CAF0CD0F3,0.09929086279231297
CC_8A5A0429CAB0,0.13460724936896784
CC_8A6E60FAE870,0.08780371021369442
CC_8A7DA054E397,0.7261296575098022
CC_8A7F5FF4B421,0.2713441944771386
CC_8A8249A44847,0.14828039167912643
CC_8A8BCE16DF45,0.09943771177001613
CC_8A8EC764734B,0.08373388508925152
CC_8AB553BFA00A,0.09350608669865865
CC_8AB57DC077EE,0.6219291413567313
CC_8ABA5808D313,0.06856616685563224
CC_8ABDD9A05C87,0.3597736060811666
CC_8AC7520DBCCF,0.14730717596762505
CC_8AC7F8BABF28,0.06959329771591274
CC_8AD67FB3A5CC,0.7479354594955084
CC_8ADDCF5EDCC1,0.12125486106847624
CC_8AF1C3A0799E,0.7322421002818857
CC_8B388FAED0B6,0.10837385611319295
CC_8B46CA903D09,0.03971038943174653
CC_8B5819403FC8,0.691284119074398
CC_8B581B8207A9,0.1391776771832126
CC_8B6DBEF19F46,0.12566295554921753
CC_8B8326C4C229,0.1383004804870476
CC_8B850FDCFC83,0.08528444415325359
CC_8B8F41F19B72,0.07673345562487449
CC_8BAF98C60957,0.13625039660277818
CC_8BB0824B181E,0.05405231264704489
CC_8BB963DAD9E2,0.13526778011578894
CC_8BBF5F939D7C,0.16080557073010812
CC_8BCBDCF4DFF1,0.13242441651648673
CC_8BCE343561CB,0.7483669335293573
CC_8BDA87361657,0.09455402508532716
CC_8BE68A4DB87C,0.08014384188198558
CC_8BE9BBD879A5,0.0482182363985262
CC_8BED85B91011,0.4172076158592055
CC_8BF68E552DA2,0.15739469276663762
CC_8BF832E6464E,0.7772259010146162
CC_8C1561920E84,0.21381389237127224
CC_8C2A7D9A667A,0.14855595533085172
CC_8C3A5DFE70B9,0.23615198861111938
CC_8C534CCBDA4C,0.2050379011937018
CC_8C6472A3EEAB,0.058764799435398245
CC_8C6B4854D16C,0.24000877523144928
CC_8C76DE4F58D4,0.05614528825209028
CC_8C7DA3F4F88F,0.09054673249144386
CC_8C8527DE7DD7,0.08443581777464326
CC_8C9416612FDE,0.3789840748141761
CC_8C9973F02AD6,0.41018118238993473
CC_8CA1DB61A2AC,0.05415831862085678
CC_8CA59CAE22F6,0.14780000243630453
CC_8CAFD04A6EDD,0.10217412411598699
CC_8CCCC389913B,0.6477202431599705
CC_8CCEF12DC7B9,0.18304382477959552
CC_8CDCD714BD1F,0.6972693808674876
CC_8CEC7987D1B1,0.0898637047553944
CC_8CF621ADAC0A,0.22670702658970307
CC_8CF8FE2A4B82,0.3896718475846459
CC_8D048396D9D5,0.11718562831834285
CC_8D1089C58563,0.5084588063007454
CC_8D35A37FC4B1,0.14013172820436862
CC_8D41E12FE5B6,0.1317090487821233
CC_8D4A859839EF,0.16317413350331963
CC_8D4AD431C55F,0.08663815075442825
CC_8D4D882CA579,0.11918585672907112
CC_8D6151025078,0.1582653927667134
CC_8D637233FE54,0.1526067412633061
CC_8D6AEBA2D7EC,0.07407455375104165
CC_8D6E16DED971,0.17543338721434512
CC_8D7329F79BBD,0.5045811796744782
CC_8D7B7307C43F,0.08699122014555676
CC_8D7B9D4936EC,0.7379890442293638
CC_8D80B1B44AE1,0.5491834429000699
CC_8D9516D61143,0.3902012904559388
CC_8DBB8445786A,0.13640693359874262
CC_8DC5B86D9DCC,0.7535625293672353
CC_8DC6465998DD,0.19757629748730043
CC_8DDD0EDA9CB2,0.14337690035814885
CC_8DDEF0265CB4,0.0639571112364716
CC_8DE06BEB95A1,0.07731355500229674
CC_8DEBB5B14A14,0.14615709218156123
CC_8DF5BE7F759C,0.05981993063382278
CC_8E0ADCC71F85,0.05401499493585835
CC_8E0BD86F6F0E,0.13251407815089017
CC_8E143BFCF3E5,0.10558689283403419
CC_8E170A60D71C,0.3476282468677709
CC_8E1C3A21FAEE,0.11351459517219155
CC_8E408E18F060,0.10554593164606688
CC_8E42FB163DA5,0.775257660976864
CC_8E47536D29BE,0.1848250284089038
CC_8E50AFFC5BBD,0.05481977991804474
CC_8E5FB1035354,0.1672909472373032
CC_8E7B9B8DD1A3,0.10760005897436871
CC_8E85B08196AF,0.042637475129253685
CC_8E96FC75AE5A,0.08902401933967646
CC_8ECAB5A6C7B9,0.09164674958852453
CC_8ECC4C7A6638,0.4986139759847368
CC_8ED6F13C35F5,0.1702919962755715
CC_8EE5E9467038,0.15997971158344082
CC_8F037E5AE692,0.060310661193439585
CC_8F1A418D96B3,0.3074001072291963
CC_8F1C4014F91A,0.13530216503994622
CC_8F30A5FC9D49,0.08954528517356104
CC_8F3456F298F7,0.1842874183060525
CC_8F393D485C29,0.13855327021653396
CC_8F4A41130110,0.051537647007478385
CC_8F7AA6E4D486,0.10598834287425793
CC_8F887BE25314,0.12373882454580037
CC_8F90CD1A5E00,0.16238893746724398
CC_8F9B26042C4A,0.1085093603962399
CC_8FA9423E65C6,0.11766792323886031
CC_8FBA6C32E0A5,0.2601710031381423
CC_8FC1C50C41E7,0.08693654290301495
CC_8FD005425792,0.07350708829930218
CC_8FD6A223135B,0.13467843980958727
CC_9002450E1B5A,0.05905504501441139
CC_901CE62199C7,0.357278689628101
CC_901D2136E1F9,0.18653493333893195
CC_902648F62345,0.1413163015145606
CC_902BF0612E70,0.13826062591831756
CC_9036F7423277,0.1662996357883373
CC_903AD2767BAE,0.7283784947139416
CC_903E4BA690FA,0.27672988933865017
CC_904386E31210,0.0657736900379191
CC_904EA6C846F8,0.34201655152204014
CC_90549DD3CC39,0.11944720030260259
CC_905739E5494F,0.09291853354350467
CC_906F852C69D6,0.6518098062109761
CC_907911F4930A,0.2585648357366319
CC_90798A7273BD,0.13633937580681577
CC_907F3A8AFCFB,0.09373687372314096
CC_907FA7722881,0.11286902234169206
CC_90812D9F30FE,0.08152807339469881
CC_90870A89F310,0.05368488403550642
CC_90894CA021C3,0.5394170711967748
CC_9092C5EBF5F6,0.06424338348034776
CC_90A10D649D9C,0.6863214965443595
CC_90BF8E127519,0.5572842854682661
CC_90DBB385A7F3,0.6932195572186629
CC_90EAD308012B,0.3171596935181
CC_90F4BF0B868D,0.13974321733317333
CC_90FA39516EAF,0.07868200365496203
CC_9117894F31C2,0.2527419714603999
CC_911ED63BB556,0.31072380108974756
CC_912730AE6E8F,0.27964334169349025
CC_912CA7EE4C26,0.14027601311398719
CC_912DA46AAED2,0.09373055872674133
CC_9132E67EA479,0.1842189322501451
CC_913D95FB31E0,0.15229453927614978
CC_91529F20D461,0.7050937000786652
CC_91586318C780,0.05290501959558215
CC_915F2708219D,0.16422064212258583
CC_916CCF9CBC08,0.03878586392924559
CC_916CF77A29CC,0.08513623787124885
CC_9189E4FF82C5,0.14934604287514347
CC_91A27CB6139A,0.14101856529480222
CC_91B7A4A15A37,0.6190782455008037
CC_91C2077BA6D7,0.09619596429282956
CC_91C4CC43EEE5,0.1534435106531594
CC_91C55BE33AC7,0.0659615297790263
CC_91C81BC58B49,0.08170126447979176
CC_91DE12EE18A7,0.33952516158002055
CC_91DED13CDCD9,0.15492930439735708
CC_91EF639761F8,0.14667136217538423
CC_91F23A7E743A,0.3460961528000167
CC_91F4C5E889C7,0.6995835764473712
CC_920E91EB28A7,0.17656872942747642
CC_921481F5F77E,0.11013660613519706
CC_92221DB27176,0.21011947193742636
CC_9224D5677C66,0.1285840587226272
CC_9230B9656F93,0.20720715226185463
CC_9231D0F8A993,0.6877744086529489
CC_923727159A8F,0.060871498509413
CC_9248706729D9,0.04829237847697318
CC_924AEB5DD991,0.1878275425654686
CC_9250BA851692,0.35957235346112065
CC_925BACE3417D,0.09740639734073653
CC_9260CD0D7C0A,0.1355107680671706
CC_9285EB21B38A,0.11250059498797169
CC_92A09F03DAB5,0.7691686438116964
CC_92BC35D7F9CD,0.08200605855386414
CC_92C5FE9E5B12,0.7007303159666278
CC_92DC8CF8C902,0.08433387635817154
CC_92E006664648,0.24356683371077406
CC_92E4EFB9F0DD,0.12509747679796113
CC_92E621E0298E,0.18402120246008244
CC_92F412AC7D22,0.07171389987576225
CC_92F42886B7E4,0.22653459044959404
CC_9301E23D376D,0.5034472537364093
CC_931133320380,0.20672927132765134
CC_9314B6D8B7F2,0.07872232212818346
CC_9337E3B43211,0.22173103447675618
CC_933E044F26DB,0.09963705486819925
CC_934BB89938A3,0.12991965296172123
CC_935296A995DA,0.1197188069964391
CC_935326AF26E2,0.17681084483157503
CC_935B72B8E7F0,0.052713069478877383
CC_936FF3C9BE68,0.05374586787163985
CC_937FFE1718BC,0.044583588407259914
CC_939F92AEE460,0.7771514031223308
CC_93A4365B25CF,0.7803163964967749
CC_93AB9D6A7EFA,0.0717765050561309
CC_93C719738590,0.8156314820251575
CC_93CB48930B37,0.3075357511846723
CC_93D24FAFD21D,0.10471400497796036
CC_93DB5F477493,0.1022819737496908
CC_93E1CAFAD44D,0.09171617146103411
CC_93EC9F853123,0.19595131850511843
CC_93FEAF515A8E,0.06480446487208917
CC_94063A67F136,0.2941379946968931
CC_9406E32819F5,0.06651707991347258
CC_940971CBC1A4,0.1533741194832738
CC_940ADC8DEA3F,0.13609712913824437
CC_940C7E8E0C52,0.196345284546658
CC_941DD2E1DE56,0.16869982030387615
CC_941FC1FD0D55,0.18914157276894877
CC_943B720DB5BB,0.15331635295243262
CC_9440309323A0,0.09528012532297023
CC_944B461BC558,0.06928547080484464
CC_9453654BACE9,0.1601544633997781
CC_945888CEAF10,0.3484204735727422
CC_9458D4A483A8,0.10926018781884057
CC_9464BA7E98B9,0.11882495084219652
CC_94794B478A5C,0.34820973559375434
CC_947E58EFF90A,0.05965651046502992
CC_948537FC17AA,0.7442044142872517
CC_949576D25153,0.07740237957309053
CC_949B8CEAD619,0.08006900511144152
CC_94B4E05906A9,0.1458291633999361
CC_94C3B6F3B0CC,0.13862599926422617
CC_94C3D9D8FBF3,0.6308309260526981
CC_94CD530B2099,0.07986867145640225
CC_94E9D1E527E6,0.054216574533034585
CC_950450C0845E,0.3119947160687516
CC_95169A4360C6,0.052608090746196046
CC_951A69571676,0.05804591429430784
CC_95232636844F,0.24789445526237383
CC_953A5913EDD3,0.17330474620952502
CC_953B678083F9,0.09687421161439799
CC_9541BD0604B6,0.19017047392621791
CC_954404C1BEE6,0.46985222014438544
CC_95444ED71872,0.08273294479644518
CC_9544B86C78A6,0.6979728082952726
CC_954AD7E7C8F1,0.15341130323035268
CC_95525CC6C854,0.15055728819256828
CC_95573B318A91,0.05435239796074734
CC_9569309DC18E,0.09261567422725099
CC_956A2DF28600,0.20166685269801835
CC_957C7A0D7B72,0.3761228552073964
CC_958BECCA0BAB,0.39859459687572646
CC_95A6C4DA2F12,0.5715742174020852
CC_95AB75B5BBBB,0.14488422369500156
CC_95C1274DD7DF,0.03950029617874112
CC_95CD8F6A8CBA,0.04797597516893595
CC_95DD4DC604BD,0.17174598128329804
CC_95E1AC08266F,0.11926057271258916
CC_95E3DDCB74EF,0.0620354351935216
CC_9601384AC971,0.4876719299226202
CC_9608A73A8025,0.15821830930217393
CC_961F3BFBDDAC,0.8257434793022435
CC_96206C1277EB,0.3004642132568423
CC_96396AE6347C,0.19066164159254614
CC_96416D2A937F,0.19446549463662827
CC_964C2E0B00C1,0.1882888295902056
CC_9657A2A04BAF,0.24064487151287225
CC_9662D713B7BB,0.22984792958995873
CC_9664F83B7F1D,0.18061112246124097
CC_968AF836D0C4,0.059645356494100625
CC_96A6735A4317,0.09476931281772588
CC_96BC62A4A0AD,0.253297391462564
CC_96CD75668A6C,0.07887851690927204
CC_96D928252719,0.3690696361522236
CC_96E40BDE9A6C,0.16221092968541717
CC_970116768415,0.22086526192632122
CC_970E94875C2B,0.7200108958627729
CC_9721C8A61D80,0.07264554487091213
CC_972313B0F814,0.17791755059129005
CC_972FD8FFFF63,0.4860038783163806
CC_97478A77EC17,0.17965883000081564
CC_974D14774BD8,0.06197614208601781
CC_974D86BD39FD,0.05712172594753673
CC_97508465AB76,0.1296799754631784
CC_975689C0CD6E,0.0770165844444685
CC_975967702106,0.05255041881649897
CC_975F3F07ED23,0.061270531498374144
CC_976E0D9A64ED,0.36939722054041874
CC_977145B2B363,0.3185606462077768
CC_9772CABFE1D2,0.7807595072503265
CC_9773C1E6AC8B,0.6434455081195195
CC_97832657396B,0.39507810578882646
CC_97963C337FD3,0.5115876031065484
CC_97978B581F20,0.16773474638233662
CC_97A9ECF23955,0.22369320254496075
CC_97ACD6D965F3,0.11467390478898765
CC_97C69AF6E34B,0.7389102921588779
CC_97D0E7256861,0.6495414683775685
CC_97DEBFBE2BDE,0.2959567054191967
CC_97ED469F2950,0.1320555361586418
CC_97EE84ABA6BF,0.2540426800827082
CC_9801B22BF375,0.10211835070870647
CC_9803B6D4D780,0.24989180654707355
CC_980E90C8A301,0.11786783026911848
CC_9814B3D08A69,0.07647506548089575
CC_9821BD45BB0D,0.16638982745895642
CC_9829FA0350F7,0.045751424084797494
CC_982CAA309A38,0.19494199848562613
CC_98346EBF382E,0.14190062490463995
CC_986698CCC6AA,0.1364720223794729
CC_988FC580CD50,0.10570301923029762
CC_989795BA3DD2,0.07859065719184287
CC_9897A1DFE807,0.06907167576351395
CC_98A2C8F4E956,0.07624248849445131
CC_98A3E6CDC707,0.1545809668470447
CC_98CE15EE1565,0.07374648431986565
CC_98D036D16215,0.099435995905321
CC_98D09B14EE3D,0.5223681564589528
CC_98DB782DF852,0.05407234952497744
CC_98E2EA67BC97,0.0658605625036653
CC_98E6E7CF74AF,0.08782989560841957
CC_98EEEB2A83DF,0.6253127922070142
CC_98F3D3194788,0.129387729890631
CC_98F8A8CF4F9C,0.3295357817893534
CC_98F91BAB57EE,0.15573482212106785
CC_98FA377070FB,0.2285722479300157
CC_9900D0479959,0.32513626358846515
CC_99061A735C6D,0.22153103751972641
CC_99093EC1A2C2,0.11497387015212425
CC_99376CA4DC26,0.04597109675417469
CC_993A588895DA,0.13715119953111535
CC_993EE6417CED,0.07163791977715013
CC_99559319913F,0.044393268791348375
CC_9970123DCC41,0.3116651064805329
CC_998BB6848FDE,0.12168340238704896
CC_99958287B2A9,0.46169332856716294
CC_999BAB2D16FA,0.36564157363999167
CC_999C7029261D,0.6620346773438176
CC_99AA61D1896E,0.09741296758377799
CC_99C03E7D99CE,0.05601581143829274
CC_99C62022794F,0.0873154845282893
CC_99D46BE6593A,0.13973065624637138
CC_99D5A5371B39,0.17676008312052902
CC_99D79709AD9F,0.7119699205996578
CC_99D7DDAA460A,0.20159277692877015
CC_99FC44B3C58A,0.1364824953170091
CC_9A02B2A17C07,0.09829064283215073
CC_9A05DE55D408,0.2030228051578674
CC_9A0C42AA09BD,0.4915866095722475
CC_9A2B390551F6,0.07511748208378044
CC_9A2D66206BD1,0.49482390724472103
CC_9A366E181FA0,0.1571226801803805
CC_9A39365FA850,0.6284488904807857
CC_9A42833BA860,0.048252214119472135
CC_9A4911A0140F,0.09048129711779553
CC_9A4FE1E8E0C5,0.28990566469298484
CC_9A51017C734F,0.3762348478958855
CC_9A5DCCD62D0A,0.36886192499096276
CC_9A602F492510,0.18590634165542105
CC_9A66BDD34B89,0.04278927793643859
CC_9A6AB0AB1E67,0.05215783793797952
CC_9A7049ED5656,0.6087116871748219
CC_9A7AF31828E5,0.1258172791002938
CC_9AA750377C6F,0.10130494675228302
CC_9AB359C82202,0.062391992049430724
CC_9AB7BF77EE83,0.7320125946225512
CC_9ACAC8474B9F,0.037004752479163544
CC_9ACCA4FB9101,0.06732498995982772
CC_9AE1529AF9E0,0.12507398044107845
CC_9AEE181F1156,0.23431027653172037
CC_9AFD130D3725,0.08595831280170986
CC_9B09C3353732,0.08678249750661887
CC_9B0D37817EBB,0.08209178087630364
CC_9B290B59155F,0.45115540482178945
CC_9B2D487C64B0,0.1066723668099903
CC_9B3DEC76ABF7,0.07497230944451239
CC_9B4F778D0A6E,0.15230777171775206
CC_9B581A92C2A3,0.4182153186155707
CC_9B5CA8C38414,0.17070463040515813
CC_9B6E82167593,0.18071761895446653
CC_9B6F6B2BCC05,0.2720555677313664
CC_9B7FC3DA1594,0.3344901740738898
CC_9B957DC280F6,0.20532187434657112
CC_9B997DF20042,0.26596523008193895
CC_9B9BC4B83736,0.07961893567307735
CC_9BBE1A16C04A,0.19925600417869252
CC_9BC63F1A568C,0.2306289677672818
CC_9BCB0166227D,0.22819545391487206
CC_9BD3DC96ACC5,0.14972009622473326
CC_9BDC5A0E43C7,0.4041413083596253
CC_9BF9485A3F9D,0.22342354692916228
CC_9BFE93FF2145,0.234656125759767
CC_9C0470A0536E,0.23215181894578799
CC_9C205AF09E47,0.5176437857974109
CC_9C30DC5C1E46,0.060333470363863266
CC_9C325B6CAD11,0.05398782700557973
CC_9C4A200D0BFB,0.46628932157877195
CC_9C5EAF238007,0.2601936171140438
CC_9C601C6BBD37,0.06683239223995176
CC_9C606C2C92CC,0.07232603725243968
CC_9C6192D3A16B,0.08985549664908858
CC_9C84FB9B1469,0.0713121964090398
CC_9C989433D637,0.2433859153331829
CC_9C9B2FEB4937,0.14359866900505738
CC_9CA7FBE1DD54,0.13041405579404208
CC_9CACA50F80F2,0.16096746413677418
CC_9CB40D552388,0.07269686219162859
CC_9CB8127D17F0,0.04713274419255065
CC_9CB9CE2989CF,0.704481482929641
CC_9CCE51CD83ED,0.7790042584527859
CC_9CDD2F3D0BE7,0.047222165969759054
CC_9CDEC693AA99,0.4213435744536036
CC_9CE9091AA9A9,0.2246389801419426
CC_9D007C60D29F,0.07912984606451073
CC_9D017774D4FC,0.6496018272779611
CC_9D095EC1F232,0.23818107282453435
CC_9D1A1281C8FB,0.2668717700476519
CC_9D23F42B7996,0.4700597982270247
CC_9D2FBC479646,0.6702550256901705
CC_9D363365CAFD,0.1026854002362163
CC_9D44E4543573,0.1403050339675491
CC_9D45F67E3B01,0.06329947123534399
CC_9D535DD207D2,0.08053842669005933
CC_9D53ED53A15A,0.6107921432187515
CC_9D5D97AEE98B,0.49309912499457936
CC_9D5F2A5B6913,0.0862215329440362
CC_9D6BC1C470B0,0.498170919009733
CC_9D71FBDE765A,0.05914952001672351
CC_9D73939E357F,0.07517170277936752
CC_9D82F401BD88,0.5721891417590609
CC_9D8B4454BE84,0.2492116820520435
CC_9D92537645DB,0.058010568291469805
CC_9D95ADE03ED1,0.29005958400972576
CC_9D98FE7A1809,0.05100947624374465
CC_9D9D59757786,0.09105973935489152
CC_9DAEB38616AC,0.1497835125799817
CC_9DD55CC0E928,0.037511527116888536
CC_9DD6B460CDFB,0.2651814228415184
CC_9DD80B5E3729,0.09282165979135047
CC_9DD82B4310AC,0.3991026271670188
CC_9DD9389E8AE0,0.09007674005930946
CC_9DDA8ACEB3D8,0.06884597083314552
CC_9DDCD898D01D,0.12630332254159446
CC_9DDD90B42A27,0.7651826341154908
CC_9DF1807A4316,0.05014550364456487
CC_9DF786FD2620,0.461795819829223
CC_9DF7B9B3C8F8,0.09647704648212158
CC_9DFF6E2AC586,0.18169965610681477
CC_9E0546BD7BD6,0.14035025789830072
CC_9E0BE8227931,0.12205362824368576
CC_9E1A205BA261,0.3867558689626042
CC_9E2967559B00,0.055471914821107075
CC_9E323A031449,0.7321058825635286
CC_9E377CC03D51,0.05430805972237319
CC_9E3B83584C12,0.1677307693855255
CC_9E3D46FF5709,0.5962124067896011
CC_9E4FA91B86A9,0.06617491311213802
CC_9E53534DCD6B,0.1443184244345438
CC_9E73656FC8C0,0.6985014668851142
CC_9E7430675033,0.18591249987947137
CC_9E84CACDD7B6,0.3896718475846459
CC_9E84E0E4C5BE,0.2943090585564648
CC_9E9C65275B4C,0.08900406103564772
CC_9E9CB6473D59,0.1938155023596202
CC_9EA4F11BE6C2,0.16263034719814753
CC_9EBE3F26F2FB,0.07052853957946201
CC_9EC23AB6C573,0.3061454903655617
CC_9EC34DDD0E53,0.05668399273741472
CC_9ED8EDFE8C55,0.08502242930991136
CC_9EF352F179D2,0.1489466346175249
CC_9EF505400F8B,0.6231589074029913
CC_9EF66D83B743,0.3266936077428159
CC_9F051572BFE4,0.18305946032687995
CC_9F151A782BAC,0.24197331209070227
CC_9F1A5DF4619C,0.4466950992312825
CC_9F1BF78ECD7A,0.10445633732965026
CC_9F263092AD72,0.1655797361442705
CC_9F36EC36A9E6,0.10096013026780941
CC_9F3D52242888,0.18769827663629204
CC_9F41F312CDBB,0.3329040228833568
CC_9F425167F9ED,0.14646985356693318
CC_9F6981E0009A,0.3841876601999599
CC_9F706DFE0AE7,0.04177459979925016
CC_9F7B525DD52D,0.3108159456440659
CC_9F8D5A5A9DAC,0.1650842158466879
CC_9F8FAE57E6A8,0.1360794695560358
CC_9FD1AB8E65FE,0.05084074210492948
CC_9FD2689202D5,0.15536570871034272
CC_9FDBB5C2CD09,0.043994123154382885
CC_9FE52BD71CA2,0.11414295201986092
CC_9FE8E62EB24D,0.08868136201610147
CC_9FEA59AEA00C,0.2176990412702879
CC_9FEA77B36A29,0.3308436638850453
CC_9FEE9701D16D,0.25415635704017153
CC_9FF35BA60E6E,0.26913124066443345
CC_A0003F08B22E,0.1712186305690576
CC_A00AE2543224,0.06875189970610929
CC_A02A29DECDC6,0.10280514312312289
CC_A0336C21117C,0.6363698591412739
CC_A053B42BBE0B,0.07784253229209614
CC_A0591F16FA37,0.04281660890449574
CC_A05F962C80FF,0.12623803706951894
CC_A07B0549E53F,0.06397582742558354
CC_A09F230CCF5D,0.6322441132881946
CC_A0AED6346ECD,0.1766339419517246
CC_A0C4A796643F,0.12585150018859836
CC_A0D6DDFB430F,0.069859295466584
CC_A0DF672F9C4E,0.1266547189617668
CC_A0E8C7C5558A,0.26338676747060835
CC_A0E9269DF22C,0.47262705903553887
CC_A0F1DB5CB28C,0.0996939074854814
CC_A0F42B26F8F0,0.05945971833965701
CC_A0F8F80EDFB0,0.0675519109702285
CC_A10AD9550E4D,0.042026251721879716
CC_A10EB26E5EE1,0.1598186131846736
CC_A111B065F623,0.07148557117728327
CC_A113D95B4AB2,0.1188664883956325
CC_A1320C0F0129,0.6490350330749014
CC_A1348D850EFD,0.7574491816416333
CC_A13D08B372E8,0.0817490861854608
CC_A143E64BD9D6,0.3631991413869428
CC_A14B0A24DC3C,0.12369475827413653
CC_A15137F25F7C,0.08460458393687743
CC_A152DBEC5BE7,0.05450394312682338
CC_A1591CFF6D81,0.05902639369956361
CC_A168CCB582C6,0.2702653728584814
CC_A17DC38133CE,0.7592773712707555
CC_A185D5EA3DE8,0.6181505595952193
CC_A19C842508E0,0.12248294545836376
CC_A1B648DA406D,0.03959506009287673
CC_A1BF7028CAA8,0.038502594501528514
CC_A1D035FA36E1,0.07738789788387869
CC_A1DD653D41A7,0.10826811989527785
CC_A1E3AD4B934C,0.3216680910478002
CC_A1E58421CE87,0.04936558607156592
CC_A219144EDEFE,0.0681075661966036
CC_A21FCEEBB3C3,0.43491272980715223
CC_A220E4278D79,0.05432360947357925
CC_A2231BDC961C,0.26956229892552175
CC_A234E219EFC7,0.26876899686953537
CC_A239B1BD81FF,0.08303800192523837
CC_A23D8CFFA31F,0.0734305552099791
CC_A23F463F4B4D,0.05132286368487385
CC_A23FFDC4A7A4,0.08281547537405251
CC_A2423E273F84,0.10447862920524875
CC_A2493E6036AD,0.2790731921766828
CC_A25C54470CED,0.1322324884232687
CC_A25FA690BBBC,0.13253358981704244
CC_A2636CF7C075,0.09594266479651009
CC_A26C22870E3D,0.46448615068795335
CC_A26F6A272B3F,0.0915640731317447
CC_A27CDC9BCBAA,0.1792196158392449
CC_A27E5269DA60,0.17587460673289926
CC_A28D4A46B6FA,0.10575871519548986
CC_A28EB319030E,0.05256243633665452
CC_A294D3A59462,0.8041530481515433
CC_A29D8034C304,0.07597702566454753
CC_A2A109409963,0.057048459244916784
CC_A2A4FA5F9962,0.12788615313309434
CC_A2A7E30C59D0,0.16803020761809204
CC_A2B5D2D4E269,0.5303701024548518
CC_A2BB24180208,0.22326978379734638
CC_A2CF1DFEFE46,0.4759765043992289
CC_A2D6090EA5B8,0.12770537374656904
CC_A300BC40BC9D,0.0472638597472556
CC_A3212501F639,0.19088417573607622
CC_A3278A566572,0.06074414478609171
CC_A327EBE4F783,0.18032312573266715
CC_A32FB6659B01,0.07757185146977946
CC_A33915EE72B6,0.15188256223003269
CC_A33D350BE79E,0.18331565169436032
CC_A3553B8AA8F6,0.12225825487177505
CC_A36EB077BF3C,0.04103202497842596
CC_A3753EB66DEC,0.1162119124606503
CC_A378342AC9BB,0.1636202577387784
CC_A379E9455C60,0.1960525567643534
CC_A387ADBD7249,0.0982183152974538
CC_A39E961FC29F,0.16026228082553173
CC_A39FA1EF0B16,0.2527759196710836
CC_A3A4E39FB04D,0.17817825089334083
CC_A3A751BE68D2,0.050588350147168636
CC_A3ABB3C5E9D5,0.6362067440199993
CC_A3AF9C2C68F1,0.18688662044021986
CC_A3BEA14873AD,0.13138837117155813
CC_A3C2FEE13C37,0.12753328294441124
CC_A3D6435D5F17,0.15080592553456104
CC_A3E3E51AD0E7,0.06513223230103674
CC_A40566694D53,0.24560074806762924
CC_A410C0DC7125,0.04683179877050718
CC_A42168D2B94B,0.07638838650095929
CC_A43CED9AFEF5,0.40961991963163263
CC_A4475A788D13,0.13684200888746773
CC_A44D677C0C07,0.08028360087516936
CC_A44E2673E71E,0.04962906954068768
CC_A44E79A96425,0.31489376876977737
CC_A462CA147DB9,0.13280871441770384
CC_A4660E424386,0.18920804487889864
CC_A476C9F116F6,0.1273092749105599
CC_A47C83B6EE2B,0.13862298712092447
CC_A47F8594678C,0.3131931151225411
CC_A48A7592F96A,0.051591235825888274
CC_A49195E659EE,0.053458338163023124
CC_A498A936AD21,0.10286700604358813
CC_A4BE6692361C,0.6510645921630537
CC_A4BF2115580C,0.08264376300661347
CC_A4CACCD14A0E,0.12024717554605006
CC_A4CE57A1AB74,0.06863742294141863
CC_A4DE4F1B5F93,0.18150797660814663
CC_A4E300558DAB,0.05449339570327308
CC_A4E972915D89,0.7139672538101399
CC_A4EEA04CF3D0,0.2151740424583757
CC_A4F400E9A0ED,0.062436121508598744
CC_A4F550D7F95B,0.193647304340139
CC_A4FB91B1BF31,0.20873995981160054
CC_A500C1ED0A33,0.19056172788760312
CC_A50471962A96,0.6459779901948618
CC_A5161D8AA57D,0.12066890322383847
CC_A519C84307D2,0.08689351032421441
CC_A5277A9BE02B,0.7348135054274462
CC_A53578FCEA71,0.10867728764454788
CC_A54EAD1CCE27,0.14544590037788388
CC_A5512DA239BF,0.15450887044312686
CC_A5545DF298BE,0.06165633071880101
CC_A556EEF3010C,0.42424439557244165
CC_A56756C65136,0.36831122871512656
CC_A5852E06D2D5,0.27786290551826764
CC_A5886994671C,0.17577785109084967
CC_A594D8B41A99,0.06121119711789122
CC_A59C6A6B71C3,0.06754636096249265
CC_A5A06987AF5C,0.19513671623117956
CC_A5A1512FEEFD,0.1770929726173165
CC_A5ACE4284283,0.15581893240508524
CC_A5B10F07BCD5,0.09694928869697787
CC_A5BC9ACDB4CD,0.07469079115872139
CC_A5BF8B260922,0.45822838938171545
CC_A5C52379AE06,0.2720571620617682
CC_A5DD4441568D,0.04278118883552816
CC_A5FE3BE2949D,0.05588916914209793
CC_A60EF94F09C4,0.3310184450040054
CC_A628BE74CB45,0.16681689297237487
CC_A6292E9B43AD,0.06878541742854813
CC_A638610BF8F8,0.12899518644243246
CC_A63BBA86CE9A,0.29053994805452915
CC_A63BDDAC43CB,0.06583109101377552
CC_A6409E37A735,0.12833462986890673
CC_A655EC341406,0.13525589257384982
CC_A6562E47BFC7,0.22217484601611515
CC_A6563A22D668,0.7432167646111866
CC_A6601278C1BD,0.0904152007135154
CC_A683678AC9FC,0.3189322184094831
CC_A6864FE80A94,0.10288583437234566
CC_A69117CC3C24,0.10590442913568454
CC_A69928C7D217,0.20487237529403668
CC_A6A8BAF7124A,0.27632830031448213
CC_A6B7DFC69AAE,0.5812891188029555
CC_A6BB595B55AA,0.06381718980371695
CC_A6C5284C4586,0.13378933245270597
CC_A6CB0D0191D3,0.09557376522128963
CC_A6FA3FA9F0FB,0.10279690176699692
CC_A6FDADD23BD7,0.04487702033221245
CC_A6FE3938F001,0.18088408561665012
CC_A71DB65F0BBA,0.6669805598067242
CC_A730F4964FD4,0.11382181875789199
CC_A73C02C58DDA,0.09442001890881536
CC_A746BC2289C7,0.34298867587949544
CC_A766C3608214,0.12905987888844275
CC_A76F48111A8D,0.11328527955932378
CC_A77AEC8AD2D1,0.03928858909726328
CC_A781174166B3,0.19342846282745388
CC_A79024286DFF,0.07129189095019745
CC_A792720B875E,0.0881010702588898
CC_A7952C2BC5B6,0.08329540990462883
CC_A7954EE1A1C4,0.05012653741687078
CC_A7991E6B3CAD,0.23002060125056295
CC_A7B141DF4AAF,0.06607009881512164
CC_A7BE2CED0B93,0.06168682918341248
CC_A7CF446093DD,0.22291710509086543
CC_A7D1C6692090,0.08532768974149896
CC_A7D6CAB54328,0.41413427704066047
CC_A7D8D1DA4EA6,0.143108402203856
CC_A8102BA6933F,0.06403378949943894
CC_A81C1EDC5FE0,0.10275850176810654
CC_A82C0FDDC303,0.28418121244295447
CC_A83F92C0CABC,0.13395149536021264
CC_A849B0F60EEC,0.07044772592981906
CC_A852AAB180D7,0.04586234224949031
CC_A8536626873D,0.19872469434213783
CC_A85F953FFD40,0.3854634642548329
CC_A865A3F1E28A,0.6675930435197528
CC_A867253FC73C,0.669887215738102
CC_A877592FE1AF,0.06942937460924163
CC_A8AE26057851,0.14911544659806883
CC_A8D50530622B,0.1247371311922864
CC_A8D5C834B061,0.6951374598358752
CC_A8DF49EED27D,0.7716168185569832
CC_A8FB53A944AA,0.09558689630795886
CC_A8FF19BCFB18,0.1617216607259395
CC_A9042AA97760,0.07055866407348949
CC_A917D68B7F33,0.05708429550958113
CC_A925B3023F01,0.13954892687893553
CC_A93A49678A0E,0.7170306545556664
CC_A944C14551E0,0.12943026010449615
CC_A949A4D6CFDF,0.04240437866890238
CC_A96085AAACBB,0.4988185174200607
CC_A968E7B519AC,0.5310895473652948
CC_A96F61DA3920,0.2593690216713583
CC_A98AA461487F,0.05509756124410879
CC_A98DE37F48B1,0.04613792636896786
CC_A99526CAE7B8,0.10153341863824539
CC_A9997F50D935,0.12108181097445403
CC_A99C3B09B728,0.05787860169857098
CC_A9A0DADE60F5,0.3237561528864469
CC_A9E27E0F8BF7,0.12546120464559685
CC_AA06B8C44B08,0.5102754631587814
CC_AA078692F54D,0.05591897207429679
CC_AA3181148667,0.11572376691028002
CC_AA36C8AD0AD4,0.10962216936773965
CC_AA36F0397FF6,0.09462716972437515
CC_AA3A8989A632,0.6492319422346761
CC_AA4A1B7522D9,0.08611967360291177
CC_AA4AE0378324,0.21709486804036954
CC_AA5E4D5A692F,0.1487588840322673
CC_AA68EABEE4B1,0.08070660316770076
CC_AA6B5A7A5B67,0.09914892844278837
CC_AA6BD423C239,0.4504040477018675
CC_AA7074B42A4C,0.4986526395996468
CC_AA7A7F3159DC,0.10142569176494982
CC_AA7BDEB972E4,0.1322104787552205
CC_AA83426311A1,0.06337180385811225
CC_AA8F7D307212,0.1375215428163915
CC_AA994120654B,0.07520047591558826
CC_AA99CC1D0A77,0.0888907265793103
CC_AA9DF917E958,0.1408633157557653
CC_AA9FC6678135,0.3289302191768382
CC_AAA47EC0D4CE,0.08430378789323997
CC_AAD9F600283C,0.1117638034300119
CC_AADF003A3927,0.056414499939486655
CC_AAECFE806C8D,0.1880169324576807
CC_AAF2022B9CD1,0.17507567417672637
CC_AAF445E4CCF4,0.07250093727380183
CC_AAFDCAA5CA06,0.6863491233194959
CC_AB0384E131D8,0.19245227057211844
CC_AB0A4F4A2968,0.17587307587782974
CC_AB108580856A,0.09594430993838028
CC_AB10FED15FC0,0.7851239555572213
CC_AB176233A184,0.07365784249059823
CC_AB250982887C,0.14393763911972843
CC_AB25C565EA6F,0.06572587829147879
CC_AB31BDAE74E0,0.2271019304837153
CC_AB38A76F5698,0.3919344728903976
CC_AB38F588BDD4,0.1933818608800495
CC_AB3DB55C9A2E,0.15358709180139585
CC_AB42A7DA8FAE,0.164622262762653
CC_AB486E8855F7,0.13414364298771309
CC_AB4A79BF0F21,0.04850986885028296
CC_AB7472FE1C8B,0.0700016767897099
CC_AB78F64D1DA0,0.13621932707351792
CC_AB821E2FB031,0.05332838178327244
CC_AB873276D910,0.05800723572740087
CC_AB8CF3C05B61,0.11351639389240803
CC_AB8DD8448ABE,0.3497989811847133
CC_AB953366A38C,0.09093225741257763
CC_ABB193697B23,0.5745221710320291
CC_ABB3F0A040BD,0.11165899848167736
CC_ABB618AD3E52,0.21601684823966746
CC_ABC0DA7DAFA5,0.05050817092463924
CC_ABC49E43DF40,0.5898283622194513
CC_ABD89F61734F,0.11293432727105297
CC_ABE04CDC2866,0.5592165170484463
CC_ABE98746DB91,0.5292425123718298
CC_ABFDF22BBD97,0.06257063171749556
CC_AC0498A54CAD,0.287232507604612
CC_AC1C23EA2767,0.2993492846786026
CC_AC1E028B2A1A,0.09380043690603154
CC_AC255B902EEB,0.13541159711128253
CC_AC44A88F7869,0.07455096787224172
CC_AC51CBCACA63,0.132385725531538
CC_AC723E5F5EFA,0.04448025054086409
CC_AC7994A5FDC4,0.11469281345057826
CC_AC7EFDBCF2E8,0.709880006780971
CC_AC8A45716CD8,0.15300008211430266
CC_AC8FB78319A0,0.044032831848109064
CC_AC95C517E726,0.09263198589263894
CC_ACA4C6C9316D,0.07100085166902649
CC_ACAD97A186F4,0.08786864270305493
CC_ACC12168D6A9,0.14255967244288256
CC_ACC53294D3A0,0.10166008080036218
CC_ACC6A74A8BEC,0.0777932297332571
CC_ACD94D2B1200,0.06557652235254664
CC_ACD988315902,0.0464887355486527
CC_ACDA59536C9B,0.09572773436113197
CC_ACE5A4081F6E,0.24124691378540408
CC_ACF4F9A2CCFC,0.18457265296982095
CC_AD0D7D212968,0.36962468038074947
CC_AD131D09EB0F,0.114301628726205
CC_AD13C87CF26E,0.17377001183378138
CC_AD2050A0C79D,0.22031684337665022
CC_AD276D71D3A7,0.3170418758093975
CC_AD2C54521FE4,0.19171169242045147
CC_AD2E59624FEC,0.3942151317749491
CC_AD3A36AF2840,0.21501742428258067
CC_AD3D286D0B68,0.15921165384870467
CC_AD46818E459F,0.6348679653643822
CC_AD4BB2E22EA9,0.20908029988405785
CC_AD4F7F88242F,0.3108540569390961
CC_AD58ADCD54CE,0.6940308778751504
CC_AD71619FA389,0.1277539302760248
CC_AD84592B950B,0.08234582644418084
CC_AD9898C0E8D2,0.13460560455250822
CC_ADC70A21D661,0.21281818465986593
CC_ADCF16189AF2,0.2030931050000532
CC_ADD894E6E4F4,0.34477467093928105
CC_ADE899835555,0.11788583477473241
CC_AE0D73A1EE19,0.35680107561176194
CC_AE0F08EA3935,0.22136815954080435
CC_AE23B59E6FC8,0.29066487841419897
CC_AE289E013D60,0.08942240763948299
CC_AE34D3F7F224,0.6430293679730904
CC_AE4069D8B4F6,0.2116387214696239
CC_AE4896E2BE76,0.5084822312263699
CC_AE51DCFE0671,0.10076817584920171
CC_AE69FEA8DA68,0.17711017554930564
CC_AE7C129CC90F,0.19521348170865985
CC_AE7CD49F20AB,0.16494731660309145
CC_AE89526E0335,0.19091520300241197
CC_AE8D62CF30C0,0.136121826277004
CC_AE8D9CE8D6FE,0.053078285154790315
CC_AEB019CB9065,0.16554549584508418
CC_AED1D50AF584,0.09960385064741877
CC_AEE546316FB0,0.2211321256444919
CC_AEE5FA00FA6C,0.42446343611120213
CC_AEEC765D157B,0.05302268151872782
CC_AEEE44D6C8A4,0.037754004569652014
CC_AF14FF3EF570,0.36367921148804555
CC_AF1C3ACBA6B2,0.11673794626537742
CC_AF1E911C98B6,0.3242833345423232
CC_AF337F410520,0.08583505518210238
CC_AF3C7BC3BA40,0.11150480238989174
CC_AF41E4075C87,0.25626640440762233
CC_AF6B4405276D,0.7472568685512868
CC_AF78FE0BDBEE,0.111422172618106
CC_AF8238D9082F,0.0742466110434564
CC_AF8CA6EE53C3,0.06379506116183621
CC_AF9AFA7C49A8,0.08704010448906031
CC_AFA1E3D3C685,0.12852830202822185
CC_AFA680030CB4,0.5421138380552337
CC_AFB351270B8B,0.04472835508835494
CC_AFC405AE0029,0.07795490766948344
CC_AFF90422E4FC,0.4007896051660262
CC_AFFBE2744B87,0.7350423301431248
CC_B0043CA53FCE,0.09061269341005154
CC_B01B2BD4EFD7,0.26710807578034723
CC_B01E87EB9940,0.12326280488820889
CC_B0273E66E2A5,0.14657314201580326
CC_B03E98085A9F,0.07096056953172601
CC_B0420D8C42DC,0.49998317830388084
CC_B0497BEB9F6B,0.13638521869816989
CC_B04A5E60B69D,0.08801744821803828
CC_B04D5517A193,0.10274784990251529
CC_B05FF3A960A0,0.22279203047369703
CC_B06A532EC131,0.18223641872742222
CC_B06D33A6761F,0.12871405282287643
CC_B074D4472CE4,0.04587000642466639
CC_B07CE95BCD88,0.35734917097561786
CC_B07D79368225,0.11984265369987193
CC_B07DD1ABABCE,0.7208014834030206
CC_B086C2D77820,0.19553377681575046
CC_B088DE9C9E3B,0.24380035010733928
CC_B0CD7932067B,0.11004967230750717
CC_B0CF90073A5E,0.6399222797511278
CC_B0D397D86639,0.6412901609219177
CC_B0EF4FD19FEA,0.1025196500841018
CC_B0F2F9514AA3,0.08929186751765746
CC_B0F3B79F51C8,0.1580882675537852
CC_B0F4041B1C76,0.041214116146728284
CC_B10FE31C61D5,0.08184059472311457
CC_B114E8F19D65,0.1329129439357504
CC_B117F0E3CAAE,0.13576574271981395
CC_B11D58F331A9,0.045414442370964044
CC_B1262188BC41,0.09125102189236778
CC_B12FFB2FF21F,0.08863850890909779
CC_B13253F34A9F,0.04648338284336516
CC_B137E2BBB53B,0.07149306515166516
CC_B13FEA7CDB99,0.09219561574956697
CC_B1481ED21111,0.04480478083587597
CC_B15BE5C9976A,0.24448926136128993
CC_B15EB6933578,0.07521613491781586
CC_B163CCB3BE4D,0.12118951961382983
CC_B16DC354FD71,0.3771433889075408
CC_B1777349EB15,0.15600818849999196
CC_B17C6CE0231F,0.25167395953736377
CC_B17CA8C22E5C,0.1205736083281263
CC_B18F3C9C30E4,0.18111170303286933
CC_B19CD93DDC96,0.07207067361923677
CC_B1A647674B84,0.09778718670295314
CC_B1AEC2E5E33B,0.22782749450156725
CC_B1B5C81AC0A6,0.058091668644855855
CC_B1B932EFD646,0.18104014720666034
CC_B1C3C0B52B88,0.26024018293428025
CC_B1C7216344F3,0.08783069469161184
CC_B1C982DBBD12,0.33016907752441793
CC_B1D81F8197B3,0.28837013554685254
CC_B1DF1DCBDC7E,0.5203213969643928
CC_B1E2C36607CB,0.08222640973438336
CC_B21351C93D8C,0.13062224057483995
CC_B2174860AB11,0.743101436594707
CC_B235818E6A04,0.1719803512968266
CC_B23CDE30F00B,0.08216949555043167
CC_B23DE4971DF0,0.4551402080043871
CC_B23ECF574D8E,0.0604382025791909
CC_B24C41DDFBDA,0.22832195541744138
CC_B25EC73B9510,0.13704232992057316
CC_B25F69904D0F,0.07915658416822556
CC_B25FB6C11D05,0.642163546465124
CC_B264F2B92259,0.5715500699414452
CC_B26B8FC23F1B,0.05836355054722067
CC_B272E29922B5,0.1307260564563872
CC_B27AA8E27BE7,0.11587589998797049
CC_B2A68FD3C236,0.11304857255439962
CC_B2AC50C00979,0.10437768701616357
CC_B2B16D7B821C,0.17678249374753816
CC_B2B32F1511E4,0.1305196251170434
CC_B2C241A93527,0.07923641049866799
CC_B2CB104FED6B,0.6093978316904789
CC_B2D352013F92,0.11503146609054773
CC_B2DF694BAB08,0.11495671708734859
CC_B2E993A9343F,0.2366224297474645
CC_B2EF61C93AB6,0.14281312945236901
CC_B2F94405EA89,0.12416753039692172
CC_B2FC07BF6251,0.052741789438966256
CC_B301A65B4164,0.11334281009278759
CC_B313E3A208A2,0.18643232346117006
CC_B318FF5D976D,0.14658232469735255
CC_B32AEF0A2299,0.0648026076215347
CC_B33BD3C618EA,0.1001517579915861
CC_B348627365A2,0.13714068108073113
CC_B35109450BDD,0.045682250375511275
CC_B3528B870544,0.09826283560899018
CC_B3530E7CF8F5,0.11063137177350152
CC_B35C5B1DB9C1,0.06879945717699001
CC_B35FF59389D4,0.19786202367906092
CC_B3812C6700F2,0.6566712863057923
CC_B38280B483B8,0.13274738539985598
CC_B38B694A18EF,0.4785920302123202
CC_B392BDECD913,0.3290599480494453
CC_B398DF1ABAD4,0.051659014797336006
CC_B39E75E151A1,0.10051485728845629
CC_B39FD0E249E8,0.050864727929329744
CC_B3AA0891CA5E,0.3856200930705138
CC_B3B1C8EBE5C1,0.11173498999562416
CC_B3BBA28E2D39,0.4319002621342058
CC_B3C4DB0303A7,0.09799054785041018
CC_B3D32FE823B2,0.04131025258632979
CC_B3DA429C6C8F,0.09406549659369615
CC_B3DC5786AB0F,0.18944515703718934
CC_B3EA537531A3,0.1444576269886322
CC_B4096D3A38CE,0.046018203683567495
CC_B41EADCCC95F,0.059261463573198066
CC_B421940B9A48,0.6628960225903633
CC_B42B3B83935C,0.8186184677929991
CC_B436B1CA6B2F,0.06404448507244638
CC_B439B06AF274,0.26010276184581366
CC_B4482E7879F4,0.06861233315801683
CC_B4660022C612,0.0931962894949226
CC_B46B899B4A63,0.1432595073007739
CC_B470280A580D,0.13038997357719043
CC_B471D3BF0C72,0.5323185715638727
CC_B4751DEE43CD,0.1824635971654355
CC_B482C254BAA5,0.05379920550319395
CC_B4889D036D3C,0.7008765662219609
CC_B4950F811C90,0.1351363357629296
CC_B49A6DE7A340,0.3728168458854224
CC_B49CD4C13DE8,0.34238624627875774
CC_B4A90370CA96,0.45550998056339304
CC_B4ADE6BC8A10,0.6702359464669321
CC_B4B6F805888C,0.045779964552915116
CC_B4B8F66BF4ED,0.6946005636614757
CC_B4C6F80DEE44,0.04565741745240106
CC_B4CCE78C09EE,0.16125813353649365
CC_B4D68D1C1C55,0.19238785318043367
CC_B4DAED63089A,0.14806683545219174
CC_B4DD9841E6FD,0.23396687023586302
CC_B4EF6743DDCF,0.0854065802843712
CC_B4F67F73D097,0.09770549765771276
CC_B50EB15EBA18,0.10409141940738509
CC_B51DCAAF4549,0.15298080081352727
CC_B51DFF8702D0,0.563061435225518
CC_B520A001BF69,0.09781261958678339
CC_B529919BF24E,0.6779811002051476
CC_B542342650A1,0.07876494751437021
CC_B54A106E91E4,0.04569199747590412
CC_B54CFFC21F2B,0.1251379220360505
CC_B55C134C04A5,0.18434848638940896
CC_B55C2DBF6D3C,0.1944540647780492
CC_B569705352B4,0.10996043434857375
CC_B56E74A967C3,0.04977696315894334
CC_B57519F33EEF,0.052161057428646546
CC_B582E4405D85,0.10914922677020698
CC_B585A11F7BA7,0.1364070689735218
CC_B59726D36AEF,0.17046927365653525
CC_B5995E4F1A21,0.1413692360586184
CC_B5AC2AAF871B,0.7506730762030722
CC_B5AD19125E1B,0.20157568997528552
CC_B5B1E42858AC,0.058843093862198353
CC_B5B7599E8BC6,0.06868816804601328
CC_B5CAE0595637,0.22132641223084243
CC_B5D49843A799,0.3433858822718531
CC_B5DDFC7AEE78,0.09392438577760087
CC_B5E29344F63C,0.20741398757418647
CC_B5EE5AE6378A,0.5092473843192845
CC_B5F2A93AD996,0.1002490182607208
CC_B5F611613A78,0.0768151754510009
CC_B6055039255A,0.7450744438540872
CC_B607B2B0AFB7,0.05283314389864802
CC_B60CFD0F39F9,0.0811896996487798
CC_B620087B1C52,0.34189469912143344
CC_B6203BBBD151,0.1049575992105681
CC_B622662E664A,0.14675209159549893
CC_B62C9A2BC846,0.15405435654578978
CC_B636210548E5,0.3715860403789188
CC_B642C6714501,0.07357778076315818
CC_B64F81B8A263,0.13052817651404178
CC_B65CA581B9BD,0.15381714775838634
CC_B65D1B9B6F67,0.151046260443849
CC_B661A8FCA431,0.047091238313353614
CC_B66AC40957D6,0.16420550830760355
CC_B672B35D1162,0.682240387098743
CC_B68379D197F6,0.09908602948908264
CC_B6923D10FDA2,0.13777047553397923
CC_B69CC776BBE6,0.21934859087223493
CC_B69E50D76B29,0.09877830387303468
CC_B69EAA8C296F,0.24909874384679243
CC_B69F7CB8CDA0,0.07684696431679666
CC_B6B4AD157354,0.13891680024754804
CC_B6BD764CB8B9,0.19707949154897095
CC_B6BEC3F4BE91,0.1654521065228784
CC_B6C13F4A610D,0.2572401377951938
CC_B6C1C3B5766B,0.10370313775511289
CC_B6C72241926C,0.1299340414990282
CC_B6CB40E245D7,0.6496658262288411
CC_B6EE58A108C5,0.06980823742695008
CC_B706F631F5BA,0.045494118267667714
CC_B71DC1206985,0.17522621208955141
CC_B72284CED807,0.17468730054388115
CC_B727865A5B5F,0.6443479442318477
CC_B72FD7EFA6BD,0.16825139381386697
CC_B7365B5A3392,0.7502600321340869
CC_B73820D308C9,0.11563660254951919
CC_B743560D847F,0.09294202438285046
CC_B76EF26F7C9A,0.3270105194183086
CC_B7764FC130E8,0.41299789407466586
CC_B77B73B95532,0.13065301088045192
CC_B77D6653C7D4,0.05199869544055596
CC_B77DA6B77DEB,0.26700755554130484
CC_B783AE19622D,0.15928349185125104
CC_B78761738CAF,0.035139510873841893
CC_B787BA135B5D,0.33598216744526843
CC_B78B4449EA19,0.10226926941035787
CC_B78B4B7F80B5,0.2136071676560444
CC_B78BEE888CA6,0.10900976141670286
CC_B791FEE1CF37,0.06400211765989611
CC_B79A58AA4441,0.11261734571843526
CC_B79BEC538198,0.11001659944002772
CC_B79DD53178D3,0.06681058976789706
CC_B7A7EFD85149,0.1709234464140388
CC_B7B5F2A15C41,0.10849042234024607
CC_B7BC46A7D4DF,0.09489888436162115
CC_B7CBC65D9AF9,0.5271118496309934
CC_B7D40C5C891F,0.09846793983138591
CC_B7D4337C4797,0.34251392248538165
CC_B7DA04826165,0.29913506496807235
CC_B7DC19DA1440,0.13703754452882108
CC_B829EC622F0D,0.5380178807724968
CC_B82B9C0C7B85,0.6353738384705377
CC_B82C55DEE5E6,0.18966154439336147
CC_B8475B977AD2,0.7395397838531582
CC_B84BD2F4EB01,0.20525408493343483
CC_B86DA7D69F20,0.05233689282624472
CC_B87989F406EB,0.21624036678763742
CC_B88B702183E7,0.041786025728267874
CC_B89B80945ADE,0.1918180833444606
CC_B8A3A44BFE8A,0.39983767330333364
CC_B8A7A6548AE6,0.15523940299634673
CC_B8A8FB83065B,0.15184639403256667
CC_B8AAC20D626E,0.17860402475325263
CC_B8AC99873641,0.066711070785452
CC_B8C9673B7834,0.1041226179863692
CC_B8D5FEB15CC8,0.08197236550579921
CC_B8DA64A33076,0.5253353511808708
CC_B8E912A01706,0.6327745616976397
CC_B90869280808,0.12493354622355729
CC_B908EC99951B,0.3268344277972873
CC_B90CBF2A6775,0.06292742424322144
CC_B91080C1ADA5,0.3447454336895684
CC_B918FB42AFD2,0.19654935804703622
CC_B92CA425080F,0.10602896041001317
CC_B937F632B71D,0.15685378312772
CC_B94477C20476,0.3459169308975303
CC_B9483A5C922C,0.10387671786162116
CC_B954EC1C63B5,0.2622754957037262
CC_B95580F93537,0.05432168049548657
CC_B96086044329,0.08181090863898215
CC_B96EB0A91589,0.23635744537297923
CC_B98357C70A41,0.636088972760437
CC_B9929A66C2FD,0.6554837803057184
CC_B9BB52E4C529,0.14315213988859188
CC_B9BD45744855,0.7614243952050339
CC_B9BFDE4662AE,0.0900082675702612
CC_B9CEAF324145,0.04769457759597495
CC_B9E89F42B509,0.19460206707598932
CC_B9E8A3887223,0.21065530264778767
CC_B9FC67268C45,0.2421158935286094
CC_B9FE9DFEB3DC,0.08625008134101582
CC_BA041E14DD98,0.06970318289352857
CC_BA0619F54427,0.10413747840848739
CC_BA15072C4EC2,0.3424523877435883
CC_BA183CDC5429,0.812847452240024
CC_BA43646012D2,0.4008565098464787
CC_BA4F7E494E71,0.44638532196177116
CC_BA557F75E2DD,0.20978683816323798
CC_BA740903CBDF,0.14785869949671773
CC_BA77722A827A,0.563793533812625
CC_BA78E47BB021,0.22673737251404028
CC_BA8C427054F4,0.046520029127553215
CC_BAA19F8D2563,0.13527366331532817
CC_BAA1BBFF8C6C,0.32684204660107175
CC_BABA44B5FB12,0.08280818502014252
CC_BAC25BCCEAD2,0.06399126376103899
CC_BAC74D0014D3,0.39082035388253467
CC_BAD99E36CC71,0.28699264008015907
CC_BADE7EB1D16D,0.756921027497301
CC_BAE7410803AC,0.15367282660995174
CC_BAEBBF8054FB,0.13419686765856478
CC_BB054686B6F2,0.047487525467356434
CC_BB05D9DF72BD,0.06779119433318488
CC_BB0D54068D07,0.780563247807424
CC_BB15DE5E0DA0,0.7120743523936455
CC_BB1A57AA813F,0.1398984840051891
CC_BB1CABE261EB,0.11404343219037544
CC_BB2BC46FCF61,0.23064330204223926
CC_BB2E5437EE04,0.048123777462778745
CC_BB2EF1FF6131,0.08822178201018564
CC_BB2F56C6BF57,0.10784278015330687
CC_BB35CEC5314E,0.09999805520033349
CC_BB39E3597B61,0.05160651930328254
CC_BB3A9EECD51E,0.09231996261632577
CC_BB44CDEE5103,0.18502630134599182
CC_BB458116ABA4,0.3442971956441586
CC_BB5F6936F6FE,0.24276096641433317
CC_BB666F8A551E,0.08110379636002213
CC_BB7355E735D2,0.11139491505286596
CC_BB8A2F186D6A,0.05237196770077575
CC_BB9FDED12C65,0.6289246298409423
CC_BBA8C316C8F8,0.09283231313389946
CC_BBADC7DC73EA,0.1891445658841483
CC_BBAEA7980B09,0.4938356517412755
CC_BBBA078A6429,0.7741070040678426
CC_BBBFC3EC2C72,0.4002388604504717
CC_BBD34B3225EE,0.038246008952709964
CC_BBE6C58C59A4,0.3932986929076454
CC_BBEBBE1E226D,0.1175212449258647
CC_BBED56D34D38,0.10920391010574783
CC_BC0244FBDAF6,0.20421827451181432
CC_BC099E880236,0.16356545848134002
CC_BC0F05C89E25,0.1699335333572929
CC_BC1BD06C1085,0.09695734127724658
CC_BC21E8824A34,0.42541258797807485
CC_BC23655B2BF4,0.0670130240180209
CC_BC24F9024F49,0.05744739533135822
CC_BC2A58939715,0.11310137982070811
CC_BC2B90F226E0,0.23587959957926782
CC_BC31382964E4,0.05360666560927044
CC_BC31DA3EAFFF,0.14637647383659338
CC_BC3A6CF6FD16,0.13449557577016327
CC_BC410BDD9ED8,0.2525850481708816
CC_BC458960887E,0.14872022677803995
CC_BC484C329704,0.13935330636516569
CC_BC4D6D6D4553,0.34763198448894406
CC_BC5A59D88AFC,0.0894028970441846
CC_BC736DA19A00,0.18660095237430788
CC_BC7B9D13978F,0.21054326171442242
CC_BC84BF34D69E,0.23833274156150935
CC_BC95D473C9CE,0.16800318133546843
CC_BC96FC9DCFE7,0.12458231904110555
CC_BCA0D6159C23,0.18708707764591498
CC_BCAE73132BA2,0.08419007742833473
CC_BCBBF055366F,0.051308303722209875
CC_BCC94F494979,0.08022024033210938
CC_BCF75F8B9A5D,0.11160408966608455
CC_BD10F4F15094,0.09804943752328263
CC_BD1A2052ACD5,0.7805397621329078
CC_BD217C39702F,0.3407917442145263
CC_BD2A9D4B9FAA,0.2288545916985431
CC_BD3EDD1630E8,0.05136030387712667
CC_BD4AAFE9EFEE,0.07544289115932211
CC_BD59D1252975,0.09963682065423951
CC_BD607BE97C17,0.1035806775550215
CC_BD889F165227,0.10476704253360142
CC_BD900B6BCF65,0.19125316583162363
CC_BD9967660461,0.45689364915606867
CC_BDABB99ADE2A,0.16323419097630595
CC_BDB07C66EDBD,0.3836956564823334
CC_BDB71DAAE50B,0.11384526634905011
CC_BDCB91FACECF,0.12815135949898387
CC_BDE1E398B4E4,0.06482822160725804
CC_BDE8D325637B,0.6328483317236611
CC_BDE9E7F390AE,0.09160971040598953
CC_BDECF392D7F9,0.18736646643927685
CC_BDF401C3BBCA,0.13152632042351214
CC_BDF53C42C5BC,0.18361439274812164
CC_BDFE5778530F,0.32345835149003316
CC_BE05EB5976EC,0.7337483315216211
CC_BE08A6D5E76D,0.052761416381029054
CC_BE146CE5BEE6,0.14176774379790327
CC_BE24C1EE877A,0.11119800110882382
CC_BE27E98C4BED,0.07937001745271875
CC_BE32DACBF6C2,0.11977382953302125
CC_BE3F52F9C9EA,0.11825428179400843
CC_BE3FC1024389,0.14508527001840166
CC_BE4595898BF9,0.11171013842703953
CC_BE4F1F53F4B6,0.08563477647075296
CC_BE648663620C,0.16885101706359396
CC_BE6627F3B9EE,0.6394098026671853
CC_BE673F70B591,0.2908964684844644
CC_BE704640727F,0.03943733738838295
CC_BE7295B354DA,0.33067281654168157
CC_BE760A430ACD,0.19792120702790167
CC_BE8A340F3876,0.052197017468926
CC_BE9CB8845101,0.23233267991724232
CC_BEA12286E57C,0.13058003912870786
CC_BEB24EB997CA,0.10433512622370214
CC_BEB80CCF2ED0,0.0523259317279226
CC_BEB86014B5BF,0.1846811378466939
CC_BEC035C8801A,0.13283230666423482
CC_BEE1B858F0C3,0.27060288513839215
CC_BEE664893442,0.2004496930200305
CC_BEE75A33F038,0.056152274044143365
CC_BEF22728402F,0.7242970114935252
CC_BEF8AB2DF19D,0.388644223196694
CC_BF03683CC755,0.12464097640998743
CC_BF066CB8F7A0,0.15474844599602677
CC_BF154A9FEE8D,0.15468979599553756
CC_BF17E635C67F,0.12176936103141957
CC_BF196AFA6AE6,0.14020270559931208
CC_BF2012FCFE14,0.18400572862979314
CC_BF3733356D4B,0.4008628002482185
CC_BF376C8D14ED,0.5082417338478159
CC_BF3BF8B9F646,0.09881651067366345
CC_BF588A5FF18D,0.6886612675792372
CC_BF7C643B8874,0.04900909927667265
CC_BF8919F14394,0.1573663900780812
CC_BF8B759EE1EF,0.07585959177970246
CC_BF971FA7A950,0.14819857001007355
CC_BFACE960372A,0.11997755426525314
CC_BFBF917EFEB7,0.5639575381580132
CC_BFCAE2959708,0.06242835412568462
CC_BFD80ECB739A,0.268000083408019
CC_BFDEC7E68821,0.11046982697782809
CC_BFE3AD881F4C,0.05213520883906421
CC_BFE511C0F9F3,0.5459817717809864
CC_BFEE9CF8A6E9,0.09556758047640213
CC_BFF8E82FE4BE,0.15972892819531054
CC_BFF9E8C0FE28,0.5869793441957656
CC_BFFCB2882E26,0.053161999288438476
CC_BFFDCACC1E4F,0.12103775424619488
CC_C003A15648F3,0.08730841718586035
CC_C004160ABB18,0.13226259960673778
CC_C012746F45D6,0.10517279689880343
CC_C033B4EC89DA,0.16002426423955285
CC_C03578357D0D,0.4277861996092309
CC_C040C14F27A0,0.05805437372509678
CC_C0474C48C443,0.14377032074811413
CC_C04A1EF46A13,0.22529052985362302
CC_C067DA2C5F99,0.4563620645088025
CC_C0731DB0CD7F,0.6381209470450663
CC_C07C70AA1AF0,0.13082065657728711
CC_C0877F4DBC62,0.1290526572057612
CC_C0896CE6B4E2,0.09271691475688928
CC_C089B0517E81,0.09017704384556695
CC_C08B9066A5BB,0.20649758249782788
CC_C08DFB22BC71,0.0922710898226621
CC_C0A2108BEC82,0.21173216580900053
CC_C0A6B0787F91,0.10330977158536635
CC_C0B29B279C90,0.09104141205012808
CC_C0B7151247C2,0.11339717037114508
CC_C0BEDCC974E6,0.09721484687424527
CC_C0C6F913C2CB,0.6758906884197478
CC_C0C7EAB055B1,0.16756659638488938
CC_C0CCCF588BEB,0.24624243857319325
CC_C0D65A1BC1DF,0.5519600584282321
CC_C0D6ADDF1E0F,0.08220856242002536
CC_C0E49708EB44,0.24899270563644207
CC_C0F32BA57D17,0.05314291966836099
CC_C1094828B26C,0.3177794981667828
CC_C124E4C094F3,0.2357590235515379
CC_C12ECF48FA03,0.16932411138961573
CC_C12F5F7E5C54,0.11079794719470844
CC_C131509731A1,0.15671972030085213
CC_C14173B64C58,0.19362328671561826
CC_C14A4D39F494,0.38704172040360163
CC_C14DC9106B7E,0.2365979694716961
CC_C1624A910E58,0.044353020871863214
CC_C1645FA6EE7C,0.07417859356508638
CC_C165A26E7C1D,0.7135585613050074
CC_C16824A69631,0.055682200089243086
CC_C177831DEDC2,0.13891852686266065
CC_C1815DD481ED,0.6940040217698964
CC_C18313F97FC1,0.2708687505767958
CC_C18A7BC23071,0.28316801634206507
CC_C1941883C762,0.1166859700297519
CC_C1A0989CDF23,0.038238158354219724
CC_C1A8C99D910A,0.0965914249357229
CC_C1B057BAE0BB,0.21036740880075755
CC_C1B5D9A95708,0.1151866232826415
CC_C1C28181E30E,0.14574543523165404
CC_C1E8CA45E983,0.09593708641538581
CC_C1F4DD05F5FB,0.22945566463310269
CC_C205BAC0D181,0.07861299037047188
CC_C208790016F7,0.0827572095276821
CC_C219E603FD0B,0.06746830217846579
CC_C2323893E922,0.14256808188600037
CC_C236A614F73D,0.11350498147405164
CC_C241491551A8,0.11393504631540426
CC_C247E0377048,0.11055524966064441
CC_C24FBA584039,0.24913709522660285
CC_C25078D044CC,0.19525148059845993
CC_C255BE787955,0.19525153126114214
CC_C25ECB5C5FD8,0.0776193737702549
CC_C276E722FB1B,0.3281726462431112
CC_C279090E1F74,0.7569877869411653
CC_C279CA96D14A,0.1339282808995719
CC_C283330B9999,0.0502277078819696
CC_C289AF57EB24,0.23492157327790644
CC_C29558864857,0.1297265818009624
CC_C29846DE78AC,0.6450148150562666
CC_C2AEE09D92AD,0.11224222533271927
CC_C2BBFB603032,0.3761009765067416
CC_C2C2B2EEBA69,0.04910417748920735
CC_C2D1CBB42952,0.16089559168583054
CC_C2D4587A871F,0.6976268871431379
CC_C2D583F20739,0.3273392701577034
CC_C2D9086A8C67,0.06943286776099544
CC_C2E8FA308586,0.15991608213067446
CC_C2EA104630E3,0.10716341004704104
CC_C30ED2C6265A,0.050609321203535146
CC_C31BA9FD4FFF,0.2627864803365068
CC_C31DC3117984,0.18300158137506695
CC_C33142B2E26E,0.45249047717019897
CC_C340668CE604,0.0919030858886104
CC_C36580241000,0.13427874872162937
CC_C3664AFC710F,0.099820289388585
CC_C3676D2ADC91,0.18454498607821118
CC_C368AC6AE19C,0.049365923579111834
CC_C38B446B7432,0.16422333355146745
CC_C38BE6D69E61,0.07916975875498342
CC_C38FB634E7B9,0.07620846051646407
CC_C3913A125FC9,0.16860797887488058
CC_C392AC1AABDB,0.13230688531060203
CC_C3A37C3EDCC5,0.3590135365126659
CC_C3A42A96D260,0.2390411491891138
CC_C3CA355F78BC,0.09486274276967857
CC_C3CD972B25E9,0.15599356717517268
CC_C3CE9FCB05EA,0.05042754133864535
CC_C3DA12B31CD5,0.07880616114469825
CC_C3EF46D2CF29,0.20634428967761181
CC_C3F301EAE202,0.17984054422763232
CC_C404C200B723,0.10492460501021211
CC_C40BEE2EAD73,0.26147874358519235
CC_C40CA3E960D9,0.1530805054127377
CC_C40E0EEBA53A,0.21456717117119442
CC_C42183D7A586,0.09514670207041562
CC_C427199DAC5F,0.4946949068566855
CC_C445AEF194CA,0.0836901291994001
CC_C45051D20EC8,0.12987386485932953
CC_C47FCA703A69,0.2697043604313188
CC_C4965C6C6935,0.31546622727656826
CC_C498BD798847,0.05203290885953253
CC_C49A42D1C3CA,0.11835244359216121
CC_C4A2F5B06976,0.08436304527651227
CC_C4B632AEB96F,0.15742892617958137
CC_C4D194378554,0.03944538294010175
CC_C4D90E9CA5E9,0.16023173128439017
CC_C4D941D5A5F9,0.13454548115394166
CC_C4EB2486A9B1,0.18263364320439904
CC_C4EC2923D96F,0.31728584331711374
CC_C4EC9ACAE8C4,0.7240027643450858
CC_C4FB2ECB13DD,0.3031864693573587
CC_C50467EBCC58,0.07844376891603351
CC_C50C5E2A77CA,0.16656002934139977
CC_C50D7FAA75C1,0.05006337760484142
CC_C51FE3F4D2F3,0.13731587229900535
CC_C5234F4713B7,0.07631538273429893
CC_C55110310E14,0.10188302176029014
CC_C563D509181A,0.09086565755766904
CC_C5736F4887D6,0.7306537024565448
CC_C57C4F09442B,0.09458926918622446
CC_C59D2CA55CAD,0.7905979371089217
CC_C5AD04ABF022,0.0953400458699726
CC_C5AF7BF4B951,0.04366739496831206
CC_C5C5FD9FCFE4,0.6587114340714361
CC_C5D9A89022EF,0.22798783113728338
CC_C5E1FA10BD6B,0.1552069615452905
CC_C6039EF0459B,0.15297194261181643
CC_C6133F44EB0E,0.11378248074592694
CC_C637C1142503,0.7744948115977381
CC_C65496C86EAE,0.1593166931435401
CC_C67C2B86A807,0.12052586025987172
CC_C690CF8AF3B4,0.10176441475145553
CC_C69204FFED48,0.3034032101173522
CC_C69DD80E5055,0.10954232023103076
CC_C6AE389CA79C,0.08114862125769767
CC_C6AFA8AF33BB,0.0791471523582927
CC_C6B56B2869A6,0.3544352526928305
CC_C6B61E03B42D,0.1949058448020797
CC_C6C2B357FDF2,0.1358118918669824
CC_C6C4A4A318E4,0.12127854132587132
CC_C6DECDCC7956,0.21387729387880897
CC_C6F134ABD932,0.5060426910669912
CC_C6F24128D8D3,0.22941822544398302
CC_C6F8C5E3D746,0.10985758144922754
CC_C6FB2BDCC78F,0.32125286647762297
CC_C70DBEB08378,0.8172993407709522
CC_C71AAC6F9607,0.10558774623901021
CC_C73D1C53BEC0,0.3029960839718002
CC_C7423B380FD2,0.07229303714336463
CC_C747ABF2B4BC,0.0960934651074201
CC_C74F0C45C093,0.1414696380314105
CC_C75307665BCF,0.22665640924666328
CC_C76473DBFF83,0.3357190263764146
CC_C7652C2D1CC7,0.18283702807018531
CC_C77B38900325,0.2233516581081966
CC_C782A94E6754,0.0563329043697932
CC_C786E0FDA098,0.7576321272502521
CC_C794632B3AAC,0.4140287238689278
CC_C795250A7B3F,0.116354313956829
CC_C79BF5794AD9,0.054334493845879205
CC_C7A2A7BF85C5,0.07455710875407984
CC_C7A2CEDA36CD,0.461727236538066
CC_C7AAAC514CD0,0.10162340961858403
CC_C7B39AE8206F,0.13836740889640647
CC_C7BA884F8DCA,0.15874927104420028
CC_C7BC592C11DB,0.05521212494778844
CC_C7CB29EBCEE1,0.060864529700418786
CC_C7D2BE35C77A,0.07011237612683713
CC_C7E56C7FFA19,0.16691521125640466
CC_C7ED63E403A8,0.0761703868566395
CC_C7EFF4BBEE1E,0.06282513449311403
CC_C7F1C90A261F,0.1213243510260515
CC_C7F38C2DEDFF,0.18278306854428242
CC_C807F881A35F,0.26449138089150215
CC_C808346EF2A7,0.052953114924616095
CC_C822401D05A0,0.12883197073445385
CC_C82D0EB32984,0.09868027036680355
CC_C82DE4520088,0.19570935363530548
CC_C84080607284,0.06773530863471806
CC_C85DEB66D6EC,0.27052949243403324
CC_C8601860B3AB,0.31735357202707565
CC_C86B56E5B000,0.1052807799963211
CC_C874E7D8B96A,0.05888142966060261
CC_C88F02C38654,0.1438785404572659
CC_C895990DF270,0.16452154404309993
CC_C896D6E93110,0.3631236211141507
CC_C8A57920FB6B,0.09339713570414859
CC_C8C2CEAC6750,0.4965116568906091
CC_C8CBB38CF4B6,0.4772903285908698
CC_C8DF2AEC8023,0.19212057684200673
CC_C8E24B1925A2,0.1632875557795184
CC_C8E2F0CA5050,0.6578022679946882
CC_C8E875AAFD58,0.30261300201794916
CC_C8EF7366016A,0.07912688760901183
CC_C8F1FB9C56E5,0.09495374377380346
CC_C8F2FF7E6DAF,0.14245671550273317
CC_C916DC82A00B,0.32112934024481093
CC_C91FF308D57A,0.07778089277532006
CC_C9297D88CD26,0.3146631379272023
CC_C932D885E1AA,0.20752418660709027
CC_C947A66A6A34,0.1584710666699892
CC_C953D19C82A6,0.26442695638995173
CC_C960365C1125,0.32871180213081125
CC_C96221203852,0.2550796429569529
CC_C967937FC81A,0.6841168977428316
CC_C97434767545,0.17151430623928912
CC_C974620D4D4F,0.26572774095413415
CC_C9749B07E3CC,0.11744214187819715
CC_C979F86EC4EB,0.06732232669343857
CC_C9882357496D,0.07391170139661014
CC_C98B5F2B994A,0.08600231401255679
CC_C98CA453DC7F,0.1018666768442425
CC_C996515164AF,0.685362232215217
CC_C9A1B8F512F3,0.40591449126820395
CC_C9E008678B77,0.10234514146746937
CC_C9E89E3728DA,0.24925072338467374
CC_C9EE0357CF4D,0.19449085318354853
CC_C9F15C15BA6A,0.12695967144154496
CC_C9F3BB887EB9,0.18391206695015894
CC_CA0906B9B58E,0.06395877365718962
CC_CA16B9133E4F,0.26741156935160443
CC_CA2524A5C7AF,0.27704109295077334
CC_CA2A17C9CD44,0.46864130337568144
CC_CA32C61E255B,0.1156399161051877
CC_CA37F92A8BC6,0.1426356545340976
CC_CA3C9D0F42A2,0.47460869809032535
CC_CA4669FF2379,0.12070711802629738
CC_CA486E08F176,0.06066616670460769
CC_CA5CF069C36C,0.07247167424002843
CC_CA6AB58D2C8D,0.22342795795283718
CC_CA6EDCBFA9E3,0.20817084118924703
CC_CA6FB58C11F4,0.07834284618818434
CC_CA7902338F91,0.12481791015237566
CC_CA7BE11DCB92,0.11390417264587507
CC_CA87A148C386,0.08065944385503517
CC_CA8E7E45347C,0.1679298010584983
CC_CA9214D0E170,0.1611497428400055
CC_CAA07EABEF71,0.06572387200838853
CC_CABC0190A9BF,0.4414207701473077
CC_CABF171B8582,0.5030063998729143
CC_CAC2F989A2D6,0.21479730939662509
CC_CAC50FF13A43,0.44205381525191856
CC_CAC9C52B6FB8,0.21852699583492402
CC_CAE19DE8446F,0.0658141414886651
CC_CAE5F6D8328C,0.3878103563905193
CC_CAFA0C6DBCEB,0.07123349044399178
CC_CAFE5D6E3E1D,0.11345337378236021
CC_CB02A97FAC1F,0.21067884080132904
CC_CB1155AAC7EB,0.13837769225226695
CC_CB1B2FC5769C,0.2064437896881846
CC_CB1BD3C19303,0.15686818809349704
CC_CB2423DD4809,0.764145161465556
CC_CB33381406F3,0.6581449441086161
CC_CB3CBA971E97,0.09428612062752262
CC_CB45CB5C940D,0.15001977365046226
CC_CB4A2667F8CE,0.17895600654906654
CC_CB4EA92BE238,0.0631317969511572
CC_CB4EE5CC0B09,0.19070673935670113
CC_CB50BDD92A4D,0.23337159122302317
CC_CB6A55831080,0.07041505427598979
CC_CB6CE149111A,0.1381841467312397
CC_CB6F9DA78019,0.05030038586652669
CC_CB722FAA608D,0.24675202312875816
CC_CBA786C05C1C,0.7507234124504167
CC_CBA9A6206DCB,0.148726255756513
CC_CBB7AE2847B6,0.17208076814743176
CC_CBB9DDEAC819,0.043804878554419995
CC_CBC30D127BA4,0.09648155114347068
CC_CBE67EF0D3C5,0.49523833658217553
CC_CBEC318365B3,0.3797469736225192
CC_CBED6669EDA7,0.0626966067629931
CC_CBF1B052FA7E,0.08492115059904728
CC_CBFC7EFF2F94,0.13415225995384233
CC_CC27394B5E35,0.0875340455040729
CC_CC2A7B3D7A55,0.14436220055082813
CC_CC34B2523794,0.16040302451144484
CC_CC34E9023873,0.6714146968639862
CC_CC37D81F02A7,0.5832772634165734
CC_CC4822AEDB83,0.6803630645646492
CC_CC5D6CAE5ADB,0.2740654327157794
CC_CC6D27804EF0,0.07239681438296071
CC_CC71D4876B90,0.11087368696300881
CC_CC75EA7F2C8F,0.09711945786106885
CC_CC9214A5C0CF,0.08340428357778501
CC_CCA2B8D2446C,0.40243686610375945
CC_CCAB3E56FD92,0.16611280701275344
CC_CCAF321D46D7,0.0399886072207533
CC_CCB46EA56584,0.22838660731028831
CC_CCB60CB8754C,0.1359574639946884
CC_CCD759553325,0.06334692954879242
CC_CCDC28D49832,0.11624626769498178
CC_CCE55029E621,0.6633142923229969
CC_CCEA133D7268,0.6093341258481088
CC_CCED6CEBC3D6,0.3009567990657114
CC_CCEE76415B51,0.3279187053529444
CC_CD1326D52AE1,0.6476651613789827
CC_CD35EEA81CE8,0.3476980022267508
CC_CD373485942B,0.10265645403326235
CC_CD379DD39658,0.2526247767105417
CC_CD37D5CF0EB0,0.1934142303261979
CC_CD380545A7A4,0.07552850805106946
CC_CD3A378249BA,0.24833772075316296
CC_CD415B1C7741,0.04629060061483928
CC_CD4976814F28,0.045861719817094866
CC_CD4F5F1C357B,0.24915555913345347
CC_CD54829713AF,0.07941309234959823
CC_CD5E3556D5AB,0.20990369610636886
CC_CD6C797F3C4F,0.08160136634500927
CC_CD7BA8F6C4BD,0.13042417994914726
CC_CD8352F0478D,0.17075884827741705
CC_CD972E578564,0.784731676855378
CC_CDA1B20179B6,0.11087979295867469
CC_CDA2A36B81B4,0.2482760388195892
CC_CDF6354EC332,0.06203014764500418
CC_CE01E17132E0,0.04588412027725533
CC_CE1280B30475,0.1360911649134923
CC_CE134F878294,0.05022574071579531
CC_CE229894AC00,0.12950739999498664
CC_CE26907B9D30,0.4166486358660005
CC_CE2755B42DAC,0.09163333313268089
CC_CE2BD7F74421,0.2627542403247305
CC_CE3784121355,0.13041869160815212
CC_CE41F9FF509E,0.2103894111443034
CC_CE5AF0E9A157,0.09606703486194064
CC_CE5EA019DCAA,0.0764792124205863
CC_CE6460FE39F6,0.08670293855276587
CC_CE72D1734761,0.5566528763180016
CC_CE7FC560768D,0.325943123761194
CC_CE871DB3950F,0.3279898520837311
CC_CE8D1564C4F1,0.14244133788006677
CC_CE93240526A9,0.298887997267869
CC_CE980FCAB154,0.2610836244574556
CC_CEA0FAD348F8,0.08769261306206635
CC_CEA369A3451F,0.06506003975029602
CC_CEBA67081418,0.2052690416647639
CC_CEC0C00FE770,0.5629251646700816
CC_CEC3B21D2982,0.4092667399957488
CC_CECEC680F701,0.18891508785831618
CC_CEDB263DB07B,0.04421749977614353
CC_CEDF9C14DC79,0.25036203857664746
CC_CEF23255BE06,0.060397239598035106
CC_CEF8C71C4E8B,0.42003274015940256
CC_CEF91FDD41AE,0.33894067046891313
CC_CF0B68684C3D,0.0901365884276368
CC_CF149865368F,0.09978469902513545
CC_CF2A7A5582C2,0.17618504347450528
CC_CF2B3E37CF2E,0.33134878752898417
CC_CF2F163CE005,0.14900351610146156
CC_CF3C063DF626,0.18712694762370816
CC_CF3E91DB8220,0.37834372802261756
CC_CF3FB5744443,0.6841104209864172
CC_CF4991B8EFE9,0.09704917785426892
CC_CF53FD3AC9AD,0.040351051074500564
CC_CF5A140B279D,0.19208434816781228
CC_CF613A7162B6,0.16593235678612853
CC_CF6A8A460B19,0.10302216291038235
CC_CF792E77A16D,0.04840486487480745
CC_CF7BAF373E0A,0.04258040341539069
CC_CF8B1D0015C4,0.13515062370252884
CC_CF8D0517B79F,0.07469714497361844
CC_CF92037ACA93,0.2195718841705115
CC_CF960A300F40,0.3100948703610003
CC_CF96B6335E6C,0.2239140290850505
CC_CF9880D67A7D,0.16044589281738617
CC_CF9B249283A7,0.6718657401844769
CC_CFABF7407978,0.19220429296516003
CC_CFB2AE99EABF,0.17783293918025245
CC_CFC0BC440771,0.17664277078937732
CC_CFC235739F25,0.5218465864737372
CC_CFC6E8954325,0.0516557427453591
CC_CFD37EDB214D,0.20211982874896509
CC_CFD93C04478A,0.5480837027574729
CC_CFE0AA5381FD,0.6234702394935961
CC_CFEB021AA137,0.06655627836181761
CC_CFF6E2A6A3F9,0.26491264185790114
CC_CFFDC4947256,0.15602370302041735
CC_D009368CE434,0.05117763983504031
CC_D02E59E08B02,0.05388947991868048
CC_D03848B7353E,0.055783006710495915
CC_D03A69B1563D,0.1378372160973611
CC_D0576802096E,0.0952120266801173
CC_D0582E0F3440,0.05752384599859635
CC_D059D0BEC5D5,0.3381092325565012
CC_D05C4A8F2A25,0.14333626159995416
CC_D05FBA9B9040,0.6842229108312153
CC_D0653EA71CAD,0.23264539005458765
CC_D076A984B786,0.16239153548077462
CC_D08FC2D99CF5,0.13452571749495074
CC_D09942A02904,0.13073127534690865
CC_D0A8EA2D37F2,0.13487476293545228
CC_D0AAD35C800F,0.13187490556178608
CC_D0D666EC0244,0.07874778652738114
CC_D0F3F68F4452,0.4408158036364164
CC_D0FBDE8ABAA7,0.12011197645143484
CC_D103D50237D9,0.2286153164827806
CC_D11E5A30CF3B,0.3080176068869248
CC_D122B30AE7CB,0.5708365215033717
CC_D1679B40D83A,0.0848764245675752
CC_D1760785D631,0.23564153051799586
CC_D18088587757,0.26482805959132116
CC_D184160042B7,0.3274745025519843
CC_D1886485E8B4,0.14770144283018494
CC_D1893DD5B4D4,0.08786263313776796
CC_D18B60E035CE,0.7477082050286562
CC_D191D099789D,0.0893478281195139
CC_D1BDB41E7FF6,0.07694869474241008
CC_D1BE2E6E9C9F,0.2161078814664279
CC_D1BFB29BF61C,0.07764832176426557
CC_D1C259F80E13,0.09340045974932366
CC_D1C63DA9CA93,0.1446015739723634
CC_D1C931E4F305,0.07232705818341369
CC_D1CE25F271BE,0.16571431958191016
CC_D1D2127A0C67,0.06584312200188337
CC_D1D31EA359F4,0.13927941927451695
CC_D1DB888BD9B0,0.10538098993799828
CC_D1E82B9DD102,0.1299540834055205
CC_D1EF68A649AA,0.1227148169734463
CC_D1F05E69F80F,0.05806599404987036
CC_D1F6FE158DCF,0.23793689305215338
CC_D205612FD566,0.6253545249176962
CC_D21474C31E3C,0.6671203793275499
CC_D2195A061A0E,0.6056654664173812
CC_D2199CC1CB08,0.046979292999309114
CC_D21FCD9DFE53,0.5292906650559265
CC_D233B2C8062B,0.4240097642936702
CC_D234CF2C21AE,0.6757897789571196
CC_D2373015DF41,0.0631000039514341
CC_D239CBE1012A,0.12911017867532137
CC_D2591377E980,0.7521889779867879
CC_D25E25C831B5,0.07113287124575365
CC_D262BB13DAAF,0.26229924540475996
CC_D272BC699F38,0.057276660326036274
CC_D2813C835750,0.7496912069615399
CC_D285B0D67016,0.03774724598295185
CC_D28FB525E310,0.2385125779855665
CC_D2AFEE04E96F,0.044902727795118474
CC_D2BBAA423304,0.1475533115783961
CC_D2BE8B4011D7,0.05678963513784296
CC_D2C49D2FEBF8,0.16426011625540726
CC_D2D09498D333,0.1417122445110025
CC_D2D187DA334A,0.15602418708598675
CC_D2D47A5386CE,0.217720091673695
CC_D2E98F50621A,0.04477399172433365
CC_D2F265035F0A,0.05083209821859493
CC_D2F91355C6D0,0.19881004190357082
CC_D2FC934F8324,0.13976527567750419
CC_D3044C67CFFB,0.061038687585532846
CC_D313F2C49E46,0.4213627413179792
CC_D31FFB053D60,0.11055798205485384
CC_D336DB6323BB,0.26526345102844645
CC_D343A7CBA377,0.07297179789577551
CC_D345AF4C4B61,0.17007951299339183
CC_D34FA9410740,0.0790821435925192
CC_D354C5D1665A,0.14660255111998985
CC_D35E96480AF8,0.3166129204281769
CC_D3616386D6D2,0.1249920128962585
CC_D365173E852D,0.7633745670855295
CC_D3683C6CFC5C,0.6351861681735997
CC_D373463038E0,0.05154632464664524
CC_D379CF8E3FAB,0.7342320442725083
CC_D37B4CA7F3D8,0.06496996052589066
CC_D37B5B3CA4BE,0.6816414038145413
CC_D39265D7B6C9,0.05571755785157215
CC_D39E3F732408,0.07543056673956587
CC_D3A7B21165B3,0.2849680172012048
CC_D3A9028A4660,0.052106992402230705
CC_D3A948322BD5,0.7144507079818883
CC_D3B95DB5E6C1,0.3266183351156584
CC_D3C8C5014D5C,0.24000583405776812
CC_D3D80929AF52,0.09362954382797647
CC_D3F25136073A,0.18168043715864038
CC_D4102AD032BE,0.17310441863098616
CC_D416EFCEAD89,0.058807053843255915
CC_D41C5030494A,0.6759580226377147
CC_D42E477596A3,0.07155879292458049
CC_D432C89BADA8,0.168801272963751
CC_D434638E9569,0.13511084766574352
CC_D4518F98BB77,0.08892647742160331
CC_D452847F2A4C,0.05611247492910281
CC_D454056F92E6,0.23174754376841203
CC_D461FB973AB2,0.7815243497766798
CC_D462250B13D3,0.39530507851313446
CC_D48E686A834A,0.6564778565760033
CC_D48FFD985E51,0.08928846782546147
CC_D49263A1BDF7,0.13790715609332305
CC_D49668C65C33,0.040575917742841215
CC_D49D9C57A849,0.10609076931125229
CC_D4A029A150E4,0.17472807316348604
CC_D4AC998C0BC8,0.6931281249019601
CC_D4B02AAFC697,0.12440915346813824
CC_D4BDF0F4FE9E,0.09549502862679057
CC_D4BF2778371B,0.18019470233563112
CC_D4C0F4DB3501,0.15580489608952408
CC_D4C6DD8A364F,0.13686701894702435
CC_D4CDE2A1E174,0.15294864747573833
CC_D4E7EE35695B,0.15106921969932502
CC_D4ED652E86DF,0.274492500531202
CC_D4F844B54B84,0.04571469446682605
CC_D4FA0055DB4A,0.057710682973883876
CC_D4FDCBAFEC74,0.7468988629273469
CC_D517D90E105F,0.08742851944442868
CC_D52B87A01028,0.21526278013177869
CC_D530C3D1DBF8,0.6941500357251852
CC_D5327E41EBA2,0.1322235116603115
CC_D53C8BCA531F,0.08878290727137728
CC_D540C7ABF683,0.6686665099820581
CC_D54105FC1349,0.4204114744922547
CC_D550CE8B9313,0.7430722726340935
CC_D55C5B432387,0.16196501344340913
CC_D5646FCC5E14,0.5209049412972826
CC_D56F34613338,0.11520761111160063
CC_D573AF0F1674,0.10247861020805309
CC_D586E2C2B3EF,0.2189108923670022
CC_D589E388CA02,0.06087924661678083
CC_D58EBD954E68,0.26240259595436966
CC_D59AFE884BDD,0.4320531996664101
CC_D5AC596A85E1,0.18812874370899624
CC_D5B99B578573,0.04732425168886659
CC_D5CBF4A4D3B3,0.12408146411543636
CC_D5CE05EAA837,0.20486148750931682
CC_D5D36A6C8DB3,0.06768881332443773
CC_D5D8D545736F,0.08703739374810854
CC_D5ECFAF8C1A3,0.06932644712273198
CC_D605715F737A,0.12454161019661711
CC_D617428B4B0E,0.331061210517574
CC_D61E8E5C4414,0.13709903947766988
CC_D652B5F05769,0.1757957311690219
CC_D6564D0CB9A8,0.17746556270618494
CC_D66183657419,0.07378656523318647
CC_D66BDD3E1AA7,0.11251362340948448
CC_D66DA331534A,0.08525511158812041
CC_D687A780C0E6,0.04918130979020195
CC_D6AE871A4C9C,0.11312392191023647
CC_D6B7AF1FBDD4,0.47044811515635504
CC_D6B874308353,0.6028242537502433
CC_D6B8F47FE484,0.4410095296819464
CC_D6CB1BFDCEEA,0.12238817911763045
CC_D6D47D7E1C51,0.050959740805712014
CC_D6DE060699C6,0.12557547490365184
CC_D6E06014457F,0.7741830554226121
CC_D6E8E17EA449,0.3194001283725957
CC_D6F216AB1C4A,0.15598477627820392
CC_D6F5E3A51C8A,0.10486402303892296
CC_D6FB3B76D7A0,0.5978041976721086
CC_D6FBCD4BA3DA,0.2705016103076312
CC_D70918916097,0.5217446182801414
CC_D73B1B9B81A5,0.05597392572962519
CC_D73E9E24BB48,0.12681342376939328
CC_D74AA0F20466,0.12869657753668023
CC_D750070C44BB,0.7222695322465945
CC_D7529675CB7D,0.20771214575912236
CC_D75C8CDB510B,0.629963931445545
CC_D76009C47709,0.3177034119805514
CC_D771775A58F5,0.17973765994961688
CC_D77F9D613EF7,0.16452804655963157
CC_D7999C3EDE22,0.19465235120252178
CC_D79BF1D26499,0.18831723308017576
CC_D79C05885899,0.11501128762164722
CC_D79D4F15D10C,0.04925512559172726
CC_D7A11E3512D2,0.05149870614614344
CC_D7AD7A7279C4,0.1542263329171959
CC_D7B35055AF0D,0.17306502221010867
CC_D7D99409D57E,0.30112485553657614
CC_D7E403181D8F,0.10784844006334883
CC_D808C7BA9399,0.12654073532246088
CC_D80DE8B544F3,0.043560495921885926
CC_D81D19AEFB77,0.04455690443069073
CC_D81F317F6384,0.12515704060824837
CC_D844D9DF962C,0.07475281062139692
CC_D847D978387D,0.0531376236293562
CC_D85C7B85C440,0.30606666496503704
CC_D885591596E7,0.08694724561867494
CC_D887D07BDE23,0.3964778639704222
CC_D88ACC0CFDA5,0.10815778948077318
CC_D88BDD0F510C,0.05563683390834042
CC_D8956424CB37,0.29912324830520964
CC_D8959BB99A7F,0.2289753269929846
CC_D89A9A14B5E8,0.05408971997244111
CC_D8AD01F3CCE7,0.055464530104244035
CC_D8B4122DC296,0.13439319453746745
CC_D8C38B187875,0.7048979999990435
CC_D8E55509595E,0.06138413214753505
CC_D8E6B90C37A3,0.10957097674923542
CC_D8F1AECFCC2F,0.0630303194593984
CC_D8F7672C70D7,0.050031397133052706
CC_D8F7E904E7DF,0.14253536428217062
CC_D8FEF1C99F88,0.6474816755611369
CC_D90761F9E9C9,0.4038626923640114
CC_D90D9D5C8FEB,0.10672314361784643
CC_D912917A4F4E,0.7173422755557288
CC_D91ECE64FD0C,0.1122045324329855
CC_D9325E5695D5,0.05154124691582673
CC_D9563654A397,0.12006900276803735
CC_D95766A6C24F,0.14450951290442757
CC_D95939B1BBFA,0.06590139584766862
CC_D96729C38BC9,0.09847397565731279
CC_D9791EFF766C,0.25828388075307596
CC_D97AA7C54F6D,0.15000592258829995
CC_D98BA5CE8EE6,0.508056791076382
CC_D991DAD5413D,0.1488161048577241
CC_D995C89AA359,0.282473478735359
CC_D9A54F55AD6A,0.10218626273138484
CC_D9B87A96C353,0.2949778489326297
CC_D9C42B0B6A0C,0.19555753632119066
CC_D9D487E78FAF,0.6708756485703193
CC_D9D744A66B09,0.10433854757891523
CC_D9DA3F6E2E7E,0.1500619664261097
CC_D9E5792258E4,0.09832586345813343
CC_D9E6B9CBEB77,0.05286510252938796
CC_D9F0CDB02AC6,0.1378882016691447
CC_DA0201D1BCF2,0.08481296688556048
CC_DA0500AFE692,0.06324751202402702
CC_DA0E0BD3880D,0.44973500076775047
CC_DA10F53AE655,0.6479668344539263
CC_DA1643A835A2,0.08907778060323412
CC_DA1C5BAB7E35,0.4582429089676748
CC_DA1DC6A6371D,0.1970814169864412
CC_DA1E6B31DD2A,0.6972905630414623
CC_DA1F282809D0,0.05797910588536229
CC_DA226442D919,0.6910854968657718
CC_DA31EC318B1F,0.06277214554524661
CC_DA33597C6459,0.1319579056416413
CC_DA43CFB5CC2F,0.18713109243069873
CC_DA481C72B8A4,0.24094489786704454
CC_DA55447636EB,0.04547354840257155
CC_DA5AE34842E3,0.09078263411223261
CC_DA6880B018AC,0.1827215818910438
CC_DA700A961616,0.17691171479499773
CC_DA7E65F1E6AA,0.07732905554673633
CC_DA80FAA7FE30,0.10488580804033015
CC_DA8DCCC1199D,0.32250444630184316
CC_DA8EA724C1D3,0.4698816511396188
CC_DA8FA65D1924,0.044594443173040836
CC_DA99D1E41C3E,0.05682418509498011
CC_DA9C3BEFD0B3,0.1687812135384849
CC_DAA3B7FE1C62,0.07836410779542806
CC_DAACE4211B34,0.1567362335765698
CC_DAD239E56638,0.76178070790775
CC_DAD4BC090253,0.06800419990952272
CC_DAEDBA26BA12,0.25755435431810897
CC_DB1EB08EB40E,0.12465709012547883
CC_DB2314ED6960,0.09328521514020023
CC_DB25E05EC5CD,0.41718838140297476
CC_DB3BE0C87882,0.05692903844117371
CC_DB44628BC147,0.17770172148119023
CC_DB562E602BA8,0.13244675412693302
CC_DB61D7F5F8F2,0.7156324415715284
CC_DB6498598C32,0.15923301583519256
CC_DB6B59FB6E30,0.04262764886948894
CC_DB801B947698,0.2556637389196527
CC_DBB8C467FF1D,0.10103795777431245
CC_DBCD21C2C322,0.08088560034008102
CC_DBDB148E45DD,0.08472533249317347
CC_DBDF9BFA7E87,0.08078733942001054
CC_DBF5CD2D854F,0.21393803570205008
CC_DC0077DE6E39,0.21108595606959782
CC_DC23159A1F99,0.07117567081751328
CC_DC2458827FD8,0.2504892069557958
CC_DC2BE35D58AC,0.24019533174238525
CC_DC49C8D3F7EC,0.4657965951637238
CC_DC5DE66826E9,0.12227502578713975
CC_DC6063FC6464,0.07136879289904788
CC_DC771AE1B4BA,0.6668756510323768
CC_DC7DEBC30E17,0.3907549489377894
CC_DC978F3A711F,0.6344949588770268
CC_DCA2140C7BC4,0.19877479061292258
CC_DCA5CE7C9DC3,0.16851293436295914
CC_DCB5798049B2,0.146800741902602
CC_DCD10C95C942,0.5012907332931505
CC_DCD145E8E729,0.2486815915470597
CC_DCE0BFC03B86,0.05665230968118719
CC_DCE75AE2FB52,0.07147685720014249
CC_DCFCEEF21BA7,0.34224989205865197
CC_DD12A8C462FA,0.07728789048351432
CC_DD14867350AC,0.24927495901739274
CC_DD232BC8881D,0.15654570545322574
CC_DD2473D34D68,0.20953666593895537
CC_DD2B5C4CD318,0.06270396226913946
CC_DD4EC06C3A92,0.28018608754454816
CC_DD5299DA8C1C,0.09051873865488663
CC_DD59BFF18ABC,0.16751410048494575
CC_DD6777E1B05C,0.059948300036335035
CC_DD6EE1501B89,0.09060031991987737
CC_DD78B52AE022,0.12597769177191792
CC_DD7983A07B43,0.6492246509889941
CC_DD80B5CC495F,0.11998474960330795
CC_DD8956B71825,0.6641582253125802
CC_DD8D40E7E2A9,0.08810283618535433
CC_DD9972D0B63E,0.15874122489608544
CC_DDAE70634ED3,0.10465085933828787
CC_DDB4A9FF2B03,0.08094371379697841
CC_DDB68302DA2A,0.15494486018080086
CC_DDB9DEC9C037,0.06937200961569286
CC_DDC610D2B2F0,0.05851925409936057
CC_DDCAEC6BD9F0,0.20250658894667642
CC_DDDF665EBD93,0.2668631237210477
CC_DDE66EBF2157,0.06559565239044124
CC_DDE8B7E9C7F4,0.3269322640504245
CC_DE019FC36D28,0.3612079792506261
CC_DE07076B04D5,0.1526633183806123
CC_DE07AECD2361,0.03914178798734959
CC_DE08A4514010,0.5945526838945361
CC_DE093FAC5293,0.48032160183141825
CC_DE17BC1C2324,0.052894542210136945
CC_DE1B13B3E504,0.044398838583242756
CC_DE4264861B73,0.11699327053295767
CC_DE4810B88C51,0.29855647810119934
CC_DE4EE8A16896,0.14829758715533176
CC_DE523A2403BB,0.09913806809414956
CC_DE52860CFBBE,0.2059402056565298
CC_DE593193FB9C,0.15445818704630476
CC_DE5A9B499ED4,0.0824941607352142
CC_DE6AFFA63ABD,0.089284494058282
CC_DE7CEC14CCD5,0.671920327855477
CC_DE7D7B5BBB14,0.669037502455501
CC_DE81AAB7BF48,0.06376696178010448
CC_DE8956D433E2,0.5993901318743954
CC_DE8FB8D1CB71,0.33636545452711736
CC_DE90D07B269D,0.16723562181835144
CC_DE9A62529780,0.20336849164847692
CC_DEA425EA8441,0.10663893699022392
CC_DEBE01582EFF,0.2731308253607047
CC_DEBFD4E79A38,0.05004104608463615
CC_DEC97F13CB8C,0.20228483937950742
CC_DECF1507C86D,0.15657840609492582
CC_DED24C8D047A,0.1033362335309279
CC_DEF4AEBD31C8,0.2727747307800618
CC_DF062F698349,0.10609280781574508
CC_DF13D5CB626A,0.1134073789244641
CC_DF15C526CDC5,0.048612671778796045
CC_DF1F6C68F7D2,0.15433642136552417
CC_DF3EB88F509B,0.11225823488377162
CC_DF4E332C886F,0.03860495426844328
CC_DF514171DC30,0.15485268211867342
CC_DF536CEAE5C0,0.05130147629008775
CC_DF5806CC2CFF,0.11834245222360526
CC_DF715690EF20,0.23708972189268301
CC_DF718A37AF15,0.09282977486241646
CC_DF7276DD74AA,0.12974072615313081
CC_DF750B2D6872,0.3272134638760255
CC_DF9FB6670627,0.06431923280909858
CC_DFA65A0125D9,0.05113494078354504
CC_DFAE355359B8,0.17702024388155635
CC_DFEA562F7BCF,0.33658091593767275
CC_DFEDAF0F0D6E,0.042425735961949755
CC_DFF6F74C64B5,0.656598097934201
CC_DFF87DF16763,0.10770432697288325
CC_E00D8ECE9FA9,0.13949577934924037
CC_E027E36615C0,0.5613645101118678
CC_E02E23CE49A8,0.09098376581630287
CC_E030B3AEBF19,0.17321548840268108
CC_E031A4C862C1,0.15435936496703276
CC_E0339B331F4F,0.09061958695143103
CC_E038981B2FEE,0.1364766421353122
CC_E0463868968B,0.16524536459173994
CC_E05A8621B581,0.3225239957953091
CC_E07FB0312232,0.14614463056999452
CC_E088594E0624,0.19709085131150517
CC_E09AC3B1E534,0.1088063459627454
CC_E0AC29AFCF97,0.19228848458994455
CC_E0BAC6E0D0DA,0.09226906141415364
CC_E0DDDA07F0A1,0.2516175631072484
CC_E0DF45AB72B6,0.21080647508588035
CC_E0E1F8E7379E,0.10383403276278427
CC_E0EF095444A5,0.165482499979018
CC_E102E4F7F8B4,0.1679621005386621
CC_E109B4CA6A8D,0.14022815738334188
CC_E11470A2D92C,0.3857345420618076
CC_E117B8A6ADC6,0.036807871906684546
CC_E128015073F3,0.07680022299973191
CC_E131D5EB9237,0.18094787995211312
CC_E14A24095E9F,0.1809016193414524
CC_E14CADF89123,0.4889406291003061
CC_E16876025011,0.056122234675957346
CC_E16C71C15D04,0.6549808989149893
CC_E16F1BB83653,0.055400652413950126
CC_E17448FB08EF,0.5791756652617778
CC_E17AAACEB07D,0.09164725895069673
CC_E1875522DC57,0.15266725094053946
CC_E18A0734641A,0.11983691305142456
CC_E18A22453843,0.0738588829850721
CC_E1B4E3360C0F,0.19202720194160958
CC_E1B5AE645169,0.05930246802237057
CC_E1B71F6B7DD2,0.33782319130485017
CC_E1D073F693A2,0.29546031344802753
CC_E1EA83C31C66,0.10727085173107698
CC_E1ECAE226485,0.22770150470084058
CC_E1F0C5076481,0.07352793335896593
CC_E1F78CE289D8,0.04924835072264526
CC_E1FBCECE0A54,0.23477914960036567
CC_E1FD46CA26D5,0.07142128379949604
CC_E20E7C7164A6,0.7165718361523108
CC_E211E2698C14,0.0420635764227029
CC_E21B4F587C45,0.14344845520074131
CC_E22A278A1386,0.06599662291563829
CC_E24078C03B7C,0.12465669262996265
CC_E2452737F950,0.1484374235488294
CC_E246119AA09C,0.6583849430118769
CC_E246942C7310,0.07795467623418732
CC_E2474A334F3D,0.10271795606361366
CC_E2489637D0E8,0.139285512517538
CC_E2521AF9C2A2,0.08488967111132176
CC_E253F4AC4762,0.6053520716867936
CC_E257805D0F0A,0.19045166832367005
CC_E25A924EDB70,0.09370539803601761
CC_E25B5D5502AD,0.09726986716963144
CC_E2619E24BEDD,0.6445643219745724
CC_E274DAF3C064,0.07068722351006257
CC_E2787CBDFBF1,0.12999536446053706
CC_E28AE2E68BB7,0.6593472186996914
CC_E2C3E272D059,0.22215760127450576
CC_E2D653061523,0.39763022675845533
CC_E2ECDC7D23EE,0.134526000848088
CC_E2F0E725C3AB,0.06060188314961567
CC_E2F7712CD056,0.24975950062684815
CC_E2FD7FCF0AD5,0.7636493931035586
CC_E308C7DFB2F2,0.14360275790065632
CC_E30B791D5F11,0.23481093531337408
CC_E315F7A94400,0.330589590026163
CC_E31DAB1E73F5,0.06295855395823319
CC_E32034C97E83,0.20743221727741964
CC_E32DBED5EAC1,0.25803991878301047
CC_E32DDDDEE3CB,0.2243801141976651
CC_E343EC3EB052,0.7253367805799554
CC_E34A04E78D60,0.08158492577196691
CC_E3503B565AD0,0.2548039708329004
CC_E356B05ADD56,0.19912704858893726
CC_E35D02BE6780,0.03468652119024563
CC_E369AAECB2B1,0.4308982269057463
CC_E36ACDB4F96F,0.46988408607327353
CC_E36C7F0E1657,0.8240718379044394
CC_E381FD4674D5,0.046633208924486594
CC_E38E3835121E,0.04789756330533899
CC_E3A70438A0C1,0.2803481604906681
CC_E3B5C76189F3,0.21720210921127683
CC_E3B7B7E57889,0.16595141561098928
CC_E3CCC0D886D9,0.18905582648944821
CC_E3DD8AD10171,0.3586694599418363
CC_E3E230CF20A1,0.20651596473186146
CC_E3E4B2543CCB,0.06420221756092438
CC_E3E5DF01E014,0.15053286979455488
CC_E3EB157288A2,0.1078631644069268
CC_E3FBDA203EDF,0.1643415208784598
CC_E404FCA6CB2B,0.6554679014250676
CC_E4054F9C8442,0.34912404034354844
CC_E405D808772F,0.05044653601069164
CC_E4137B250609,0.3520618032193907
CC_E41482A7E968,0.07759912196173828
CC_E421FA1874F4,0.10626210130431643
CC_E42C38BBBD04,0.17665410617738883
CC_E42D90BFB285,0.05138917317187439
CC_E42EFC05C891,0.09046980940761858
CC_E430F3C75969,0.0995472815695953
CC_E4576D6B6478,0.1110435375205334
CC_E46B27A13728,0.409706500480994
CC_E4783FB590D4,0.17757790089846945
CC_E489009C6500,0.14946682448614165
CC_E493CB46177D,0.10889702565821047
CC_E496AFA9B40A,0.3278989503574167
CC_E4A2FFE0EE1F,0.1106318735641951
CC_E4C553538385,0.31942288315761874
CC_E4C7B5501ED1,0.15740531793604215
CC_E4C8A5A60F51,0.17027178036260832
CC_E4C94AB69214,0.4530219292605488
CC_E4D75244E8B8,0.20856413781053107
CC_E4D9A8EEDBAE,0.20646962522576193
CC_E4DF787730AA,0.12719393764209513
CC_E4E0DC070132,0.1521395335297739
CC_E4E3C08B7F86,0.056101895959243746
CC_E4FEEB4389C9,0.39405574569042867
CC_E50598344DD9,0.4058429097214927
CC_E50C634A9A18,0.05531861308338555
CC_E5107337FDD7,0.06377343229053584
CC_E511BFCFEC9E,0.6278289717274493
CC_E51318749E09,0.10145626637023958
CC_E53FE6708AD9,0.6618780334593114
CC_E54290FEA34D,0.10854068174957679
CC_E54B723C018B,0.046141481052418554
CC_E554618F383B,0.11939160329642787
CC_E557336955A2,0.11601431609041399
CC_E55B48E73651,0.26683917255435047
CC_E55D8DC645B9,0.05727568924225606
CC_E575DA02C575,0.28034403784652023
CC_E576BD98A727,0.1990162470588769
CC_E578DC77656B,0.16427646331032605
CC_E57F3EAFD9A3,0.10634744899312913
CC_E59A01603B7D,0.26530540317579043
CC_E59B2D974CB3,0.16438538711194683
CC_E5A1C44F0F07,0.6409700217721216
CC_E5A8BDF6BFC1,0.16199143245052497
CC_E5B284DA0E5D,0.09764179872029838
CC_E5B8363BB378,0.5837790732365238
CC_E5D8BFFA5F88,0.05638467382162584
CC_E5DA04902EFD,0.2892993925810292
CC_E5F53CFC20EC,0.07642587983035132
CC_E5FAECE63C59,0.43021432178754687
CC_E5FB6E872C58,0.09363869908136455
CC_E6045565E7ED,0.08400419515330969
CC_E60845ADC7F1,0.04940155206074656
CC_E61567D6B392,0.10988146176277518
CC_E62174AFA94C,0.14555247737793026
CC_E6247DD14641,0.09457549252185181
CC_E6289A61F0ED,0.11730848026085418
CC_E62E32FB6FBB,0.03719003525031235
CC_E62F6BE942DC,0.269457725711288
CC_E63E49B128AE,0.09585373007070705
CC_E63F89885A3E,0.7727410928299091
CC_E6466E6A92CB,0.21856304181366082
CC_E64BC95F8B2A,0.8184296236207642
CC_E64C652BBAB2,0.07940177703477741
CC_E659DB355476,0.15704689335372768
CC_E65C8BA5A7CE,0.059882587301689875
CC_E65F39446752,0.25595405813251987
CC_E67395791589,0.20528084883434464
CC_E67622A69EEF,0.08118703727381775
CC_E680830CAEF3,0.07030041793762475
CC_E6823643AC4C,0.6456551669661778
CC_E683F33931BB,0.11734631158125566
CC_E68841DEB163,0.09368336584095217
CC_E68B2C33D180,0.13754837773854822
CC_E68EE6EC2618,0.05519771121971945
CC_E69508D3D3F1,0.2409192972887405
CC_E698F1348426,0.1813185462713953
CC_E6A178F3709D,0.1236818894555952
CC_E6A4B6E8619C,0.6814730258153733
CC_E6B3887C66BB,0.27938211733288226
CC_E6B6BBBDBEDB,0.2552235913178843
CC_E6DBD0F9DC3B,0.07835573793547441
CC_E6F090F70DDD,0.2440340806414522
CC_E6F2D8CB45C6,0.10758851311720342
CC_E6F8FBEDA2A7,0.09200493038478852
CC_E70854CDFE9C,0.05871681821561838
CC_E71C05F07F85,0.07673675502233852
CC_E72797CABC60,0.07910231338900338
CC_E727C1153226,0.09834238320281947
CC_E73489D828C7,0.1256521781939673
CC_E7355465CE6A,0.08622773705425796
CC_E73CDBC743FF,0.20727131677886412
CC_E74F00E75A4F,0.077382421098595
CC_E751F7E19192,0.17626876038606862
CC_E7522AD6431A,0.5779663309620322
CC_E7523630D2D9,0.2968027590855482
CC_E767372DD95A,0.662622515114186
CC_E76C5DFD3BA6,0.2129467237110111
CC_E77326438575,0.20082300791186986
CC_E77E29E11EB1,0.1985411781879632
CC_E78F20B3223F,0.6734548520343339
CC_E79A23E64518,0.11595674711748717
CC_E7AC69AEA182,0.6800190800588497
CC_E7B754CA9668,0.05043346326852168
CC_E7BA60365AE8,0.1720480543948048
CC_E7C95D4A741C,0.0846041462882037
CC_E7D3D728EC5B,0.16769186704822456
CC_E7E4D5F851D3,0.0629504122867431
CC_E7EA49D37B64,0.3452119844843084
CC_E7EF11A24F73,0.7458155523650813
CC_E7F6F9A7EC65,0.08612007979555665
CC_E7FBC7F69DBB,0.20118280674927733
CC_E80B1A55A74D,0.1601615618147114
CC_E824AB0AFDBB,0.19953668056829899
CC_E826DAC92D9D,0.2028016608319345
CC_E83AB7100D06,0.15182376396612599
CC_E83E6D31EC76,0.229458307647896
CC_E86650461FBE,0.17655406196283888
CC_E868A3754B11,0.8273490084882046
CC_E86A993F7D05,0.08291959593102209
CC_E87992FBEE80,0.6159574751174067
CC_E87B909C4DDD,0.21986296856937815
CC_E8828BA7EE08,0.15934161929212903
CC_E886157F6FBD,0.32956968286766
CC_E88711C5C98E,0.1319675340417565
CC_E887680BB6CC,0.13110105893055699
CC_E8909BF77D8D,0.12026919920558003
CC_E8A82DA3A246,0.15724134751209237
CC_E8AC7545DBD3,0.08581490782665796
CC_E8BA6B224C3E,0.11812995571110653
CC_E8C6CA45BF72,0.2031224462493661
CC_E8D2E3126A8F,0.691341147969012
CC_E8E55DAC4FF9,0.05432757759576618
CC_E8EB77AF3F78,0.7971210123020065
CC_E8F2C6905503,0.38804515516004506
CC_E90831F897A9,0.16126598951596693
CC_E90B14D51185,0.5483106280236645
CC_E9188329C9E7,0.09892021960354262
CC_E91E1C0C0C61,0.6192046048916662
CC_E91E9D34C5F3,0.10279875290167256
CC_E91F555DBA96,0.13379611133607802
CC_E932CFF4B4A4,0.23030796346754767
CC_E93643CB34CA,0.14299462338794444
CC_E937CA493910,0.16088173927515606
CC_E9409A50B4BF,0.5204524865961492
CC_E96711AD5512,0.05621885443163546
CC_E96A3E6912B4,0.4870347124693039
CC_E98AEE74B9BC,0.21498308566667965
CC_E992FB78BC2D,0.251992314898556
CC_E9A3AECEE3A9,0.07636438766380998
CC_E9BDA7766728,0.3233453155587098
CC_E9BF1AFE86C3,0.16026630440303147
CC_E9CA055AD1A3,0.09080688995647045
CC_E9CA0A56E917,0.1581589191176678
CC_E9D3453F53AC,0.567059986554921
CC_E9D46EFFA839,0.19883583324046633
CC_E9ED872B6037,0.045688555260908696
CC_E9F40C1B559E,0.13333506130468942
CC_EA06928C0AA9,0.25621890463914687
CC_EA0A46F64C80,0.12130908698386136
CC_EA114B15FC04,0.5081269707352023
CC_EA1F3F67BA2E,0.10109574467907576
CC_EA21618614D1,0.7358215333226401
CC_EA26B5A89181,0.22736909028590918
CC_EA26C6C27662,0.19780052590692798
CC_EA3B5AC76649,0.2042517694734406
CC_EA4E669C8528,0.08822035032492652
CC_EA6917E7A5C2,0.6854340485461101
CC_EA8A25862433,0.16511103862552035
CC_EA901D7CA670,0.18789938965168246
CC_EAA2BCE323EE,0.7311729047556659
CC_EAA6D5189190,0.12831348667717568
CC_EAAA8DD7FAAF,0.15038118294447733
CC_EAB7408CCE0E,0.29948125389245994
CC_EABEDB3C4827,0.15560102558036593
CC_EAC6D83D1BFC,0.038019146520025825
CC_EAD7F3E9DAD1,0.057019216446073114
CC_EADC7D8196C2,0.29741716946486835
CC_EAE608E24E29,0.04441859826226659
CC_EB05AD2C7C27,0.043433469151134
CC_EB1DA337E2D1,0.15441628818667855
CC_EB1F425EC937,0.11836108386721694
CC_EB2FE764BF6D,0.1356909971404578
CC_EB55483587DE,0.10129965548861497
CC_EB569B3E2E12,0.6803393774250407
CC_EB57E6E6C96C,0.1998117454477745
CC_EB5A0FE0605C,0.1361023851944304
CC_EB64EC97D01D,0.1406500634047581
CC_EB691249B91A,0.15847914491213322
CC_EB7C50A7D4C1,0.5336532458542419
CC_EB7C52FDBEC3,0.17543204554847097
CC_EB86FED24535,0.2700889602936474
CC_EB89DECC2021,0.11002956977145419
CC_EB999F9D6095,0.23781071478228225
CC_EBA2F85924CE,0.085532928117452
CC_EBAC5A53FD11,0.08637687563654063
CC_EBB109EF7619,0.20076922220661234
CC_EBBD00C18763,0.04854821102896696
CC_EBCA68C7854D,0.06969433812102886
CC_EBCBDE122879,0.18492720195132917
CC_EBDF6C88BBA5,0.06891413507861649
CC_EBEDAC91ED43,0.08787082651003804
CC_EBEEC4183FDE,0.048415284139708505
CC_EBFD9D007253,0.46479667003684255
CC_EC1ABC58E09A,0.1478032296857702
CC_EC26EABA68DC,0.7769017864502216
CC_EC2A485A3E71,0.1908504635341153
CC_EC3B9E2FE47B,0.07965025320017308
CC_EC505F03EE5F,0.04141339982782147
CC_EC5317EC6706,0.22062945038021503
CC_EC5B7FBD1EA7,0.14189335167324912
CC_EC5C7471FFC5,0.06394682601116033
CC_EC5D92B3617B,0.2188583517820028
CC_EC5E214BFED0,0.6541634863550715
CC_EC6406527201,0.10009156971077568
CC_EC79022358C6,0.3414255196657872
CC_EC831A90189F,0.08637715640710816
CC_EC87C131FADC,0.05765574456558256
CC_EC88785D6F39,0.22774427685932858
CC_EC9173F5284E,0.04142418695325075
CC_ECB7B3B6272E,0.06360846130253119
CC_ECBF4CED56D1,0.1078378176198089
CC_ECBF80B94EAE,0.7765522333336281
CC_ECC78B7AE3F1,0.5412293638482144
CC_ECC7E9E691F5,0.3017077621230737
CC_ECC9235F612E,0.24574120119577267
CC_ECCB0BD557DC,0.1429089701497943
CC_ECCCB1B4EA8F,0.07461957022890338
CC_ECDDF4983DD9,0.052969870024966205
CC_ECEE93C4F564,0.5868621749067857
CC_ED07BD8B2CB3,0.05398988870396423
CC_ED0F4A02A01C,0.23069696112640717
CC_ED11D72A1D3B,0.06375215791183426
CC_ED165FC5A06F,0.05819883072925082
CC_ED2B6A40ABC7,0.26498645402403803
CC_ED390F22A931,0.09747599252359501
CC_ED40E7CE5177,0.22645606955048717
CC_ED4E4B13DB1A,0.042340681908833465
CC_ED4F22572419,0.14706906788564114
CC_ED5AE5CB1DC5,0.06973629489555512
CC_ED6090A4E6E4,0.20881634514112563
CC_ED645D91E6A5,0.11876707033256562
CC_ED6B045B6075,0.13639265941921017
CC_ED9313C71C57,0.1852854186025202
CC_ED9BCE7C776F,0.7305147563931872
CC_ED9D4644716C,0.16027036850699172
CC_EDA794402358,0.24354561229343707
CC_EDAADACD4DED,0.11241220390669024
CC_EDBAD2E989FB,0.12701130687684373
CC_EDC98B474E76,0.25010581570425816
CC_EDD1FD49A66A,0.7572309027771489
CC_EDD448008C0C,0.7264896846976437
CC_EDDA3B790095,0.06239937122551673
CC_EDF95BF0E3D6,0.17104845429811585
CC_EE03D7C2BC69,0.06767657250879702
CC_EE0D95184E81,0.05032139369007178
CC_EE0FF690C214,0.4471356702001749
CC_EE2412C352D5,0.10466950817611713
CC_EE2A010019CF,0.06980145655115075
CC_EE2AC730827E,0.0641514168502426
CC_EE3236E6A9FD,0.1238259773534414
CC_EE3759EA49FF,0.16538361563123583
CC_EE38C78AD88B,0.37217566096853283
CC_EE3CE0FD6B77,0.5186754869831897
CC_EE6B7E58FC63,0.045651334261818596
CC_EE6E02464067,0.2897458990491564
CC_EE6E1FA7A753,0.1638406661072588
CC_EE6FCE6C233A,0.207494889880469
CC_EE88C07B9333,0.08851639978822341
CC_EE9004165810,0.07313006258791761
CC_EE9BD17AD343,0.053318524151474894
CC_EEA608D5A455,0.14741399826930296
CC_EEAFDB1BB486,0.5306967073616146
CC_EEB482736C41,0.23081150198519446
CC_EEBD9DA093E1,0.052633197290745504
CC_EEF23DDD2262,0.14734644037111289
CC_EEFBDC9AD94A,0.07831124911049318
CC_EF05000895F4,0.496956689569285
CC_EF16B2CE0988,0.3589465455482119
CC_EF1DD3F0CBDF,0.0665174907767904
CC_EF2D82085BB9,0.098294569609332
CC_EF2DBE79D656,0.19464484379296057
CC_EF3000C48A4C,0.07149926610994545
CC_EF359AF608EA,0.04671391399974116
CC_EF362432D758,0.3764827119874067
CC_EF548B30F1B6,0.2220727491061397
CC_EF5B403DFD7E,0.10866155647997931
CC_EF66DA0DDF9C,0.275957991769758
CC_EF70BA4AEEC4,0.2069699116617572
CC_EF83DD56FCC5,0.062269825896827495
CC_EF8B642A6F8D,0.06611827722010273
CC_EFA1EB27DA19,0.0477628640979856
CC_EFAE84EA9BDE,0.09643789745305029
CC_EFB26BEA106E,0.32542034419086874
CC_EFBB51CD8502,0.2018138564162113
CC_EFC18E9B3B55,0.1315543608839804
CC_EFC4B0020E2D,0.1343074158292383
CC_EFC9FA5108D9,0.17744802616060038
CC_EFE45D9B9D9C,0.05246354875526464
CC_EFF27FA98DF1,0.0668943696240731
CC_F000DA497736,0.2434009782340861
CC_F00107DE219E,0.5962384308228486
CC_F009FC54A64B,0.7524336020271789
CC_F01DF28C6BFF,0.09104860712977624
CC_F037C91F63BF,0.14067276409649965
CC_F03FADA95A03,0.7318726161323638
CC_F05235F3C894,0.1148326545488678
CC_F0649FEBFEB8,0.49795260759063664
CC_F066C78B5C0D,0.14941299896468402
CC_F07313626618,0.6182900043276713
CC_F0783F6A56F5,0.7523615628997256
CC_F0791523691A,0.1683540931763611
CC_F080750455CE,0.0615465748280939
CC_F0809EBB0B51,0.04655890926623853
CC_F08259F86E23,0.19002342787291593
CC_F0929F859702,0.17263270655833465
CC_F0A7203CCA39,0.12059083751133944
CC_F0CD4DD9C63C,0.14698504297929035
CC_F0D29AD328E5,0.16506394431350632
CC_F0D339E5B80C,0.06400466746174419
CC_F0D3BC14FA77,0.0960818617288825
CC_F0E16D28D49D,0.18437279666539713
CC_F0EBE2C00A7B,0.08020325607770244
CC_F0F137758DC2,0.06170516331736201
CC_F0F6BD40CA43,0.3583401719956403
CC_F0F6FCF6010F,0.18501849157213182
CC_F0FBC9D4ECA1,0.040874812982057696
CC_F0FEE924096C,0.3189371096660613
CC_F1074E035DE6,0.0729178553663434
CC_F108D26930FF,0.4015826338641278
CC_F10DB853B9DF,0.3685699880302043
CC_F10E06D52D76,0.1274226681161186
CC_F11F5F477B91,0.6559810001629509
CC_F14913B5BE1B,0.7343092730058263
CC_F156C1647E3D,0.08491696619515109
CC_F1598097E314,0.656256174038691
CC_F1641E3AAB3C,0.0550445372298362
CC_F166878FB959,0.059999140756208796
CC_F17540FE7C9F,0.10316290444146232
CC_F175BB08B29E,0.052573649103267846
CC_F1782AF286D0,0.36240817728055075
CC_F1796AD4B774,0.615347545591005
CC_F17B3A3A5E56,0.5646850799116913
CC_F1858D6F0080,0.15707441454453844
CC_F18689FA8E29,0.07469859360073726
CC_F18A82B0F153,0.1401053118452359
CC_F1AE7142A128,0.10561247878069173
CC_F1B43DD57C9C,0.12094079828523548
CC_F1BCB7676492,0.09747344604040117
CC_F1C8B8BB90AE,0.12374899710031272
CC_F1E044CD2D75,0.24434848858644262
CC_F1FCB96B5E14,0.23054795937945566
CC_F2067E92A939,0.15372330167585507
CC_F21512554CC9,0.07910197384491834
CC_F243956B7575,0.09395549526586607
CC_F24FBC9FD3F7,0.37128595206885834
CC_F252EB3F208B,0.08709453179721675
CC_F25D793346CA,0.3200610124297164
CC_F25EB1ED5AD9,0.07314205517079063
CC_F265A0AE845F,0.6956236151539512
CC_F274BB4AEBE0,0.06191985872776442
CC_F28BF2185131,0.12398821599800858
CC_F29077E45AF0,0.22790279669577473
CC_F2988560CAB8,0.36130470926718333
CC_F2993AB36C56,0.09404342253217791
CC_F29D6C65779E,0.0754180991283303
CC_F2D2BADD0000,0.05809682882019341
CC_F2E4AEB73D57,0.11745237461470973
CC_F2E630BAF431,0.06485458711300407
CC_F2EFCB40AE74,0.14972034168944154
CC_F2F085891915,0.7061833581372082
CC_F3030E2C80A0,0.1680674528640251
CC_F3044C7C16BB,0.07327782402277655
CC_F30B21CB4603,0.10412388072509884
CC_F3140FCE870A,0.09419242767364311
CC_F32A84B321FC,0.1959737276830159
CC_F339FF584607,0.2669542225501602
CC_F33CEE0F6DBE,0.42066416412959506
CC_F33DAF3E9CF0,0.12257533921992281
CC_F34EC3FF202F,0.08170651481962617
CC_F35A6C383B39,0.16254986211808162
CC_F360E0FF27CA,0.07078482207770685
CC_F36B7AEC0086,0.12680599281958063
CC_F370665BECB8,0.544885256270708
CC_F373A60E53E8,0.04649652118156644
CC_F373BDAE18B2,0.079941095563245
CC_F3745BC63340,0.07469980922679507
CC_F37DC9169301,0.14153162784097467
CC_F394E57C5243,0.2328601472856217
CC_F39E98FD418D,0.07821078529843904
CC_F39F51452381,0.046961874450283395
CC_F3A52465664E,0.06319131862435654
CC_F3A8CF761A0F,0.1914763374875012
CC_F3BF1709E29A,0.35160055813613794
CC_F3BF72C29211,0.07207537755466499
CC_F3CF35465CF1,0.0475007674784928
CC_F3E2186DBD4F,0.27210119221602697
CC_F3F0F9B9B56E,0.16241733932303495
CC_F3F185395BE1,0.11363667077101798
CC_F3F68E6599E7,0.08354681728889105
CC_F3F7763C9DFE,0.15919854821878746
CC_F3FFF13592CE,0.06396559900713561
CC_F410C3CE89E1,0.18383021883184159
CC_F410C8B811FE,0.06628998929244806
CC_F4132072D78E,0.12652564965381288
CC_F4157B8E5B32,0.5121060649685931
CC_F41CF067E828,0.12062172575700578
CC_F41DC456E539,0.04958218954976851
CC_F41EEF55A0EC,0.048999454598135345
CC_F426B5C1F07D,0.29869872609267273
CC_F437875F9000,0.1686820481421962
CC_F43C961F8A30,0.13947613050481553
CC_F43D9BF23472,0.0644202088447968
CC_F444BE033109,0.14251195063176644
CC_F4481124F17A,0.17122999413562678
CC_F44EAAF80F70,0.14133051306887703
CC_F4521F6D3492,0.5451579855241555
CC_F46BD9AB1B68,0.15292462189219647
CC_F4763AA0B824,0.5632369468027175
CC_F47976F33E20,0.1963138357444322
CC_F47E588D4470,0.18518499633133476
CC_F4A2777912C2,0.11108414942361863
CC_F4A6C2B23685,0.07926233266786242
CC_F4B3EAEEEA8B,0.04221038124180963
CC_F4C6CD1E720C,0.07827527706554781
CC_F4D05DA98C83,0.073991621941069
CC_F4D15889CDE0,0.14832942383975165
CC_F4DEC1E6173D,0.04319285645807956
CC_F4EFAD6AF8BD,0.2341785671630754
CC_F4F7835A1FA2,0.19840883651858526
CC_F500597795FB,0.16903607245345037
CC_F5197FA9580F,0.6944146127041756
CC_F5240F59146F,0.08203785771452005
CC_F534A0B87C3B,0.17970955702253616
CC_F536972BFE98,0.12000789838743467
CC_F54FDFE5A5C8,0.08653689603008723
CC_F55727F65F86,0.17805775238526786
CC_F558EBDCDD6D,0.13717087298948644
CC_F56D569AC51F,0.10299066256656389
CC_F5714D180EE1,0.1460970573107481
CC_F576ED9554AD,0.3241762645625269
CC_F57C2559358E,0.22518752468298633
CC_F5AA72FC0972,0.12100932550995663
CC_F5AE7DEA2B48,0.08337044085309224
CC_F5C6A5E9D495,0.16461789391249668
CC_F5E0731F2181,0.2129173499357431
CC_F5F4F3B03FE8,0.7224282932972979
CC_F604D7B9CBD9,0.20393049648057937
CC_F60F13391D61,0.1838708138954262
CC_F618D72DF162,0.08054642613988533
CC_F620B15ACC5D,0.07057013670469288
CC_F62D426D6614,0.12694625809670435
CC_F634999D5C1D,0.037846991154868684
CC_F636E5BAEE47,0.17338490131199624
CC_F6461B692240,0.7146506375101656
CC_F65BAD63AED0,0.13700370297089567
CC_F65DD2AC57E8,0.2713921545787332
CC_F66C6577674C,0.05733378595841513
CC_F670896FE959,0.19269472915163902
CC_F67376F272EA,0.6615970300771211
CC_F67FFE9E884E,0.2590535763961989
CC_F683C99F06C1,0.18955866390156306
CC_F68523E2CE7A,0.7300014331963007
CC_F68E62F9AA0F,0.03963171621941806
CC_F69604E05962,0.07344724642887086
CC_F6B8913740B3,0.10338257355499161
CC_F6BB4952DD35,0.33596703520442817
CC_F6C0B7AC57B5,0.6182713845015023
CC_F6D2B06E6E8B,0.6103527309200012
CC_F6EB30A84C9F,0.26974931955200143
CC_F70345A4792A,0.11580538758151943
CC_F7068C1F77B3,0.2622932543258959
CC_F70B0EA8C0E7,0.06470188152781454
CC_F71CC97FCE83,0.11483124738831364
CC_F722224A84F4,0.6576921335361721
CC_F72D1046063A,0.24901130054778534
CC_F72DAB32A281,0.06303038913136529
CC_F733AA5C0ED9,0.06834978334623164
CC_F74043C1BBEB,0.07117251261456967
CC_F74A31E36137,0.06230713224651392
CC_F756B167634F,0.16685297863107698
CC_F75CBE8E1B92,0.4250142075531106
CC_F761F7EEAD39,0.1556170913410577
CC_F79303D62FCD,0.0862675432814368
CC_F795134B52E6,0.6614311412925757
CC_F79533E83ECA,0.09706683563359043
CC_F79F9A7ED432,0.7005801200795224
CC_F7B2FC73E020,0.048160378636236685
CC_F7CF24594B20,0.09008763995819508
CC_F7D31937AA89,0.0506427953037851
CC_F7EFD378035D,0.3520383675900536
CC_F8014B1E00D6,0.04643328621481453
CC_F80ADE95A7C8,0.0571863526348296
CC_F82E58E476A9,0.10663551470754642
CC_F82EB123CC19,0.20596873776828895
CC_F83088660331,0.08840020450137517
CC_F83C6DF6A815,0.5330883918988232
CC_F8620C4F7581,0.15920366451138945
CC_F869F4DA5077,0.7791710414054174
CC_F86B1C53EAF4,0.20311606644253175
CC_F87B7F26FF51,0.24570052322196573
CC_F8803D1C899B,0.06557780897849949
CC_F892E51AC9DD,0.05901036763247291
CC_F89C185743F0,0.10877424590571824
CC_F8A4D45C3769,0.09084688064114045
CC_F8AD68EA5A16,0.22683971378891357
CC_F8B4DBD0CE8A,0.3126332105236458
CC_F8F3E551F166,0.26710535712085987
CC_F8F9FE2C9B65,0.1983148281502189
CC_F912A50D0DD1,0.1662961944689204
CC_F91B7C2B1AFD,0.10917625066694521
CC_F925251D4BF0,0.391026580365687
CC_F925ADD60E7B,0.051571123423397314
CC_F9282C144479,0.061125126715121686
CC_F92EE3287CC8,0.09170215001267003
CC_F93332608FE1,0.1845014100653632
CC_F94070DE3B81,0.06942319121000391
CC_F94C81428D20,0.17235619997367566
CC_F95DFFDA9B12,0.4194034294099658
CC_F96A53B02447,0.5370627193343602
CC_F96A965CDCB0,0.6152860885940936
CC_F9721FEDBE9E,0.1717176667253308
CC_F97C3E145882,0.2543256574915252
CC_F97C64C64052,0.08488251042826564
CC_F98660A07E6A,0.7768900748663506
CC_F98BA4B13724,0.07475695966113097
CC_F9A3F3A76B1A,0.1303714820145757
CC_F9A8E2B3A703,0.10575536700505324
CC_F9B3E7E7F2A9,0.40455615769902364
CC_F9D7D0B1E4A8,0.6752285357188742
CC_F9EDA4EDDD44,0.05302336784760403
CC_F9F2176B12FE,0.05482556963400336
CC_F9F90E76CA5B,0.11417337611550005
CC_FA0157249C01,0.10015219973035978
CC_FA169BCA835F,0.09571552832445382
CC_FA19B61BCABB,0.11424583793884649
CC_FA1DD203C293,0.24023104153137567
CC_FA2E30269BC1,0.20571786879138543
CC_FA304CE8E045,0.2199059382873392
CC_FA310759A257,0.6532803434562884
CC_FA32397E7B8C,0.12385411409206823
CC_FA33D97B84D4,0.1160415391560419
CC_FA38991B9434,0.03891231948876343
CC_FA4079FFF1E5,0.19186451914717115
CC_FA716665CD8F,0.06984501157096884
CC_FA770268B207,0.2023330096000196
CC_FA7A2F59245B,0.42258918704474124
CC_FA8205104EBF,0.0864743979981082
CC_FA8370AF8740,0.05099931811615248
CC_FA858F1025FF,0.11717386069055875
CC_FA86320CF6B0,0.0694099232440018
CC_FA8B341CD3EA,0.14763427995648468
CC_FA9057AAF95B,0.09813671886922011
CC_FA97314C666C,0.06772889695409545
CC_FA974C1D91AD,0.32818853692033206
CC_FAA0E5BC9F44,0.7270594133666676
CC_FAA2694D8578,0.272309695691976
CC_FAAFFC74BC35,0.7108403087954928
CC_FABA6DCF8E45,0.04356357456522069
CC_FABC53294AC1,0.1827884452796212
CC_FAC52B8E66DA,0.10036449604158051
CC_FAD284D8DAC8,0.8289320741390612
CC_FAE70CA5999C,0.11751665618591854
CC_FAF1CCB40132,0.09196962046345311
CC_FAF93D8B3B59,0.05886980222502691
CC_FB09E5481B64,0.08005027961307962
CC_FB150A1F7C3B,0.14519991442071986
CC_FB1808471515,0.3834924770396922
CC_FB296D823CF6,0.08957448464748624
CC_FB301E1FA7FF,0.04173047981074106
CC_FB33C958A19E,0.4537990055667859
CC_FB40D63FC3D3,0.19408332699355063
CC_FB45A1837AD7,0.09280647557225408
CC_FB45B79CED15,0.10431178712643323
CC_FB52260232E3,0.055612688410668076
CC_FB6A0A7B8813,0.2749124134316277
CC_FB6ED10D82D2,0.13437493827550784
CC_FB78DE84AF05,0.041491136247021325
CC_FB8DF8F93E7F,0.1765267378995143
CC_FB8F89048B89,0.09999672803471256
CC_FB9C3E77A49E,0.13056021876335752
CC_FBA40CEAEA18,0.10047330367335665
CC_FBA998938FE5,0.123918528989791
CC_FBADBAFCD1B3,0.2760016935505302
CC_FBCB85E21ADD,0.1468039914748326
CC_FBCD00EE4402,0.10778746660969306
CC_FBD40DFBA5D5,0.2674242377143306
CC_FBDECF3DACAE,0.2266132277559822
CC_FBE4E2F652EB,0.2712355462265569
CC_FBEA9510C687,0.28215440216276705
CC_FBED1E2E1CC0,0.13616166081271244
CC_FBF54E48EB13,0.052206467433563775
CC_FC1E279EF320,0.05284608921462626
CC_FC2E1D460089,0.09788425672149073
CC_FC31CBD20CDF,0.199133438644712
CC_FC41D8134A1C,0.09413453122297881
CC_FC44D7EF257E,0.0529239028021893
CC_FC4A649BDD07,0.21387264583750729
CC_FC51BCDBB6B2,0.14944801026178894
CC_FC57B6E79AAC,0.21073196880365092
CC_FC6AA879D9CF,0.11641819823872718
CC_FC7A926F3A64,0.6438581654841482
CC_FC83CB9C71CD,0.049851380768542855
CC_FC9E6D511294,0.15059056336765642
CC_FCA657E69930,0.362340582019011
CC_FCB451237214,0.775941388192844
CC_FCC7E51DF812,0.3496946751998999
CC_FCD42ECC012B,0.05784315346530908
CC_FCE8FAEAAEF1,0.11762582504633602
CC_FCFAE9BE2522,0.4066213886026314
CC_FCFDB5DFE5D4,0.12370426989610171
CC_FD24FC7961A5,0.10562982570882708
CC_FD2793DCB5EF,0.10821975638885764
CC_FD2EEF724088,0.12356398439292887
CC_FD3205367675,0.09884344294132816
CC_FD3A21CDCA7C,0.08785526236953276
CC_FD3C4C2FB68C,0.1506589306528975
CC_FD41687DC1A0,0.1215215747950895
CC_FD44B4E31EFE,0.10645125550410851
CC_FD5721556AB7,0.08441053414711529
CC_FD643C174587,0.2755797795965965
CC_FD6BFA30DD9E,0.2678352208241179
CC_FD7C9DD7F11B,0.12389938698221441
CC_FD7F2D90CF8C,0.06638714941237937
CC_FD8C4F601909,0.07227444628323888
CC_FD90B45AA24E,0.09187117901123605
CC_FD95457772AB,0.07048653286345206
CC_FD9D9B58DB1A,0.21549993581251048
CC_FDA918AEB5D6,0.5711550292079353
CC_FDD4C2065540,0.37734823769031806
CC_FDE57A2C5156,0.1940141906033892
CC_FDE9920975F6,0.2393823737656472
CC_FDEC856F9C6D,0.057065847948707636
CC_FDEED2AA92A3,0.44441370650745277
CC_FDF5607ECC1B,0.056559148428645775
CC_FDFED3D7E70E,0.14886970840101854
CC_FE0324F99784,0.11486094942823628
CC_FE0A18D6570D,0.049110410624820286
CC_FE0DACAC84BC,0.2500607877939205
CC_FE16586C9FAB,0.2533182699482213
CC_FE16FBC86237,0.176937751889133
CC_FE1C808C4515,0.0672932474899965
CC_FE1E64201B9F,0.10361707363547329
CC_FE33D60E29EB,0.03838091356279182
CC_FE3ACE674BEA,0.15338009353333593
CC_FE468E9AA9D9,0.03937214157493319
CC_FE5AA923C220,0.15067047343980977
CC_FE6C777DDC19,0.06542847331113202
CC_FE6DD8C8EC90,0.24402101540271035
CC_FE7A84AAA8F7,0.15347298425608932
CC_FE7DB6B410A4,0.11885373011001064
CC_FE8691B1F3D9,0.0910504855328359
CC_FE874279A94B,0.10103873248827798
CC_FEA61499305D,0.18465552099745114
CC_FEC22B334AC5,0.12315210864922617
CC_FF045F9508F2,0.1855697656982821
CC_FF0EFF711598,0.24028199324108257
CC_FF12F53D5676,0.04935904731193918
CC_FF13D426EC1C,0.14293478049048175
CC_FF16A7C8600F,0.21366817270211286
CC_FF2236DC115C,0.34788764615560486
CC_FF2725428B6F,0.08837796333091866
CC_FF3176D91690,0.12756931885025186
CC_FF393D295D66,0.05135168902700649
CC_FF4598202C5F,0.6646023967237895
CC_FF463A4B3D04,0.2917788050935874
CC_FF4703F7664E,0.06756813532141748
CC_FF86EC3C0851,0.4697443660853283
CC_FF8A580DD831,0.12407975724777909
CC_FF8BD8697ADE,0.14005740858497143
CC_FFA681A2054A,0.05377099455525344
CC_FFB6B2D2BB2A,0.345204245465128
CC_FFBFA27643F8,0.13795572415700355
CC_FFC81CC80F9D,0.13391613197445168
CC_FFCC9C0763D4,0.11024522961179165
CC_FFD4E33DC920,0.5335281779084591
CC_FFDE11143038,0.059752307117661045
CC_FFEF28047C4F,0.45811120216108064
